id,subreddit,title,selftext,created_utc,url,Tags,__dataset,__source_file,unique_key,label
1ku7sfe,relationships,I don't know how to get over mourning my pregnancy,"I'm not sure where to post this so I thought here might be a good start.

I(28f) and my husband (31m) had twins over a year ago, but I can't get over the resentment I have for my husband. For some context we live in a small 2 bedroom house, and already have an older son(stepson). We got together when his son was 2 and they were operated over a year. We didn't get married until about 5 years later(COVID delayed), and got pregnant a year after marriage. This was a planned pregnancy though still a surprise when we found out it was twins. We had planned to share our room with the baby for the first 2 years. While we looked for a bigger home, but with two babies those plans became a bit harder. I had an extremely easy pregnancy and yet it makes me sad even thinking about it. I would love to feel pregnant again, but would never want to be with my husband.

Through out my pregnancy I carried extremely well, and even looked most of the time like I was only carrying one baby. The first trimester I was extremely tired and could hardly eat while also feeling like I was starving. Thankfully my husband never complained about the house becoming messy and dinner not made with me having no energy. I did always made sure our son was fed, but those were usually quick meals when I couldn't be up for long. 2nd trimester came and I hadn't really gained any weight. I barely saw my actual OB and a lot of step in doctor's didn't even read my chart to see that I was carrying twins! Which surprise you need a specialized doctor for twin pregnancies. You can't just see a normal delivery doctor. The twins were gaining really well, and I could finally eat a bit more. Sadly though since both placentas were at the front I could hardly ever feel the babies move. This made me feel like I wasn't really pregnant at times because nothing was happening.I got more energy, and worked until a week before birth. Which was sadly a C-Section because I got very early signs of Preeclampsia at 36weeks. I did thankfully change my OB a little over half way through my pregnancy though. Which lifted some stress.

So the part that I'm upset about is the entire time I was pregnant I felt like a single mom. I was taking care of my eldest like I usually do, but at that time he was going through a lot to where he was hospitalized and put into therapy. I ran around trying to take care of everything he needed which was fine, but it add to my feelings of feeling alone? My husband leaves most days before we even get up(630am), and doesn't get home until 8pm. He has his own construction business, and makes decent money working alone. He works about 6 days a week, and barely spent time with the family on Sundays. 

Now comes what really upset me. While I was pregnant he refused to touch my belly. He thought it was creepy when I'd asked him too, and that by me asking made him feel I was forcing him into doing something he didn't want to do. Side note I had and still have no stretch marks. My belly was beautiful, but he made me feel gross. This didn't stop him from wanting sex though that wasn't a problem, and when I wasnt in the mood he'd make he feel bad for not wanting to even give him a blowjob let alone a hand job. He never wanted to talk to them, and again if I asked I was forcing him. He didn't even want to feel when they randomly moved. It was my first pregnancy and I felt like I was living with a roommate and had a son who hated me for becoming pregnant. The first time the moved I was so excited and I barely got him to feel. He was so unexcited and just said ""yea....they do that"" and walked away. I barely had any photos of myself while pregnan, because I felt that selfies were very cringey. I even asked my husband could take photos of me one day, and even asked in advance (days before) to make sure I didn't get all dressed up for nothing. He got mad at me still because he was busy with paperwork and when he finally wanted to take the photos it was dark outside. Mind you I was pregnant in the summer time and it didn't get dark till like 9-10pm. I also had gotten into PJs by then! He said he'd take photos another day, but that day never came. I didn't dare ask or remind him, because I didn't want to be let down again. I knew I was upset by this and it's just been clinging to me and won't go away. I didn't realize how much this hurt until I broke down bawling my eyes out over a reddit story about a husband who's wife wouldn't let him touch or even talk to her pregnant belly. To hear how much he loved her and she pushed him away broke me. It made me feel like my husband truly only married me to take care of his son, that I was just a fuck nanny he tied down by getting her pregnant so she wouldnt leave him. I've talked to him about how I feel and he's tried to be more present. Even after birthday he barely held and took care of the twins. Which made me question more if he even wanted them! Thankfully my mom was here to help and he didn't complain, but it didn't mean I didn't pass out from sleep depravation while breastfeeding, pumping, folding clothes, or sitting and rocking a twin to sleep. They didn't stop needing to be fed every 2 hours until almost 3 months old. 

It's been over a year and I just don't know how to move pass this. We're trying to stay together, because if we did separate I would move back to my parents in another state. Which means our kids would never see their father. I married a man who I thought was an amazingly caring father who loves his eldest, but now I don't even know why I'm married to a man who for a while felt like he tolerated having more kids. If I had known what I do now I would have never married this man.

We can't afford therapy (I'm a stay at home mom because daycare for 2 babies was over 2k a month and even as 1 year olds it's just under 2k)

TLDR It's been over a year and I(28f) still can't forgive my husband(31) for our pregnancy. I felt like a single mom, a nanny, and had a husband who showed no love while I was pregnant. To the point I didn't even feel like I was pregnant. I'm now trying to move forward and find a way to forgive him.",2025-05-24 9:40:46,https://www.reddit.com/r/relationships/comments/1ku7sfe/i_dont_know_how_to_get_over_mourning_my_pregnancy/,,abortion,abortion_data-updated - new_abortion_related_subreddits_text_posts .csv,e1104d3e92052cc00ddeaea7313942ba45217e951ade532255cb928f79a5ca32,abortion
1cdk975,relationships,I (26M) am not sure how to approach my wife (24F) about getting a vasectomy after our second baby.,"So I met my wife at twenty-one years old and she was nineteen. We both worked at the same bar and restaurant and became friends then we started dating. About a six months into our relationship she got pregnant, she was on birth control but it seems we just got unlucky. I told her that whatever she decided I would support her. Initially, she chose to terminate and I made the appointment when we pulled up to the clinic parking lot the day of the procedure, she decided she couldn't go through with it. I respected her wishes and told her we'd figure it out. It wasn't easy but I managed to get an associate degree in biotech while working at the bar and she worked as a server while our parents supported us. They were pissed at first but decided that they'd just deal with the situation as is. Nine months later my daughter is born and we love her to the moon and back.

Here things really looked up I got a job as a BMA I after an old friend from high school put in a good word for me at a pharma company so I started to make some decent money. Then I struck gold when my aunt moved to Arizona to retire and gifted my wife and me her house. It's a very nice three-bedroom two two-bathroom property with a backyard. My wife and I decided to get married and we had a small wedding with close friends and family with my daughter as the flower girl. My wife has started an online business and has a decent following on Instagram and TikTok so that's an upside because she can work from home and be with our daughter while I'm working.

I'm doing well at my job I got promoted to a BMA II after working there for three years and I'm hoping to make it to a senior position eventually. Those of of you who work in Biotech production know you have to deal with crazy hours so I've occasionally had trouble balancing family life and work in combination with taking care of my daughter and the house. My wife and I floated the idea of having another baby but we never made any firm decisions. Even though we're stable we're not rolling in money. I told her I was pretty content with what we had and she sorta felt the same. Well...fate had other plans we found out my wife was pregnant. Sometimes lightning strikes twice so the birth control fails yet again. I told her the same I told her when she got pregnant with our daughter, that ultimately it was up to her and I'd support her either way. She said that we weren't in the same dire straights we were with our daughter and we were more prepared this time and we had a spare room in the house. Was sad to say goodbye to my man cave but it's for a good cause.

We found out we're having a boy who is due next month. Recently I broached the subject of getting a vasectomy because given how we had two unplanned pregnancies in a row I'm not willing to risk a third. Don't get me wrong I love my daughter and I'm so excited to meet my son but I'm confident to say that I probably don't want more kids after my son is born, practically and financially speaking. My wife said to hold off because she wants to keep our options open. I mean I get what she's saying but unless I win the lottery a third baby would be a very poor decision. I explained that we have just enough room in the house we're not outnumbered and we have we'll have a boy and girl balance. I also said that given how her birth control failed twice getting a vasectomy means she could get off it and not worry about getting pregnant again. Ultimately we agreed to shelve the discussion until our son is born. I'm not inherently opposed to a third baby but I'm just speaking in terms of financial and time commitments. It was already hard enough to work a demanding job with one kid and we'll be at our limits with two. My wife is not opposed to abortion or anything but she is uncomfortable with it so it would be hard for her if we had a third unplanned pregnancy. I'm keen to get the vasectomy done but I want my wife to be on board as well. How do I approach this properly?

UPDATE: Thank you all for the feedback. I didn't really consider there might be other reasons of holding off on a vasectomy other than wanting a third baby. Anyway, I just suggested we used condoms as a second layer of protection after baby boy is born and my wife is ok with that. She also said she's gonna look into alternative forms of birth control with our doctor.

UPDATE 2: Little man was born 6 pounds and 3 ounces on May 24th, 2024 (right on the due date). Mom and baby are doing just fine and recovering. I'm absolutely over the moon right now and my daughter can't wait until we bring her little bro home. I'm thankful for my little family and am looking forward to my eight weeks of paternity leave so I can just live in our little love bubble.

\*\*TL;DR;\*\*: After two unplanned pregnancies I want a vasectomy but my wife is not sure.",2024-04-26 12:34:48,https://www.reddit.com/r/relationships/comments/1cdk975/i_26m_am_not_sure_how_to_approach_my_wife_24f/,,abortion,abortion_data-updated - new_abortion_related_subreddits_text_posts .csv,5c1f54a1e633d6893eeedce8f7aedfa8fb148264dd32d67fbdd189054a776221,abortion
1l5ybv0,abortion,Not bleeding after taking misoprostol,"Hi everyone, just a little background I took Mifepristone yesterday, June 6, at 1:14. Today, June 7, my doctor instructed me to take nausea medicine at 12:30, ibuprofen at 1, then misoprostol at 1:30. Around 1ish, I had really heavy bleeding suddenly and maybe 3 blood clots come out. It’s currently 4:30 (it’s already been 3 hours since I took misoprostol in my cheeks), and I have very light bleeding and watery diarrhea. I also have bad cramps and feel a little dizzy, but I am scared at the lack of bleeding. Should I be concerned or is this a normal time frame, and will the bleeding start later? Thank you in advance ",2025-06-07 23:33:12,https://www.reddit.com/r/abortion/comments/1l5ybv0/not_bleeding_after_taking_misoprostol/,,abortion,abortion_data-updated - new_abortion_related_subreddits_text_posts .csv,78ce1e45e54581069c6fed51db138e226e0fbe51e9b0d84dfbc3969795e6cc26,abortion
gsyxre,abortion,What is a legitimate reason to NEED to abort at 8 weeks? I need an excuse to tell coworkers.,"This may be against the rules but I'm getting my job back soon and someone let the cat out of the bag that I am (was) pregnant. I'm really afraid of the negative reaction telling my coworkers I had an abortion willingly, it's not a safe place and people there are really judgemental so if anyone knows a reason why someone would NEED to abort at 8 weeks so I can have a lie to tell them, so they would think it was unwilling. I live in a state where you don't a reason to fire someone and my manager is really really conservative and I'm afraid if he gets a wind of it, it'll end with me losing my job. Thank you 🥰.",2020-05-29 18:58:34,https://www.reddit.com/r/abortion/comments/gsyxre/what_is_a_legitimate_reason_to_need_to_abort_at_8/,,abortion,abortion_data-updated - new_abortion_related_subreddits_text_posts .csv,df2712ccb99b4350f56f5dada3ad3467a31739d332d5505e7f6b9666fdef57cf,abortion
adidj1,confession,I faked my resume and now I'm in the shit..........,"Throwaway account for obvious reasons. Since I started High School, my parents stopped checking in on my grades and their mentality was basically ""we don't care as long as you get into a good university"" and they've carried on this mentality to when I got into college and they didn't really checked on my grades and gave me free rein as long as I majored in the subjected they wanted and graduated on time with good grades. Well basically what happened was that I failed my first year and had to switch my major. I didn't tell them and they didn't ask so I thought as long as I got my shit together and not drop out I'll be fine. One day out of the blue last semester my dad asked me to write up a resume. I panicked and wrote up a resume but changed the GPA and major and made up some shit and thought I saved myself. Welp, this winter break my dad dropped it on me and told me he knows people in a big company, he gave them my resume and everything and wanted me to intern there. So I am fucked. They'll probably figure it out and let my dad know and I'll probably get disowned or something, and best case scenario they don't check and give me the job, and I have to live with the guilt that I got a job that I didn't deserve cause of nepotism, this shit is depressing as fuck and I'm typically an easy going guy but this whole ordeal is giving me anxiety like nothing else. I feel like an ass for failing and lying to my family about it and now I'm on the verge of being blown and I thought maybe making a post here will make me feel better but I honestly don't know.

Edit: wow this has blown up. In all my years of Reddit, the post that gets blown up is a confession post with a throwaway account.. talk about a wake up call. Anyways, I try to read all the comments I can. Some of you tell me to play it off and fake it till I make it, some of you tell me to come clean, some tell me to just disassociate from my family and do my own thing, it seems Reddit is just as conflicted as I am. I don't know what I'll do but I just want to say thank you to all that took the time to read and comment. I appreciate all the comments, even the harsh and brutally honest ones.",2019-01-07 14:52:59,https://www.reddit.com/r/confession/comments/adidj1/i_faked_my_resume_and_now_im_in_the_shit/,,abortion,abortion_data-updated - new_abortion_related_subreddits_text_posts .csv,3e22e5583a443a0825a81ec64063996b13d13dbbdbf1d6665f29d2a69361292a,abortion
aqfpv8,relationship_advice,Dumped before Valentine's Day,"So.... It's 11:09pm on February 13th. Less than an hour until Valentine's Day. And my boyfriend of 7 years, who I had big plans with for tomorrow, just texted me out of nowhere and said our relationship is over. No explanation, nothing. Then he blocked my number and all social media accounts. Needless to say, I'm super confused and completely devastated. How am I supposed to survive Valentine's Day? It's always been our day. We've always done something big and extravagant because Valentine's day is our anniversary. And I just feel crushed. Some people have suggested I have a girls night, but I don't have really any friends that live near me. And I really don't want to have a night to myself, it just feels so cold and lonely. Any advice?

Edit: forgot to mention, not that it's super important to this specific situation, but him and I have a 2 year old son together. So it's not just me that this is going to effect, it's going to impact our son's life too.

Edit 2: A lot of people are asking our ages and why we don't live together. I'm 20 years old, he's 22 years old. And we don't live together because we were given an eviction notice a few days before Christmas telling us we had to vacate the premises by January 1st. It was such short notice, and right at Christmas time, we had absolutely no money for a new apartment so we moved in with my parents. He lasted about 2 weeks in my parents house before deciding he couldn't live with them, he said it made him feel uncomfortable. So he moved back home with his family, almost 2 hours away from me and our son.

Edit 3: My son was only in this post so people could understand that I'm not just being a whiny bitch because I got dumped. I'm upset because he not only walked out on me without any explanation, but he did the same to his kid. And please stop giving me shit for having a kid at 18. That was my decision, not yours. Oh, and just so you assholes that were harassing me for getting evicted know, we didn't get evicted for not paying our rent. We got evicted because he invited friends over and they were smoking weed in the apartment whenever my son and I weren't around. We live in NY where weed isn't legal, so honestly he's lucky we only got evicted and he didn't end up in jail or worse, we lose our kid. So I'm not irresponsible for spending money on a trip months ago and getting evicted.",2019-02-14 4:09:45,https://www.reddit.com/r/relationship_advice/comments/aqfpv8/dumped_before_valentines_day/,,abortion,abortion_data-updated - new_abortion_related_subreddits_text_posts .csv,a4409da171a52ef31ae5f525afafaac7f8fd1a59d8496a70bc1d1ec3802a90e2,abortion
1ew7r3n,Pregnant,My teen daughter is pregnant,"So I had my first born(16F) when I was 17 years old and STUPID. Her bio dad refused to be in her life and my parents kicked me out when I was six months pregnant. So I’ve been on my own ever since. When she was 5 I met my husband and her stepdad… we had three children of our own all boys🥹🥰🥳 cause that’s what I wanted I wanted to be a boy mom but I was so happy with my daughter didn’t treat her any wrong loved her just the same and her step daddy did as well they have a great relationship and she even calls him daddy now. But our kids are (16f, 6M, 4M, and 2M) yea we know 10 year difference but they love each other to death.

About last Halloween my daughter told me she like this boy at school he is (17) and I was okay with the ages, and he was a nice, sweet, loving, respectful guy. So they started being around more often then around thanksgiving they officially started dating and me and my husband was okay with that because they were old enough and mature enough on our book. Around February time I started to see her acting different and she wanted to be less around us, also wearing baggy clothes I didn’t care o just thought it was something teens were doing these days. Back in June I found a pregnancy test and it was positive now I’m not gonna lie my brain exploded because I thought my baby was gonna be a mommy. But I asked her and she said yes it was hers so I went in my room and cried and cried and cried. 

I was walking to her room and overheard her boyfriend talking and he said “Don’t worry baby, I’m right here with you. I promise no matter what I will love you and this baby. Our baby” that melted my heart because I’ve never met a boy that age willingly to give up his life for a child. I told her I was there no matter what. But how do I be there for her? I don’t know how my parents weren’t there for me? So I do I do something I never done or thought I would have to do?

Edit: this is a different account, the old post was my nieces but this I mine",2024-08-19 17:29:39,https://www.reddit.com/r/pregnant/comments/1ew7r3n/my_teen_daughter_is_pregnant/,,abortion,abortion_data-updated - new_abortion_related_subreddits_text_posts .csv,8119a6b9c04fe04a81c2d34bc624d065c8cb96be720d385aba5fbe3fa8824349,abortion
1l1v6ck,relationship_advice,My (23f) bf (22m) said he would tell his family if I had an abortion and I'm not happy about it,"My bf and i were talking about what would happen if i had to get an abortion one day. We are both in agreement that i wouldnt be going through with the pregnancy, but a big conflict has arisin. 

I have asked that if it happened that he not tell any of his family and keep it a secret. He doesn't agree and thinks that because his family is his main support network he should be able to confide in them if he needs to. My opinion is that although it might affect him, his feelings about the hypothetical abortion are not as important as mine.

For context, he is very close to his family and usually confides in them, but I am not particularly close with any of them. His family is catholic and i believe i would be judged for it, though not necessarily openly. 

Do you think im being unreasonable?

Edit: Can you please stop telling me how awful my bf is, we have a very loving relationship and i just wanted some perpectives on a disagreement we had. These comments are unproductive and unhelpful.

Edit 2: to clear up some confusion, his family are not fanatically religious, just a bit catholic. Eg. They dont go to church unless its easter/christmas. Bf was born catholic but he doesnt practice in any way and doesnt believe. 

Both of us are strongly pro choice and neither of us want a child. ",2025-06-02 22:05:39,https://www.reddit.com/r/relationship_advice/comments/1l1v6ck/my_23f_bf_22m_said_he_would_tell_his_family_if_i/,,abortion,abortion_data-updated - new_abortion_related_subreddits_text_posts .csv,cfaa630dad571d67257cfd6b51963d196a62a6492ab7f765c17995d8cd999f30,abortion
1gvcfvk,raisedbynarcissists,"My Mom Snooped Through My Room, Found Out I’m Pregnant, and Now I Have to Hide My Abortion Plans","Yesterday, I went to a concert, and when I got home, I was almost certain my mom had gone through my stuff. I’m almost 21 (F), yet she still pressures me to stay on birth control, even though it’s caused me all kinds of health issues in the past. That’s why I’ve decided to switch to an IUD.

To complicate things, I recently found out I’m pregnant and have decided to get an abortion while also getting the IUD. But here’s the thing—I have to hide all of this from her because she’s the least comforting or supportive person I know.

When she came home, she insisted we talk in my room, cornering me, which felt off to me immediately. I refused, sensing something wasn’t right and she said I don’t care I’m your mother I’m going in your room. I refused and we went into my sister room where she then pretended to be interested in my day only to end the conversation with, “Youre going to go into your room and show me your birth control pills so I know you’re taking them.” That’s when it hit me—she’d gone through my drawers and figured out I wasn’t using them.

I’m also sure she saw the positive pregnancy test I had hidden there. Instead of asking me how I’m doing or offering any kind of support, she just coldly said, “Abortion isn’t a form of birth control.” 

I feel completely violated and alone. Am I wrong for feeling this way? And how do I navigate this situation while keeping my plans private? Is this something to move out cause of? ",2024-11-20 0:20:55,https://www.reddit.com/r/raisedbynarcissists/comments/1gvcfvk/my_mom_snooped_through_my_room_found_out_im/,,abortion,abortion_data-updated - new_abortion_related_subreddits_text_posts .csv,ea5096ddc7ad6a408733b7ec759134ae2d30730d4a62ca13e91b910d5366c554,abortion
1dmkmhr,abortion,I am about to have abortion. I am scared.,I am about to have abortion now. I have taken the pills and waiting. I am scared.need support,2024-06-23 12:03:22,https://www.reddit.com/r/abortion/comments/1dmkmhr/i_am_about_to_have_abortion_i_am_scared/,,abortion,abortion_data-updated - new_abortion_related_subreddits_text_posts .csv,1fe4867930920a35abdd12c32c9b9917a5e1a2b4c8b156f1cb2f4094c878fd3a,abortion
12xu5gh,AmItheAsshole,AITA for kicking a girl out of a support group?,"I (F20) am in college. In high school, my friends and I were considered the ""weird kids"" because we don't party, drink, or go out. To provide background information, we were bullied a lot and I have developed anxiety as a result. A lot of my friends in college have similar backgrounds, but it's much better now because the more ""social"" personalities that would have bullied us in HS leave us alone for the most part, so I am doing well now and am in mental health recovery.

Anyway, with finals coming up and spring social events being in full swing, my friends and I decided to start a student support group for fellow students with anxiety. We advertised it on social media and held it in a classroom this morning. At first, it was going fine. My friends and I were very comfortable because the room was full of people like us and everyone could hear and relate to each other, so talking about how we were doing was very therapeutic. However, about 10 minutes in, a girl walked in that I recognized from one of my classes.

This girl, to put it gently, is nothing like us. She is incredibly social and is involved in things like greek life and admissions, and there is no doubt in my mind that if we had gone to high school together, she would have at least been friends with my tormentors. At first, we thought she was looking for a sorority event or something, so we told her that this was the anxiety support group. She said she knew and was here for that.

I immediately pointed out that she clearly has no trouble putting herself out there, and I voiced my doubts that she knew what real anxiety felt like. She said that she's been having a tough time with finals and was hoping to talk to people that understood. I sympathized with this-- of course anyone can get anxious from schoolwork, but it wouldn't be fair to have her there around people that have been struggling with social anxiety for their whole lives and wanted to talk to similar personalities about our shared experiences.

I told her as much, and that maybe the guidance offices could help with her schoolwork, but that having someone there that couldn't relate to social anxiety and resembled people that only make this issue worse can make the space less comfortable for people to be open in, and that I wanted everyone to be able to be open and to relate to each other. She apologized and left.

One of the other attendees said that what I had done was horrible and that I had no right to suggest that she wasn't anxious. That wasn't what I was suggesting at all; merely that it can be harder for other people to share their true feelings in the presence of someone who can't understand, but I do understand how it could have come across that way.

AITA?

UPDATE: Thank you everyone for your feedback. I believe some of you missed my point-- I'm not saying she can't feel anxious because she is popular, I was saying that her presence could be triggering for other members of the group. That said, she wasn't in class this morning so I wasn't able to apologize for the miscommunication in person, and to be honest I don't know if I would have been able to without fear of being ridiculed again. After talking to my therapist, we agreed that I wouldn't be able to seek her out and apologize personally for the above reason, but I still wanted to make sure she knew that I wasn't trying to downplay her anxious thoughts. I reached out to the guidance office to let them know that she was stressed about finals so hopefully they will help her manage that. I also let her sorority know that she had come to my group via their social media DMs. Idk how good a bunch of sorority girls will be at helping her manage her anxious thoughts (LOL), but she chose to join and hopefully they'll know her mind well enough to help. After all, she has many friends that should be able to support her.

EDIT2: Wow, a ton of you continue to miss my point. First, for anyone insinuating that she doesn't feel welcome at her sorority due to her anxiety and was trying to make friends with us instead or that maybe she felt unsafe with her sorority friends knowing about it, she is constantly talking about how welcomed and close she feels with them, so I figured they would be a good support system for her. I really do think they'll care about her mental health and want to support her. Again, they're not the brightest, so whether they'll actually be able to do that remains to be seen, but those are her friends and they can support her. Second, why would a person be embarrassed about having anxiety? If people were going to be unsupportive that would be one thing, but as we've already established, she has people that will at least attempt to give her the support she needs. Anxiety isn't something you need to be ashamed of and hide from the people you care about. I hope she sees that now. But yes, I was TA for kicking her out so abruptly. ",2023-04-24 19:53:27,https://www.reddit.com/r/AmItheAsshole/comments/12xu5gh/aita_for_kicking_a_girl_out_of_a_support_group/,,abortion,abortion_data-updated - new_abortion_related_subreddits_text_posts .csv,ec2061e5b791317d119e195e162a9e89aa859754ab3521cc570b9e61791b0233,abortion
jv5hng,TwoXChromosomes,No! Men DO NOT and SHOULD NOT have a say in a woman's abortion! Jesus Christ that we even need to talk about!,"Just been back from a guy who said exactly that.

""If the woman wants an abortion, the man usually has no say in it at all, which makes him a lesser parent automatically. I'm not sure how to do that differently but I think it's kind of messed up that it is that way.""

Honestly; while the topic of abortion is very complicated (and I'm not going to start a debate on it, because that'll only end in war) -why the fuck do some men still jump around this topic?

""Oh hey. I know that the woman I fucked will carry all responsibilities, health issues, changes for 9months and has to risk her life in a painful labour that could -even today! - kill her, but hey, I just want a kid y'know""

You're not discriminated because you can't get a spawn you can ignore for 18years. You don't get a say because you don't have to go through the shit a woman has to go through!

In general: WHY THE FUCK are some men so eager to fuck with a woman's health?

""I want a say in abortion""

""I want a say if she can get her tubes tied""

""I want a say in if she's really sick or just paranoid.""

""I know rape's bad, but I don't like the idea of  devices like Rape-aXe, because I think it's still too cruel for the rapist to get his peepee hurt""(no joke! Had a guy say this in a thread about the thing)

# EDIT 2.0 PLEASE READ THIS SHIT BEFORE YOU SPAM MY INBOX FULL OF THE SAME 3 OPINIONS!

So, I had a lot of people confide in me, that the reason I have this war in the comments is because I phrased it bad. Which...yes, I see how this happened. Therefore, I made a final re-edited list of all the things I have to say. If you answer anything after that I'm not going to respond anymore. 

1.) When I said ""men SHOULD NOT have a say in a woman's abortion!"" I don't mean you can't issue your opinion/ concerns or values as the father of the child/bystander.

What I meant was: You cannot & should not be able FORCE a woman to carry your child.  
Women already have big problems with wanting their tubes tied, because ""what would your (future) bf/husband say"", or getting rejected from doctors because of sexism (for those stories, just browse the rest of this sub).  
They shouldn't also need to collect a form of ""stamp of approval"" before getting one. Y'know, like ""you must have this item to pass the gate"" style.

If you are in a relationship which is not abusive -of course, talk to your partner. Women have the final say, because they carry most of the burden physically & mentally, but getting an abortion behind your partner's back is still an asshole move.

On the opposite: You can't force a girl to get an abortion, if she doesn't want to.

2.) On the topic of child support:

I mostly agree that men should be able to walk away from it all, if they don't want to raise a child.  
There are commenters who rightfully pointed out that there are places where child support is necessary (aka woman has no access to safe abortions & generally gets screwed over more), but regarding I did this with a...okay, there are also places in the west where women have no access to safe abortions. So let's...ehm...let's rather focus on getting more legal Planned Parenthoods & co.

3.) On the topic of abortion per se:

As much as I aimed for it with such a title; this is not a place to discuss the ethics of abortion. It always boils down to your personal subjective opinion, your religion and otherwise. Please.

4.) Same goes for meandering topics like military, politics & co.  
Let's at LEAST keep it on topic.

5.) Though more rare; yes. I KNOW that transmen & nb people can get pregnant too. But please. This is not a ""woke"" debate. It was a rant I had over a guy and I'm not a person that likes to get into meander territory, because I already have a tendency to meander.  
However, same rules apply to you of course.

6.) Guys, these ""if a woman don't want to get pregnant, she just shouldn't have sex"" comments are so bad American sex-ed tapes.  
We all know that there is something that can go wrong during sex & pregnancy. Birth control can fail. Sex is not ""just"" for making kids (it's designed for it, but you also don't use a spoon to eat soup, right?), a fetus can become deformed, a woman could have been pressured into sex, doesn't have the recourses...there are a lot of reasons.

Of course, abortion is not a ""quick fix"". And most women don't use it as a ""second birth control"" to ""whore around"" -get this shit out of your system please.  
However, we can all agree that abortions won't stop when make it illegal. We'd only stop SAFE abortions. So let's do the most objectivley progressive thing and try to create better circumstances for young women to get & raise their babies, while also allowing them to terminate them. Call it a ""necessary evil""if you must.

And lastly:

7.)Thanks but...no. I don't ""hate men"".  
Yes, this was a very aggressive rant, but no, I did not ""sexist"" against anyone on purpose (cookie for the user who gets the reference).  
With ""You're not discriminated because you can't get a spawn you can ignore for 18years"" I made a reference to all the stories of men that -unintentionally or not - leave child raising mostly to the mother, or think doing the bare minimum makes them a good Dad.   
These Dads/ in general; a lot of men often don't see the other side -the side of the mother - and therefore have a bit of an watered-down perspective on pregnancy & labour.  
Stuff like ""it's just 9months"" or ""yeah, labour is bad, but have you ever got a kick into the balls?"" (not opening a pain-olympics here).

Again: Thank y'all for the awards! I'm very grateful for them! And hope ya all have a nice day!",2020-11-16 11:50:27,https://www.reddit.com/r/TwoXChromosomes/comments/jv5hng/no_men_do_not_and_should_not_have_a_say_in_a/,,abortion,abortion_data-updated - new_abortion_related_subreddits_text_posts .csv,71f7e79c22b8248e6134f99632617f44a6120fbca78d91338c63a6ea4131c84a,abortion
1l2ixmv,PTSD,DAE feel like there are two very different versions of them: the PRE-PTSD and POST-PTSD?,"One thing people without PTSD don't realize (well, many of them) is that PTSD is not just some diagnosis like an anxiety disorder. It is way deeper. It goes to your core. I feel like there are two versions of me which are so different as if they are two different people:

A kind of anxious but innocent, happy-go-lucky, hopeful person who was social, trusting, had an easygoing way about things, felt supported and connected with life, with people, with nature. That was me. Yes, anxiety peaked at time,s and I had issues with people, but fundamentally, I belonged, I connected, I was part of this world. I had dreams. I worked toward things. Life seemed long and reliable.

No longer.

Now I'm this other person who is paranoid, disconnected, alienated, isolated. I can't be soothed. I can't be calmed. I don't trust people. I don't trust the process. I don't trust life. I can't connect with nature, with even my own body. My body scares me. It's an alien land. It's unpredictable. Sensations suddenly come and go. I can't sleep. I've filled my body with medications and their side effects. I can't connect with my therapist. I can't connect with friends. Friendship means nothing. I could lose people any time. I could die any time. There are no guarantees. Things don't cohere. Food doesn't nourish me. Nice words spoken to me go through me and make no change.

There is no hope, no tomorrow, no promise. I've seen things I can't unsee. The curtain is torn. Every single day feels both extremely short and extremely long. Things don't build up on each other the way they used to, so everything keeps falling apart by the end of the day, and I can't build toward anything. So every single day is a new test and a new survival. Things I own mean nothing to me. I can't feel God or the Universe or anything spiritual. I simultaneously exist and don't exist. If I get lucky and have an enjoyable time for a brief period, the first trigger will be felt 100 times more painfully because I had my defenses down by accident. That teaches me. Every single day, every single hour, is torture.

The old-me, I don't recognize that person. And that innocent person would be too horrified to recognize me.",2025-06-03 18:05:23,https://www.reddit.com/r/ptsd/comments/1l2ixmv/dae_feel_like_there_are_two_very_different/,,abortion,abortion_data-updated - new_abortion_related_subreddits_text_posts .csv,d16b9f806c3cbc187d6cff4abfae143341f013dd44b1043ae622d36a24abe662,abortion
mx8bld,abortion,Vasectomy failed.,"My husband got a vasectomy last March and his sample had came back negative after the procedure, so we thought we were in the clear. I got off the pill and my OBGYN warned me my periods may become sporadic and that we can just put me back on the pill if they do. Well they were normal (monthly) until they weren’t.

I didn’t think much of it at first because of what the OBGYN said. It wasn’t until TODAY I decided I better take a pregnancy test *just* to rule it out, since my breasts had been achey. Again, I thought it could be my hormones out of whack after being on the pill for so many years prior. Well, two tests later and they’re both positive. 

My husband and I are beside ourselves and were not expecting this AT ALL. We have two kids ages 6 and 4 and do not want another one. Not to mention I was living life like I *wasn’t* pregnant, so there was some drinking. Not every night, but enough that I’m scared about the baby’s health if we proceeded with the pregnancy. 

We decided on an abortion. I’m freaking out. I’m so far along (I’m guessing 15 weeks or so) and it’s not until May 4th. I am just feeling like shit about the whole situation. 

Anyone have any words or encouragement to help me get through this? We aren’t telling our families, they are are all very much anti abortion. Thanks",2021-04-23 23:56:01,https://www.reddit.com/r/abortion/comments/mx8bld/vasectomy_failed/,,abortion,abortion_data-updated - new_abortion_related_subreddits_text_posts .csv,c2ae6c02423c54c8db49cb025f0bfcb13b8dbedda4b1769ec4457de828059b1a,abortion
qac8q3,Parenting,I'm having an abortion. I dont know how to cope.,"I havent told my husband yet. He's going to be gutted. He's been so excited but I cant do this. I feel like the worst mom in the world, but I cant do five under four. I'll go insane.

I was so looking forward to this baby. We were already thinking up goddamn names. Colour schemes. He's been looking for a bigger place. But I just cant. 

It feels so stupid, but I'm already grieving. I want this baby so fucking much. They're already so perfect. And its so goddamn unfair. We have no support system. He's already working his ass off, neither of us have had a break in months. 

The babies are driving me insane. Good news is, girls slept in the spare room with their dad last night. Nursed them both to sleep and snuck out, they slept right through til morning with him. That hasnt happened in four months.

But, the boys seemed to be waking up even more last night. Anyone else got insanely hungry babies? They just wont sleep. I've got the crib flat pack. Hubs is gonna set it up tomorrow for them so hopefully sleeping together will help them get through. I'm so tired. And so nauseas. Which really doesnt work when you've got four kids in diapers.

Can I warrant asking hubs to take time off work to just do everything for a week? Probably not, but I'm going to. I need a break.

I dont really know where I wanted to go with this. Sorry for the unintelligible vent. Gotta go, baby is screaming again.",2021-10-18 1:20:11,https://www.reddit.com/r/Parenting/comments/qac8q3/im_having_an_abortion_i_dont_know_how_to_cope/,,abortion,abortion_data-updated - new_abortion_related_subreddits_text_posts .csv,86c45e184f079c7901ea6a12e31add754e66ed3770c7fe8b3442fe727ea66070,abortion
iue3r9,therapy,Ghosted by my Betterhelp Councilor,"I guess this is just a rant more than anything, figures everything would happen all at the same time.

Decided to try BetterHelp about a month ago, while on the waiting list for a therapist through my insurance, because I was getting really bad and started struggling with everyday tasks. Was a little wary at first, all of their messages seemed really cut and paste, but I figured it was just because they were default intro messages. Had a very hard time even getting a message back from her at all, signed up for  a video chat, since I have difficulty talking just over the phone, she was almost 15 minutes late and apologized that we had to do it over the phone because something had gone wrong, but she didn't want to just cancel. That was fine, god knows I know things don't always go to plan, the session wasn't exactly what I expected but she was really nice and I was really hopeful.

The next week I had another session, nothing went wrong, really, it was just kind of weird, I was expecting to talk about the things that had been bothering me, we talked about time management instead. Which, again, that's great, it wasn't at the forefront of my issues but it did help.

I wasn't able to get another timeslot with her for 2 weeks after that, frustrating but fine. Later that day, I asked if we could talk about something specific on my apt. And she said yes, she could help with that. The rest of those two weeks were dead air. She texted once asking how things were going, I responded honestly telling her I was struggling with school, no response. I waited for 30 minutes on my apt day, thankful it had come as I had had a horrible depressive episode over the weekend and she never showed. 3 days later, still no response or explanation. 

I got frustrated and cancelled my whole subscription, honestly. I can't afford to keep paying and switching therapists every month till I find one who will show up, and now I guess I just have to wait. Is this normal with BetterHelp? I had seen a lot of good reviews, but I'm starting to notice a trend in what people are saying since then...",2020-09-17 6:40:42,https://www.reddit.com/r/therapy/comments/iue3r9/ghosted_by_my_betterhelp_councilor/,,abortion,abortion_data-updated - new_abortion_related_subreddits_text_posts .csv,501ec8ef1d097275708a11e3ae5f08f2280e22de8ada14744e543adc85b949c5,abortion
1chumk8,AmItheAsshole,AITA for bringing in-law to my cousin's house?,"I decided to visit my cousin when I went to his city. We are a bit further apart but I manage to come few times in a year. This time I decided to bring my in-law (Ted) with me.



Now, my cousin (Mark) has a bit of a history with Ted. Mark was apparently bullied by Ted and called very hurtful words etc. But that was many years ago. Around 6, to be precise. So it shouldn't have been a huge deal. Mark told me a few days ago not to bring Ted to his house, but I thought that was just him sticking to his hostility and that he would quickly soften up when I bring Ted and have a nice talk..



Oh, how wrong I was.... When I came Mark wasn't there, just his mother who welcomed me and gave me a worried look. I reassured her that everything will be fine. 

Anyways, when Mark came I had to get Ted out of there, before the things could escalate



His mother approached me and told me that I was out of line. I wanted to tell her they had problems years ago and that there was no need to be hostile now, but she told me that he still has extreme anxiety when he  sees the guy. She even showed me medical documents that show that he had significant issues from the incident from back them, feeling heaviness in chest and agitation and anxiety for days after reminding himself  of bullying. She told me that one time he even had a ""freeze stress response"" when they were close by



I was taken aback by this. I didn't expect something like this to occur after verbal abuse that happened years back

AITA for bringing in-law to my cousin's home?",2024-05-01 19:17:27,https://www.reddit.com/r/AmItheAsshole/comments/1chumk8/aita_for_bringing_inlaw_to_my_cousins_house/,,abortion,abortion_data-updated - new_abortion_related_subreddits_text_posts .csv,10b7241e4aab37f53b111e090cd676894282ebfe3f6504b62d9a64b1e06418eb,abortion
gusj2k,abortion,"Having an abortion is not that big of a deal to me, everyone is just acting like it should be?","
I know everyone reacts to things differently I just see all these posts about how serious people take their abortions, their loss of pregnancy. Personally I don’t see a difference from those people that do IVF and trash all their excess embryos or the women that just spontaneously have miscarriages. There is no moral right or wrong for this disposal, just because it’s in my body and I choose what I want to happen to
it?

I was scared because of the lack of access and the amount of time I’d need to take off to go to another city, but if the abortion clinic was accessible and didn’t have crazies outside it I don’t think I’d be worried at all?  I really tried to give myself space to mourn if needed, but I felt
nothing. I’d have passed that egg with my period if my birth control didn’t fail. This time it just so happened that there was a sperm in there as well. I feel absolutely zero guilt.

I hope me saying this helps some other people realize it is morally neutral action to alter you body as you see fit and you don’t need to perform grief to justify your choices.",2020-06-01 20:39:54,https://www.reddit.com/r/abortion/comments/gusj2k/having_an_abortion_is_not_that_big_of_a_deal_to/,,abortion,abortion_data-updated - new_abortion_related_subreddits_text_posts .csv,7526a82bbad65894703ea147ce3b25e784a1cda1daa2265d2a7d086c2123348a,abortion
1l9a36y,abortion,Surgical abortion at 6 weeks 1 day Planned Parenthood in Kansas,"I wanted to share my surgical abortion experience at Planned Parenthood because I really wanted to know what to expect before I went in, but couldn't quite find what I hoped to find, so I'm hoping this helps put someone at ease or answer some questions.

I was 1 day late and tested positive. The next day I contacted my Dr and got 3 doses of misoprostal which is the 2nd set of pills for a medical abortion. Nowhere near me can you obtain the 1st pill which blocks progesterone (and happens to be a big part of the success rate).  After about 9 hours I did bleed and pass some tissue. I had cramps but I took ibuprofen and used a heating pad. 

I got a sonogram the following week and measured 5 weeks and 5 days. A yolk sack was present, so the pills did not work. I'm not exactly shocked as the success rate is much lower without the mifepristone AND it also turns out it may have been a tad too early.

At 6 weeks and 1 day I had my appointment at Planned Parenthood. Being early in the pregnancy, the total cost was $750 (the further along, the more expensive). They have an email you can reach out to in hopes to get some financial assistance if you need it. 

Here's what that day looked like:

Protesters were standing at the entrance to the parking lot, but I didn't realize that's who they were. They had reflective vests on and tried to wave me in which I felt weird about so I went to the other side where there was no one. As I was walking in, the same people hollered at me ""hey, ma'am!"", and waved me over. I ignored them and was let into the building by a security guard. You cannot bring in a phone, you need an ID and you have to wear a mask. 

Check in was easy. They have you pay what you owe. You watch two 5 minute videos about sedation options and the procedure options. Then you read through paperwork in a packet. You sit in the main waiting room. FYI, If you don't have a ride home, you can't get sedation. Also, this location didn't offer heavy sedation (I think there's a better term I just can't remember).
 I didn't have a ride home so I planned to only have the shots to numb the cervix. 

Next was the sonogram. I was asked if I wanted to see the monitor, if I wanted pictures and if I wanted to know how many babies they see. Then on to a different waiting room. 

After a short wait I was called back to education where they prick your finger, take blood pressure and oxygen. Then you sign to acknowledge the paperwork you just read through earlier. She offered to answer any questions about the procedure and reviewed birth control options, which you can get for an additional fee. After this, she led me to what is the recovery room. This room has about 8 chairs separated by curtains, each has blood pressure monitors, chairs, trash cans. All of the staff is in that room separated by a glass wall so it was a bit uncomfortable because you're basically facing them from across the room as you wait in your little section. 

A nurse came in and gave me ibuprofen, an antibiotic and anti-nausea pill- she checked my vitals and asked me if I had questions. A Dr came and introduced herself and told me she'd be in the room. A different nurse came in and guided me to the procedure room. She would end up being a support person during the procedure. She had me get set up on the table (legs up in stirrups, bottom at the end of the table, just like a pap, but these stirrups were more comfortable) she explained the laughing gas option which I guess is a new option for those that don't have a drive home, but it offers some relief and wears off quick- the idea is for it to help take your mind off of the procedure as it doesn't necessarily offer pain relief. This is patient guided so you can breathe it in as needed. She was sweet. Offered to hold my hand if I needed. 

A sonographer came in and introduced herself. She would monitor the uterus before and during the process to ensure the process was complete. The Dr from earlier, and another Dr (a man) came in and introduced themselves and instantly got started. I opted for a pap so they did that, then the pinches from the cervix numbing shots. The whole process was quick and had some painful parts, but it was over before I knew it. The shots stung, and then I feel like they instantly started the suction which was pressure and a pinch. They did that what seemed like 2x. The sonographers pressure on the belly helped take my attention away for a second.  And the nurse/guide was taking me through it the whole time, telling me I was doing great, deep breaths and let me cry once I realized it was all done. This is when I bawled. The Drs and the sonographer were all out quickly after it was done so it was just the nurse and I. She helped me put on these weird underwear and a pad. She kept telling me that the right choice isn't always an easy choice. 

After this, I was taken back to recovery. My vitals were taken, I was given a heat pack and offered a snack. My pad was checked after 15 minutes and since I wasn't bleeding a ton, I was able to leave. 

I was walked to the front waiting room and able to leave. 

This must have been a lucky day because from check in to departure, I was there for 2 hours, that's it. 

The decision to have an abortion is hard. Abortion isn't fun, and the right choice isn't always an easy choice. I'm just so thankful we have places like Planned Parenthood",2025-06-12 1:32:27,https://www.reddit.com/r/abortion/comments/1l9a36y/surgical_abortion_at_6_weeks_1_day_planned/,,abortion,abortion_data-updated - new_abortion_related_subreddits_text_posts .csv,5ab6b796fe250be0ebdd5923328fe6a1374f95174bd46c593c89720d4a11bfa1,abortion
1l6ufvk,abortion,My experience with Medical Abortion- Australia,"On Saturday the 7th of June, I had my first abortion. I was 6 weeks and 5 days pregnant and I found out at 4 weeks. As soon as I took the first test and it was positive I booked a doctors appointment for 3 days later as it was the only appointment I could get with a Woman at my local clinic. She explained to me and my partner our options and said that she would not be able to prescribe the medication as she is not trained and I would have to see another doctor in the clinic. She gave me a blood test referral and said I would have to wait till I was 6 weeks to get an ultrasound to confirm that the pregnancy was ectopic. I was extremely frustrated that I would have to wait so long, the day of my appointment I spent in bed crying to my boyfriend. I was not feeling regret or second guessing my decision but I felt very out of control both physically and mentally. I did not feel like myself, I was defeated and felt like there was a parasite inside me. 

The next week I had an appointment with the doctor who would prescribe me the medication. She was supportive and went over the steps and how I would feel physically. After an excruciating 2 weeks of waiting I had my ultrasound ($152 out of pocket but got $57 back with Medicare at Queensland Xray) I asked her not to show me the screen and she was fine with that, my boyfriend saw the screen and said it was just a blob which I knew that’s all it would be. I did also have to get an internal ultrasound as it was still early. I ended up with some pretty nasty morning sickness during my sixth week and couldn’t go to work. I had my 3rd doctor appointment so I could be prescribed all of the medication and she went through the instructions again. I was prescribed the MS2 Step, Ondansetron 8mg and Oxycodone 5mg. I was very adamant that I wanted stronger pain meds than Paracetamol and ibuprofen as I had read a few horror stories on here. 

At 4:30pm on the 5th of June I took the first pill, and I took the second step (4pills) on the 7th at 12:30pm as that is when I was instructed to take them. I took the Ondansetron at 11:30am and took paracetamol and ibuprofen at 12pm. I left the 2nd step in my mouth for 30mins as instructed. By 1:30 I started feeling cramps and felt extremely nauseas but tried to not vomit as I didn’t want to redo the whole process. By 2:30 the cramps had definitely started getting worse so I took the oxycodone I could feel bleeding but was in too much pain to move. I used extra sized bedtime pads, had a towel underneath me on my couch and still bled through but I think I left it too long in between pad changes. After the oxycodone I felt a lot better but was still squeezing my boyfriends hand when I needed too, he had to walk me to the toilet at around 3:30 and a large clot came out and I changed my pad. I had more paracetamol and ibuprofen at 4:30. I went back to the couch and didn’t change my pad again till 5:30 which is when I bled through the pad, a towel and onto my couch. I went to the toilet and another even larger clot came out, I was in a decent amount of pain again and wanted to take more oxycodone but it hadn’t been long enough between pills. I had an electric blanket and a wheat pack on me and they helped heaps. By around 7:30 I was feeling a lot better but still in pain. I had some toast and got myself in the shower for a quick rinse. By 8:30 I took more ibuprofen, Panadol and another oxycodone. I fell asleep on my couch with my boyfriend and we eventually got to bed but I put another towel underneath me incase I leaked. I used an adult nappy as the bleeding had dropped off heaps and no longer had to monitor the blood as closely. 

Sunday morning I felt like myself, I took an Ondansetron and Paracetamol but I felt 1000x better and was barely in any pain. My boyfriend and I went to the shops got some food and went home. I did some cleaning but by lunchtime I started feeling some cramps again and knew I had overdone myself and made my way back to the couch. This morning (Monday) I felt some cramps the night and into the morning, I went to the toilet and had to do my first poop since Saturday. I was super intense, I went cold, pale and nearly vomited again. The cramps were painful while I was on the toilet, it lasted for about 10–15mins but was a crazy feeling.

To the ladies that have gone through or going through it you are so strong and if you weren’t given decent painkillers I’m sorry the medical system is so dismissive of women’s pain. 

For my Australian women who are currently in the process of getting a medical abortion and are unsure on costs I went to Terry White Chemist and for the MS2 step, oxycodone and Ondansetron I paid $62. I have heard that other girls have paid over $300 just for the MS2 step but not sure what chemist they went to. If you are concerned about costs I’d call the chemist and ask about pricing before you go. 

Overall, my experience was not traumatic but I can understand how I could’ve been. I am very lucky to have a supportive partner and friends who are nurses that have worked in abortion clinics to help if I wasn’t sure what was normal or not. 
Edit- I’m 21 and my boyfriend is 22. We both are not in the financial position to be raising a child, we are also not sure if we want kids in the future either so this decision was not a hard one.",2025-06-09 3:10:23,https://www.reddit.com/r/abortion/comments/1l6ufvk/my_experience_with_medical_abortion_australia/,,abortion,abortion_data-updated - new_abortion_related_subreddits_text_posts .csv,c0ff0f3d59c635c7e593c92f90d5d8bbb80ce547aa25f4123d4a1008e6574ad5,abortion
1lmmyfy,TrueOffMyChest,Life with trauma and ADHD,"Hi reddit, this is my first time posting and i'm kind of a bad storyteller so please bear with me. It's also going to be a long read so if you don't like that, i hope this saves you the time. To start, I (24M) have been struggling with childhood trauma and ADHD for most of my life and i didn't realize it until i was an adult, maybe around 20 y/o (for the childhood trauma, i'll call it CT from now on) and ADHD just recently. To be more organized, i'll be talking about the CT first. Growing up, i was the cheerful, playful, mischievous, and sociable kid who liked to make jokes, do pranks, and make others laugh (and adults pissed off lol) but that all changed when i hit puberty, i was 13 at the time. First, a little backstory, back to before i moved to another country with my mom to live with my dad. From when i was born up to when i was 7, i lived in Taiwan with my mom and my dad would visit frequently because that's all he could do because he couldn't really stay with us and long story short, one day he just couldn't come back to Taiwan again for reasons i won't be mentioning anymore. Because of that and because nobody could take care of me because my mom had to go to work, she decided to bring me to the Philippines so we can be ""a complete family"" according to my mom. According to my mom, when i was still in Taiwan, my dad treated me well, bought me so much things, played with me and all and i was really close with him so much that i would cry whenever he had to go back to the Philippines, i can only go off of mostly my mom's recollection and a bit of my own because almost all of my memories with him during that time i don't remember. When we moved to the Philippines, however, it was nowhere near that experience anymore which is most of what i remember about my childhood. He always ordered me to do what he wanted (one example is massaging him like even if i'm tired i had to keep massaging and if i stopped before he's satisfied, he'd blow up and punish me) and if i didn't or couldn't do it, then i was wrong and i was punished for it by sometimes having to stay in the corner of the room facing the wall, not moving for atleast 30 minutes to an hour minimum, or most commonly, getting hit with a belt. There were also times that i had to face the wall while my parents ate and i wasn't allowed to eat until the duration was over. There was also this one time that i played on our pc for so long that i didn't realize it was 1am and my dad came back home after drinking and made me scrub the toilet bowl until it was white even though it was old and realistically needed magic to turn all white and i couldn't sleep until it was white. I remember that time i secretly went to my grandma's house and ate breakfast at 6am only for my dad to wake up and find out i had done that and dragged me (not literally) back to our house and continued making me scrub until 9 or 10am before he finally let me sleep. It didn't help that as a rowdy kid, i frequently got in trouble at school, mostly for being noisy and disrupting the class which annoyed the heck out of my teachers lol, and so my parents would always get called. Maybe it was embarassment but it made my dad furious and that why he would frequently hit me with whatever he has access to in order to discipline me. My mom was seldomly around because she was supporting me by working, whether locally or going to another country to find work just so she could send me to school and support the family, which i am grateful for but also kind of bitter because i know she did that for my sake but it also caused me to solely be with my dad for most of my life. Whenever she's around, however, she didn't do much when my dad was punishing me or saying nasty things to me like i was useless or that i'm stupid or worthless which mostly had something to do with school (ie. low/failing grades, disturbing the class a lot) which i'm still very much bitter about but she did explain to me that she couldn't do anything because to be fair, they often argued about anything and everything and that might've contributed to my dad just often going out and getting drunk, which often made him punish me more because i'm who often directs his anger to. I've been hit with a belt, a wooden plank, a hanger, his hand, and slippers and it was so bad that i often had visible bruises that everyone could see at my school and whenever i was asked where i got it, i'd say because my dad hit me and that was that, that's why at that time i thought it was normal and so just got used to it so much myself and everyone around me didn't even talk about it anymore. This went on for most my childhood and only stopped when i was 15 y/o maybe and by that time, i'd already become the complete opposite of how i was. It started when i was 14 y/o, i became quiet, talked to nobody, had low self-esteem, felt alone, and distant from everyone, a complete 180 basically and i know now that this was because all those traits of mine that were affected were the result of my dad punishing me for them. For example, i was always noisy in class and because the teacher often called my dad, he'd punish me for it after getting home or the countless times he berate me so much i started believing him. I didn't have anyone to rely on but my grandma and she couldn't really do anything because my dad would just brush her off. I couldn't rely on my mom because she was always not around and my relatives thought what i was going through was normal because that's what they went through when they were younger so they didn't really say or do anything. That's probably why i'm so independent when it comes to my thoughts and struggles that i choose to just keep it to myself and deal with them myself because growing up, nobody really cared and nobody wanted to listen. It's kind of amazing that i kept repeating to myself that i don't want to be my dad and that became my motivation to show love more, to try to understand more, to treat others kindly, instead of doing vices and getting my life derailed with immoral and criminal acts and thoughts. It taught me how to be kind to the world that didn't treat me kindly, to be selfless, to love, even when it's hard because i want to give the love i've always wanted for myself that i couldn't receive or feel.

For the ADHD part, i got clinically diagnosed when i was 9 y/o and since i was young, i didn't really know what it was because nobody really explained it because to be fair, nobody around me, not my parents, not my friends, not my relatives, knew or understood anything about it. My mom knew a little bit about it since she was the one who had me checked and the one there to hear what the psychiatrist had to say and that's why according to her, whenever my dad got furious about my behavior she'd tell him that i needed more understanding because i have that condition but he just told her that she was making excuses for me and that's why i'm like that. The psychiatrist also told her that we had to get counseling as a family to better understand ADHD and how to deal with it but she said my dad absolutely despised that idea and refused to go. I did realize near the end of my teenage years that i wasn't normal and that my normal wasn't how normal is for normal people but i don't recall exactly when because my memory is really bad, so bad that i even forgot i had ADHD and that i wasn't normal in the manner of normal for normal people although i didn't really understand it fully at that point. Growing up, i was always told what normal was and that i should behave normally, nobody really understood why i was the way i am even when some of the people around me knew i have ADHD. I only realized it after the girl i was dating recently broke up with me. The reason for that break up is because of something i did that i said i wouldn't do again (talk to her bestfriend, more of a talking behind her back kind of thing more than actually doing something bad, according to her) which i genuinely forgot and that led to her questioning my honesty and respect for her feelings. After that, i was really hurt and felt misunderstood and so i prayed for wisdom, one thing led to another and i ended up seeing reels about ADHD and that was when i realized that a lot of the shortcomings and flaws i have was connected to having ADHD and could be explained by it and that's when i remembered that i do have it. ADHD isn't being hyper, it is but hyperactivity for me is within my mind as in my mind is just contantly at work, thinking about everything all at once and it's just always ""noisy"" and hectic. I forget things easily that there are times i couldn't even remember the thing you said a minute ago and then remember the most useless things randomly because my brain decided to. I overexplain things due to the fear of being misunderstood and that's why context is always important for me and because of that, it often gets perceived as me justifying and defending myself when all i'm trying to do is to explain. I feel emotions such as love deeply and because of that, i often show it intensely too and that sometimes overwhelm others as much as it overwhelms me too. I tend to be more empathetic towards people because having ADHD, i'm always misunderstood and so i try to be more understanding towards others, trying to see things in a lot of different perspectives. I'm sure there are a lot more but those are just some of the examples that i can think of right now. Remembering that i do have ADHD also made me realize a lot of the things i did in my relationship that caused my girlfriend at the time to get tired because i was overthinking a lot and really needed a lot of assurance and attention that i chose to neglect and not ask for because i didn't want to burden her and that caused me a lot of pain and so when we had a huge argument, i snapped and said hurtful things to her that i'm not proud of and that was the reason she broke up with me. I realized that i couldn't fully understand her because i didn't understand myself at the time and that really messed up what we had. I realized that i really was hard to love, that i needed a bit more patience and understanding than a normal person because i have to try harder than a normal person to cope with my imperfections so if by some divine intervention that girl come across this, know that i'm truly sorry, and thank you. It's really hard to keep fighting and keep living everyday normally with both CT and ADHD because of the visible effects that those have on my behavior and personality but i have to, because that's the only way. If you're reading this and you've been dealing with one or both of those, i just want to say to you that you can do it, don't give up and keep fighting. It's okay to rest once in a while because it is definitely tiring having to constantly deal with those. Normal might be different for you and that's okay, just slowly work on it at your own pace and don't pressure yourself to abide by the standards of society. You're not alone, remember that. That's all, if you reach this far, thank you for reading, i hope my story helps spread awareness that we are all different, we all have our stories, and just because we don't show it doesn't mean we're not fighting our own battles so spread a bit more happiness and positivity and try to be more understanding towards people around you. Have a great day and God bless to you all!!",2025-06-28 13:34:25,https://www.reddit.com/r/TrueOffMyChest/comments/1lmmyfy/life_with_trauma_and_adhd/,,abortion,abortion_data-updated - new_abortion_related_subreddits_text_posts .csv,a833d17d3cf93b608bf89ec776efc37254e50d76b6bcbb26a55b93be4b197704,abortion
pm61lk,abortion,Things I never realized before I had one,"1. You might know immediately what you want to do, but it doesn’t make it any easier to navigate the emotions. For me, it was a tragic certainty… but I was still certain.  

2. The stigma of abortion prevents people (even in places where it is legal) from getting the information they need. All my questions felt shameful and the search for answers often leads to pro-life rhetoric. People outside of this situation have the privilege of seeing this as only a morality conversation…when it is also a healthcare and safety conversation.

3. I myself and many others go it alone or with only one other person supporting us. Especially those who found themselves pregnant after a traumatic situation, because it may feel too soon to open the wound far enough to share your story just yet. It’s such a lonely thing and we are so strong. 

4. It’s not always quick or easy to access. Depending on the person, their body and the level of access and support they have, it can mean weeks of waiting as their body changes in ways they do not want—all while having to work, take care of any existing children, and putting on a smile for the world outside. Each day can feel like being held hostage in a body that is not your own. 

5. Everyone has a deeply personal story. Our reasons vary but we all have come to this very difficult choice for a reason and it’s so damaging to be invalidated by people who think they can look at you for 5 minutes and make this choice seem so black and white.

6. Sometimes in making the decision, you go into fight mode. You do whatever you can in your power to get through it and you realize how strong you can be when you need to. Sometimes it’s not until later that you really process.

7. You are now a part of a centuries long legacy of women— some of whom didn’t get to choose when they wanted to… some of whom had to go to extremely unsafe measures to be able to choose. Going through this I’ve been thinking of them, and am grateful that their time informs our present. 

8. Most importantly, we will all be okay. We will make it through this choice, and navigate it emotionally. It may take a lot of time, and this will change your perspective the same way it has changed mine. But it doesn’t change you. You are still a sister, a friend, a good person. You are still everything you were before and more. You have gone through something difficult but this doesn’t define you and it never will. 

These are truths I never considered until I went through it myself. I’m not sure the point in this, but it was therapeutic for me and I hope someone finds it relatable and comforting to know someone else feels similarly and we will get through It.",2021-09-11 11:50:39,https://www.reddit.com/r/abortion/comments/pm61lk/things_i_never_realized_before_i_had_one/,,abortion,abortion_data-updated - new_abortion_related_subreddits_text_posts .csv,35798abdeb4cf5641cb3c916f101a099fd59e5f6005906b07314a3b8b27a5883,abortion
1gm6i1v,TwoXChromosomes,I just ended a 23 year friendship and I’m at a loss,"I’ve been friends with Ben (not real name) since middle school. Since I was 13 years old. He’s been my best friend for decades. 

We’ve always been platonic and we even vacationed together multiple times, the last of which was 2021. He was just sunshine. Always brought joy and happiness in my life. We have lost a lot of friends over the years to various accidents and so we would always hug and say “I love you” whenever we parted ways, because we learned that tomorrow was never guaranteed. 

And I don’t know what happened but he slowly started changing. Slowly started slipping down the Q Anon trail. The Cult Train. It happened gradually but today was the day I couldn’t overlook it anymore. 

I posted a very personal post yesterday about an abortion I had several years back (that not everyone knew I had) of a heterotopic pregnancy combined with an incompetent uterus. How without it, I would have died. And how abortion bans will cause the death of women in similar situations. How if that same pregnancy happened now, I would potentially be forced to die and that I had friends who would actively come to my funeral and mourn for me that just actively voted for the very policies that would have caused my death in the first place. 

Today I saw he posted a photo that said “Saying ‘my body, my choice’ is like saying ‘my house, my rules’. Neither gives you the right to kill babies.”

That was it. That was the final straw for me. I told him I’d never been more disappointed in him in my entire life and he may as well just tell me to my face that I deserved to die from my abnormal pregnancy, because it’s less words. And then I blocked him.

And it hurts. Gawd does it hurt. How did we get here? I am so devastated. But he’s not the person I’ve known for 20 years. That person is gone and I mourn him. But it doesn’t make it any easier now to just have to let go of someone that’s been such a huge part of my life for so long. 

I’m so tired you guys. So tired. I don’t know how to keep going anymore. ",2024-11-08 1:07:37,https://www.reddit.com/r/TwoXChromosomes/comments/1gm6i1v/i_just_ended_a_23_year_friendship_and_im_at_a_loss/,,abortion,abortion_data-updated - new_abortion_related_subreddits_text_posts .csv,ee2270710e4740b221f1b51bfff54e3c15754e74fe11262c1e50077e783b17b7,abortion
1it7m37,abortion,I regret not getting an abortion sooner.,"I regret not getting an abortion sooner. I'm currently 36 weeks pregnant (9months) and I fucking hate everything about it. I gained 50pounds, started losing hair, I lost my freedom, and sanity. I fucking hate my life right now. I just want to be me again. If you're thinking about getting an abortion, just do it. Don't have kids. ",2025-02-19 15:07:09,https://www.reddit.com/r/abortion/comments/1it7m37/i_regret_not_getting_an_abortion_sooner/,,abortion,abortion_data-updated - new_abortion_related_subreddits_text_posts .csv,16b72f69ffc87fe2c8abd39aded284bb455e98c04b98b31249db7e0d174a1ecd,abortion
1l4k3em,abortion,I’m supposed to be due in 2 weeks,"I had an abortion in October, the pregnancy was planned. 2 weeks prior to finding out I was pregnant my (ex)partner was arrested for domestic violence towards me. I felt like it was the right decision to terminate the pregnancy and now that the due date is coming up I feel sick to my stomach. I guess I’m just asking for any advice ",2025-06-06 4:55:01,https://www.reddit.com/r/abortion/comments/1l4k3em/im_supposed_to_be_due_in_2_weeks/,,abortion,abortion_data-updated - new_abortion_related_subreddits_text_posts .csv,14fe8c87197e185d38dc27aa9277bae14e25c256910da28924ea212c6a327a7c,abortion
1gr6xym,Pregnant,My baby is gone,"I went in for my dating scan today, and they told me my baby has no heartbeat. I had my first scan last week and baby was doing fine, heart rate was 157, but baby was measuring earlier than I expected (expected was 8w3d, baby measured 7w3d) so they told me to come in this week for an official dating scan. I came in, and they told me baby was measuring days behind and had no heartbeat… I’m devastated. My whole world feels shattered, we just had our announcement pictures done yesterday that we planned to use to tell our family, and now it just feels like a cruel joke. I feel like my hearts been ripped out and my life has been broken to pieces. I talked to my stepmom this morning, who didn’t know, and she’s heartbroken. They’re sending me in for an emergency D&C as they’re already seeing problems and worried I’m going to get an infection. I don’t know how to move forward, my entire world just stopped. My boyfriend and I held each other and cried in the ultrasound room and haven’t stopped crying since. I’m so scared I’ll never be able to carry a baby and be a mom. Help. Please. ",2024-11-14 15:12:22,https://www.reddit.com/r/pregnant/comments/1gr6xym/my_baby_is_gone/,,abortion,abortion_data-updated - new_abortion_related_subreddits_text_posts .csv,67f940f80021db8c5642495168b8968841ba72205c3999471d9c9dea3d2f4523,abortion
9sp0wh,BabyBumps,TIC because the dentist kept asking me to go outside.,"- Some back story (feel free to skip)

I have a 14 month old son. He's super cute and usually very well behaved. He can get pretty annoying when tired and due to winter time, I accidentally planned our dentist appointment right when he was getting tired.

When I went to the denist for the first time in 10 years I pregnant from my son. So she couldn't take pictures. She was mostly very glad I finally came in and I left with a great feeling. She filled pme cavities about a week later and she hurt the hell out of me and kept saying it was due to my massive lack of brushing. The guy that did my cleaning was great and once again I left with an overal feeling of ""this denist office is great"".

Being pregnant again soon after the first was born, miscarriaging and getting pregnant again ment I still hadn't had pictures taken. So now I have had 4 pregnancies within two years and my hormones are even crazier then the first (successful) pregnancy. I've had two denist appointments and am coming in for both a check up a cleaning with my son and boyfriend. He's getting his first check up in 10+ years too. He was willing because I was so positive about this denist. It went great, but the dentist lady made me feel really bad this time. I had been brushing like I should but my mouth wasn't looking great. She did compliment me on bringing my son and explained again how important this is (she had done the same when I was still pregnant). I had to come in for a cleaning soon again. No big deal. My SO had to get a cleaning to, so we could combine that.

- Today

Today was the day of this cleaning. I would be first, he would be second, come in with our son and I would entertain our son during SO his cleaning. This way he wouldn't be there to long and he'd be able to see what happened and crawl around a bit. He was a perfect little angel.

Due to my appointment starting 15 minutes late (I was on time, dentist just wasn't ready)  my SO had to wait for a long time with the little dude. They had played on the stairs and our son had been crawling all over the waiting room. By the time I was done and took over, he was kinda done already too. So we spend 10 minutes in the room watching his dad. He was getting a bit to heavy for me (27 weeks pregnant) but I couldn't put him down in there so went back to the waiting room. I let him crawl there himself. He didn't ""run around making lots of noise"" he just crawled down the hallway. He did not touch the radiator or the glass door or anything, nor did he go back and forth.

I spend about 5 minutes with him there and he just didn't want to stay in the waiting room. So I picked him up and went back to watch his dad. A few minutes later it was clear he didn't want that either. Now let me be clear, he hadn't cried up until this point at all yet. Not for even one second. So I put him down and since there was movement behind the second glass door he sat down in front of the door watching it. Not making a sound, just watching. The guy in there was putting his coat on, it was a show (apparently, kids...) I did not think of getting him away there because I did not thing he could be bothering anyone at all. The guy that left said hello to me and smiled at the kid.

Dentist comes out, asks me how I'm doing and then asks if I could please take my kid outside or to the wait room. Fine, no big deal. She could have worded it better, but whatever. She then goes on explaining that due to scared people that go to the dentist sometimes the ""running up and down the hallway"" scares them. Fine, whatever, he crawled down there twice and didn't make any noise, but if that bothers you, awesome.

So now I'm stuck in an waiting room without a door with a kid that realized he's no longer allowed in the hallway. And when a 14/15 month old little dude discovers he's not allowed to do something, he suddenly wants too. There was nothing he wanted more then going into the hallway. To the point where he threw a little toddler tantrum, hitting himself in the head on purpose (it's a new thing he does, I haven't figured out how to stop it yet). I finally get him to stop by going back to the stairs (4 steps) from the entrance to the reception. He likes to go up and down there. Not right now though, but there he's calm.

In the waiting room there had been a guy that was apparently new to the practice. He had seen me struggle with the kid and trying to keep him in the waiting room. When he got helped at the desk he didn't get a ""hello"" or ""nice to meet you"" or anything, he got a ""I'm so sorry someone brought their kid"" and then his insurance check. I'm standing there with a now perfectly happy little boy and feel like shit over that comment. Near the end of the dentist checking everything he starts to make unhappy sounds. Not crying yet, but not happy. The dentist immediately asks me if I can maybe step outside. It's cold outside. I would have to dress him up, myself and then go outside. So no, I do not want to do that. I'm also unable to get the stroller down those steps myself. So I would have to hold him outside too. Not happening.

I tell her nicely that I already have a cold and don't want to step out right now. She tries to tell me how to parent while she's behind the counter and I'm at the door. Neither of us raises our voices and we can hear each other perfectly. She'll later claim she only asked me to leave because she couldn't hear the guy behind the counter and he couldn't hear her.

When she tells me ""maybe next time you shouldn't bring him to both appointments"" I'd had it. I didn't bring him to both, but I didn't get started until 15 minutes into my 25 minute appointment. My SO then had to wait for another 10 minutes (meaning his appointment started 25 minutes after the time it was scheduled). So I told her ""maybe next time I'll bring him to a different dentist"" and she doesn't really respond to me anymore.

She does however when my SO comes out. We still need to pay so we're trying to do that. She asks me if I want to end my treatment with them (meaning she'd hand me my paperwork so I can hand it to my new dentist). I'm guessing she thought I'd been bluffing or something, but I really do not feel like going back there ever again. So I tell her ""yes please"" and she takes a second and then tells me I'm overreacting. My SO is so lost, doesn't know why there are tears in my eyes and just asks if he can pay. Lady refuses to let us pay. First she wants to finish the conversation. She goes on and on about how she's a mother too and how she understands it's hard but how she can't have a conversation with someone if there is a crying kid and how patients are scared when there are children running through the hallway.

Both my SO and I try to end the conversation several times, she just keeps going and when I tell her I understand her point but she makes me feel unwelcome, she pretty much tells me I don't have a right to feel that way. She's still refusing to let us pay. I ask her if she can send us bill for it later and she finally moves on to the paying part. She asks if we want to pay seperate or together. My SO tells her together and adds that it's coming from the same checking account so wouldn't matter either way. He tries to break the tension here. So this dentist lady gets weirdly offended by it and explains not all couples want to pay together. My SO once again mentions it's the same account anyway. She now tells him there is no need to be hostile towards her. She's just asking a question and feels attacked. She feels attacked. She asked me multiple times to wait outside, to not bring my baby for two long appointments, to not let him ""run around"" (he doesn't even walk yet) and to not allow him to cry somewhere where others can hear. But she gets told we have a shared checking account and she feels attacked? Crazy lady.

She didn't give me our papers, I'll have to go back for them. Which is okay because I want to make a formal complaint about her anyways. We finally left almost an hour after our appointments should have been over. She has me pretty pissed off and when my friend called and asked me how I was doing I answered, while both laughing and crying ""my dentist was mean to me"". Great day :(

TL;DR dentist seemed to be in a crappy mood and takes it out on me. My kid was clearly not wanted even before he was crying. She asked me several times to leave the office (stand on the street) while waiting on my partner, suggested I'd just go home and gave me several ""tips"" on how to keep my baby from bothering anyone. She did not let us pay until she was done with her 10 minute lecture on how I was overreacting and she, as a mother of a 3 year old, knows exactly why it's so difficult for me.",2018-10-30 15:33:04,https://www.reddit.com/r/BabyBumps/comments/9sp0wh/tic_because_the_dentist_kept_asking_me_to_go/,,abortion,abortion_data-updated - new_abortion_related_subreddits_text_posts .csv,28a74f29fce3bebc45916308d9f648c53f4d852436dc10cfe53cda487ac40c83,abortion
1ks9x91,legaladvice,is it legal for a school to promise vegetarian food but not provide any?,"Location: Texas
My vegetarian younger sister graduated the eighth grade today, and didn't bring any lunch because they were going to provide hamburgers, including veggie burgers. Today they only made hot dogs because ""they didn't have a grill."" 
While not illegal, her class was also promised pizza but didn't provide any. It's starting to get really frustrating because she gets excited and comes home feeling horrible and hungry. Is the school not under any obligation to keep their word?",2025-05-21 21:38:19,https://www.reddit.com/r/legaladvice/comments/1ks9x91/is_it_legal_for_a_school_to_promise_vegetarian/,,abortion,abortion_data-updated - new_abortion_related_subreddits_text_posts .csv,3618ae52ff809c9a7317a9b193e9ddbe0bc3b7999e00fb8670070706a0f29f3b,abortion
10qta52,abortion,Abortion is very lonely,"I had my abortion two weeks ago and it's the hardest thing I've ever done. I have absolutely no one to talk about it with. 

Even people who have been through abortions too don't want to talk about it, they just say one line ""yeah I went through an abortion too and it was hard"" and that's all. It makes you wonder what's even the point in having friends at all if they just look at you with cold indifference while you're struggling.",2023-02-01 12:23:21,https://www.reddit.com/r/abortion/comments/10qta52/abortion_is_very_lonely/,,abortion,abortion_data-updated - new_abortion_related_subreddits_text_posts .csv,1d394a39df7405b8b1a677f0a7288360914ed4368c04b031d7c3e7d2a41fdea9,abortion
i1l6xg,abortion,It was 40 years ago,"Apologies, this gets graphic.
Apologies for typos, tablet typing is hard for me. 

Forty years, to some of you that's probably ancient times lol. I was fourteen when I got pregnant. My mother had never discussed sex with me and I didn't pay attention in health class. I was shy, desperate for attention and naive. I met a boy who went to a different school, so in a way we were not boy/girlfriends. I was more a fuck buddy. Anyway, I got pregnant. 

I didn't tell him, or anyone. I drank grape juice first thing because I'd throw it up, every morning. My parents didn't notice. My clothes got baggier, i still stayed quiet. It was so confusing! I wasn't really sure what was happening, how pregnancy worked ir anything. Weeks of hiding turned into months. I went from casual pot smoking (yes at 14, it was the 70s and seemed normal) to taking lsd every day so I wouldn't think. In retrospect I was trying to not be pregnant, I thought it would magically go away.

I turned fifteen. Still trying to hide with baggy clothes and drugs. My parents still didn't notice, the boy still didn't notice. I swiped bras and shirts from my mother because I was getting bigger. Still throwing up that grape juice before the school bus came. 

One day at school a girl I knew approached me while I cried in the bathroom. I didn't know her well but she was the one who asked if I was okay. I told her. She told a counseler without my knowing.  He must have called my mother.

This is where it starts to get hard for me, I'm sorry in advance. 

My mother yelled when I got home, she took my to the pediatrician who looked at then felt my stomach and said yes she is pregnant.  

That night was all yelling between my parents and furious silence.

Two days later they told me to get into my dads car. We drove into downtown Detroit, to a hospital. They walked me inside, said my name at the counter then they left me there. I had no idea what was happening. 

Someone took me to a room with multiple beds and curtains between them.  I was the only white person and the youngest one. The bathroom was dirty. I was scared and so so out of my depth! 

I don't remember them examining me, I'd never had a gyn exam before and I don't think they did one at all. A doctor came in (remember please, total white girl who grew up in white girl world) who had such a thick accent I didn't know what he was saying. The doctor took a huge needle, god it seemed so huge.  

This is hard!!

He put it into my stomach. It hurt. He left and the nurse said to try and sleep. I was exhausted from, months of fear. So I slept. I remember the nurse pulling my arm with the iv out from under me, slept more. 

I slept until god awful pain woke me up the next morning. In my stomach. Somethung bad was happening. I was in labor. Almost six months pregnant, not fully grasping how girls got pregnant, in Detroit Receiving Hospital, by myself. In labor from what I figured out years later was a saline abortion. I essentially gave birth to an already dead by needle fetus. It took a long time. The nurse when it was done said it was a boy. 

She gave me an enormous 70s style kotex pad (shout out to modern hygiene products!) and told me to sleep until my parents arrived. 

I laid on the back seat of the Cadillac, my fingers tracing the stitches in the leather seat. My mother lectured me as my dad drove. I was to tell no one. Ever. Not my sisters. Not my friends. I was a terrible girl. I was a lucky girl to have parents that had connections. Tell no one! How dare I. Din't I know what my parents friends would say? Tell no one ever!

Fingers tracing that stitching like my life depended on it, staying silent.

They dropped me off at school. Just in time for home room. I felt so sick, crampy, bloody. Confused! At some point I went to the bathroom and this, this..huge mass of stuff came out. But I didn't tell anyone.

I'm pretty sure that it was an illegal procedure. 

If you've read this far and are curious, my next years are somewhere in my posting history. In a way this event was just the beginning. I have a phobia of doctors, a extreme phobia of any intimate exam. Cannot will not cannot even attempt anything relating to gynacology. 

If you've questions, I'm pretty open to answering them.

Lastly both thank you for this space and another apology if I upset anyone. I am almost rabidly pro choice, it just happens that something not great happened to me through my own ignorance and stupidity. I have zero regrets over the termination itself, I was too young. 

Lastly lastly, yikes that was grueling to type out! 

Thanks.",2020-08-01 3:09:43,https://www.reddit.com/r/abortion/comments/i1l6xg/it_was_40_years_ago/,,abortion,abortion_data-updated - new_abortion_related_subreddits_text_posts .csv,63a22ef4b5f44d23b44d81ffee1cbe6f539b9065928bf430f39fb485c31a4b58,abortion
1lcejt8,relationship_advice,My (19 F) best friend (19F) is asking me to choose a side after her breakup. How can I tell her no?,"A few days ago, during a fireworks, while I was gone getting one of our other friends, my best friend that I'll name Lucie, got into a fight with her boyfriend (20 M), who I will call Jack, and it ended in a breakup. For context, they were together for 9 months and fought pretty often. During the fight, she insulted him and lightly hit him, and he apparently did the same, but I wasn't there to see. After that, me and another friend got her back to her place since she was in pieces, and while we were gone, Jack and my other best friend (19 M) who I'll call Tomas called apparently for ""fun"" a guy that had really hurt Lucie in the past ( not in a romantical matter but like trashing her on social media) and tolded him about the breakup to laugh about it and to ask his version of what happended in the past. Again, I was not there, and I'm planning on calling Tomas tomorrow to have his version of the call. Since Lucie learned about the call, she's been getting suspicious about everyone because she feels betrayed and has become suspicious of me ( she is thinking everyone is talking badly about her behind her back ). Today she called me and said that if Tomas didn't reach her this week to say sorry, she would cut him out of her life and told me she wouldn't make me choose between the two of them, but she would be mad at me for still being friends with him. Now, I am not planning on cutting ties with her or Tomas, they're both important people to me and I love them both with all my heart, but I hate that Tomas made that call and I hate that Lucie is making me ""choose"". Plus, she's also disappointed in me because I wasn't there enough for her during the breakup. The reason why I put a bit of distance between the two of us is that for 9 months, all our discussions were about her boyfriend, and I was a bit tired of all the negative energy. I am planning on talking to her about that, but I don't think now is the right time. The real reason why this situation sucks is that we have a trip planned for the three of us this summer and if they dont make up its getting canceled but some of my family member are involved and canceling would cause a lot of problems. In conclusion this situation sucks and I dont know what to do :(.



Also, English is not my first language, so sorry for the phrasing.",2025-06-15 23:48:17,https://www.reddit.com/r/relationship_advice/comments/1lcejt8/my_19_f_best_friend_19f_is_asking_me_to_choose_a/,,abortion,abortion_data-updated - new_abortion_related_subreddits_text_posts .csv,64903db1508c200335150dd2e181198b4c4778b9e61f4802f1064e149cd0f27f,abortion
24whhb,TwoXChromosomes,Boyfriend says he probably won't stay with me if I have an abortion. I want one. Help?,"I(24) just found out I'm pregnant. I'm not ready for a baby. I don't have enough to support it, plus, my career is just kicking off. It's simply not a good time. I used the pill and condoms but somehow it still happened. 


My boyfriend (25) and I agreed before sex that if I were to be pregnant we'd abort. Two years later here we are. He says he can't bear the thought of it and that if I abort he's not sure if we can stay together. I love this guy to death. We were planning on getting married in the next year. That he would break up with me over a clump of (life ruining) cells hurts, but I know he doesn't see it that way. Still I feel cheated that he changed his views. I know it's different when you're actually experiencing it, but still. 


With our income combined we make over six figures, so whenever I say we can't afford it he brings that up. But ideally I'd want to have much much more in my savings before bringing a kid in the world. Plus like I said, the timing is awful. I'm not ready to be a parent. Three-four years-sure. Now-no. 



I'm very conflicted because I really want an abortion but I also love my boyfriend deeply. I try to explain to him why I'm not ready for a kid but he remains steadfast.



 On top of worrying about my relationship's future I also have to worry about getting the actual abortion, because my parents are pro-life and I don't really feel comfortable asking my friends to go with me to something like this. My boyfriend refuses to go. I can't go alone, since I'm getting anesthesia (unless I wait in the hospital for hours while it wears off.) I at least want him there with me, but he absolutely refuses. 



Sorry if this is jumbled, I'm pretty stressed. I feel like the clock is ticking and on one hand I want to get on with my life asap, but on the other hand I don't want to hurt my boyfriend, who I thought I'd spend my life with. Help?  



Tl,dr:


-Used 2 bc methods, got pregnant anyway (I was on an antibiotic for a few days and I think a condom may have broken once (*once!*). In retrospect it was stupid, but at the time I thought I was covered and it was fine.)


-I don't feel ready for a baby, financially and maturity wise. My boyfriend of 2 years does. 


-He says if I abort we'll probably break up because the thought of it disturbs him so much. I say I just can't have a child now. 


-I haven't scheduled an appointment yet. I know I want to but I keep waiting, hoping he'll come around (even though I know he won't.) What to do?",2014-05-06 22:18:51,https://www.reddit.com/r/TwoXChromosomes/comments/24whhb/boyfriend_says_he_probably_wont_stay_with_me_if_i/,,abortion,abortion_data-updated - new_abortion_related_subreddits_text_posts .csv,4b5a96ef84d9b3324c804fab661ff5915a60bfb27a90ee123db8d861fbd6dbef,abortion
5hgjr8,raisedbynarcissists,I'm sick of my stupid parents.,"I hate my parents so much I can't wait for college. 


---------------------------------------------------------------------------------------------------------
To start off, i'd like to address Christmas at my household. There was no special food, vacations, or trips that were done during Christmas time besides one trip to India. I hate India. They also got me shit that I didn't want, and didn't let me give cookies to Santa, and wouldn't participate in childish fun like the Elf on the Shelf and other things that were encouraged in preschool. I figured out that the Santa thing was all bullshit when I was 5. I wanted a lego set which was cheaper than the fucking stupid gifts that they got me, so it wasn't because they weren't financially capable. They instead got me stupid stuff like Brain Age and Ice Skates, even though I hated ice skating. I really hated them for it, I knew santa wasn't real after then. I didn't tell them for a whole year. I was mad at them for a very long time. The worst part is, they were more enthusiastic about it with my little sister. After her everything was perfect... I'm assuming it was reaction formation, after having her, they didn't take any pictures of her childhood between 1-4 years, and they were probably guilty about it, so they blatantly pampered the shit out of her right in front of me. So ya, Christmas was awful. 

----------------------------------------------------------------------------------------------------------
They wouldn't get me anything I wanted during my mid childhood either. One year i asked if they would let me play travel soccer because I made the regional team for it in the 4th grade, and they told me no. That was literally all I wanted from them as a 4th grader. They said it was expensive, which it was, but my dad spends over $1000 per year on cigarettes, and my mom impulsively bought gold during my childhood so that was obviously bullshit. They never got me what I wanted. There was always some bullshit reason... 


------------------------------------------------------------------------------------------------------------
On top of that, they were terrible to each other, I lived my whole childhood with them screaming at each other at least twice week. They would even blame me for half of the fucking fights about their failed arranged marriage. They weren't just verbally abusive, they were also physically abusive like most colored parents, I was once hit with a laptop cord when I was 11 for talking back to my mom. three years ago, my dad was mad at my mom about something, and when he was about to go out for a smoke, he called her a bitch, and I got mad and called him an asshole. Things escalated from there and we then got in a fist fight after this , and he choked me till i nearly passed out. I was only 14 at the time. 


------------------------------------------------------------------------------------------------------------
They have mellowed down now in regards to physical abuse, but they are still extremely overbearing. I recently got grounded from my phone for 3 fucking months for having it on me while taking a shit. After this, when I was getting my phone back, me and my mom got in an argument over politics, and she extended it for another month. I lost my shit, I started cussing her out. I eventually went away, I knew I fucked up. She came over and gave me the phone back, but she told me that I wouldn't be able to drive her car, or use my license till April. I'm also not allowed to catch a ride with my friends or she said I won't be able to run track this year. So I am currently a junior who rides the fucking bus to and from school. FML.


-----------------------------------------------------------------------------------------------------------
After this, I told my friends about her atrocities via texting, and she found out about it because the nosy bitch went through my fucking texts. I'm now grounded till April for that and I'm only allowed a 10 minute tech break  with my phone once every hour... She also never lets me hang with my friends or socialize because she wants me to focus on studies and stuff, but i'm so stressed right now and I literally have nowhere to vent my anger. She doesn't understand that I can't study for periods of time that are longer than 2 hours.


-----------------------------------------------------------------------------------------------------------
I hate her so much. I hate her even more than my asshole dad. I feel like she takes out her anger that she has bottled up from my dad out on me, because she feels inferior to my dad. She thinks she can boss me around because she's my mom, and I'm sick of her authoritative control over my life. She doesn't treat me like the American I am, but like i'm an indian kid who does whatever his or her parents tell them to do.


------------------------------------------------------------------------------------------------------------
The worst thing that they have ever done as parents is that they wouldn't get me medicated for ADHD when my doctor told them when I was 7 that I most likely had it. This is what I hate about them the most, they are extremely dogmatic about things. I can't fucking concentrate now, it all fucking makes sense why life has been getting so hard all o a sudden. I've had ADHD forever, but I managed to get through elementary and middle school with As and Bs in advanced classes because i was really smart for my age, even with my disorder, but I would never ever get 100 percent on anything, and till today, I can never listen to instructions unless they are on paper or given to me one on one. I'm also very fidgety, and extremely forgetful and often look over details and events. It also explains why coffee and other caffeinated drinks relax me, and how I only have a couple friends who can handle me when I get crazy, and how I have awful spelling. It's subsided in some ways, I'm not as hyper anymore, but it has got worse in many other ways, especially with my procrastination and lack of attention, and how it is impossible for me to concentrate on subjects that I dislike. I'm currently in 4 AP classes and Calculus, and I lift a lot for track, and all my ADD/ADHD symptoms and stress has been amplified in the last 3 months or so, and it isn't even the second semester yet. My mind has been foggy for the last 3 months. And my love life isn't making it any better. This one girl keeps ruining my mood, but that's a whole other issue. It just makes things a lot worse. My stupid parents won't even let me ask my friends about things in regards to love and sex now, because of my grounding and all that.


-----------------------------------------------------------------------------------------------------------
Point is, they have ruined my childhood and current life in so many ways and I won't ever forgive them for it. I'm sick of their faces, I can't wait for college. Only a year and a half away. I'm leaving and I am never letting them make a single fucking decision for me ever again in my life. It just sucks because that won't be for a whole year and a half. I have a long wait.",2016-12-09 21:47:06,https://www.reddit.com/r/raisedbynarcissists/comments/5hgjr8/im_sick_of_my_stupid_parents/,,abortion,abortion_data-updated - new_abortion_related_subreddits_text_posts .csv,1e70cfaede32c99592d4baae8a5d0383ee9c95755b0b9f9648333fadc8322b2b,abortion
1l4neiv,depression,I hate reading online success stories. They are so poorly documented and clearly just seeking applause for fixing minor issues. They do NOT give hope.,"Sorry to say, if going to a group therapy and eating some medication fixed you then there wasn't really alot of insight to be shared huh? Why are they wasting time when stories like these are the ones we are supposed to look at and go ""let me try that"".

What I can say about mental health is that putting 100% effort, eating medicine and going to therapy isn't even close to what has actually helped me.

Good for you if it does. But where are the stories that switch someone from a bottomless hell hole where they are practically a vegetable, somehow turn it around and succeed to stay ontop of their problems?

Surely, there isn't just strong will and a good network. It has to be luck, no? Why are people so keen to blow up their ego and say that because of a decision they made, they finally conquered their illness. Like no, something caused you to cure it, just like something caused your illness.

For me? Only thing that has helped is two things: one specific medicine, and one person in my life.
The things we don't mention are all the things that WASTE OUR TIME. My parents didn't. My friends didn't. Psychiatry didn't, they made it worse. Trying really hard didn't. Socializing didn't. Working out for A YEAR DIDNT. Having a partner didn't. So you just assume that it's your fault, so you keep trying again and again.

So. When writing these stories about success you better not fucking give some small constellation eye-candy that it will get better because guess what? It really doesn't if it isn't already. You wouldn't be depressed for years, then suddenly choose not to be just because you now know about it.

Trial and error. Try everything. Do not waste time on what you think will land you there- then you'd already be there. If you KNOW what helps you then you don't have a mental illness severe enough to be here.

Stop speculating. Give facts on why you got better, sick of these stories giving people less actual hope and guidance than before.

If we start to actually create more clear blueprints about our lives, maybe someone with very similar characteristics and events in their lives can take that same approach, benefit from the same decisions.

I know I will share my story and who I really were when I was at my lowest and make sure people who are down there can take a similar path towards the light like I did.

I mean come on? I was already addicted to every substance at the age of 20, jobless, one friend, a psychiatrist who forgot our appointments, parents giving up on me. Who was there when I needed it? Not even a story. It's not hard. If you've overcome something all of a sudden you're gonna forget it ever happened? Fuck you.",2025-06-06 8:35:18,https://www.reddit.com/r/depression/comments/1l4neiv/i_hate_reading_online_success_stories_they_are_so/,,abortion,abortion_data-updated - new_abortion_related_subreddits_text_posts .csv,cdb9f6a94adf18fb1060a70917eb4438d05575a5429c0bd0202155afe3332b3c,abortion
1l84xbf,abortion,Struggling post MA pills,"Hi there. I have never written a Reddit post, but I have been relying heavily on these posts to get me through this honestly horrible time. I feel the need to share my story somewhere in hopes to hear some advice and/or feel less alone. 
I (25f) found out I was around 6 weeks pregnant 2 weeks ago. I had been suspicious for a while before I tested positive, but I had been living abroad for almost a year in a place where abortion is not a legal option, so I waited until I arrived home to the US as I was at the end of my living abroad journey anyways. That was also 2 weeks ago. Once home, I took a test to confirm the feeling I had, and it was positive. From there, I scheduled an appt to receive the MA pill, and I took that last Wednesday/Thursday orally. To put simply, it was excruciatingly painful. I have a very high pain tolerance, but I've never experienced such agonizing pain. I'm sorry to scare anyone reading this, but I felt so unprepared for the amount of pain I experienced and am still subtly experiencing. I feel it's necessary to talk about. I threw up twice and laid in bed the entire day, groaning and crying. I did take pain and nausea pills, but it was not enough. 5 days have passed and I'm still feeling cramps in my uterus. I've done research and see that this is ""normal"", but I haven't found many posts talking about this. I am wondering what others did for relief other than taking pain meds. 
The father (30m) is from the country I was living in and has been vocal about respecting my decision but not agreeing with having an abortion. I care about his feelings, but I feel really alone and depressed about my decision even though I know I did what is best for me.  If anyone has any advice, I'd really appreciate it. ",2025-06-10 17:34:26,https://www.reddit.com/r/abortion/comments/1l84xbf/struggling_post_ma_pills/,,abortion,abortion_data-updated - new_abortion_related_subreddits_text_posts .csv,d883a076c68e781ea94dd3e129b0e1b470e4033441f382690100a98b297d6f4a,abortion
1cj70qf,AmItheAsshole,AITA for excluding my daughter in law from our Bridgerton watch party?,"Posting on a throwaway to avoid family finding this.

So I (F53) have 3 children, Caleb (M26), Kate (F24) and Madison (F19). We are a very close family and we tend to do a lot together. Caleb got married last year to Ashley (F25). We really like her. We are as close to her as she lets us get. By that I mean, that we treat her like family and invite her to everything, but she usually only decides to join us every third time or so. She is an only child and close with her parents, so we accommodate holidays around her schedule.

Before Caleb and Ashley got married, her MOH threw her a bridal shower. They chose the same weekend as our family reunion. Kate and I skipped the family reunion to go to the shower, but the rest of the family did not.  Since our family missed the shower, I decided to throw her another, surprise shower and invited all our family that missed the shower, her mom and the bridal party. I chose a tea party theme. The shower went well, I thought, but as people were leaving, I overheard Ashley thanking her friends for being good sports about the lame tea party. She never complained to me directly, but it did hurt my feelings.

Last month, my daughters and I went to get pedicures, and invited Ashley, but she declined. We were talking about the Bridgerton release coming up and planned a watch party. We're having an afternoon tea. Madison asked if Ashley was coming, but I said no because Ashley doesn't like Bridgerton or tea parties - the last watch party we had for Queen Charlotte, we invited her and she left after about an hour and a half through the show. She said she just couldn't get into it. 

During this, DH is going out to a poker night and he invited Caleb. When Caleb asked Ashley about it, he found out we hadn't invited her to watch with us. He called me up and yelled at me. I told him that I didn't invite her because she doesn't like tea parties and that she doesn't like Bridgerton. He said that didn't matter, I should have invited her anyway. I called Ashley, apologized to her, and told her that we didn't invite her because she doesn't like the show, and she just responded, ""you're right, I don't."" So I just changed the subject and asked if we were doing Mother's Day the same schedule as usual. She said yes. But then, because I still hadn't invited her, Caleb called and said they weren't coming to mother's day at all and that I was being a jerk for excluding her.

Here's where I MBTAH. I don't want her to come and that's why I'm not inviting her. She was distracting when we watched Queen Charlotte, making comments about things she didn't like about the show, and giving us dirty looks when we were goofing around in British accents. She declined any tea, and just fidgeted until she left. I don't want to have to worry if she thinks it's lame or that we're being silly, or if she is enjoying herself. But now my son is mad and telling me I'm being mean and horrible to his wife. Am I the asshole?",2024-05-03 12:06:20,https://www.reddit.com/r/AmItheAsshole/comments/1cj70qf/aita_for_excluding_my_daughter_in_law_from_our/,,abortion,abortion_data-updated - new_abortion_related_subreddits_text_posts .csv,29212cc89f85c1d2fa20fb2a7029c8479160289ed106242a462f15de76ae05a4,abortion
1fv91l9,TwoXChromosomes,Being a parent has made me absolutely hate my husband - a cautionary tale of having such low standards,"I don't know if I want advice or to vent. 
I was extremely unwell during the last 2 months of pregnancy. Me and bub almost didn't make it.

To cut a long story - we're back home now (have been for about 2 weeks and baby is almost a month old). I am still in excruciating pain from 3 seperate (non pregnancy related) surgeries I needed. Pain killers don't even work. I am told I need to recover and bed rest. I cannot rely on my husband at all. Whilst I was in ICU, bub was in NICU and later special nursery. I was told my husband did a wonderful job. I'm sure he did his best to impress the nurses giving him attention. Though I wonder if they were talking about someone elses husband. 

He will constantly boast about how baby does XYZ if he needs to XYZ. He keeps fact dropping and explaining things to me about him. I get I wasn't around for the first few days, but he acts as though I've been some absentee parent and it makes me feel like crap. 

Aside from the mind games, there's been several incidents now which have driven me to my breaking point. My husband was told by several doctors that he's meant to do the majority of care (due to my physical limitations). He's fallen asleep multiple times whilst feeding the baby on the bed and couch. We also have a very curious cat, so we bought a bassinet with a sturdy mosquito net. I have asked that if the cat is around that we ensure we zip it up or supervise. There has also been multiple times he's fallen asleep, leaving the baby unsupervised in the bassinet with our pets around and the net not zipped up. He constantly complains about getting little sleep, but he easily sleeps 10 hours per day, where-as I am getting an absolute max of 4. The icing on the cake was today when we had to take our baby to the EMERGENCY department for BLUNT FORCE TRAUMA TO THE HEAD. My husband was converting the bassinet to the side sleeper mode, and flipped the side down and it hit our little baby so hard in the head. I still can't believe he was ok. It's such a heavy pole and it struck him so hard in the head. Thankfully baby was okay but we have to keep an eye on him for the next 4 days. I can't even look at my poor baby without crying my eyes out everytime I see the massive lump on his head. 

Last week, my c*** of a mother in law kissed baby with a cold sore. I had to closely monitor  for symptoms all week. Just when we thought we were in the clear, this happens! I'm so sick of it. We've only been home 2 weeks!

I just cannot recover. I am pushing myself mentally and physically to the limit. To the point I've ended up in hospital twice for over exerting myself. My blood pressure is like 190/120. There will be no dishes washed, food prepared, clothes washed etc if I don't do it or nag. Husband promised he would renovate our room (his literal only house chore). I have been waiting 3 years. He couldn't even finish it in time for the baby. The set up we have is unbelievably uncomfortable. I am having to do everything. On top of everything, I now cannot even trust this person to keep our child safe in the 2 solo feeds and changes he does a day. The only time for me to get any reprieve has been stolen.

He has 4 months off work by the way. He isn't working a full time job and doing this. I am despise him so much. I just can't take it anymore. I hate him so much. I know they are 'accidents' and I'll probably get dragged for this post, but it's just a pattern of absolute reckless behaviour. It's only been 2 weeks. I don't think he gives a shit about me to be honest. He seems to care about the baby, but I can't sleep tonight. I cannot trust him to keep the baby safe any longer. I genuinely think I'll end up in a psychiatric care unit, because I am at the absolute edge. Just need to stay strong for the baby, and maybe I'll need to consider hiring a nanny.

Moral of the story - everyone kept telling me how lucky I was because he is handsome and doesn't abuse me. And that's how low the bar is. Not getting abused.

Anyway, sorry. I just needed to vent.

EDIT:
Not sure if anyone is following but just thought I'd provide an update. My mum called me today to ask for help, so I took the opportunity to ask if she could come over and wash the dishes. This is a task she is able to do. Also had some lovely friends visit today and offer help after seeing this post ❤️ They came past, dropped off some food and offered some significant support. It was lovely having some company, and we will be seeing them later this week! Thank you to my friends if they come across this post again. I look forward to getting some help and having a nice time together in the process.

Unfortunately, can't financially afford a nanny (maybe a once off as an emergency) but will be contacting some relatives this week to take them up on support they've offered.

Re blood pressure: I was checked for protein in my urine at emergency and doctors said it wasn't pre-eclampsia. I tend to agree with them that it's just cumulative stress and lack of sleep.

Reflecting today, my husband is obviously going through a hard time himself. Someone suggested medical issues - he does have some that would definately be making him tired. We had a pretty good chat today and he explained that he's feeling very depressed and jaded with everything that's happening. It's been one thing after another. He said he's grieving a time that was meant to be special. Instead it was (and still is) a bit of a nightmare. He too has had broken sleep, and also disclosed to me that he's made an appointment with our doctor to get some support for himself too. He didn't tell me as to not cause me stress. I think this is certainly a step in the right direction and I can only hope for now - a bit of a wake up call for him to take his health seriously and actually talk to someone about the non stop crap that's been happening the last few months.

As another post suspected, I am probably suffering from a combo of PPA and PPD (I was already high risk before this). I'm currently in the process of getting further mental health support. Hopefully this will 'deflate' my heightened emotions and anxiety. Once the anxiety eases up, I will be better able to assess what is an actual vs perceived risk. I will be able to focus on taking action and become better at communicating my needs.

Cannot believe this post reached so many people, but I thank you all for your responses, varied opinions, wonderful suggestions and messages. And it's so lovely of people to have offered help aswell. I would love to respond to them but don't have the bandwidth unfortunately.

Updated moral of the story; this whole experience has helped me to swallow my pride and stop being such a stubborn bastard. I'm so used to being the 'got it together' person that I've forgotten what it feels like to be vulnerable and accept help. I think this is the case for many women unfortunately. I hope someone can read this story and accept help like I have. You would be surprised at who in your life genuinely wants to help.",2024-10-03 14:27:29,https://www.reddit.com/r/TwoXChromosomes/comments/1fv91l9/being_a_parent_has_made_me_absolutely_hate_my/,,abortion,abortion_data-updated - new_abortion_related_subreddits_text_posts .csv,fd4902ac6265d52bc0690fb614300173b35bbf1ab988cdbdbff926a1ce9a5d68,abortion
186jru4,AmItheAsshole,AITA for confronting my MIL about not wanting to be a grandmother?,"I (28F) have been with my husband (32M) for 5 years, married 2 years. I am currently 22 w pregnant and we organised a family dinner last weekend to announce the pregnancy and celebrate. We invited my MIL and FIL (60s) and my BIL's (30's), my family wasn't there as they live on the other side of the country. My MIL is a very standoffish and introverted person and does not care much for kids. My husband said that she only had him and brothers because FIL really wanted kids and there were different expectations for women 30 years ago. He says she never abused them and always met their needs but as soon as FIL was home and dinner was on the table she would withdraw from the kids. He says he never felt any deep connection with her and it hurts him deeply to know he doesn't have a 'real' mother. 

&#x200B;

After dinner my husband stands up and makes the announcement and everyone is thrilled and MIL says congratulations but I can tell she is not as excited as everyone else. After dinner, MIL is helping him with dishes in the kitchen and I am wrapping and putting food away. I hear him ask if she is ready to be a grandmother and she just shakes her head and continues washing dishes. My husband walks out and I can tell he is close to tears. I get really angry and confront her in the kitchen. The argument begins with me asking why she can't be happy for us and she gets defensive and says she is happy for us cause she knows its what we wanted but she says she already raised her kids and doesn't want to be burdened with more. Things escalate from there and I tell she doesn't deserve her son's or FIL and that she is cold hearted for not wanting to be a mother or grandmother. I also say she should have tried to be a better mother. She gets angry which I have never seen before and at this point FIL and brothers are in the kitchen. She grabs her bag and keys and leaves with FIL. That night Hubs tells me he got a long text from FIL that says I was out of line picking a fight that didn't involve me and that I should apologise because MIL did nothing to deserve it. Hubs is near begging me to apologise because 'she is how she is and she is not a bad person for not liking kids'. I disagree with this because I know how much it hurts him and his brothers that she was never an emotionally available mother to them. I am also upset because my kids will not have a grandmother that they can see regularly and I am scared she will hurt them like hubs. Now that I have cooled down I am conflicted on whether I should apologise because it needed to be said but may I should have kept it to myself, AITA?  
",2023-11-29 7:22:12,https://www.reddit.com/r/AmItheAsshole/comments/186jru4/aita_for_confronting_my_mil_about_not_wanting_to/,,abortion,abortion_data-updated - new_abortion_related_subreddits_text_posts .csv,0371ebe9a26ef993ffef5abb5a693577f459679a91bb367a1bf64bda2e1e4908,abortion
196rvmc,Parenting,My 15yo daughter is pregnant.,"Her boyfriend (they lied to me about his age, he’s 20, but it's still legal here)  dumped her yesterday after she told him the news, and today in the afternoon she told to me. We cried a little, she said didn't want to talk about it for now.  
Then before I left for work (I work from Sunday-Thursday 6 pm-6 am) 
She dropped a bomb. She wants to keep the baby. We couldn't discuss it, because I  was almost running late, but we scheduled it for tomorrow afternoon.  
My problem is: that I can't afford another kid. I raised her and her sister (11) alone in the last 9years, their father is a deadbeat, and I receive minimal child support (putting it in perspective: my kid's school meal costs are 3x the amount of CS I got)  
Our apartment is tiny: they had both an 8square meter room, while I'm sleeping on the living room couch.  
We’re living paycheck to paycheck. I'm skipping meals, so they can have enough food.  
Public childcare is full, private childcare is unaffordable. Until that baby is three, someone has to be home with it (then they can go to kindergarten/preschool)  
But then what? A baby doesn't need much space, but a toddler/preschooler needs a room of their own. I only have this apartment because I inherited money. It's a raging housing crisis in my country, she’ll definitely cannot afford to move out with a preschooler.  

But I don't want to pressure her into abortion. 

Edit: my luchbreak is over, I can't answer for a few hours 

Edit2: please stop with the religious stuff. I grew up Catholic, I'm the fifth of seven children. God kinda forgot to provide for us. We were in and out of foster care.  
So respectfully: quit the BS.  
And we are still not US citizens, we live in bumfuck Hungary, Europe.",2024-01-14 22:13:21,https://www.reddit.com/r/Parenting/comments/196rvmc/my_15yo_daughter_is_pregnant/,,abortion,abortion_data-updated - new_abortion_related_subreddits_text_posts .csv,5ee1780f0721bd8dfd7e513347eb0602aed31aabfd8c8b462f919f20015e022b,abortion
phd7xu,TrueOffMyChest,You don't need to be a brainwashed Christian to oppose abortion.,"And supporting abortion doesn't mean not giving a shit what happens to the baby once it's born, as I've read many times.

Holy fuck, I'm sure it's easy to argue against an opinion when you create the opposing party's arguments yourself. Much simpler to counter them.

Stupid website.",2021-09-03 20:30:07,https://www.reddit.com/r/TrueOffMyChest/comments/phd7xu/you_dont_need_to_be_a_brainwashed_christian_to/,,abortion,abortion_data-updated - new_abortion_related_subreddits_text_posts .csv,29ea8ae8730d3edd0bfae08069529d3c300c88a231acbe9368cd093d566969df,abortion
1lbzi82,Miscarriage,How long before spotting stop/period return?,"Yesterday was 6 weeks since I took mifepristone and misoprostol for MMC at 9 weeks (found on my 12 week u/s that baby had stopped growing). I did have RPOC two weeks after taking the meds and was given another dose of misoprostol. That seemed to have done the job, but I'm still lightly spotting intermittently (very light pink or sometimes brown specks when I wipe). No signs of period yet. Thinking of asking for a repeat ultrasound to r/o RPOC. Would love to move on from this chapter already. How long did it take for some of your periods to return after? And how long did it take for the spotting to go away? ",2025-06-15 12:46:40,https://www.reddit.com/r/Miscarriage/comments/1lbzi82/how_long_before_spotting_stopperiod_return/,,abortion,abortion_data-updated - new_abortion_related_subreddits_text_posts .csv,2cadda868c90d1f2b3cacb248ac66963e582133b73b68d1759d8f4c715da1249,abortion
1ldei2a,Miscarriage,Spotting still after 2 months?,"No heartbeat at first ultrasound at 9 weeks and started passing tissue naturally 2 weeks later. Had to have 2 ultrasounds and take a double dose of miso twice in the next month with more tissue passing and bleeding. Then the last 3 weeks have been daily light bleeding or heavy spotting. 

Not sure what to do from here. Tired of paying for ultrasounds and not sure D&C makes sense at this point for mostly spotting.

Anyone experience this for 2 months and counting? How did it end?",2025-06-17 4:51:49,https://www.reddit.com/r/Miscarriage/comments/1ldei2a/spotting_still_after_2_months/,,abortion,abortion_data-updated - new_abortion_related_subreddits_text_posts .csv,61d5faafd28718f46b4a1ea940bb17c4d3514b2d1a40efa6e183bdda5641aaec,abortion
1ljbmus,raisedbynarcissists,Finally sent this to my psychiatrist. No more minimizing. You're not crazy,"Yes, it's becoming clearer and clearer to me what's happening at least the   and analysis partly serves to understand, my family has a narcissistic structure, my mother covert, my father overt, my brother is the Golden Child, he played soccer at professional levels, and was followed by my father as the right and perfect son, I'm the ""scapegoat"" and maybe also a pinch of the invisible child, every suffering of mine has been systematically invalidated, and at 12/13 years old I started isolating myself, and now that I think about it a dermatologist had told my mother, but your son seems down he's not okay and she replied ""he's made that way"", when I got my braces off, the dental assistant told my mother that I had difficulty smiling, and my mother told me but without wondering why isn't he smiling but as a normal fact.

And this is just the tip of the iceberg, the problem is that even now I'm dissociating because if I had to bring everything out now, WHILE I still live with my mother WHILE she's still doing psychological abuse, which isn't physical she doesn't hit me, but she tries in every way to destroy me psychologically, she doesn't talk to me, she triangulates me against my brother, as soon as there's someone in the house she goes back to talking to me and becomes a caring mother.

And this is part of the psychological abuse, who believes you? No one and in fact no one believes me, not even the psychologists I went to, who tried to make me change my view of things I imagine using cbt, try to understand your mother, women don't do these things out of malice = for me more invalidation more re-traumatizing me every time, in my case what's at the base of everything is this family and the c-ptsd that has formed, which can seem like other things, even adhd, depression avoidance, maybe there's a pinch of these things, but at the base there's this.

Taking mirtazapine, we're opening the doors to the pain that I had to push down to survive, because feeling everything would have probably destroyed me, and honestly the psychological abuse from my mother weighs on me much more than for example my father who beat me, and told me things like, react so I'll beat you more. While then he trained my brother for hours. I say these examples because this type of family I don't think is fully understood by psychologists and maybe not even by psychiatrists, and this is another thing that screws up the diagnosis.

To summarize, taking mirtazapine opened the doors to pain and trauma, which I kept down, looking at photos, something reconnected, given the dissociation, and I had a ptsd-style flashback, but without a memory, I tried to connect it to something, but it wasn't connected to anything, that's why it's c-ptsd and something systematic and lasting over time, it's not something, like a fixed incident, more classic of ptsd.

in short taking mirtazapine now while I still live with my mother, is like giving an antidepressant to a person who is at war, you make them feel more what's not working now but while they're still at war = guaranteed disaster.

I can't now while I still live with my mother while I'm sick, remove the dissociation, the dissociation is there because it's something probably unbearable and it was the only way to keep going, the fact that there are ptsd-style flashbacks, makes me think that maybe there's more that I removed from memory but I don't know this and maybe, it's not really the case to go touch that part now.

My conclusion is that the core of everything is c-ptsd, created by a dysfunctional family, and abusive, not necessarily physically but mostly psychologically, which unfortunately is much more invisible difficult to understand, difficult to prove, but heavy.

And that's why it also seems like I have adhd, but taking stimulants, I don't calm down, but it agitates me, maybe there's also adhd, but there's also trauma and stimulating the trauma I don't think cures it rather pulls it out a bit.

The priority now is to get out of the house as soon as possible, be in a safe space, and then I think we can talk about anti-depressants or trying to do something.

Otherwise it's like really trying to do something while you're drowning, it will fail, or you'll make an immense effort to do it.

For the appointment on the 30th I'll be very direct and clear,(I have a new appointment with a trauma psychologist for context) I've spent too much time not being understood minimizing and dissociating, and now I can't allow it anymore.

The thing I need to do before everything now is get out of the house, cut contact with my family, which I'm starting to do now, maybe it's too early, but I'm definitely tired of participating in the theater.

In summary, dissociation, depression, chronic avoidance, disorganized attachment, chronic anxiety, hyper-analysis, the key to everything is c-ptsd created by narcissistic abuse, maybe from other experiences that didn't help, the key to healing is finding someone who finally understands, validates me completely and works on connecting my analytical part to the pain that I continued and continue by necessity to push down and to the traumas I have, because that reaction I had with the photos, it's not normal, it completely sent me into tilt and error, and I can't now pretend nothing happened and continue it's obvious that there's something that needs to be explored and finally understood.

The worst thing right now would be going to yet another therapist who uses cbt to try to make me change my view of things when by now it's clear to me, even if obviously I have moments of doubt and I have a part of me that continues to think that I'm the problem 100% and that's it, even this part I think is a defense mechanism, because it's easier to think that you're the problem than that you grew up in a completely dysfunctional family that hurt you a lot and continues to hurt you.

Obviously I don't want to put all the blame on my family, and I understand that now it's my responsibility to heal myself and that no one will do it for me, but if I really want to start changing something, this is the path to follow, and I want to be much more assertive from now on, which won't be easy at all but I think it's necessary to finally be well.

On a physical level I'm most likely getting arthritis in my hands and feet, a beginning, so it's not just mentally that I'm not well my body is literally self-destructing in real time, while no one believes me and listens to me.

Sorry for the long message but it's important for me to clarify and for things to be clear. It took me years to understand all these things, I didn't realize everything today or in these days it's years of trying to understand analyzing myself taking wrong paths, and now finally everything clicked.

Throwaway account. You're not crazy. I see you. Fuck them all.",2025-06-24 13:50:21,https://www.reddit.com/r/raisedbynarcissists/comments/1ljbmus/finally_sent_this_to_my_psychiatrist_no_more/,,abortion,abortion_data-updated - new_abortion_related_subreddits_text_posts .csv,da419fce1677a3f801ce6c634e87044eb9c309ae32e7c374c8a822a6c3ad510d,abortion
i4vqsk,OBGYN,Want this baby out,"I've tried everything I am only 38 weeks but I'm beyond ready and uncomfortable and I have tried sex, walking, medicine ball, rasp leaf tea, pineapple,dates...I know I still have 2 weeks but my doctor said I can start trying to induce we are both healthy and all....I have Braxton hicks but I'm not dilated at all still I had a sweep yesterday didn't even bleed and cramps didn't last. I'm just so ready if there's anything I'm not doing let me know. Castor oil is my very last resort.....also in Canada.",2020-08-06 17:10:36,https://www.reddit.com/r/obgyn/comments/i4vqsk/want_this_baby_out/,,abortion,abortion_data-updated - new_abortion_related_subreddits_text_posts .csv,799bc6f5606fd50b934a49b71b4bd40e6d252078f9c7931b49622d9537c937b1,abortion
1l7eo6y,legaladvice,Elderly uncle squatting in RV on property and refusing to leave despite being asked for years,"Location: Southern California

I inherited and moved into a house near Los Angeles from my mother after she passed away in 2015. At the time her brother, my uncle, had been living in a 40 foot Airstream trailer parked in her back driveway, an arrangement she had agreed to ""temporarily"" to help him get back on his feet after a messy divorce. He had been ""temporarily"" living there for a decade before she died. He always had a verbal month to month unofficial lease, with nothing in writing.

The uncle is an alcoholic and a hoarder, but my mother managed to keep his worst tendencies in check while she was still alive. I was in a bad way with grief and depression after she died and didn't stay on top of him, and over the course of several years he turned the entire back yard, driveway and garage into a hoarder's junk heap, and met any request to clean up his garbage and stop bringing new garbage onto the property with aggression, ""forgetting"" that I asked him, or claiming he didn't think I was serious the hundred times I talked to him about it.

I have since gotten into a long-term relationship and engaged, with the uncle and my fiance not getting along at all, regularly getting into shouting matches with each other as the uncle thinks she's some kind of evil woman trying to steal my mother's house out from under me (she comes from a very well-off family, so this scenario is a bit far-fetched), and the fiance understandably not wanting to live with a drunken hoarder in the driveway five feet from our bedroom window, who she says leers at her and makes her feel uncomfortable even going out the front door.

After my mother passed, the uncle and I had a verbal agreement that he would be moving out as soon as his pension and social security started coming in, and with a very good paying job as a longshoreman for 20 years making low six figures and barely paying any rent (my mother was charging him $300 a month, I raised it to $500 which he protested was a king's ransom and stopped paying entirely during covid), he should have had a very comfortable nest egg. Instead, when push came to shove and I asked him to start packing once he was fully retired in 2022, he played the poverty card and claimed he was broke and couldn't afford another place because he had given all of his money to his daughter, who lives several states away and wants nothing to do with him.

The rest of the family is happy to keep the uncle my problem, and are well aware of his tendencies to the point they refuse to allow him to stay at any of their houses for even a single night. And yet when I raised the prospect of having the uncle legally evicted they paint me as the villain and tell me I should just be more patient and give him more time.

I was unable to take any legal action against him for years due to the extremely generous covid eviction moratorium in LA County, and when it was finally lifted the two attorneys I spoke to said that if we got the wrong judge the uncle presenting himself as a feeble old man with nowhere else to go (as no one else will have him) would bite us in the ass, and that I should get proof in writing that I had attempted to find him alternate living arrangements which he had refused to accept before trying to get him into court.

So I spent six months waiting for the LA County Department of Elder Care Services to send a social worker out to see him, they offered him a nearly free assisted living apartment in a brand new building with medical and counseling services on site specifically for elderly or disabled homeless or near homeless individuals. He refused because they told him he would not be able to bring his junk hoard with him.

Just as we had gotten this refusal in writing and were getting ready to proceed with a legal eviction, the uncle was diagnosed with esophageal cancer and spent six months undergoing aggressive radiation and chemotherapy, during which time I understandably backed off the pressure, and even the attorney advised me to just let nature take its course as there was no point in evicting a dying man.

Evidently his treatments went well, as he's gone from appearing to be at death's door and losing 100lbs in a month last December, to being back to his former portly self drinking a 12 pack of beer a day and dragging garbage onto my property every day again by April. My fiance is irate, feels like he's thumbing his nose at us and demanding that the eviction should be back on.

When I brought this back up to the attorney, he said the average judge in our jurisdiction would just say that being ""with family"" is the best place for an elderly dying man, be aghast we would even consider putting him out with nowhere else to go, and in the worst case give the uncle unlimited grace until he died of natural causes with nothing we could do about it, despite the fact that he is living surrounded by junk to the point the fire department would not be able to get a gurney through if he was having a heart attack, the interior of his trailer is a hoarder fire hazard that barely has a path wide enough for him to squeeze through to get from the front to the back, and absolutely no hospice nurse would ever dare set foot inside of it when his condition worsens again.

While there is no cure for his particularly type of cancer and the five year survival rate if they catch it as early as possible, which they did not in his case, is in the low single digits, the fiance is insisting she can no longer deal with the situation and has even suggested I just sell the property, uncle and all, to some all-cash buyer with the knowledge a hoarder squatter is there.

Any advice on options to remedy this situation would be greatly appreciated. I feel like I've tried to do things with patience through the proper legal channels, other family members, and progressively more stern treatment of the uncle himself, and just keep going around in circles with no real end in sight to actually get him off the property and reclaim my back yard and garage from the rats and possums.",2025-06-09 19:54:54,https://www.reddit.com/r/legaladvice/comments/1l7eo6y/elderly_uncle_squatting_in_rv_on_property_and/,,abortion,abortion_data-updated - new_abortion_related_subreddits_text_posts .csv,0e5ea82907334e813ebfec602ec80a0d4bd8ce4861b9880ea605d2b7bdab983c,abortion
d22u6n,depression,My ex got an abortion but I wanted my little baby,"We broke up because I *had* to move or lose my shit where I was living before. I thought she was moving with me, but ended up changing her mind. Anyhow, we saw each other every time I went back to visit. The last time I went, about 3 weeks ago, was great, and I was really trying to make a case for her to move with me. Still said no. Last week, she texted me to tell me that she was pregnant but was getting an abortion. She got her abortion done today. I just want my baby and a happy family but there's nothing I can do.",2019-09-10 4:48:27,https://www.reddit.com/r/depression/comments/d22u6n/my_ex_got_an_abortion_but_i_wanted_my_little_baby/,,abortion,abortion_data-updated - new_abortion_related_subreddits_text_posts .csv,f72dc0b63738f5e5ed0467e11fd5b0ed9f9f6a2fe38ae10f1bcdc96715fa3198,abortion
1laqitl,Miscarriage,Ultrasound/Hcg situation,"(saw folks in r/pregnant recommend this subreddit so i thought I'd post here too)We went in for a second ultrasound, expecting to be at 7 weeks and 3 days. The week before, our doctor had detected a heartbeat—107 bpm—and the fetal pole measured 0.44 cm, which aligned with 6 weeks and 3 days.

This time, everything changed. The doctor couldn’t detect a heartbeat. They didn’t tell us the current fetal measurement, only that the yolk sac measured 0.95 (I assume cm). They said the fetus appeared to be measuring smaller, around 6 weeks and 2 days. My partner and I were devastated. We had just come back from joyfully telling and surprising our friends and family. To receive this news right after sharing our happiness… it was crushing, as I know it is for so many others who've been through this.

To make matters worse, the experience at the clinic was incredibly disheartening. We were the only patients there, and yet the ultrasound process dragged on. After breaking the news of no heartbeat, they simply sent us back into the now-full waiting room, fully sniffling and sobbing.

Then, they sent us to the pharmacy to pick up abortion pills—just like that. And today, out of nowhere, my OB calls to tell me my HCG levels are at 19,808 and that I need to come in for more blood work tomorrow. We're not clinging to false hope, but this feels so careless. What if, in our despair, we had taken the pills already? What if there had still been a faint heartbeat and we had made an irreversible decision based on their poor communication? Again, we don't remain hopeful, but I can't stop my thoughts from going there.

We're exhausted. Frustrated. Heartbroken. The emotional whiplash of this whole experience has been unbearable.

If you've been through a missed miscarriage or anything similar, I would be so grateful to hear your story. Sending love and strength to anyone navigating this kind of pain. You're not alone. ❤️",2025-06-13 20:40:27,https://www.reddit.com/r/Miscarriage/comments/1laqitl/ultrasoundhcg_situation/,,abortion,abortion_data-updated - new_abortion_related_subreddits_text_posts .csv,1a011c44122bcd7ce6b10f4f75dfea446fbb02d7233c32ec65547c6d7b9c085a,abortion
2v5zv4,TwoXChromosomes,"Why is it never mentioned with Roe vs Wade, Norma McCorvey""aka Roe"" is fighting against abortion now?",Title. I would like insight into people's mind. Thank you.,2015-02-08 5:10:49,https://www.reddit.com/r/TwoXChromosomes/comments/2v5zv4/why_is_it_never_mentioned_with_roe_vs_wade_norma/,,abortion,abortion_data-updated - new_abortion_related_subreddits_text_posts .csv,e418edb96fb2bd1b6f95b8eba7fa994a17b69c11aabaca6efb2fa8ed25293495,abortion
l95k33,TwoXChromosomes,Being an unattractive woman.,"Can I just rant about myself, personally for a moment?

I’m not a pretty woman and it shows in everyday life and it hurts. 

As much as being hit on and catcalled is scary and I’m SO sorry to those it happens too, I get the opposite. All I ever see are posts on being catcalled and I just wanna talk about my experiences. I get moo’d at and barked at like a dog and vomit noises. We have a creepy old regular where I work that’s calls all the girls beautiful but is disgusted by me and has made negative comments on my appearance and literally told me to get out of his field of vision.

People act super awkward and their eyes dart all over the place trying to avoid making eye contact when I talk to them. Other times people are just straight up MEAN and dismissive of me, but treat everyone else with respect.

I’ve been bullied and called ugly my whole life. Ever since I was 5 years old. Kids singled me out and were mean, and even the moms in my Girl Scout troop treated me differently. 

I remember in high school these two guys were sitting behind me and one just loudly asked the other if he would fuck me. The answer was a loud resounding “HELLLLL NAWWWW.” Of course if the answer had been the opposite, anyone would be creeped out and feel unsafe, but this moment still sticks with me and hurts for some reason.

I’m physically in shape now but my face is just fucking weird. It’s so unsymmetrical and disproportionate and you can see every single little blood vessel in my face and I have genetic dark circles I can’t seem to conceal. Even with regular dentist appointments and good dental hygiene, I just have shit teeth that crack and break. My forehead is huge and I have a double chin that won’t go away and my eyebrows are wildly different from each other. My nose has been broken twice so you can only imagine what that looks like now.

I don’t take selfies. I hate pictures of myself and even still it hurts how friends and family don’t want to take any pictures with me. I do have a son and the whole reason I spiraled into typing this post was I have a photographer friend who offered to do valentines portraits of me and my son as a gift. I accepted FOR MY SON, not for me, and I’m not looking forward to it and it’s making me so sad. Every picture I see of myself I get super depressed. 

I have good hygiene. I bathe and smell good. I dress nice. I AM nice. But the few friends I have and even my mother have admitted I’m not exactly the most attractive woman so that just confirms everything else. 

I’m sorry for this post and I don’t mean to invalidate anyone else’s feelings or experiences. I just really wanted to rant.",2021-01-31 5:30:02,https://www.reddit.com/r/TwoXChromosomes/comments/l95k33/being_an_unattractive_woman/,,abortion,abortion_data-updated - new_abortion_related_subreddits_text_posts .csv,1c3d4dbc742e70febf70f0de51a13328c20a74e8ba073663d2211ddae010be29,abortion
tkw9bq,TwoXChromosomes,My friend’s doctor lied to her partner to protect her,"Note: obviously changing some details around for privacy

My friend Jane has been stuck in a frankly emotionally abusive relationship for a while. She’s been slowly working on getting everything ready to leave him - things like getting her important documents away to trusted people, finding a new place to stay, saving up enough money etc. but it’s been hard because he’s really controlling and he’ll go through all her stuff. 

But then she found out she was pregnant. There was no happiness at the news on her part. He has always desperately wanted kids with her. She never wanted kids with him. She doesn’t even want pets with him. 

I’m forever grateful that it’s relatively easy to get an abortion where we live, and I’m forever grateful for her doctor. 

Her doctor was amazing.

It’s part of the protocol here for doctors to get their pregnant patients alone and ask them about anything concerning - like abuse. It was then that Jane told her doctor about her situation and begged for an abortion. She asked her doctor to give her one secretly and lie to her partner. There was no judgement from her doctor at all. Her doctor believed her and immediately took her side. 

Jane managed to get the abortion secretly. Her doctor lied to her partner about everything the entire time. Said that Jane just needed to get some more tests done and that they were busy and it’ll take a while when Jane was really going to get her abortion done. She opted for the surgical abortion so it was really quick. 

Afterwards her doctor lied again to her partner and said that she thought Jane had already left - didn’t she leave with you? When in reality Jane was leaving with me from a different building in a different exit. 

Jane’s doctor is the reason she managed to solve her problems instead of ending up with even bigger ones. It was just so refreshing for her doctor to believe her immediately like that. No argument. No doubt. Just completely took her at her word and went above and beyond. I know if I told the people I know in real life they’d think the doctor was in the wrong for keeping it away from the man in the relationship, but I feel like people here will understand. I just feel like more doctors should be like that and be willing to take extra steps and protect vulnerable patients.",2022-03-23 15:18:09,https://www.reddit.com/r/TwoXChromosomes/comments/tkw9bq/my_friends_doctor_lied_to_her_partner_to_protect/,,abortion,abortion_data-updated - new_abortion_related_subreddits_text_posts .csv,b15b866070d996d6730667f2d508577104b9e3a43c8b982a5a9bb6117b277b9d,abortion
1gea7ub,abortion,Had an abortion at 4-5 weeks pregnant,"Had an early abortion at 4-5 weeks this time last year, was so conflicted and was the most difficult decision I've ever had to make in my entire life.
My bf at the time purposefully got me pregnant by removing the condom, we were only 8 months together, I couldn't believe it. He very much wanted to keep the baby as he was very religious however I explained to him with much debate and thought that it wasn't right nor our time, I felt we were not stable enough and especially him doing it against my wishes.
He did in fact support me through the termination, the first few months were hard mentally following after that, then he begin to take it all out on me and emotionally abuse me for terminating by saying hurtful comments, he eventually broke up with me and told me I was ""perfect until I aborted the child"". I think his mental abuse didn't help my situation.
",2024-10-28 19:03:14,https://www.reddit.com/r/abortion/comments/1gea7ub/had_an_abortion_at_45_weeks_pregnant/,,abortion,abortion_data-updated - new_abortion_related_subreddits_text_posts .csv,fe795e72e59e1eb08d90355c138b2ebf906959c8e47114a27017e9d8c23538a0,abortion
1gvivqa,confession,I’m an attention seeker… Kinda.. I don’t know man.,"I’m an attention seeker, but not in the way most people think. It’s not that I want to steal the spotlight, not that I wish to overshadow anyone, or make everything about me. It’s not selfishness driving me, but something deeper. almost like a yearning to be seen, truly seen. There’s a hunger within me to be understood in ways that words can never quite capture. I don’t want to be pitied, I want to be held, comforted, loved for the right reasons. I don’t want my existence to be reduced to something that’s only noticed when there’s a need to feel sorry for me. I want to be loved and cared for without the shadow of guilt, without the fear that my needs are a burden.
I want attention, yes, but not at the expense of others. I want the kind of attention that isn’t drawn from taking away from someone else’s moment. But there’s always that gnawing feeling, that jealous sting when I see others getting the recognition, the love, the care that I long for. It’s like I’m walking in the shadows, unnoticed, lingering just out of reach. I’m not fully here, but I’m not fully gone either—just existing, barely. And when I’m asked how I’m doing, I wonder if anyone would even really understand.
It’s not about seeking attention for the sake of it. It’s not about wanting to be the center of everything. I don’t want to take from anyone else’s joy. I just want to be cared about, to be seen in a way that lets me know I’m not invisible. Yes, I know it probably sounds selfish, but deep down, I’m just trying to fill a space within me that feels hollow. I just want to be cared about. I want to know that I matter enough to be seen, and to be loved without fear or hesitation.",2024-11-20 5:59:10,https://www.reddit.com/r/confession/comments/1gvivqa/im_an_attention_seeker_kinda_i_dont_know_man/,,abortion,abortion_data-updated - new_abortion_related_subreddits_text_posts .csv,a91f515365e48232f3373f3df8011efa345e6ca0576127b4d1af120fceac5d7c,abortion
1lkbsmc,abortion,Second thought on abortion,"I'm having second thoughts. I'm about at least 9 weeks and is it possible to still have abortion? I'm afraid of the effect it might cost. 

Like how painful it would be. Abortion is illegal in my country and I'm afraid if something wrong might happen during the process? 

What's the step should I take to process right after I take the pills to minimise the pain? Can I take ibuprofen? 

How long until it's too late to take an abortion? I'm still second guessing myself. ",2025-06-25 17:24:11,https://www.reddit.com/r/abortion/comments/1lkbsmc/second_thought_on_abortion/,,abortion,abortion_data-updated - new_abortion_related_subreddits_text_posts .csv,e1b2a691563b7135ac08bd906e8d15c67d51d8930e3344f06b1f259c096dbd0d,abortion
94rowk,confession,My sister almost told my parents that i am forcing myself on to her,"After my last post i started thinking about how my feelings for my sister changed after she went to college and i want sort those feelings. My sister is still here why not ask her myself? i thought and then i called her to watch a movie or anything, but she said she is tired and want to go to sleep. My parents are out and won't come until morning so, i thought whatever i ask her maybe she would be surprised or scream at whatever i say and it would all be in private. So begged my sister that it would only be a few minutes and i want to talk to her about something for so long. She sat on the bed and i told her that i love her, she smiled and said that i love u too brother and laughed, then i said no you don't understand and that i have romantic feelings for her, that i loved her for so long. At first she didn't gave any reaction then she acted little confused and later realised and asked me what the hell i am telling to her. Then i told her that it's real ,that my feelings were real but i don't know what happened to them after you went to college, she stared at me with disbelief but she looked serious then. I thought maybe she is realising what i was saying to her and moved close to her, then i said to her to understand my feelings and touched cheeks, then with overwhelming emotion i started kissing her. She choked and tried to push me but i was advancing blinded by lust. In the end she bit me and pushed me away and then she slapped me like 3 or 4 times. My mind went blank that moment, then i looked at her face, tears started rolling down her face, i can see anger, betrayal, sadness but i saw more pain and sadness then anger in her face. She is disappointed not for who i was but who i became. I can't believe what i just did to her i am as much shocked as she was, she was crying heavily and  said that she would tell everything to father and mother when they get back. My whole body went numb by her last sentence, then she ran to her room and locked herself inside. I tried to stop her but i can't move my body at all, i can still hear her crying so much.

I don't understand everything was fine a few minutes ago until went and f\*\*\*\*d up everything. My heart is beating so fast like it would come out of my mouth. For the first time in my life i feared my sister. Now i feel like a prisoner on death row. I just can't calm myself at all and i' m in panic. My father is a very strict man if he knows what i did to my sister he would beat the s\*\*t out of me and nothing will be same forever and would lose my place in family,  no one will respect me, i was on brink of losing everything i had in my life. Can't sleep, can't drink , can't eat , my pounding heart wouldn't slow down at all and the morning came.

My parents returned, and my heart ached, fear and panic made my brain go numb. What is going to be my future? so many unanswered questions. I can hear my parent's voices from other side and my sister's footsteps and i thought i am done and that i am gonna be dead soon. A minute felt like an hour but i didn't hear my sister voice or any kind of sensation that she is talking with my father. What ? is she gonna kill me slowly? My whole life and it's memories were spinning around in my head. I was expecting a shout or call from my father but nothing, then a couple of hours passed i went to the hall i saw my father and looked at me once and then looked away and doing whatever he's doing. Everything looks normal and I am having mixed feelings about this. Why haven't my sister said anything to our parents? what happened? did she changed her mind? again so many questions, i didn't know what to do and i went back to my room,i sat in silence and i don't know what to think or expect from anything or anyone i just sat there with guilt.

So many hours passed or may be only a few hours i don't know, my mind was not clear and i know that after this day nothing would be same. Then i saw my sister coming into my room, i thought i was dreaming and why would she come into my room after what i did to her. Then she said something but i didn't understand, i was too much in shock that she is talking to me now. She asked me whether i slept or not and i nodded that i didn't. She was pretending like nothing ever happened and i found it hard to believe but it's true. What happened to her? did she lost her memory or what?. I don't understand ,here she is talking to me like nothing happened and then she smiled and told me to take care of myself and went back to her room. Tears started flowing through my eyes ,i was in so much pain. Did she not wanted to bury me by telling father about what i did to her? why did she changed her mind? did she pity me or may be she didn't want to break the family or may be not to make my parents sad at what their son became? but i can never ask her why she changed her mind and i don't have balls to ask her. Then i started remembering about her and me. She always was a good sister, she always would do anything i ask of her anytime, she loved me and respected me as a good sister but now i lost her respect  and i wondered if she still forgives or not in the future. I started to remember my child hood,my real father abandoned my mother and me,  my sister was still in my mother's womb at that time. He is a bastard my real father, he married one of his student in secret and made babies with her. My real mother she is naive and never really let go of my father. He didn't wanted another kid or should i say burden to him. He pressured my mother to go through abortion and kill my sister still in my mother's womb. He even tried to force her into it but my mother barely escaped. My real mother has two sisters and then after my sister was born she gave away me to her older sister and my sister to younger sister. We grew separately until we became teens. I don't even know about this until i was 18. I always thought that the people i am living with are my real parents.

  Then i started to realise every man in her life from my A\*\* hole father and me  every one hurt her. I was in pain, instead of protecting my sister who went through a lot, even i took advantage of her, tried to violate her. I was so ashamed and wanted to kill myself. I should have been a brother who always was there for her when she needed me. But instead i became self centred and it was always about me and me alone, others feelings didn't meant much to me. After my sister changed her mind about not telling about what i did, it broke my heart. I thought being punished was better than being at my sister's mercy. I understood one thing though even after what i did she still forgave me and gave another chance to repair my sick life. Feeling fear, love and respect for my sister came to my mind. Before her forgiveness my little feeling were nothing. I looked back at my past and my whole life i am no one, a shut in for the past few years all i did was play video games, watch anime, porn and nothing useful. With my childish behaviour and weird lust towards my sister i destroyed my life thinking about sex with her. My father and mother who adapted me asked just one thing from me to just get into a medical school and become a doctor. But with my bull s\*\*t i threw it all away for my petty pleasures. Because of that i wrote  medical entrance for  three times for name sake and i failed all those times to get into a medical school now i gave up. But my sister opened my eyes and i will try again with all my heart to get into a medical school. I know it's insane how am i gonna get in this time if i failed all these times. My sister game an opportunity and i will take it and use it. I understood one thing though, good women always give you chances to redeem yourself and men f\*\*k it up always. No matter where i am in the future my sins come back and bite me in the a\*\*, now i escaped at my sister's mercy but sooner or later i have to pay for my sins.",2018-08-05 13:01:23,https://www.reddit.com/r/confession/comments/94rowk/my_sister_almost_told_my_parents_that_i_am/,,abortion,abortion_data-updated - new_abortion_related_subreddits_text_posts .csv,01649bab5afc8ca46a07afaeab53f4dce93f2868f92978e5d264e19da5a418f9,abortion
1lifovj,abortion,My experience with MA in an illegal state: ~4-5weeks pregnant,"Hello! I thought I would share my experience with the abortion pills as a resident of an illegal state, in hopes that it may help someone. ❤️

As soon as I found out I was pregnant, I knew I couldn’t keep it. I was estimated to be about 6 weeks based on the first day of my last period, although I believe conception happened 4 weeks ago. 

I live in a state where abortion is banned. I quickly searched online for advice and found a company called Abuzz. 

I quickly filled out the necessary information on a Monday and received the abortion pills by mail the following Monday. No telehealth appointment or anything. (I hear people typically receive it quicker but I live in a rural area which I think is why it took a week to receive).


I waited until the weekend to take the pills.
Here’s a concise overview of my experience:

Friday 10:00am: took first pill. No symptoms what so ever. 

Saturday:
-Woke up nauseous at 8am 
-8:30am: took an Imodium 
-10:30am: took 800mg ibuprofen 
-11:15am: took 4 misoprostol vaginally. I experienced waves of nausea and hunger 
-11:50am: mild cramping and hip pain begins
-2:00pm: cramping intensified (similar to first day period cramps for me) 
-2:10pm: cramping becomes extremely intense, (similar to after getting my IUD inserted), but still no bleeding yet. Breathing exercises and heating pad helped immensely for comfort. 
-2:30pm: sat on the toilet. This is going to sound strange but I felt a weird popping/bubbly feeling in my uterus and there was a sudden gush of blood. I passed a large clot and felt a lot of relief. Cramps subsided from extreme to normal intense period cramps. 
-2:50pm: sat on the toilet until ~2:50pm, passing 3 large clots, and then laid back in bed and tried to eat something. I felt less pain, but felt weak and a little shaky. 
-4:10pm: got out of bed, less cramping. Bled through 1st overnight pad upon standing. Sat on toilet, gush of blood and passed massive clot slightly larger than a golf ball. (This was the largest clot). 
5:00pm:  passed another clot. Still cramping and hip pain 
8:45pm: large clot, typical heavy period cramps 
9:30pm: several large clots 
10:00pm: took 400mg ibuprofen 
11:00pm: fell asleep 

Sunday: 
8:00am the next day- woke up, felt so much better, first pee had a small clot, almost no cramping, energy back to normal. Small random cramps throughout the day. Medium flow. 



**Some notes and tips:
-heating pad, OTC pain meds, cozy pajamas, hydration, soothing soup/broth, and heavy flow overnight pads are essential 
-things didn’t start going until I walked around a bit and sat on the toilet. I think this helped things along faster, and cut down on suffering. Try to get up! 
-I only passed clots while sitting on the toilet
-I had a thermometer and a journal to monitor my experience. 
-it’s recommended to take the 4 pills orally if you’re in an illegal state. I decided to take the risk of inserting vaginally because I was already so nauseous upon waking up, and was worried I would vomit. 
 -I strategically took the first pill on Friday at work, so that I could begin the process through the weekend and have Sunday as a rest/recovery day. I’m back to work on Monday, and although I would have enjoyed an additional rest day, I’m okay and this timing worked out fine for me! 

As of Monday, I still have the occasionally light cramps, small clots, and a medium flow. 

If you’re going through this process, I hope this helps you make an informed and confident decision. 
You are so brave! Love and take care of yourself. ❤️
",2025-06-23 12:47:40,https://www.reddit.com/r/abortion/comments/1lifovj/my_experience_with_ma_in_an_illegal_state_45weeks/,,abortion,abortion_data-updated - new_abortion_related_subreddits_text_posts .csv,169679a609e2ba02814c832d21fffa550b938ff8eb57743b0428c07763d03ddf,abortion
ppmxuw,BabyBumps,It’s a boy… and I’m not excited. At all.,"Well, it’s a boy. And I feel crushed. And disappointed:/ And all of it just makes me feel like a bad person. This was a completely surprising pregnancy. I thought I was infertile and had just accepted it and surprise! Was definitely not what was in my plans but I when you get a gift like that you just accept it. I’ve always wanted to be a mom. Today I was so excited because I got my appointment moved up to a day earlier and I got to see my baby on the scan. When she told me the gender I felt like everything went silent. I was stunned and crushed.

It doesn’t help that I’ve had a bad relationship with any and all men over the years… domineering, strict father. Then I was in a relationship with a guy for over ten years on and off who was just awful and physically abusive. Last guy I was with, the father of my baby, was just a one night stand who turned out to just be a piece of work… he was never supportive, gaslit and basically abandoned me. Clearly, I don’t have a great track record or judgment. My family agrees; they are religious and as soon as I told them I was pregnant (outside of marriage) they disowned me and want zero to do with me. The only family members I had left on FB (also ultra religious) very quickly I friended me. One cousin sent me a last message basically telling me I was a worthless whore. Like gee, thanks Donna. As though I already haven’t been struggling with feelings of self-worth.

I feel like I don’t know anything about boys. I don’t know how to raise a man. I don’t want my son to turn out like any of the above losers. I REALLY wanted a girl because I would be good at that. I had already envisioned myself with a daughter. I already started buying pink stuff and hair bows. I just KNEW I was carrying a girl. I realize it was wishful thinking on my part. Now I just feel stupid. 

It also doesn’t help that this demon spawn has been wreaking havoc on my body. I thought pregnancy was going to be amazing and I’d be glowing and baking apple pies and shit but most days I’m just cramping and throwing up and I feel all hormonal and crazy. Also my feet swell like crazy to the point where I almost had to cut a pair of my favorite boots off. 

My eating disorder is in full swing and I’m working closely with my therapist so that way I can properly nourish my body and my baby. But every time I eat I feel guilt and shame and this pregnancy has made me go back to some of my old ways… like binge eating in my car and refusing to eat in front of anyone. That or I track my food like crazy because the routine makes me feel better. I’ve been having issues reaching caloric goals. I’m trying to push myself to do it for this baby but I just feel stressed out all the time.

On top of all that I’m super in the mood🙄 which I’ve always had a high sex drive but this is just… in another realm. Which is stupid because my urges are what got me in this mess in the first place. Talk about just bad luck. 

I just want a nice pregnancy and I feel like I’m just sucking at it. Friends are all trying to help and make everything easy on me and I just feel ashamed and ungrateful. So many people would kill for a son, or any gender, and here I am complaining. After wanting this for so damn long.",2021-09-16 21:49:24,https://www.reddit.com/r/BabyBumps/comments/ppmxuw/its_a_boy_and_im_not_excited_at_all/,,abortion,abortion_data-updated - new_abortion_related_subreddits_text_posts .csv,68e8bf526d305718fe1ea055fbca74c41beee22ad9b5dd3c5f3eb2ada271bfca,abortion
1lgs3y9,relationship_advice,I 34F dont know how to react to my husband's behaviour 35M post separation?,"Hi all. Just need some advice. A couple of months ago mt husband asked me for a divorce. This is because things had been very strained since January when we bought our new home which was in my hometown, about 1.5 hours away from his hometown. We had a period of 6 weeks separation and then he came back home for 2 weeks. He said he didnt really want to divorce me and only said it out of anger because I had brought the topic up in the past (in the sense that if he cant settle into our new home which we have to stay in for 3 years as I have a fixed training contract and location for 3 yesrs that cant be moved). 

He spent one of the days with me and my friend and was being the perfect gentleman but afterwards during the two week period he asked for the money back that he'd paid towards our meals and coffees which I found off. He would often text me really abusive messages calling me names and telling me how im money grabbing and only interested in his finances, how he hates me and my family etc and when he realised I had screenshots he turned on me and said he cant trust me and the marriage is over again. One minute he is telling me he cant be the husband that I need and commit to living with me and saying when I got angry with him I have mental health issues thst he cant cope with (i dont have MH issues) and the next minute he is saying he is happy to still be married to me but wants us to sell the marital home and for him to live with his mum and me to live with my mum until the training job is over after which I move to him. 

He would say horrible things to me and blamed it on his upbringing which was in a rough area. Ive seen him speak the way he does to me to the rest of his immediate family so I just brushed it off for a long time. When hes good hes amazing but the lows are very low. Despite this I always had hope thst he is the love of my life and we'd work things out. We had an amazing connection at the start - for the first years of our relationship we spoke for hours every single day and ive never ever had that connection with anyone else before or felt thst anyone understood me on a deep level. 

I just feel at such a loss. Part of me knows I should walk away but part of me still wants this to work. Despite everything I still love him and cant get over the fact thst I thought this was my person. He meant the whole world to me and I used to feel so lucky to be his partner and to have him in my life. I was happy with him and since this split ive cried multiple times every day. I csnt get over the loss of my person and I dont know what the future looks like now and it really really scares me. I just want to go back to how things were a year ago. Does anyone have any advice or perspective?",2025-06-21 8:57:52,https://www.reddit.com/r/relationship_advice/comments/1lgs3y9/i_34f_dont_know_how_to_react_to_my_husbands/,,abortion,abortion_data-updated - new_abortion_related_subreddits_text_posts .csv,2326cb0c7ee86f45f29b8de717e17e475f170addd749e8eee1ca2f865eac3799,abortion
cnkq4s,relationships,I (M26) made it look like I cheated on my girlfriend even though I didn't.,"TL;DR: I spent the weekend with my ex and my girlfriend thinks I cheated but I didn't. How can I make it clear to her that nothing happened?

I fucked up. I met with another woman (let’s call her S) I have a history with. I spent some days and nights with her. We never had sex nor did I want to and we didn’t kiss or anything. I don’t know why I did what I did. I felt obliged to spend time with her. I texted and called my girlfriend a couple of times during this. EDIT: My ex spent the night at my place because she started crying when I wanted to leave to get to my girlfriend. I also stayed at my place but slept on the couch. /EDIT

I love and respect my girlfriend. I told her that I would spend time with S and my girlfriend seemed fine with it even after I told her we had a history. But she obviously wasn’t find with it and in hindsight I can’t blame her. She is hurt now and even though she didn’t explicitely say so I am convinced she thinks I cheated. The way she looks at me is telling. I really can’t blame her because objectively it does look like I betrayed her.

How do I make amends to my girlfriend? I am browing websites aimed at cheaters who want to reconcile because I feel that from her point of view that’s what I am.

Or should I not try to make amends as a sort-of cheater but simply tell her once again that nothing happened and ask her to trust me?",2019-08-08 11:57:59,https://www.reddit.com/r/relationships/comments/cnkq4s/i_m26_made_it_look_like_i_cheated_on_my/,,abortion,abortion_data-updated - new_abortion_related_subreddits_text_posts .csv,c143c98736069a8ae527a3cdf658cf9dc163a2303ef0c1feccd1acccb4117ad9,abortion
tcf97q,AmItheAsshole,AITA for banning my MIL from the house after I discovered that she's installed a camera in the bedroom?,"

My husband (M33) got into a car accident almost a month ago, He's been bedridden due to a back injury and I've been his primary caregiver. The pressure has been too much from my MIL, she keeps telling me to take care of him and be there for him constantly. She begged me to take time of work and I did, asked me to send her hourly updates about his condition (first 2 weeks) but when I don't she'd get mad and cause an issue. She visits everyday but doesn't do anything to help, alternatively, she'd list all the things I should or shouldn't do. The family keeps telling me she's just worried sick for her son so I try to stay calm.


Days ago, she called to berate me about not replacing the sheets quickly, I had no idea how she found out since my husband didn't call her. My sister inlaw called me to tell me that her mom installed a camera in the bedroom to see if I was taking proper care of her son. I was stunned, after searching the room I found the camera, I called my MIL and had a huge fight with her. She admitted it and said she was just feeling concerned and wanted to make sure her son was being cared for (despite him calling her everyday) I yelled at her telling her that she's no longer allowed into my home after this. She lost it and went on a rant about how I'm stopping her from seeing her son and that not seeing him will literally make her sick herself. The family called me later to get me to back out of this decision but I told them she breached my privacy and took advantage of the situation, they said I'm taking it too personally and that I can't blame a concerned mother for wanting to make sure her son's fine, especially since she listed things she thought I was doing wrong. I ended the conversation but my husband is upset telling me I'm being vindictive and that if his mom can't come then he'll move there with her. We argued then I went outside and he's been silent eversince.


AITA.?",2022-03-12 12:18:41,https://www.reddit.com/r/AmItheAsshole/comments/tcf97q/aita_for_banning_my_mil_from_the_house_after_i/,,abortion,abortion_data-updated - new_abortion_related_subreddits_text_posts .csv,804d1eb289e27c75704eccd41cd692a23c515ab13b9eb705b195c6887a16c4ca,abortion
rl871,TwoXChromosomes,"For the most part, I don't feel like I fit in with 2x","I don't care for feminist views on the Disney princesses. 
I grew up dressing up as a Disney princess for Halloween every year and I still love them. I want my future daughters to love them as well.  

I love make up and use it everyday.

If you dress in a slutty way my brain will recognize you as a ""slut"", while I won't say that to your face. Hey it's cool... sometimes my friends and I will go to the bar and they will tell me, ""We're all dressing like sluts tonight, so dress accordingly.""  And we know the kind of attention we will receive from men from dressing that way.  My friends and I never go home with random guys/never have had sex with strangers.  



I'm sexually active and I use birth control.  I am pro life. When I was young I attended church camp where they took all the kids to an abortion clinic to pray for the souls of the babies that die there. I believe life begins at conception.  And even though I am no longer religious, I am still pro life.  I think that abortion for medical reasons is understandable. 

",2012-03-30 18:04:48,https://www.reddit.com/r/TwoXChromosomes/comments/rl871/for_the_most_part_i_dont_feel_like_i_fit_in_with/,,abortion,abortion_data-updated - new_abortion_related_subreddits_text_posts .csv,e9612d8b3269dc5bcbd5360c0653f4fbfed37711933219a5b7944d644a972fcf,abortion
1fsbsv7,relationships,Different sex drives causing strife.,"My Wife (33F) and I (30M) have been married for five years and are an amazing couple. We have a beautiful two year old daughter and a great relationship.

The only problem is that she has lost most of her sex drive, and mine is still going strong. She has never been much of a touchy feely person, but she used to seem to enjoy being physical with me. I’m massively physical in pretty much every way. 

I love kissing, and occasionally will try just making out with her (not expecting sex). She will kiss me for about two seconds and then make some kind of comment about my mustache poking her (which she loves and tells me not to shave off) or just start laughing as if she is uncomfortable and pull away. 

We do not have anything even remotely close to a regular sex life. We currently have not had sex in about 8-10 weeks, and having sex more than once a month is quite abnormal. Sometimes this is okay. I’m on some medications that can lower my sex drive, but overall mine is far higher than hers. 

We allow each other to look at porn, and it isn’t a big deal for us. If one person is horny and the other isn’t (basically always me), then the horny one is free to masturbate to porn and then we move on with our lives. 

But lately I’ve been feeling extra frustrated sexually. I want to be touched and kissed and cuddled a lot more than she is comfortable giving, and it’s difficult. I have suggested the idea of finding a “friends with benefits” situation into my life who I could talk to, and possibly cuddle and kiss with no penetration sex. She seems to understand why I want it but then just says she just thinks that’s “icky” and she will “do better” but I don’t think she’s doing anything wrong. She just isn’t very physical. I’m not expecting her to suddenly change this huge aspect of herself. 

We have had this same discussions about 6 or so months ago, and the physical attention went up for about a week before returning to where it was before. 

I also don’t find it sexy at all when I can tell she isn’t in the mood, and is only forcing herself to do stuff. Huge turn off. 

How do I deal with having this large part of myself being left unfulfilled? This seems like the age old question in marriage.

Do not comment that we need to divorce, because that’s just a lame answer and I 100% refuse to leave her. 

TLDR: I am craving physical attention, but my wife is not a physically affectionate person. How do I deal with this large aspect of myself left unfulfilled?

Edits:
trying to clear up some common confusion I’m seeing pop up. 

First of all, I suggested the FWB idea to my wife because it seemed TO ME like a possible solution. I’d be touched, we’d stay married. Life would move on and all would be happy. She said no, so IM NOT PURSUING IT. It was added context. 

Second: this isn’t mostly about sex. It’s mostly about just how i want to be physically touched. Think cuddles and kisses. Sure, sex can be part of that, but I’m not a sex crazed monster. Even once every two weeks or once a month for actual intercourse is OKAY for me. 

Third: everyone is blaming the baby. For context, my wife didn’t even like hugging her mother when she was a kid. I assumed I was the exception because she used to like to hug and kiss me. But now that the honeymoon phase is over, it has significantly decreased. 

Fourth: I’m the stay at home parent in this relationship. People seem to assume some other scenario. Doesn’t make much of a difference, but maybe nice to know before people paint me in the worst way possible 🫠

Finally: geez. Some of you are just downright mean. ",2024-09-29 18:57:23,https://www.reddit.com/r/relationships/comments/1fsbsv7/different_sex_drives_causing_strife/,,abortion,abortion_data-updated - new_abortion_related_subreddits_text_posts .csv,d6985cbbac16d011b42bb254eaa27074664f50ecf8650a96eea681430dd1509f,abortion
udxxcv,abortion,The doctor saw two sacs…,"I went into Planned Parenthood today confused and lost as to what decision I was going to make. I’ve been going back and forth all week but wanted to base my decision on this appointment. 

The doctor came in and began my vaginal ultrasound and told me I still qualified for abortion….however, there are two sacs. One is 4 weeks 6 days and the other is 5 weeks. She said it seemed to be twins but it was still way tooo early to tell. I broke down immediately. It was literally a feeling I’ve never felt. 

On one hand I felt relieved because it would make my decision easier. I’m 24, a teacher, and my boyfriend and I just renewed separate leases planning to moving in together next year with this one is up. We’re not in a place financially to have TWINS…TWO CHILDREN. 

On the other hand I feel 2x as bad for terminating two potential lives. Just needed to vent as I am emotionally a wreck.

QUICK UPDATE: I appreciate all of the positive comments, they’re helping me through this process! It’s super tough. There’s constant reminders of pregnancy and babies all around me but I still think my decision is for the best. I’m getting a therapist, working out (starting today), and going to church to begin helping with coping. 💛",2022-04-28 15:41:21,https://www.reddit.com/r/abortion/comments/udxxcv/the_doctor_saw_two_sacs/,,abortion,abortion_data-updated - new_abortion_related_subreddits_text_posts .csv,5348e7e25934b5b4ebee18632ecee8614ada8e034f4f61538cf7d09483c22b37,abortion
1fxu5wr,AmItheAsshole,AITA For Ruining A Child's Life?,"Today, I started talking to an American mother while in A&E; her child was interested in the artwork I have on my leather jacket as it's pretty colourful. The mother mentioned that her daughters name was ""Grain"" so I assumed for a while that she was another mother who wanted something ""special"" to call her child. I remarked that it was a unique name and that I'd never met anyone called Grain before.
She told me that she's named after her great-grandmother and that it's an Irish name. At this point, the alarm bells are ringing in my head because I've realised that the kid is called Gráinne (generally pronounced as Gro-nyuh, or there abouts.) 
I tried to be very tactful, and I was like, ""Irish has such an interesting alphabet. How is her name spelled? Irish names can be tricky."" 
The kid is called Gráinne. Not Grain. 
My partner, who has studied Ireland's political history as part of their dissertation and also the Irish diaspora and it's culture around their university city,  is stuck somewhere between stifling a laugh and dying of embarrassment on her behalf so I come up with, what I thought was a very positive reply.
I said ""an old-school name and a more modern pronunciation. I think that's a great way to pick names."" I would like to point out that I do not like the name Grain for a child, nor do I like the way the pronunciation was butchered, but I was trying to be tactful and positive. She asked what I meant, and I said ""well in Ireland, they typically pronounce it like ""gro-nyuh"".""
Her face went red and said that I shouldn't have said that the pronunciation was wrong in front of the kid because now she's going to grow up knowing that her name is wrong and feel bad about it. I apologised for causing offence and restated that it's a lovely name in both ways and a fantastic nod to her heritage. I said that I'm sure her great-grandmother would be thrilled to be honoured by her name being used. I was throwing out just about every positive reinforcement that I could think of, but, to be frank, she was pissed off. 
She told me that I ""ruined her daughter's self-esteem"" and that her ""life [was] ruined"" by me saying that ""her existence is wrong."" I didn't say that, by the way. I said that her name was pronounced atypically. Gráinne, for context, was around 2 years old and completely unbothered by the conversation until her mother got angry at me. She was just looking at the pictures on my jacket. The conversation was maybe five minutes long, but I managed to ruin this kid's life. 
Hindsight says I should have kept my mouth shut and waited for somebody else in this city to say something. 

So, AITA?

Edit: spelling and syntax
Edit 2: Some people have assumed that we're in the USA, we're in the UK, in a city with lots of Irish people, an Irish centre, and a great Irish folk scene. ",2024-10-06 23:39:40,https://www.reddit.com/r/AmItheAsshole/comments/1fxu5wr/aita_for_ruining_a_childs_life/,,abortion,abortion_data-updated - new_abortion_related_subreddits_text_posts .csv,dd9b3c21801722e380663c23cfa45a4dd8bc6fdb12ce1d182b7795b2d162d4ff,abortion
1ghbqnq,OBGYN,“A pregnant teenager died after trying to get care in three visits to Texas emergency rooms,"https://www.texastribune.org/2024/11/01/nevaeh-crain-death-texas-abortion-ban-emtala/

“A pregnant teenager died after trying to get care in three visits to Texas emergency rooms

It took 20 hours and three ER visits before doctors admitted the pregnant 18-year-old to the hospital as her condition worsened. She’s one of at least two women who died under Texas’ abortion ban.”",2024-11-01 18:03:29,https://www.reddit.com/r/obgyn/comments/1ghbqnq/a_pregnant_teenager_died_after_trying_to_get_care/,,abortion,abortion_data-updated - new_abortion_related_subreddits_text_posts .csv,e97d7b608e786d7ba442cd109c24d283e64ab06e51a3a60b83b30f484534c4f2,abortion
1erju1k,Parenting,Accidentally pregnant with #3,"The title kind of says it all. I’m 40 and my wife is 38, our kids are 7 and 4. We’re not doing well financially, and we have zero logistical support from family. We can’t afford a nanny. Neither of us was ever ready to close the door on the possibility, but we’d both kind of resigned to the fact that we’d only have two. I had been the more vocal one about wanting a third, but now that it’s a reality, I’m terrified. I was happy at first, even as my wife was panicking, but now the reality has set in—going back to bottles and diapers and round-the-clock feedings and naps, having even less free time and negative disposable income… We’re both torn on what to do. Another child—let alone a newborn—would stretch us incredibly thin. We’re both burnt out as things are—constantly overstressed, chronically under-rested, but at least in something of a rhythm. We know we’d regret aborting the pregnancy for the rest of our lives—but we also recognize that doesn’t make it the wrong choice. 

I realize that this choice, to some, is a slap in the face, for one reason or another, to put it mildly. And if you think it’s cavalier to discuss the life of a child because you’ve had trouble or been unable to conceive, I am truly sorry for your trouble. 

What’s more, both of us are afraid that—whatever decision we reach, and however we come about it—one of us will resent the other for one reason or another down the road. To try and mitigate at least that concern, we’ve decided to seek counseling. Any remote therapy options you can vouch for would be appreciated. 

To be clear, I just want to hear what people have to say. Similar experiences. Those who have gone one way vs the other, their thoughts in hindsight. I don’t want or expect Reddit to make this choice for us.

Thanks for any advice or thoughts you may have. ",2024-08-13 21:44:35,https://www.reddit.com/r/Parenting/comments/1erju1k/accidentally_pregnant_with_3/,,abortion,abortion_data-updated - new_abortion_related_subreddits_text_posts .csv,6fdaca8896ce77cae28f4b412e62365834433d34a323c9937d2249a6e8534e12,abortion
1hak0rr,abortion,My Self Managed Abortion (positive),"I am a 24 year old mom of two girls in a beautiful relationship with my partner. We have been together 7+ years and tackled many challenges together. We are each other’s support system. However I fell pregnant 8 months postpartum from my second C-section. We both imagined ourselves having multiple of kids but I couldn’t imagine being an adequate mom with two that close. We were finally in a place where we were stable and we could start saving for another kid in a year or two. We have so much going on in our lives from kids, to buying a house, getting married soon, to me finishing school and much more I knew now was not the time. If it was even 6 months to a year later we could have managed. After a tough first day of grieving the what ifs and should I’s and what to do’s I came to a conclusion to terminate the pregnancy. I was around 6 weeks when my pills arrived. I kept the pregnancy and my decision a secret for various of reasons but primarily I was in a banned state. I knew what I had to do for my family, partner, myself, and any future children so I followed through with the medication abortion route.  I experienced some anxiety but my biggest feeling was relief. I. Had done some soul searching and meditating (and maybe a few tarot readings) and I felt confident I was making the right decision. The soul that would have been will come back to me, we both knew now is not the time. 

I read so many horror stories and sent myself into a spiral. So I am writing this hours before I take the misoprostal in hopes that I have a good experience. I will say I am extremely prepared. I have Tylenol, ibuprofen, and zofran by my bed and plan to manage my symptoms with those and a heating pad. I will be taking zofran and ibuprofen 30ish minutes before the misoprostal. I also will be using postpartum supplies such as pads, diapers and perk bottle. I even have pain pills from my C-section I can use if needed. 

Took mifepristone at 1 am 12/8 with 1000mg. Tylenol and 1 zofran (instructions suggested 24-48 hours)
-mixed emotions mainly relief, anxious
-slight cramping and mild nausea-lower back pain 

3:30 -I have trouble falling asleep but I think it’s just because I’m anxious 

7:15- woke up 

4:30 pm- anxiety started to creep in and had major cramping and some headache. Also had some pressure over in my lower abdomen 

7:00 pm -took Tylenol for headache, experiencing major lower back pain.  

10 pm - took ibuprofen and zofran (got the okay to take misoprostal 2 hours early) 

10:45 first does in - hopped in the shower while so I could reflect 
     I’m nervous, I of course spiraled and saw everyone saying how painful this was gonna be

11:03 starting to feel slight cramps/ something different

11:15:  swallowed the whole pills 

11:25: took Tylenol and my infant woke up so I nursed her 

11:45: , I have some pretty steady cramps mainly in my back 

12:00 definitely lower back pain, and like a lot of pressure. As of right now now manageable than my period just uncomfortable 

12:45: wiped and had small small clots, use the bathroom and saw small clot kinda nauseous 

3:35 woke up, took last dose of misoprostal, went ahead and took Tylenol, and zofran, bleeding like a normal period, passed another large clot when using the bathroom pretty sharp back pains

4:05 swallowed last dose of misoprostal 

4:45 pain peak but it was extremely manageable for me

5:10 went to the restroom and felt instant relief heard plop. I am choosing not to look. Changed my pad and and period underwear (really just a postpartum diaper)

8:15 woke up with my girls wnd just felt like I was on my typical cycle 

I’ve been kinda crampy all day but it’s like a normal period nothing scary really. The bleeding is tolerable just like the first few days of a period for me. I highly suggest being on top of pain management and picking a decent time that works for you. I hope I don’t have to make the decision again but honestly if I do, in my situation 10 pm-5 am wasn’t bad at all. I slept most of the night and still got up to do what was needed. It was like instant relief once the fetus (what I believed to be, as I said I chose not to look for my mental health and wellbeing)  passed. 

Overall I’m doing really good. I thought this was going to be really emotional for me, but I have done a lot of soul digging and self meditating before I got to this point and I know without a doubt I made the right decision. I am tired and have been napping resting all day but I’ve managed to still be able to parent my girls. This experience was a lot smoother than I thought. At the end of it I can say I am extremely proud of myself. ",2024-12-09 20:50:29,https://www.reddit.com/r/abortion/comments/1hak0rr/my_self_managed_abortion_positive/,,abortion,abortion_data-updated - new_abortion_related_subreddits_text_posts .csv,cf2ae0f2d6366d2807ee1fc67a37c99127f033166de5c93c7d37a034bb5bfbc6,abortion
1l054cs,legaladvice,Seeking advice for an aging couple with a young autistic son.,"Location: NYC 

My friend (m/mid 60s) and his wife (f/early 60s) have a son (early 20s) with Level 2 Autism (not employed and can’t live independently). As they’re aging and have some health issues, they’re really concerned about their son’s future in the event of both of them passing away. My friend is strong but broke down in front of me yesterday. They’re originally from Albania and their son was born in the US. They don’t have any family here in the US or much back home. I would appreciate some advice on what steps my friend and his wife should take to protect their son, in the event of both of them passing away. ",2025-05-31 19:16:24,https://www.reddit.com/r/legaladvice/comments/1l054cs/seeking_advice_for_an_aging_couple_with_a_young/,,abortion,abortion_data-updated - new_abortion_related_subreddits_text_posts .csv,3d33c1ea1e43bc03a5fcd311e9973d983dcb69e9d50c7e275beab72086e04175,abortion
1l025au,TwoXChromosomes,Push back against Texas' use of AI to harm women,"Machine learning has the potential to take the world to a more utopian place, where fundamental questions about chemistry, biology, and physics are answered orders of magnitude faster than would be otherwise possible. It also has the potential to create a fundamental dystopia for all but a handful of owners who establish which rules their AIs use. Indeed, this latter scenario is already playing out globally as every “AI” badged platform being controlled on the back end to provide answers which align with their creator’s personal philosophies. This would be a matter of ethics and market forces if it were not for the real world implications of such technologies and philosophies. Texas’s anti-abortion regulations are a dystopian example, with their searching of national traffic cameras a dangerous move that means any woman in Texas has her body controlled by an inscrutable algorithm.

This use of technology to control women’s bodies has been a long time coming given the anti-abortion rhetoric entrenched in US right-wing politics. Various technology companies have released period tracking apps, which while well intentioned can and have been used to keep tabs on women’s menstrual cycles with respects to miscarriages. In a society which subjugates women back to being brood mares the use of AI has made it all the more dystopian because it every application can be subtly altered to keep track of women irrespective of whether they give their explicit consent to be observed.

Herein lies the trap that AI is setting out for women’s pluralistic rights. It is not enough to for women to opt into wearing devices; if she is tracked and followed across an entire nation for exercising her personal autonomy it is only a few steps away from circumscribing her movement if an app considers her pregnant. It is not unthinkable that in countries such as China where AI has become embedded in transport, access to facilities, and public services that those systems can tweak what a woman can and cannot do based on the potential she may be pregnant. Given that most early pregnancies either end in miscarriage or are flushed out by the body without a woman noticing this becomes very dark indeed.

You do not even need to step inside *The Handmaid’s Tale* to see the implicit and implied danger. Modern machine learning is dumb as a box of rocks when it comes to contextualising human lives. As much as we want it to be responsive to our needs ultimately most systems still operate on a normative understanding using a best fit model. No woman is the same as any other, thus what may work for 95% of women inherently excludes all other women. Texas’ restrictions on abortion make a normative assumption that women *ought* to get pregnant and keep the baby, stripping every Texan woman of her right to bodily autonomy. Under this normative framework AI is being used to surveil all women on the assumption that she could get pregnant at any moment and must be observed for her own good. When society becomes an open prison AI becomes the warder.

What Texas has done with using traffic cameras and machine learning to track women who have had abortions is tantamount to creating that open prison. No Texan woman is now safe in her own body. It does not take a leap to suggest that at a state and Federal level a small change in data protection and HIPA laws and regulations would change period collection data and medical records so they can be used to enforce anti-abortion and maternity laws. Indeed, one only has to look at the Fugitive Slave Act 1850 to see how the Federal government could carve out a “settlement” between pro- and anti-abortion states, or, indeed, use Interpol red notices to extradite American women who have abortions overseas.

If you think this is hyperbole look at how international immigration systems are integrating machine learning into core functionality to “protect” borders. Again, it would not take a leap to install a heat mapper in X-Ray machines to track where a woman is in her menstrual cycle based on normative assumptions, and if she fails to mean an arbitrary parameter she is then pulled from the line for an enforced pregnancy test. Machine learning can enforce normative assumptions based on what those on the backend assume to be normative human bodies. It is not beyond the realms of possibility that ICE and US border agents at some point in the future stop pregnant women from leaving the US based on anti-abortion states’ denying a woman a right to leave.

In fiction most dystopias are already in media res, we rarely see in real time how they arose. Even real world examples such as the Third Reich, the Taliban, North Korea, and the People’s Republic of Iran took time and popular willingness to achieve. Texas has been heading in this direction for two decades, indeed, it is arguable that right from its independence it has been weaponizing minorities to mollify white settlers and white citizens. Now all women are on the receiving end of a creeping dystopia which machine learning and AI are the tools of choice.

Keeping perspective is hard to do, especially when what is reported in public is likely the tip of a much larger issue. Unless there is scrutiny and accountability of the systems which are being set over women’s life all women face the hidden boundaries being laid out for them from the onset of puberty to menopause. At no point are men facing surveillance over vasectomies or masturbation; indeed, can you imagine the uproar if men’s health data was pulled to see if men were spilling their seed or not fulfilling their reproductive potential. You can see the X-Ray exemptions for “virile” young men, along with the prescriptions for red meat and eggs just to keep the swimmers going. All keep in rhythm by AI. Lordy.

Women’s bodies have always been policed, and the hidden AI warders are insidious because women are being sold these technologies as the panacea to their period problems. Companies want women to consume their products, use them, and then willingly give their personal data which is then inscrutably used for whatever purpose the company deems necessary. Texas and other anti-abortion states want that data precisely because it will given them control, which is why many feminist organisations have recommended women ditch those apps if they live in anti-abortion states.

It is not enough to state the dangers AI pose to women’s bodies. What is needed is a concerted effort to remove even the possibility of society becoming an open prison for women. No-one wants to willingly live in North Korea or Iran unless they are inculcated into the state’s ideology. Texas and other deep red states are getting that way, fetishising women’s purity and fecundity at the expense of women themselves. We cannot let AI and machine learning be weaponised against women, especially when even driving in your car becomes a dangerous exercise.",2025-05-31 17:09:15,https://www.reddit.com/r/TwoXChromosomes/comments/1l025au/push_back_against_texas_use_of_ai_to_harm_women/,,abortion,abortion_data-updated - new_abortion_related_subreddits_text_posts .csv,8c3509ec91e8739e877ef65a32cffc3c7e6930778d32bee2bdde2d53f32c4045,abortion
kd8l73,abortion,I was 16 and not ready,"I had an abortion when I was 16. The father was my ex and I was seeing an older man. He offered to raise the child and be a family with me. My mom was thrilled and said that she would sign off on it and told me it was a way to get out of the hood, he had money. I didn't want that fetus. I told him how I felt and he PAID for the abortion. My mom was mad but it wasn't up to her. Years later my ex found out and blamed me for never having a child... At the end of the day it is not MY responsibility to provide someone else a child. My body is my own. If I didn't have that abortion I would have been married to a man I didn't love and barely knew, I wouldn't have the girls I do now and I would have been miserable. Do what's best for YOU!",2020-12-14 22:48:39,https://www.reddit.com/r/abortion/comments/kd8l73/i_was_16_and_not_ready/,,abortion,abortion_data-updated - new_abortion_related_subreddits_text_posts .csv,c4eb3be40c27b52062390e0c953b6bdfea04316cea4a130951d36854d32bd732,abortion
pl2ks3,TrueOffMyChest,"Thinking more about the Texas abortion ban more than Australia's ""New World Order"" tells us everything we need to know about you as a person.","For those of you who still don't get it, Australia is essentially becoming totalitarianism but Westerners think women having the right to kill their babies is more worth bitching about? And how much on this sub that mindset shows is unreal and disgusting, don't lie to yourselves. Having the priviledge to remove an individual's right to exist and flex that as some so-called ""right"" despite having all the same rights as men nowadays is not and should not be valued over letting Australia get away with becoming North Korea 2: Electric Boogaloo. F*ck pro-choicers and f*ck the left for their distorted priorities.",2021-09-09 17:37:37,https://www.reddit.com/r/TrueOffMyChest/comments/pl2ks3/thinking_more_about_the_texas_abortion_ban_more/,,abortion,abortion_data-updated - new_abortion_related_subreddits_text_posts .csv,baaa56b1c19ae6ca0dc178038fc16556637f0576a25e083f216f4344b4fce9f9,abortion
dod6nq,WomensHealth,Possible unwanted pregnancy advice?,"So apparently I was not on the pill long enough for it to be safe and because I have bad memory I lost count of how long I was on it. I think I started it 1 week after my peroid but that is foggy too.

I think I was on it about 5 days maybe 4. Then we had unprotected sex. (Me and my bf of 1.5+ yrs). And we had unprotected sex a few days later (today). 

On the 14th of december I have a 10 night cruise to vanuatu.

If I am pregnant I have to make a tough decision to either decide to have an abortion as soon as I find out if its even possible. Or to wait to decide after my 10 night cruise. But I will need to change the travel insurance to include pregnancy?
I don't know. I think Id be about 9 weeks by then.

Its too early to know yet if Im pregnant. Im hoping not though. 

If I am should I wait longer to decide or try tohave the abortion before the cruise? 
My boyfriend made a joke about abortion so I domt imagine he would want to keep it. I dont have money for the abortion though so he would need to pay",2019-10-28 18:45:17,https://www.reddit.com/r/WomensHealth/comments/dod6nq/possible_unwanted_pregnancy_advice/,,abortion,abortion_data-updated - new_abortion_related_subreddits_text_posts .csv,09b89e7b42956a13714089ef37f8216fb142268ca9147cd64a2c31031e1825df,abortion
go6ap2,abortion,I told my new friend about my abortion,"We were talking about difficulties women face in society and we talked about abortion and she asked me how I felt about that and I said I’m heavily pro choice I’ve even had one.

She stillllll loves meeeee🥳🥳🥳

But it was kind of freeing in a sense. A new friend you make and feeing shameful especially In a super conservative society and she’s traditional and a bit older.
She didn’t judge or even ask any questions. It was great. I’m not ashamed anymore.
Woohooo!",2020-05-21 22:00:52,https://www.reddit.com/r/abortion/comments/go6ap2/i_told_my_new_friend_about_my_abortion/,,abortion,abortion_data-updated - new_abortion_related_subreddits_text_posts .csv,1ae404c5899f45be43a66810df5f5c5a3ff1835f52aad05bf1ff0a6ec9be3c38,abortion
12hnr3u,abortion,I wish I had an abortion,"Throwaway because I don’t want anyone to know I’m thinking this.

I was in an abusive relationship and I was against having an abortion. I got a restraining order against him and I feel awful because all I keep thinking is I wish I had one. I thought it would be easy and I thought I could handle it but I can’t afford daycare and I can’t afford anything and I just wish I had an abortion. 

I probably have the option to sign my rights away to him, but I know what she would go through. I don’t know if this fits here or not but I don’t know what to do.",2023-04-10 16:23:18,https://www.reddit.com/r/abortion/comments/12hnr3u/i_wish_i_had_an_abortion/,,abortion,abortion_data-updated - new_abortion_related_subreddits_text_posts .csv,cf5ad0dd742e225070c1ea5def2f28d16cc42d75df32ad5d3310ba91c59b4a31,abortion
wpaneu,abortion,Just found out I’m pregnant again with my third and my doctor told me this pregnancy could kill me,"I’m scared. And I can’t talk to anyone else about this because all of my family are really religious or pro life etc. so here I am. Making my first post to Reddit looking for some support. I don’t want anymore kids. I’m making the appointment tomorrow. Fingers crossed I’m under the deadline for the state I’m in. As much as I genuinely don’t want another kid I can’t help but think about if they would have been a boy or girl. If I knew 100% that I wouldn’t suffer liver failure yet again and be hospitalized for months like I was before, I’d consider giving them up but I’m not willing to risk my life and risk seeing my kids grow up into who they were meant to be on the off chance I could make it. I’m not willing to juggle that. I obviously know there’s a death risk with every pregnancy but this one is for sure. I’m not looking for “doctors aren’t always right. Etc etc” I just need to hear it’s going to be ok. That I’m going to be ok. That the emotions I’m feeling rn are just hormones. Because I don’t feel any attachment or affection for this pregnancy. Just having two kids already and seeing them grow makes me so hunk about what their laugh would be like or their smile. And I hate that my mind is making me think about it. Even if I wouldn’t have the physical issues, I mentally can’t handle three kids. (My oldest will be 3 this year and my youngest will be turning 1.) I’m a SAHM and my partner is in the military who for sure is deploying soon so I’d be alone for that and the birth like I was with my first. And I can’t do that. So please. Just tell me it’s going to be ok and that I’m going to be ok…this will be my first abortion. I’ve never had a miscarriage either so all I can assume it will be like is labor. I don’t care how gruesome the details, please also tell me what yours was like so I can prepare for all the possible feelings. (I apologize for any misspellings, I was crying for half of this. Also I am 100% wanting an abortion. I’m not hesitant on it. I just need support)",2022-08-15 20:54:45,https://www.reddit.com/r/abortion/comments/wpaneu/just_found_out_im_pregnant_again_with_my_third/,,abortion,abortion_data-updated - new_abortion_related_subreddits_text_posts .csv,aacd37b869efd504ef1cdbed019ec79f89d740f7d91c8b6467f7699418088668,abortion
1l7j6hg,abortion,Should I get an abortion? Feeling lost and unsupported,"I am 13 weeks pregnant today. I live in the DR now but I am from NYC. My baby’s father has cheated on me over 5 times in the past year and was physically aggressive once. He’s been cold, dismissive, and unsupportive since I got pregnant.

I feel alone and scared — I don’t know if I’m strong enough to raise a child on my own, and I’m terrified of making a decision I’ll regret. I just need some perspective from women who’ve been through something similar or understand what I’m feeling.

Please be kind.
",2025-06-09 22:57:01,https://www.reddit.com/r/abortion/comments/1l7j6hg/should_i_get_an_abortion_feeling_lost_and/,,abortion,abortion_data-updated - new_abortion_related_subreddits_text_posts .csv,392d3873b39d1d51a9d0af1b0533557652b7dfefe34b204870b387a7d71a9622,abortion
1funxh5,TwoXChromosomes,JD Vance last night - was particularly trying to manipulate women,"I see multiple posts about JD Vance today. I think I have a slightly different point than the rest of the posters.

The way JD Vance was talking was meant to manipulate the emotions of women. He was likely coached based on how Republicans see women. He would say things like trying to express sympathy for the women who died from not receiving medical care during pregnancy (""I agree she should still be alive today""), when he talked about his ""friend"" who had an abortion because she was in an abusive relationship, when he talked about ""needing to do more to earn trust"". It was all supposed to be to validate women's emotions - to supposedly make us feel seen. But *nothing* he said indicated any actual steps to actually help. It's really like he got coached on seemingly to empathize with women who were in tough situations - while his policies will actively make their lives worse. He thinks women won't be able to see that there's no actual substance behind his words. He might be right about some of us - unfortunately.

I think Walz ruined some of that for him by being so knowledgeable and specific on the actual issues himself. Hopefully the contrast got across.

Edit: it's based on the stereotype that women make decisions based on ""emotions"" or ""their feelings"". Which is ridiculous - decisions in all humans are intrinsically tied to emotions. Hopefully not very many women will fall for his manipulation attempt - he isn't giving specifics on anything he would do to help or the aspect of what he's empathizing with (toxic manipulators use these same techniques in relationships - as other posts point out).",2024-10-02 18:52:44,https://www.reddit.com/r/TwoXChromosomes/comments/1funxh5/jd_vance_last_night_was_particularly_trying_to/,,abortion,abortion_data-updated - new_abortion_related_subreddits_text_posts .csv,9a5521da212a0bc25795c84de45541da3b2afe92d61d4fecd149970e5901efec,abortion
qte61r,relationship_advice,"[UPDATE] I (33M) in a very odd place with my stepdaughter (18F). My wife (39F) is constantly topless at home, and her daughter takes after her.","Hey folks, had the talk so I figured it was update time.

I sat down in the living room this morning to speak with the two of them about the issue. Originally I wasn't going to because I didn't think it would be productive and that it might be very off-putting to them. However, I decided that I would bring it up to both of them because they are literally my best friends and I don't want to keep anything from them at all, plus we made a deal to not keep secrets and I'm not a liar anymore so my hands were a little tied.

For those of you that did not read the last post: I have antisocial personality disorder and have done a lot of work on myself to become what I would consider to be an objectively good person. My wife is frequently topless which is obviously fine, but so is my stepdaughter and I catch myself glancing from time to time. There is no intent, feelings, or reactions, but I felt I may be doing something wrong or weird and if I was I felt I should address that.

I told both of them that, while I'm fine with the way things are, I wanted to be sure that I wasn't acting in a way that made either of them uncomfortable; I'm just a (more or less) regular guy and sometimes as a regular guy, if there are boobs, you look without even thinking about it.

I paused for a minute and was a little shocked. I didn't really mean to put it like that, but that's how it came out and I immediately regretted the way I said it. I had this eloquent semi-speech planned and completely skipped ahead and botched everything about it; I was kind of prepared for the worst, but I was about to start to try to recover when they both laughed at me.

My wife told me that I have a habit of saying the quiet part out loud, and told me that it was no big deal, that it was very obviously always going to happen at some point. My stepdaughter simply said, ""Just remember my eyes are up here genius,"" and went back to working on whatever she was doing on her tablet (I assume graphics for her stream... I'm not sure why I'm filling this part of the story out).

It was over in a span of about 5 minutes. I was just overthinking everything.

**TL;DR: guy does guy things, didn't want to freak his family out and proceeded to botch his explanation. Despite that, nothing bad happened, and everything is fine.**",2021-11-14 0:43:58,https://www.reddit.com/r/relationship_advice/comments/qte61r/update_i_33m_in_a_very_odd_place_with_my/,,abortion,abortion_data-updated - new_abortion_related_subreddits_text_posts .csv,ae106dceb4786ee633069696aabe9184b814fdb06fcfaae0b17f45d36c490c67,abortion
tsuae2,TrueOffMyChest,"I’m 15, about to give birth and my mom just dropped me off, leaving me at the hospital alone. I’m very scared","Due to traumatizing and unfortunate circumstances, I ended up pregnant. My mom doesn’t believe in abortion and told me she wanted me to keep it. She said she’d raise the baby as my sister until she was old enough to understand. She was still upset that I was pregnant but said she’d support me if I kept it.

I’m getting inducd tonight. I’ve been having slight cramps and the hospital said it was fine for me to go ahead and come down. My mom asked if I packed my bag, and we left.

I got out of the car, but I noticed my mom wasn’t getting out. She said she wasn’t staying, and since I was old enough to get myself in this situation, I was mature and old enough to be by myself. So here I am, they’ve gotten me checked in and I’m laying on the bed now.

I’m really scared, I watched YouTube vids on birth and stuff but I didn’t think I’d be doing this alone. What if something happens to me? Or my baby? I’m so scared, I wish my mom hadn’t left. There’s no one I can ask about this stuff.

Edit: I made the post and fell asleep soon after, and I’ve woken up to so many kind comments and messages. I can’t respond to them all but thank you guys so much for the info and support. Nothing drastic has happened yet, but so far so good!

Edit 2: I’m doing fine, just uncomfortable and I’m a bit of pain. They pushed a pill in me to help my dilate. The nurse I was assigned is super cool, and we talk about a lot of neat stuff when she comes in here :)

Edit 3: I see a lot of you think I lied to my mom or I was just doing stuff behind her r back to get pregnant. I’ve chosen not to go in specifics for my own reasons. However you believe how I got pregnant does not matter to me. I know the truth ^^

Edit 4: Will probably be my last update for now. Just got a rush of intense pain and my head hurts. Making it really hard to look at my phone. The nurse is giving me something in the tube attached to my arm to help and it will probably put me to sleep. I will make a separate update post here soon on the subreddit probably after my baby arrives and I’m resting. I will try to respond to messages but no promises. I’m super anxious and want to relax and focus. Thank you ❤️",2022-03-31 7:19:15,https://www.reddit.com/r/TrueOffMyChest/comments/tsuae2/im_15_about_to_give_birth_and_my_mom_just_dropped/,,abortion,abortion_data-updated - new_abortion_related_subreddits_text_posts .csv,a281daf43e4c11ad20f559f9103ecf4c25aab380d7ff1ed6f36060a02d152d35,abortion
1jdbfwp,abortion,I don't want an abortion. My partner does.,"I've ( 28) always wanted kids. My boyfriend (27) of almost two years always wanted kids. We've been actively trying. I've been tracking my ovulation and we were trying the day of my ovulation. Same like last month. I've been tracking my ovulation ever since october. We can't try every month because of his job, but we've been trying. Talking about it. Planning.
I found out i am pregnant a week ago. I went to wake him up and he had the worst reaction: stone cold staring at me, not a word. I left for work without talking. He texted me he loved me on the way to work, so I thought he'd be fine, just surprised. I came back from work to a miserable looking man. He was not talking, almost crying. He told me he didn't want this, he had been having doubts about the pregnancy and our whole relationship for months. He didn't say anything because he thought I would not get pregnant so fast because of issues I had in the past and present and he wanted to tell me next month. I didn't think I get pregnant so fast either. But I am. And he is miserable. He says he loves me, but doesn't know the answer to the question if he wants to be with me for the rest of his life. Everything is going too fast for him: an engagement and pregnancy in a few months time. Now he's doubting if he ever wants kids in the first place. 

I've been crying for a week. I don't know what to do. He says he doesn't know if he'll be able to stay with me if I keep the pregnancy, he would feel rushed and pressured and he would not love this kid. I want a kid so badly, I want kids with him so badly, but I also want him to be my partner. We've been talking and crying a lot, we've been hugging, kissing, holding each other through this because there is no right solution. In between the serious talks, we have fun and we're dating again. 

He changed his mind and didn't tell me. Now I have to choose between my relationship, my best friend, the love of my love, and my dream to be a mom, to have kids. I thought we were having our happily ever after. Our relationship has been a dream. He's always shown me such deep love, so much caring, I've been his entire world and he was mine. And now I don't know what to do. I don't want to get an abortion, but I also don't want to give up the man I love this much.",2025-03-17 12:28:20,https://www.reddit.com/r/abortion/comments/1jdbfwp/i_dont_want_an_abortion_my_partner_does/,,abortion,abortion_data-updated - new_abortion_related_subreddits_text_posts .csv,f126db9917373ca7bbb82a0e7e467329f7ee3b2eea790f0e261abb9abc9b47c2,abortion
1fgbmc3,relationship_advice,Boyfriend (28M) is mad at me (28F) for not telling him about an abortion I had a decade ago. Where to go from here?,"My boyfriend - let's call him Zach - and I have known each other since we were small children. We dated in high school. But, I got accepted into a college far away and Zach wanted to stay close to home. We decided that we would break up because we wanted to enjoy college and explore new things. When I got to school, within the first week I felt sick, went to the doctor, and found out I waa pregnant. I was terrified but I knew I was not ready. I decided not to tell Zach because, honestly, I never thought I'd end up back in my hometown in a relationship with him again. Maybe this was not the right decision but I was 18 and just wanted to forget about it. I didn't want it to be a *thing*. 

Anyways three years ago, I finished my grad program and ended up back home. Zach and I ran into each other and it was like we never separated. We've been together since. Last month, we were out with some friends and drinking. One of my friends was talking about being scared of all these abortion bans. And she said she had two abortions. I blurted out that I had one too. I didn't even think about it. Back home, Zach immediately asked me about it and I told him everything. He was very angry and told me he can't believe I'd do that to ""our baby."" He said I should have at least given him the option to raise it or to know what happened. We argued for like an hour and then he left. He has since come home but we are just crossing paths and not talking.  He asked if I would have ever told him and I said honestly, no, because I didn't want it to be a big deal and it was a decade ago. That just upset him more. I don't know where to go from here or if this can be repaired.

tldr: I got pregnant by my bf at 18, we broke up, I had an abortion and never told him. We reunited years later and he's upet I did not tell him back when I was pregnant. We are not talking now. ",2024-09-14 2:01:39,https://www.reddit.com/r/relationship_advice/comments/1fgbmc3/boyfriend_28m_is_mad_at_me_28f_for_not_telling/,,abortion,abortion_data-updated - new_abortion_related_subreddits_text_posts .csv,e96e88c11bdddef6002cc9b3c6f174360b4f9c3b4bb2b56781e7f46181386845,abortion
18zph6r,relationship_advice,I (25F) was rejected by my husband (28M).,"We've been married for 2 years (5 years total), never been in a situation like this. My husband never drinks too much, because he knows he can lost his balance relatively easy. Therefore, him getting wasted it's a unique event.Today we had the day off so we could attend a party of our friend. There they kept pushing my husband to try some whiskey, which he never liked, because he often pass out. Too much insist and he gives up and drank a little. Needless to say, I carried him home with the help of some of their friends. At home, I made sure he took a shower and put him in the couch with water and some pills for hangover. After that, I went to shower myself. When I finished, I saw him sleeping in the couch and decided to cuddle with him. Five seconds later he gets up and try to put some distance between us. When I asked him why, he told me he was married and couldn't sleep with me. Not gonna lie, that really hurt inside me. I tried to explain to him that I am his wife, but he was pushing me away everytime I got closer. Then I got up and went to our bedroom where I am right now. I don't know how to feel about this. He couldn't recgonize me. If I tell my friends about this, they will rip him in to pieces, so I thought this would be a better place to ask for advice. Have anyone ever been in a situation like this?

&#x200B;

ETA:  Hi everyone, I'd like to thank you guys for the responses. I stayed awake for a few hours last night reading the comments. I must admit that I overreacted to my husband's reaction.

I didn't have the plans to initiate something with him, only sleep together, since we do this in our whole relationship, so seeing my beloved reject me made me feel like I did something wrong. I see now that I was insecure and will handle that.

I read a lot of comments about my husband's drunken state. As I said earlier, that event is rare since he knows his limits. The last time he passed out was during his graduation party three years ago, so he can drink moderately. My only concern was talking to him about his friend's actions, which pestered him to drink more than he could handle.

About our day: I slept late last night after reading multiple comments. Thank you again for the replies, so I could understand my mistake and not judge my husband unfairly. I woke up with my husband kissing my forehead, telling me he ordered lunch for us, and it was almost noon. After we ate, I decided to joke about the situation, like some of you guys suggested, saying he rejected some girl who hit on him last night and later explaining the situation. We laugh a little and we spent the day together.

Thanks again everyone, I could put the blame about the overreaction on the alcohool, but that you not be fair. You guys helped me see the event on the bright side. ",2024-01-06 2:50:08,https://www.reddit.com/r/relationship_advice/comments/18zph6r/i_25f_was_rejected_by_my_husband_28m/,,abortion,abortion_data-updated - new_abortion_related_subreddits_text_posts .csv,a771e9922de72f8652d4969a7ac15b017d359c0e5f85fa5a1ba728a71a71a6fb,abortion
alm19x,OBGYN,Heavy period following polyp removal and D&C — indicative that the polyp wasn’t my issue?,"I had a hysteroscopy, polyp removal, and D&C Monday, 1/21, for removal of a polyp that we thought was the cause of my heavy periods. My periods are very heavy — changing products every two hours, large clots, using alarms overnight. They’re so heavy they’ve caused severe iron deficiency and moderate iron deficiency anemia. 

I spotted for about 5 days post-procedure, then started up again Tuesday, 1/29, I woke up this morning, 1/30 with frank red bleeding. As I am due for my cycle, I think it’s safe to assume this is my period and not related to the procedure. 

I was told by my doctor that they polyp removal could help my periods and that doing a D&C would insure the endometrial lining was removed. 

However, I’m on my first day of my period (typically lasts 5-6 days) and it is fairly heavy, on par with my regular day 1. I’m still passing clots and I’m having cramps. I am only using pads, unfortunately (not two weeks post-op yet). 

Is this indicative that the polyp wasn’t my problem? Shouldn’t it be way lighter because of the D&C/lack of endometrial tissue? Do we need to investigate this further?

Thank you! ",2019-01-31 5:03:28,https://www.reddit.com/r/obgyn/comments/alm19x/heavy_period_following_polyp_removal_and_dc/,,abortion,abortion_data-updated - new_abortion_related_subreddits_text_posts .csv,da124aec8ada92d0369af25f22f6bf7393bfa382fc809a021530a4f14f07e629,abortion
1cxna28,Parenting,Help! My 10-year-old is bullying others. Co-parenting might be making it worse.,"Today, I was faced with a tough parenting moment that has left me heartbroken and worried about the person my 10 year old daughter is becoming. 

I work at a school and most of the staff members have children in the school. Today, another parent/ staff member approached me with a note my 10-year-old daughter wrote to their child, saying she didn't want to be friends anymore due to the child being mean to another friend.

I was shocked and appalled by my child's behavior and told the other parent that I was disappointed with my daughter and heartbroken for hers. I apologized for my daughters actions and said I would talk to her since she was at a doctor's appointment with her mom. 

When I called mom and told her about what happened mom's response was equally surprising...  she wasn't shocked or disappointed. Instead she said ""this is why you shouldn't have more than one friend"". 

However, I don't think this is the first time something like this has happened... just the first time I've been made aware by another parents. 

I've noticed a pattern where my daughter seems to take sides with friends she likes more, even if it means hurting others. I suspect this might be related to how she is treated at her mom's house. , I've noticed these incidents are more likely to occur after she spends more time there. 

This situation has really made me think about how to handle bullying behavior and raise a kind and compassionate child when the other parent isn't in the same page.  I want to teach my daughter how to resolve conflicts in a healthy way, but I'm also concerned about her self-worth and the influences she's exposed to when at her mom's house. 

It breaks my heart to see my daughter behaving this way because it's so unlike the person I want her to be. Her step mother and I are determined to raise her with compassion and respect for others, and I'm open to any advice or resources from other parents who have been through similar situations.
",2024-05-22 0:28:05,https://www.reddit.com/r/Parenting/comments/1cxna28/help_my_10yearold_is_bullying_others_coparenting/,,abortion,abortion_data-updated - new_abortion_related_subreddits_text_posts .csv,02ee0e324467fe1eedc493925c39364f2c208bca1487fc187d1a9909a3ee087f,abortion
1lkbale,CPTSD,Trusting and loving people,"For all my life, I’ve experienced a lot of hatred and neglect, I guess like most people here. Afters years of analyzing and studying myself and my relationships/friendships, I now look at everything differently. I’ve always had a strong intuition and every single time I heard a lie, I was gaslit, I was manipulated, always always something was telling me this is not right. But I allowed ‘people’ get into my mind and replace my own gut, which cares about me more than any human being will ever care for me on this planet. Now, I’m a thousand times sharper than before. I can read through people just watching their facial expressions, or for example how they make their sentences, their catch phrases. I have an incredible ability to spot antisocial mfs. I don’t necessarily need to spend a lot of time with someone to assess them. The problem is most of the time, people won’t believe me when I see red flags and signs in people and If I insist on it, I’ll be labeled crazy. What I’ve also noticed is that people REALLY think people with ptsd or cptsd are crazy. This is coming from a person who’s spend all her teen and adult life with academics and PhDs. Doesn’t matter if a person has any degree or not. People are severely ignorant, even with their PhD’s up their bum. 
What hurts is that I can see most people lie and manipulate and cheat! And being as vulnerable and alone as I am, I find myself sorrounded by people who secretly hate me and wanna use me at the same time. They lie to keep me around. And if and whenever I speak up, They frame me as a problematic person. As long as I’m a good girl, I let men use me, I don’t confront, I don’t hold anyone accountable and responsible I’m a good person everybody loves, but the moment I speak up they are turned away, and because I have been very open about my mental health struggles and sexual trauma experiences they just label me with a mentally ill/ptsd girl, isolate me and move on. This is coming from academic communities. This is coming from academic women who talk all about feminism and liberal values during the day, but they destroy a female that holds them responsible when they befriend and protect their sex predator pals. When I get SA’d or SH’d, if I move on and don’t make a big deal out of it, Im a reasonable educated successful woman, the moment I make a big deal out of it and hold people accountable, I’m crazy and people abandon me.
I see how every time I survived DV and sexual/psychological abuse, the few people who come and act like they wanna help me, end up wanting some from me, and the rest of people simply don’t care. Because I’m a brown immigrant woman who doesn’t have anyone. I’m just a meat to people. Just an oopsie! Just statistics. 
My heart feels so empty and hollow. I see through people, and my heart feels so empty. 
I try to convince myself there is still love, I love my siblings, my mom, i wanna love some of my friends who I still feel safe around and haven’t noticed major flags, but at the end of the day, I feel extremely empty. All I have ever gotten from being considerate, from loving people, has been getting hurt and violated. Always! The very same people I loved and considered, ended up ignoring me to keep benefiting of the system and “keep themselves safe”. Therapy bullshit! Everybody’s keeping themselves safe! Yeah they do, I agree. I just dunno why I should be the one who gotta understand and emphasize with everyone and love! I don’t want to have empathy and love for everyone. Because that’s not what human beings are. Empathy is an evolutionary advantage, when it’s used in moderation and control for the right people. Im tired of therapy bullshit honestly. I’m tired of loving and understanding people. I’m tired of being told but there are people who care and love in this world, when the reality is most people don’t give a fuck. Yeah a few people care. But most people don’t give a fuck. ",2025-06-25 17:05:18,https://www.reddit.com/r/CPTSD/comments/1lkbale/trusting_and_loving_people/,,abortion,abortion_data-updated - new_abortion_related_subreddits_text_posts .csv,7f41a9e64f2333befeb74119155703732b861b91a90ea5ae928ba64fd70237f5,abortion
1e1rdl5,Parenting,"Help, my (m16) gf (17f) is pregnant and I don't know what to do","My girlfriend is pregnant, I'm so scared, I don't know what to do. The test is 100% positive, the lines are very clear. We both don't want baby now, but abortion is not an option. We live in Poland and abortion is illegal here. I really don't know what to do. Please help me.

EDIT: We decided to go with plan C. It's useful when the baby in the womb is only 1-2 months old. It's like plan B but it's for later. We will go to the gynecologist and probably he will give us this. 

Thank you for all your support. I'm really grateful and I don't know how to thank you all",2024-07-12 20:15:42,https://www.reddit.com/r/Parenting/comments/1e1rdl5/help_my_m16_gf_17f_is_pregnant_and_i_dont_know/,,abortion,abortion_data-updated - new_abortion_related_subreddits_text_posts .csv,5e54bad4c1f9d88c779fed7429253686239764e552471129c8db9d977e2b2d18,abortion
1bhyo5r,abortion,1 year after my abortion - so happy and grateful,"1 year after my traumatic abortion (19w + wanted pregnancy in the beginning): Althought the first months were soo hard and felt like I’d never see the light, after one year I am so happy! My abortion was my rebirth: thanks to my abortion I am now the main character in my life, I’ve realised I have to take care of myself, I’ve learned to love myself, and I’ve found myself after being lost for so many years. I’m the happiest and the most free I’ve been in 10 years and I feel completely authentic and myself! I’ve made so many new friends, I’m travelling so much and I’m living the moment, without worries and anxiety.  I’m so grateful for my abortion. I’ve also realised that the baby fever I had after my abortion was part of the grieving process and I am sure I don’t want any more kids ever (I already have 2). I am so grateful for all of you, this subreddit helped me a lot when I was grieving so much in the beginning. I felt I wanted to post here after 1 year and tell you all how happy I am living my life! Sending you a very warm hug!! ",2024-03-18 18:57:21,https://www.reddit.com/r/abortion/comments/1bhyo5r/1_year_after_my_abortion_so_happy_and_grateful/,,abortion,abortion_data-updated - new_abortion_related_subreddits_text_posts .csv,64fb5b44c65c5729833e0a29f82cd676a97b39e30c91075ecaa627b9830495e5,abortion
1gsqlvb,Pregnant,How to explain to family that I’m moving for a safer pregnancy,"I’m 5 weeks pregnant and while my husband and I are thrilled, we had to have some serious conversations. We live in TX, and various laws mean I’m very much in danger if there are complications, and my family has a history of miscarriages.

We’ve been wanting to move to WA for ages and this seems like a good time to do it. We have family there that would support us, and the area we’re looking at has excellent public schools.

I floated the idea to my mom and she immediately shut down. For context, she is from Mexico City and married my father, an American, and they moved to the US for a better life for their kids. Instead of seeing the parallels, she sees this as some sort of cosmic payback for what she “did to” her parents. 

What’s frustrating me is that I made it extremely clear that the door is open for visits anytime. I will pay for flights and hotels and bend over backwards to make it happen. Their income is struggling now that my dad is retired. But she won’t take any help! Ironically she complains about her parents not accepting help either.

I don’t think it helps that my MIL and SIL would move up with us, creating a dynamic that might seem like we’re “choosing” my husband’s family over mine. Tbh, I’ve always struggled to communicate with my family (I’m queer/nonbinary and an atheist to boot, and they’re Catholic af). My mom has a bit of a martyr complex with a heavy dose of passive aggression. So it was all “you have to do what’s best for you” but delivered in a super dismissive tone. 

Anyway, so far only our moms know about the pregnancy and the idea of moving. I guess id like some perspective on a few things:

1) just how dangerous is it to carry a child in TX? 
2) is there a way to deliver the news to other family and friends in a better fashion? I feel like I’m dangling a baby in front of them and then yanking it away. 

I know I can’t control my mother’s response, only my own. I am chanting this like a freaking mantra. If anything, thank y’all for the safe space to rant 🩷

UPDATE: Here's a source for people unfamiliar with the real harm anti-choice laws do to pregnant folks: https://www.nbcnews.com/health/womens-health/texas-abortion-ban-deaths-pregnant-women-sb8-analysis-rcna171631",2024-11-16 16:13:26,https://www.reddit.com/r/pregnant/comments/1gsqlvb/how_to_explain_to_family_that_im_moving_for_a/,,abortion,abortion_data-updated - new_abortion_related_subreddits_text_posts .csv,5db0e5d16c442c02267ff8fb30b59df76e1ea314365f0e39d3403524d86a1811,abortion
1cggfp7,Pregnant,Continuing Pregnancy After Failed Abortion,"Hi All,

Last week I took the abortion pills (mifepristone and misoprostol). I got them from Planned Parenthood.  I was 10 weeks and 1 day pregnant when I took the pills. First couple of hours I had light cramps and then it progressed to moderate cramping and bleeding (similar to a second or third day of a period). The next day I passed two small blood clots. In the days following that I only had spotting. What I experienced was nowhere near as bad as any of the stories I’ve read and I still had all pregnancy symptoms afterward. 

I went to an ultrasound imaging center today and I confirmed that my baby is still alive. I got to hear the heartbeat and see my baby move around. The tech confirmed the heartbeat is 166bpm which is very good. She also confirmed the baby has 2 arms and 2 legs and is measuring at 11 weeks now. She wasn’t able to confirm or address any other concerns because It’s not an OGBYN clinic.

Looking back, the moment I took the pills I knew I made the wrong choice. I have suffered greatly with regret and guilt. The hell that I’ve gone through I wouldn’t wish on anyone and this has changed my life forever. I wish I’d heard more stories of women’s regrets and suffering after abortion, I had only heard of women feeling relieved and empowered with the decision. I also wish Planned Parenthood had taken precautions to ensure this was the right choice for me and educate me about the emotional/physical consequences of my decision. I had my reasons and rationale at the time, but ultimately I am financially stable, and have the support of my family/partner. I feel naive and horrible about my decision and I would take it back in a heartbeat if I could. 

Looking forward, part of me is very grateful and relieved my baby is alive and seems healthy, but as you can imagine the other part of me is terrified of the harm and defects I may have caused my baby. 
 
Since this is such a rare occurrence there isn’t a ton of research or stories out there. Studies indicate that birth defects are a concern with misoprostol (mifepristone doesn’t seem to cause any defects). “The expected rate of fetal malformations in the general population is approximately 3%. In a cohort of 183 women exposed to misoprostol during the first 12 weeks of pregnancy, the major malformation rate was 5.5%; half of these were consistent with misoprostol malformation patterns.” 
So with that being said it seems like It’s only a slightly higher risk of defects than a “normal” pregnancy, which makes me hopeful. 

Planned Parenthood told me that I should end the pregnancy because of the birth defects risk and tried to scare me into doing it, but I am not willing to take their advice any further and I very much want this baby. I have an OGBYN appointment this week and will certainly discuss all of my concerns with them. 

If you or anyone you know has gone through this, please share the experience. Any supportive and helpful information is greatly appreciated. 


Research Reference: 

https://www.ipas.org/clinical-update/english/recommendations-for-abortion-before-13-weeks-gestation/medical-abortion/risk-of-fetal-malformations/

https://aidaccess.org/en/page/465/what-are-the-chances-that-the-fetus-will-be-malformed-if-you-have-an


*UPDATE: Wanted to share an update for anyone who might come across this post and be in a similar situation. I know how hard it is to find stories and information about this. By the grace of God, I gave birth to a perfectly healthy baby in November of 2024 ♥️",2024-04-30 1:23:32,https://www.reddit.com/r/pregnant/comments/1cggfp7/continuing_pregnancy_after_failed_abortion/,,abortion,abortion_data-updated - new_abortion_related_subreddits_text_posts .csv,9cf2a62e4f21b9890e2a922059e854541c192b0c8e1fbeb1f688e222b0b7f15c,abortion
1lkgs4v,abortion,DIY MA (since it’s illegal in my country),"Has anyone tried this method before?

Hii, I need some insights or HELP if anyone here is a professional or experienced who could guide me, that would be very much appreciated. 

I just bought the pills that I need for my MA. I was given Rotec (6pcs.) 3pcs to be inserted in the vagina and another 3pcs. to be inserted again after 1hour. But before the 1hr follow up, I have to take 3pcs. of mifepristone. And another 3pcs. after one hour. 

Is this even correct? Can’t I just orally take the other 3 in half? Because I was instructed by the online seller to take them all 6pcs thru insertion in the vagina like a suppository. 

I’m 7 weeks pregnant. (Philippines)



",2025-06-25 20:35:39,https://www.reddit.com/r/abortion/comments/1lkgs4v/diy_ma_since_its_illegal_in_my_country/,,abortion,abortion_data-updated - new_abortion_related_subreddits_text_posts .csv,f4b7c2824d8633622e542e94e86801643b586fc65b1b12432d483b04169f7275,abortion
1lmo1pk,Miscarriage,TTC after d&c // looking for people who got pregnant right away,"Hello everyone 

I had a 15 week loss 4 weeks ago (baby was measuring 12+2) and had a d&c immediately after so, 4 weeks ago. 

After 2 weeks we decided to start having sex to try again. I have no idea if I ovulated or not bc the LH tests were unreliable with HCG still in my system. But, I did have my telltale signs of ovulation. 

I have been testing my hcg out and the last few days it has completely stalled like, 3 days of the same line and it has me wondering if anyone who immediately started trying again had this happen and end up pregnant again? 

I have a follow up OB appointment in a week but, I was just curious to hear anyone else’s story! ",2025-06-28 14:24:50,https://www.reddit.com/r/Miscarriage/comments/1lmo1pk/ttc_after_dc_looking_for_people_who_got_pregnant/,,abortion,abortion_data-updated - new_abortion_related_subreddits_text_posts .csv,67cfcaae90b29e1c1e84620c350793e239b07d887f107dc3b341e7bc8eb764d2,abortion
1llc51q,legaladvice,Planned Parenthood could’ve killed me,"i’ll try to keep this as short as I can but in June 2024 Location: Minnesota 
I had a surgical abortion performed and IUD placed, I was not properly informed on risks or any risk at all having both done in the same procedure, i was not properly sedated and was telling them i felt everything but nothing was done. it was so painful i could hardly cry during it, they only monitored me for 15 minutes and as I left the parking lot i started experiencing 10/10 pain and vomiting. I was bleeding severely and couldn’t walk or sit still I could hardly speak but talked long enough to call and tell them what was going on but they told me I was fine and to take the ibuprofen they gave me. I suffered for 4 days until being taken by ambulance to the ER the night of the 4th day because I started passing lemon sized clots every 10 minutes with extreme cramping, I was informed by the ER doctors that I had retained products of conception and they had misplaced my IUD which is probably what kickstarted the pain, I had an emergency D&C the morning after and I don’t know how my body has recovered because I’m too traumatized to go to a gynecologist. I was wondering if this is a possible medical malpractice lawsuit, I can hardly speak about it so I don’t want to waste my energy explaining it over and over if nothing can be done, even if not I just want them to be held accountable. They were aware of what happened and showed no remorse or offered any support ",2025-06-26 21:24:29,https://www.reddit.com/r/legaladvice/comments/1llc51q/planned_parenthood_couldve_killed_me/,,abortion,abortion_data-updated - new_abortion_related_subreddits_text_posts .csv,865bf25bdccedf044b3a32c78b098a4e224110dc6f7351472ef5a05f07aabba2,abortion
1fq150f,AmItheAsshole,AITA for throwing out my kid’s food?,"When I was a child my mother had no concept of what is healthy food. If it said diet on the box it was ok. She would serve me cereal for breakfast. Dinners was often processed ready to eat junk or McDonalds. After school snacks was cookies and Little Debbie. My mom is obese and I was almost 300 lbs when I graduated high school. It was only after I moved out that I realized how unhealthy I was and it took me years to lose that childhood weight and establish good eating habits. 

My wife has always had them and was brought up by a family that didn’t trust processed foods. My family and I know follow a whole food diet for ourselves. 

My mom had a heart attack and is almost 400 lbs. This is her 3rd heart attack and she wasn’t able to make rent so now she is living with me and recovering at my home. She has been to a nutritionist multiple times for her weight and acts like she is too stupid to understand what they are saying or acts like no one really eats like that or the doctors and nurses are bullying her because of her weight. 

She has been ordering junk food and take out on apps like instant cart and Uber Eats. She has been feeding my kids the same junk food. Even after I have told her to stop. 

I hear the ring camera go off and my youngest child gets my mom’s latest McDonalds order. My mom got both of my kids a happy meal. This was the 3rd time she has done this week. 

I took my kids happy meal and tossed them in the trash and poured cleaner on top of them. I told my mom if wants to eat herself to death that’s ok with me but do not kill my children like you almost killed me as a child with this trash. 

Things got heated because my mom was crying saying she doesn’t know any better and one Happy Meal will not hurt my children. I told her this is the 3rd one this week and if she gives my children junk again she will find herself in a nursing home. My mom cried and cried saying I was mean to her and all the doctors do is bully her. She just wants to live her life. I told her she’s not living her best life she’s eating herself to death. My mom called me a bully and told my children I was a bully and not to act like me in school. I told my mom I’m fed up with her and I’m looking at nursing homes later that week and I’m not having her bring this lifestyle into my home around my children. ",2024-09-26 17:00:19,https://www.reddit.com/r/AmItheAsshole/comments/1fq150f/aita_for_throwing_out_my_kids_food/,,abortion,abortion_data-updated - new_abortion_related_subreddits_text_posts .csv,b25bc8bff03780e4d6e78ed772eae69717d39e59b08f3e3117b139f352b25a9d,abortion
1ll4boq,relationship_advice,My (24F) overprotective partner (30M) can be too much for me to take in sometimes...,"hey everyone, is it normal for men to be overprotective? before i start, i love him so much. we knew each other through tinder back in 2020. we got into a relationship in 2021, and we are getting in 2 months time. he is the love of my life, accepts me for who i am in every way and i am forever thankful for that. 

i have never cheated on him, not even once, and he has never cheated on me too. but in the start of our relationship, he has pretty bad trust issues. he got cheated on by his ex in his first relationship. he was single for a decade. he did contacted girls here and there, which some of them happens to have a boyfriend, which he knew about, but still proceeded to talk to them anyway. note that this is his 2nd relationship. yes, it was difficult for me to earn his trust. i put my energy into earning his trust and proved him wrong that i am not like the girls he met. it definitely was tough on me. i cried most of the time because i couldn't handle it any longer.

he is protective with what's his, which i am totally fine with, honestly. 

but it can get too much for me sometimes. we had an argument and we hadn't spoke for a day now. not even a single text coming from one of us. he doesn't likes it when i'm out without him, all dressed up, with make up on. he finds it that i am attracting guys, or, men will look at me. but really, as a woman, i look good and feel good for MYSELF, and when i'm out with him, it's for HIM. 

but anyway, the argument, it's all because i wanted to go the gym without him. yeah, just me alone. why he does not want me to go? because he said, men will look. in all honesty, in a gym where the ratio of men is more, i usually feel uncomfortable to wear tight fitting workout clothes. i have also told him that i'm definitely not gonna do legs, just upper body. most of the leg workouts requires me to squat or bend over, while upper body workouts don't. i'm obviously gonna wear loose clothes that'll cover my butt. (before i go further, i'm just average looking. my ass is average. yup.) he's angry that i did not listen to him and still wanted to go to the gym by myself, instead of waiting for him to be free and go there together. so what did i went to the gym? nope, i didn't.

because we're getting married soon, he doesn't like it if his partner isn't gonna listen to him especially on things he does not like. i do not want to be that disrespectful wife though seriously. 

i love him so much and this is the first time we went this long(well yeah, a day going to 2) not speaking towards each other. i'm really tired of putting in the energy to work things out with him. we've rarely had a respectful argument. it tends to be a heated argument most of the time. he wanted a respectful argument, and so did i. no matter how bad we tried, we don't seem to be on the same page every time when it comes to this issue. however, i'm tired of getting belittled and criticised at every time we argue. i usually speak to him and tell me why it bothers me, why it hurts my feelings, but he doesn't seem to understand. it's pretty exhausting how i find myself giving in most of the time. but i'm tired honestly. 

besides the fact that we're getting married in 2 months... we also bought a house together so we're moving in and will be staying together soon as married couples. (btw we're both singaporean lol. most singaporean lives with their parents until they are married/have turned 35 to buy a house.) i'm feeling so numb right now. i just couldn't cry anymore. maybe i'm just tired and done? but if you ask me on a deeper note, i love him still. i do want to make it work and give it another shot. but will i regret it? will this be worth it?",2025-06-26 16:17:33,https://www.reddit.com/r/relationship_advice/comments/1ll4boq/my_24f_overprotective_partner_30m_can_be_too_much/,,abortion,abortion_data-updated - new_abortion_related_subreddits_text_posts .csv,862654481696aa3c938a685bf0b3525171617f0570959685094f7a70676faf13,abortion
r967j8,TwoXChromosomes,Is anyone else terrified that Roe v. Wade is about to be overturned?,"From what I’ve been reading, it’s basically a certainty that Roe will be overturned in June 2022. I feel like the world is crashing down around us, but no one even seems to realize that it’s happening or care… my husband says, “well, at least we live in a blue state,” but if Roe v Wade can be overturned, then what’s to stop the powers that be from outlawing abortion outright in the entire country? Also, I feel for poor women in red states who are going to be screwed by this…",2021-12-05 3:16:12,https://www.reddit.com/r/TwoXChromosomes/comments/r967j8/is_anyone_else_terrified_that_roe_v_wade_is_about/,,abortion,abortion_data-updated - new_abortion_related_subreddits_text_posts .csv,48ff0958378ed356b8334e931d6202649717ac8a085c466f1f46580785e3ad0a,abortion
1f4f98a,abortion,My surgeon suggested I terminate my pregnancy,"I found out that I'm pregnant but I'm living with thyroid cancer. My mother had this same thyroid cancer and it spread to her ovaries. My endocrinologist/oncologist switched up my medication to safer options for pregnancy, but I saw my surgeon today. Needless to say he was concerned about the unplanned pregnancy and he strongly suggests I terminate, but ultimately the decision is up to me, but if I were to go full term then I would be putting a much needed procedure on hold.

I know what I should do. I know the next right decision for my health is termination. I'm still devastated though. 

I've had an abortion before and it was awful. Every body is different and my body didn't handle the pills well. I'm hoping it will be different this time. 

I'm not sure if I'm looking for advice or if I just need to vent.

Also, so much for depo-provera and the pull out method 🙄

In oregon ",2024-08-29 22:20:18,https://www.reddit.com/r/abortion/comments/1f4f98a/my_surgeon_suggested_i_terminate_my_pregnancy/,,abortion,abortion_data-updated - new_abortion_related_subreddits_text_posts .csv,f707544aa585d1f24afa38668a123b7d1c091808d5857fa5b7d78ec4cc5837a9,abortion
1gptujl,confession,I had abortion when I was 18 and don't know still if made a mistake or not,"It's something only few people knew about. I already have a son and even adopted a girl. But to this day, some 32 years later, I still don't know if I made a huge mistake or not. At some point, I thought another baby would not be too bad since I had my son at 22. But then again, what my life would have become if I had given birth to that child. I can't say I have regrets. But still ....",2024-11-12 19:58:29,https://www.reddit.com/r/confession/comments/1gptujl/i_had_abortion_when_i_was_18_and_dont_know_still/,,abortion,abortion_data-updated - new_abortion_related_subreddits_text_posts .csv,5f06a03f1fff6ffcd5a1eeccd841495aa2d25e85c5e44ba0c571f0859e5f1470,abortion
i2c7qd,abortion,"All the DMs, all the protestors, all the people saying I'd regret it were wrong.",I had my abortion almost 3 weeks ago and it was the best decision I've ever made. I feel nothing but relief. I'm happy.,2020-08-02 13:40:14,https://www.reddit.com/r/abortion/comments/i2c7qd/all_the_dms_all_the_protestors_all_the_people/,,abortion,abortion_data-updated - new_abortion_related_subreddits_text_posts .csv,8cd002835c26c48cd9a7198dfc1094f646f37ad27bf0a88ee30cc5198ff9f0d2,abortion
1f0k6ld,TwoXChromosomes,"I did it ladies, I politely but firmly declined a guys ""help"" at Home Depot today.","I had to get some wood to have for projects planned on Labor Day weekend. I have a different vehicle now so I had to figure out how to get it in my Jeep. ( All 8-10' lengths) 
In my last Jeep, the front seat folded forward enough to put a blanket down and slide the wood along the seat. And I knew exactly how to stack them. So this trip I needed to find a safe load technique.

As I parked the big orange trolley by the back of the Jeep loaded up with my spoils,  I see a HD guy come out and stand a few feet from me. Before he said anything I came out with "" I got it handled, so I'm good"". He blankly stares at me for a sec, then says ""I saw you might need help"". Me - "" Nope, I said I got it. Thanks."" 
He's perplexed, then comes up with "" Well I'll just wait for the trolley"" Before he's finished talking, I'm shaking my head no at him and I said "" No your gonna leave me be, I'm gonna take my time , so no."" I made sure to stop fiddling with the wood and just stand and stare at him until he turned and left. 

He looked pissed, probably, IDC about his feelings. Felt good to abort his knight in shining armour attempt and steal his opportunity to deride me with my wood loading skill.

Btw, I'm not a 20 something girlie who would normally attract most men, but for some reason this 60 year old lady always gets that one jerk from the store that has to push their agenda on me. 

I try to plan my wood gathering trips later in the day, when there are less people, but I had stuff to do while the weather was good.

I guess I'm extra aware because several years ago I was offloading my 16' kayak from the roof of my car at a river, and while I was mid removal, some guy came up behind me to ""try and help"" me. Not only did he scare the crap out of me, but put me in a position to get injured as the kayak weighed 50lbs. I had a specific way to offload it safely.

I dropped the kayak on the ground and started yelling at him...not my finest moment..but I yelled at him ""How do you think the kayak got on top of the car in the first place, you idiot, I could have been hurt! And don't you ever do that to another woman, get in her line of sight and ASK if she needs help, and leave if she says no.""



EDIT: Some people are misunderstanding my intention of posting this. It's not that he asked if I needed help, it's the fact he didn't say Okay and go back to the store after I said I had it handled. Most men or women will get it and leave, this one did not. That is my issue.",2024-08-25 0:44:36,https://www.reddit.com/r/TwoXChromosomes/comments/1f0k6ld/i_did_it_ladies_i_politely_but_firmly_declined_a/,,abortion,abortion_data-updated - new_abortion_related_subreddits_text_posts .csv,aa057f83535b1487a67e5000f21aeb60fa15c6387da9e06d1ee2e1a5e3519830,abortion
1h2rg8y,AmItheAsshole,UPDATE: AITA for telling my brother to stop coming unannounced and changing the locks?,"Hello again! I just wanted to start by saying thank you all for your judgments on my last post. I read every comment and gave each perspective some thought. Ultimately you guys helped me gain the confidence to stand up for myself and ask for our robot back! 
I included my text conversation with my brother Chris in the comments of my last post. To summarize, I asked as politely as I could for our mopping robot back as well as stated the reasonings why it belonged to us. Chris refused to see reason and pretty much said he would be cutting me out of his life if I kept bringing this up. 
My wonderful BF couldn't sit back and let him be disrespectful to us anymore. He had his own conversation with Chris, which for privacy reasons cannot be shared. BF ended up taking some of your guys advice and threatened to reveal specific information to our family if our robot was not returned on Thanksgiving. This was last Thursday, so he had one week to make a decision. 

After a quiet week I was preparing myself to drop a bomb on family dinner. But then, I went out to start warming up my car Wednesday night and there was a box on my front step. I didn't order anything and as I picked up the box noticed it wasn't sealed. 

GUYS OUR ROBOT FRIEND FOUND HIS WAY HOME! 

I guess Chris decided that a mopping robot was not worth ruining his reputation with our family. He will not be bothering us anymore, and we will be low/no contact from now on. 

Now a positive from all this drama! BF and I are utilizing our new home monitoring cameras to watch our pets. Our dogs and cats activities while home alone are so entertaining  it's brought us a lot of joy to check in on them. Family photo will be posted in comments of pets and robot!

Have a great holiday season everyone! ",2024-11-29 17:51:31,https://www.reddit.com/r/AmItheAsshole/comments/1h2rg8y/update_aita_for_telling_my_brother_to_stop_coming/,,abortion,abortion_data-updated - new_abortion_related_subreddits_text_posts .csv,fc3362051114978eace6049f0dda55edcad4df2429a91425bf08da861124ca49,abortion
fyphuu,PTSD,"Abuse victims with PTSD, have you guys also noticed how abuse is used for comedy in media?","It's kinda painful to see what causes me so much heartache used in comic relief. I've mostly seen this with emotional and physical abuse. For example, i remember seeing good luck Charlie as a kid and seeing how neglected Gabe was. He was the 3rd out of 5 siblings, but the parents treat the other 4 kids with more love and attention than him. Causing him to act out and be a delinquent. (And Disney loves to copy this dynamic into other shows)
A more recent example I've seen is in my favorite game Persona 5 the Royal, the character Ryuji had already been physically abused by his dad and coach, then his friends casually called him ""stupid"" and beat up on him. There's even a controversial scene in the original Persona 5 where Ryuji is implied to get assaulted by two stereotypical gay men. And this isn't the first example of a character abused for comedy in the history of Atlus games.
As a domestic violence victim who's abuse was treated as comedy or punishment in real life, it brings me back to a time where my pain was used as a punchline. My abuser and his friend thought it was funny when I got upset in response to abuse. Im not trying to be some tumblrina complaining, im trying to explain that abuse isnt funny and shouldn't be treated as such.",2020-04-10 21:40:44,https://www.reddit.com/r/ptsd/comments/fyphuu/abuse_victims_with_ptsd_have_you_guys_also/,,abortion,abortion_data-updated - new_abortion_related_subreddits_text_posts .csv,36bc3a4d9fcb2d90a66487569eb4eb849f71d5f0bd50e23873ef990002b90b12,abortion
eednnw,abortion,"23 year old, abortion experience to ease worries","Hello all, I just wanted to share my experience with my surgical abortion.

I'm 23 years old and in college. I had the copper IUD for about 6 years, and my period came each month predictably on the dot. Then one day, I was ten days late, took a pregnancy test, and you can guess the rest.

I am in my last year of college. I have no job aside from my summer jobs, and it was simply not the right time for me to be pregnant or have a baby. I also have past sexual traumatic experiences, so the idea of going through pregnancy to the adoption route didn't work for me. I didn't like the thought of sharing my body.

I am on my parents' insurance, so I could not use it to pay for the procedure (they are very pro-life and could potentially have yanked my college funding if they found out). I was very fortunate that my boyfriend had a credit card, so he paid for the procedure and we split it half and half later on. I also called planned Parenthood and got some financial assistance based on my age and income.

The week I waited for my planned Parenthood appointment was the worst of my life. I couldn't tell my family, so I had to walk around like everything was normal. When the appointment rolled around, I was really scared, but sure about my choice.

The staff at PP was incredible. They were all so nice, nonjudgmental and accommodating. I checked in with my ID, and was given a list of possible sedation options. I decided to go with conscious sedation (the highest level they offered) as the idea of going the pill route scared me. I didn't want to be bleeding at my parents' house for two days with a secret abortion.

They did an ultrasound and they determined I was 6 weeks along. The ultrasound tech was so nice and understanding, and she asked me before we started if I wanted to know if I was carrying twins or multiples. I said I wanted to know, but I just had one anyways. The ultrasound determined the cause of pregnancy had been that my IUD was completely out of place.

I was then brought into a room and we went over my medical history. They also asked if I was being pressured by anyone into the abortion, which was not the case for me, but it's great that they asked. They took a finger prick to measure my iron levels and RH status. The lady who was there was patient and answered all of my questions (I had a massive list of them, because I tend to over prepare when I'm nervous).

The actual procedure went by so quickly, which was very nice. I was given an IV port and ushered into the surgery room. Before they put me under, the doctor and nurse introduced themselves, explained the procedure and asked me if I had any questions. When I was put under, the entire thing took maybe 5 minutes, and I felt no pain at all.

When I walked out of the clinic, it was instant relief. I didn't have to be pregnant anymore, and I didn't have to worry about my family finding out. I am now about 10 days post-abortion, and I'm still spotting a little, but none of it has been more painful than cramps.

If you have decided an abortion is the right choice for you and you're nervous, I'm here to say please don't be! I would recommend conscious sedation, as I felt no pain and the recovery time was almost nothing. My heart goes out to the people having abortions who cannot tell their families. This was the worst part for me, as I am incredible close to my mother, and not being able to tell her about this nearly broke me. But at the end of the day, I know I made the right choice for me and my future.

Sending good vibes to everyone who has decided on abortion or those who are still weighing their options. You are loved and the choice is yours alone ❤️",2019-12-23 1:42:46,https://www.reddit.com/r/abortion/comments/eednnw/23_year_old_abortion_experience_to_ease_worries/,,abortion,abortion_data-updated - new_abortion_related_subreddits_text_posts .csv,90b6c3820185eced1998b70ce680869819d1cd90aafedb3747a2cfa461e404d8,abortion
1kap7su,abortion,My boyfriend didn’t comfort me during my abortion,"I just went through a medical abortion this past weekend. And my boyfriend was at my house during the abortion, but couldn’t even sit by my side, hold me, comfort me, or even stay in the same room as me. I kept asking him to just come sit with me. I was all alone in my room in pain going back and forth to the bathroom. I asked him why he couldn’t just sit by me and he said it was too much for him and he couldn’t do it. He sat in the living room and watched a call of duty tournament all day and was on and off of phone calls with his friends. Laughing and acting normal. He didn’t hold my hand, give me a hug, comfort me or even sit by me the whole process. I thought he was coming over to support me. To be honest I think it really opened my eyes to what kind of person he really is and I just can’t look at him the same way anymore. He also didn’t spend the night either. He made the excuse he didn’t want to use the same bathroom as me. So he went home. I’m still processing everything. 

Edit: Also, a day before I had the abortion I mentioned that I was scared to have sex for a while just because I want to heal and when I feel ready to be intimate again. And he got upset and said “don’t joke like that” he thought I wasn’t being serious!!! He said I should be fine after a week or two. When in reality I don’t know when I’ll ever be ready again…. I’m just in shock of everything. How could he say he loves me but treats me this way? 


Update: thank you to everyone who wrote back. Thank you for the supporting and encouraging words. And telling me I deserve better. It really means a lot to me. Thank you. It is such a difficult patch in my life right now and hearing those words helped me build up the courage to stand up for myself. 

I told him I’m done with this relationship after what happened and he is apologizing saying people make mistakes and that I should forgive him. He wishes he could take it all back. He told me “Your willing to throw us out? We are worth fighting for. Don’t give up on us.” And he keeps trying to manipulate me into giving in. I told him he threw us out when he decided to watch call of duty tournament instead of being by my side during my abortion. I asked him more than 10 times to come sit with me. Even just to be in the same room as me. But HE made the choice of wanting to be alone and not be by my side.

He’s now trying to play the victim saying “you have no idea what I’m going through, this hurt me more than you’ll know.” And honestly his statement made my blood boil. I told him we could’ve grieved together as a couple and been there for one another but HE was the one who wanted to isolate himself during the process.

Don’t get me wrong he is also allowed to grieve and have feelings too but it’s no excuse to leave your partner alone when they needed you most. I wanted us to be sitting together holding eachother, having eachother to lean on during this. But he just couldn’t. He didn’t even want to be in the same room. He thinks this is just a “mistake” he made and that we can get through this and move on. But I told him no. This is something I can’t look past and it’s why I want to end things with him. 
I will update you guys in the next few days. ",2025-04-29 14:24:52,https://www.reddit.com/r/abortion/comments/1kap7su/my_boyfriend_didnt_comfort_me_during_my_abortion/,,abortion,abortion_data-updated - new_abortion_related_subreddits_text_posts .csv,4052a919bcb16a74e02f76539b264bdb9064a64edd7f627eb7ddbf212edab624,abortion
1gfmrdp,abortion,Failed Abortion…how is it possible?,"I found out I was pregnant and took the pills (in Georgia) to terminate my pregnancy. It came with a LOT of cramping and bleeding. I was passing decent sized clots. 

I ended up in the hospital for 2 days due to blood loss and got a blood transfusion. 

I followed up with my OBGyn and they did an ultrasound and there was still a heartbeat. They also did labs and my hcg is still rising. How is this even possible? I am just distraught. They said I can travel for a surgical procedure but I’m not sure I can do it. With all the bleeding I did, how is there still a baby?",2024-10-30 13:39:25,https://www.reddit.com/r/abortion/comments/1gfmrdp/failed_abortionhow_is_it_possible/,,abortion,abortion_data-updated - new_abortion_related_subreddits_text_posts .csv,00b12b894dcd2ee6b07d4dd01f21ebde83c11ae3a8df51f70ca70dc8f50c0386,abortion
k9tsp6,abortion,I had an internet abortion during lockdown,"I got an internet abortion during lockdown

Hello, my name is bee, I’m 23 and live in a southern red state, with only one city performing abortions. I’m here because no one knows except my significant other. I dont know where else to go, or if anyone even cares, but i just know i need to tell this story to get some peace. 

I am pro choice, i always have been, and always will be, every human deserves the chance to choose their path. That being said, the first time i had a scare (at 19) i really had to stop and ask myself if i was prepared to do what comes next. The second time, i was worried i wouldnt even be given that choice, considering the circumstances. 

I could physically and mentally tell that i was with child, within the first month. My body and mind were changing for a child to grow in me. I’ve been on bc since i was 19, but after a year of being together with my partner i got lazy with my pills. I’d miss days, take it randomly if i did take it at all, and i was using no other form of protection. When it came to taking the test, i knew. I knew what it was gonna say, and i knew i was fucked. It was right around the time things were beginning to shut down, and the nearest clinic was a good ten hour drive, not to mention i didnt have the 1000 dollars to do it. I’ve always considered myself pretty lucky and privileged, but when it came to this, i was shit outta luck. I woke up one day in April to the reality that i could potentially be forced to carry a child i was in no way prepared for. I’d been smoking and drinking, heavily, and was terrified that if i did have to have this child, i was going to bring it into a world at a physical or mental disadvantage. It would come out wrong, i was so sure. But thankfully a close family friend helped me, they worked with people who were in even worse situations than i. They told me that i did have an option, i could go online and order a pill, do some shady back door deal, cross my fingers and pray that the 300 dollars id just paid someone via PayPal would be real and not some scam. And let me tell you, that month of waiting for that pill was nearly unbearable. Every day wondering if what i was doing was the choice i was supposed to make, and if one day when i was truly ready, would i be punished? Would i face the cruel and twisted punishment of giving up my only shot at a child? It can sound silly, but ask a woman who wants kids if she’s ever wondered if she would ever be denied, and the answer is almost always yes. But it came, and i read article after article about what it would do to me, and how it could fail if not taken correctly. And it was terrible. The toll it took on me was astounding. I was doing this scary, hard, terrible thing, and i had no one to support me, no one who would understand how i felt as a woman.

So i did it, and no one knew, and the months of covid continued into summer, fall, and now winter. And i am constalty hearing my family talk about how a child is a gift, how abortion is wrong, that god does all he does for a reason. It was and is hurting me so deeply. I just want to have them see me for all i am, that i am not a bad person for what i did. That everyone is deserving of the choice, and that we are not evil. That i  still am me, and i still deserve love and compassion. 

If I’d kept it, I’d be having it in the next month or two, and i can promise you that i am still so not ready, and i wont be for a long time. this year was hard, i ended up committed after an attempt on my life, and sometimes i ask myself if that was the choice i really needed to make. i wonder what they would have looked like, and if I’ve cursed myself to a barren womb here on out. But I’ll get through if, because i know at least one human being on this planet understands the heaviness my heart has carried this year. That’s why I’m here right now, making the choice to share what is one of my deepest shames. Because i hope to god that someone who needs to read this will, and that they’ll feel like they’re going to be okay. 

If my story doesn’t belong here, please just tell me and i will remove it. I just needed to know is connect to someone about this, because what is the meaning of life if not to connect to another soul. Thanks for listening.",2020-12-09 15:26:18,https://www.reddit.com/r/abortion/comments/k9tsp6/i_had_an_internet_abortion_during_lockdown/,,abortion,abortion_data-updated - new_abortion_related_subreddits_text_posts .csv,c784b7b80f0c45f9bfdbfdf848f80719d7faa696f53855220927f209df37bf63,abortion
1ljpyw1,abortion,I’m 20 weeks pregnant and,"Hi everyone,

I just recently found out that I’m 20 weeks pregnant. I have very irregular periods, so I genuinely had no idea I was pregnant until about a week ago when I started feeling nauseous and went to get checked. It was a complete shock.

I’m in Minnesota, and I’m trying to figure out what my options for abortion are at this stage. I already have a child who is autistic, and I’m doing everything I can to give them the love, time, and support they need. I just don’t feel like I’m in the right place mentally, emotionally, or financially to bring another child into the world right now. I feel overwhelmed and scared, and honestly… guilty for even thinking about abortion this far along.

I keep wondering if I’m a horrible person for not wanting to go through with this pregnancy, but deep down I know I’m trying to make the best decision for everyone involved including the child I already have.

If anyone has been through something like this or has experience with later abortion, I’d really appreciate any advice, support, or just to hear that I’m not alone.

Thank you for reading.
",2025-06-24 23:09:28,https://www.reddit.com/r/abortion/comments/1ljpyw1/im_20_weeks_pregnant_and/,,abortion,abortion_data-updated - new_abortion_related_subreddits_text_posts .csv,ff1611f0410c1825dcb2f4327eb2dafec1dff7d54b707d035df75cad029a74c3,abortion
1io8fwv,TrueOffMyChest,I don’t want one of my partner’s closest friends at my wedding because she disgusts me.,"I (23F) am getting married in october 2026, and even though I know there’s still time to decide who gets invited I know FOR SURE I don’t want one of his (older than me, don’t want to say his age) best friends there.

The thing is; I was SA’d when I was 17 and the PTSD that comes with it is devastating. The only reason I don’t want her at the wedding is that they (her and my future husband, when I didn’t even know him) used to have sex when she was already in a long term relationship with her now husband. So often that when she got pregnant she didn’t even know who the father was, that’s why they stopped hooking up. I already find cheating disgusting, but since they were all friends and knew each other it triggers me so much. I already struggle with trying to not see everyone as animals, the society we live in constantly reminds me of sex and my trauma, I’ve already been to therapy and going for the second time because I can’t stop feeling disgusted about things like this. I don’t want to be reminded of this on my wedding day, I never wanted to meet her either even tho his friends asked multiple times.

It just enragens me. I can’t stop feeling disgusted, I’ve been feeling like this for months and the though of this haunts me. And I know that it’s my own problem, I’ve already been to therapy and on meds for my ptsd, I’m going back to therapy just for this. I can’t explain how much this triggers me because it reminds me of my assault: he had already had sex with someone else before assaulting me so I couldn’t find a reason to why he would do that to me other than he’s just an animal. She already had a boyfriend and couldn’t keep it in her pants, to me she’s just the same as my abuser.

Nobody knows about their affair. None of their friends. I don’t want to meet them because I know I’d go crazy and spill the beans so I avoid putting myself in that situation at all. They’ve all known each other since middle school/high school, I know it would cause drama if she and her husband were the only ones not invited and I feel awful for putting him through this.

He says he understands and that he would never do anything to upset me this much on any day, let alone our wedding day.

If I learned one thing in therapy it’s that I don’t have to feel sorry or guilty for expressing my boundaries and that I don’t have to force myself to be “normal” or accept things that other people normalize. I still feel guilty and I’m sorry for him.


EDIT: I never said she’s the ONLY guilty one here. I already talked to him about this, he knows that he’s at fault too and that it bothers me. But I can talk to my husband and fix things. With her, on the other hand, I don’t want anything to do. 
Also people don’t understand that it’s not the act per se the problem, but what this reminds me of: it’s not the same thing, cheating is not the main problem, thought it’s still part of it. It’s what triggers me, but not what actually hurts me. 
",2025-02-13 2:09:27,https://www.reddit.com/r/TrueOffMyChest/comments/1io8fwv/i_dont_want_one_of_my_partners_closest_friends_at/,,abortion,abortion_data-updated - new_abortion_related_subreddits_text_posts .csv,bedacdcb0c89a1cd277bcdb5208584c5e2bbeeaac90a4211dbec89d21d0cb413,abortion
1hgcckn,OBGYN,Pregnant at home but not at doctors?!,"I FEEL LIKE I'M GOING CRAZY. Ok, so back in October, I (26F) had some familiar pregnancy symptoms. Then my period was 2 days late; my periods are NEVER late. These plus a few other things convinced me I'm pregnant; but every test I took was negative. Well I started spotting the next day, but it didn't turn into a full period until about a week later. I became concerned it was ectopic, because I was on the copper IUD and was told its common for pregnancies to be ectopic while on it. Google said ectopic pregnancies can take 10-15 weeks to show on a test. So when I started having really sharp pains on my left side just like my last ectopic pregnancy, I went straight to the ER.

They did bloodwork, an ultrasound, a CT scan and... nothing. My HCG value was 1: not pregnant.

I was so confused. I've never been so certain I was pregnant and been wrong.

Well, for the next month the bleeding never fully stopped. I spotted all through November until my period (again 2 days late) started.

During this period, which was very heavy and painful, I passed a white clot of some sort. I reached out to my doctor, she told me to take a pregnancy test and it was positive. It was the weekend when I got the positive test, so I had to wait until Monday to get a hold of my doctors. I took a second test Monday morning to see if the line was darker or lighter, becausemy friend kept telling me how she was having regular periods when she was pregnant with her fifth child, so I could very well still be pregnant. The line seemed just a tad bit darker.

I wasn't able to come in until Tuesday, where they did an ultrasound and a pee test. And again, they found NOTHING. My pee test was negative and scans showed nothing. The doctor kept talking to me like a child and calling it irregular bleeding instead of a miscarriage. I was like ""it's not possible to have two false positive tests in a row!"" And she indignantly replied, ""yes, it is."" 
I will say, my urine gets very diluted during the day because I drink a lot of water. Sometimes it has no color. The urine they used to test was pale yellow.

Anyway, I didn't bother asking for bloodwork to prove I was pregnant because I figured if I was showing up negative, that means I did miscarry and was long done with it. My heavy bleeding was done before I even took the tests. I had her remove my IUD in case it was causing the bleeding, and I went home.
This all happened about a week ago.

Well, just like last month, I have been spotting ever since; not a day without bleeding. Last night, I noticed my tummy was looking pregnant, like in second trimester; I pressed on my abdomen and it was hard. So I decided ""what the heck, I'll just use my last pregnancy test tomorrow morning to make sure."" 

This test was from a different box than the other 2, and digital. I took it this morning and it read ""Pregnant."" Y'all WHAT IS HAPPENING?? I don't even want to go to the clinic cuz I'm ready to see another negative test and be dismissed again, I don't know what to do. It's like I enter different realities when I go to the doctors and when I'm home.",2024-12-17 14:55:01,https://www.reddit.com/r/obgyn/comments/1hgcckn/pregnant_at_home_but_not_at_doctors/,,abortion,abortion_data-updated - new_abortion_related_subreddits_text_posts .csv,db22191271df6f8f10d36cc388fa016975ed927914c93bf3a34b0dfd370b55c7,abortion
1knok7v,Pregnant,i got pregnant from a one night stand,"yep, so the title… i (24) got pregnant from a one night stand. i found out very quickly. i’m five weeks pregnant. i’m kind of freaking out. actually not kind of i just am, freaking out. it’s so strange because i really was not worried about being pregnant. my coworker i’m close to asked me if i was okay cause i seemed like i was acting different lately. i told him i was just feeling kinda sick every so often, especially in the mornings (i know i’m an idiot.) but in my defense i have ibs and anxiety so it wasn’t abnormal to me to feel this way some mornings. anyways, he was alarmed and asked if i could be pregnant. i said no, but then i realized i was two days late. this wasn’t alarming to me at first either because i have endometriosis. so my periods can be crazy. but on my way home on a literal whim i bought an at home pregnancy test. yep, took four and all of them immediately tested positive. 

i went to the ER, because i was in absolute disbelief. they confirmed i was five weeks pregnant, ultra sound and all. they said it was growing healthily and normally so far. they told me the predicted due date (which was so triggering i’m it’s probably procedure but damn) and sent me home. i’m shocked. i’m confused and i’m scared. pregnancy termination is not legal in my state. but i told trusted people so i know i have safe options. my life isn’t really in the best place right now if i’m being honest, but for some reason i am struggling to come to terms with the fact abortion is probably the best option. i know i’m not in love with this guy and it’s how i imagined having a child. but i love children so much and my whole life i’ve wanted to be a mother. on top of that i used to struggle with severe anorexia along with the endometriosis so i never even realized this could be possible, was told it’d be struggle throughout my teens and adult life. i feel like even though people are saying they will help me if i decide to keep it im that i couldn’t provide what id want to give them. selfishly, the idea of aborting the baby feels devastating. 

unfortunately, time is of the essence. i am going to have to eventually tell the guy who got me pregnant, and i know i need to figure out a decision beforehand. i am feeling just so overwhelmed. has anyone been through this in even the slightest? how long do i have to decide? is it wrong if i go through with either of these options? will i regret an abortion? please, i know i probably deserve a lot of reality checks rn but be gentle. i’m in absolute tears typing this, and i don’t think any amount of characters on a reddit post could express the absolute tormented and confused i feel atm. 

EDIT: I am pro choice!!! and appreciate the support from those with all differing opinions, i do not enjoy any religious or pro life agenda that is factoring into some commenters opinions!!!! this is my body not a bible🫶🫶🫶🫶

EDIT2: wooooah, this is crazy!!! i want to thank everyone who is giving support and sharing you and/or your loved ones stories. they all mean so much to me and i’m so proud of all of you:) i’m obviously still taking time to think and talking to my trusted group of people about my options. and to all the people assuming i didn’t use protection or let him “nut in me,” you can eat my ass since you love to assume ♥️! i used protection and he did not nut in me. you all are incredibly rude and i hope you all genuinely think before you comment something without all the facts. i shared my story bc someone might be going through something similar, and because i wanted advice on this particular situation. not unnecessarily input that does not change outcome of my current situation.",2025-05-16 1:09:42,https://www.reddit.com/r/pregnant/comments/1knok7v/i_got_pregnant_from_a_one_night_stand/,,abortion,abortion_data-updated - new_abortion_related_subreddits_text_posts .csv,9b311fb1a8daaaa0813f4952fc467a445df5e72cd6a9376167b93efeb15a9229,abortion
xjiwci,abortion,"Beating myself up, 10 weeks, 26yo","This will be my 3rd abortion. I feel like the lowest person on the planet right now. My notes app in my phone is my best friend. I have no one to vent to, so here goes nothing… I have a SA scheduled for Thursday. I’ve chosen to be sedated because this whole situation is extremely traumatizing for me. I’ve gone back and forth with myself about what’s right and what’s best for my baby. Currently have no emotional support from the father. I know he’s scared, but so am I. He was with me when I took the tests. We both cried when we saw those pink lines. But ultimately, He told me he would support me through whatever decision I chose. I spent about 3 weeks going back and forth between keeping my baby or terminating. I wanted this baby. I want this baby. I called and told him, that’s what I wanted. He made me feel wrong for wanting to keep this baby, but said he understood my decision. That conversation snapped me back into reality. I’m not gonna get the family unit I want from this man. Situations aren’t black and white, there’s so much grey area. I’m trying to keep this in mind with my decision. I know in the long run, I’ll end up being a single struggling mother without his support. Financially, emotionally, and spiritually. And how can I raise a newborn being a broken woman? I worry about PPD and having a new baby. Considering I’m already a pretty depressed individual. I know I’d have the support from my family, but it’s not the same. I didn’t get pregnant by myself, and shouldn’t have to raise this child by myself. I’m 26 years old, and about 10 weeks pregnant. I want this baby, but I don’t want this life for myself. 

In need of reassuring words. In need of prayers. In need of love.",2022-09-20 20:00:27,https://www.reddit.com/r/abortion/comments/xjiwci/beating_myself_up_10_weeks_26yo/,,abortion,abortion_data-updated - new_abortion_related_subreddits_text_posts .csv,96c380ce38c46fd539f18e68fde3927c5a7f8a9e443cf48e002714e5406fd1f8,abortion
8ywooz,confession,"Killed my neighbours cat with air rifle, absolutely no regrets","The stupid thing constantly tried to attack and kill my chickens, and just killed stuff for no reason. I often leave seed out for the birds, and it just waits to kill them/ ""play"" with them without eating the corpses.

Today I heard a squirrel screeching, it was on my roof. Looked down and saw the cat. Decided enough was enough, got my air rifle and shot it, took about 3 to kill it. Took the dead cat inside, now just cycled few 100m down the road and chucked it in a river.

Feel kind of shitty but the cat itself was the biggest piece of shit I've ever encountered.",2018-07-14 21:38:27,https://www.reddit.com/r/confession/comments/8ywooz/killed_my_neighbours_cat_with_air_rifle/,,abortion,abortion_data-updated - new_abortion_related_subreddits_text_posts .csv,6053c7c2dc786ec78a0b150416d5cc7539131ea06a37f0badaf21f8e9fc6ff70,abortion
hedfza,TrueOffMyChest,"I'm a guy, and I was raped. I can't keep it to myself anymore.","This is a throwaway. And I'm on mobile, so sorry about that.


My story is not too different from many survivors of sexual assault that you've probably heard. But in my culture, men are always perpetrators not victims. I have no intention to compare myself or downplay the seriousness of anyone else's story.


I was 5 when it first happened. I wasn't allowed to go outside to play alone, only with my brother. As such I had no friends outside of school. My brother saw me as a burden, so he would just tell me to go away while he went to play with his friends. One of his friends stayed with me, he played with me. I liked him. He was probably the same age as my brother, 16. 


One day I wanted to go out to play but my brother didn't want to take me. So he offered to look after me. He took me to an underconstruction house and he raped me. He told me it was a secret game. He said I shouldn't tell anybody. I had no idea what any of it was. I didn't tell anybody.


It continued, two-three times a week. After the construction of that house was, over he would take me to the woods a little away from the neighborhood. It continued like this for two years. Until I was 7. We moved after that. And I didn't see him again until 5 years later.


He went to the same highschool as my brother. I saw him at a function in their school. I was 12 then. I knew what he did to me, I knew it was wrong. So I decided to tell my mother. When we got home that day after the function, I told her what he did to me. She was surprised that I knew what ""rape"" meant. She told me it wasn't possible for a boy to get raped. ""How would he rape you?"", she asked me. I didn't have an answer to that question. She punished me for lying and saying bad words. I stayed quiet after that. I loved my mother, she was understanding and loving. I never thought she would react in this way to me opening up to her.


I am 20 now. Last night I told my girlfriend about it. She hugged me, I cried and she cried with me. It felt like releasing the pressure from a container which had been stuffed and cramped for the last 15 years. She was also a victim when she was 14. She understood. It felt good. She gave me what I expected from my mother. 


She told me that we should take some sort of revenge from him. But I didn't want to. It doesn't matter to me if he is happy or suffering. I am content with my situation. I don't even know where he is now and who he is now.


If you read my post, thank you so much for your time. I just want to tell you that if you ever feel that someone is abused or tells you about it, even if you can't do anything to get justice for them, comfort them. It costs nothing to make someone feel better. And maybe it will give them peace or willpower to seek justice for themselves.


Edit: I'd like to mention that my country is India and people usually don't think twice about leaving boys alone with someone they know. Boys are encouraged to be very very close to each other but discouraged from being friends with girls or women.


Edit 2: The highschool function I talked about was an anniversary for the school, so ex students and their families were also invited. This will be the last edit because I don't want to think about it anymore. Thank you so much to everyone who came forward with their own stories and everyone who showed support and kindness. You're all legends.",2020-06-23 12:09:20,https://www.reddit.com/r/TrueOffMyChest/comments/hedfza/im_a_guy_and_i_was_raped_i_cant_keep_it_to_myself/,,abortion,abortion_data-updated - new_abortion_related_subreddits_text_posts .csv,616520f229a1d202e1cf8c55a7c0c7cda2a4d7e1e35117ad15599b545f2728c5,abortion
1lldyfj,relationship_advice,"my 8 year relationship between me 27F and my ex 30F is over, am i stupid for wishing it wasn’t?","Me 27/F and my girlfriend 30/F of 8 years are finally done. Things were good in the relationship until I moved for 9 months during my senior year of college for an internship. We broke up briefly but ended up together again. Things were good for a while. Within the last few years, things started to get bad… really bad. I grew to resent her. We bought a house three years ago and over the years it started to become apparent that I was the only one interested in taking care of the house (cleaning, maintenance, etc.) I became exhausted spending all of my time and energy cleaning/maintaining the house without help. I communicated my needs over and over again but nothing would give. We argued extensively over the years about so many things (lack of motivation, lack of effort, no communication) and the relationship almost ended several times. Each time I agreed to give her another chance as an opportunity to grow into a better version of herself. I have loved her since the day that I met her. I don’t know why, but chances were always unlimited when it came to her. I wanted to believe in her goodness and her heart so badly. 

She developed an addiction to marijuana and social media. She started to spend all day on X (twitter) on something called “KRP” (korean role-playing) where she pretended to be someone else and used an idol as a “face claim”. January 2024 I caught her cheating on me with one of the girls she met on KRP. I found out that this had been going on for several months. They were exclusive on X and many people knew of it - she just hid it from everyone in her real life. I confronted her with this and she said she was in love with her and wanted to explore the relationship. We argued and she was hellbent on leaving. Eventually I ended up throwing away my dignity and begging for her to take me back. I didn’t want to lose her. We got back together and continued to live together. She promised not to do it again.

In October 2024 I caught her sending sexually explicit and romantic messages to a girl on KRP that she claims is her “best friend”. Messages about wanting to ride each other, dreaming of having sex, wanting to cuddle in their dreams, talking to each other 24/7 - even into the late hours of the night. I found out that she talked to this girl so much that in order for me to not get suspicious, she began telling me that various aspects of their conversations came from other people (example: her best friend went bowling, went to the movies, read a book series i like, ate pizza for dinner. she would say, “oh yeah Anna went bowling and this happened… Sierra went to the movies and I think we should see it it looks so good… Morgan read a book series and said it’s the best series she’s ever read). She started to lie about everything. What she did that day, what she ate, how her day was, etc. It was strange. I never actually knew what was happening in her life. When confronted, she swore up and down, begged and pleaded for me to understand that they were “just friends” that she “doesn’t feel that way about her” that “she knows it looks weird but it’s not the case”. She spiraled and claimed that it was a result of her social media and marijuana addiction. We broke up but had to keep living together due to financial reasons - we just slept in different rooms now. We agreed to try and be friends. I said I wasn’t comfortable giving her another chance due to the magnitude of all that she’s done to me and how hurt I felt. I said I couldn’t be in a relationship with her until we learned how to be friends again ask rebuild the trust we lost. Baby steps. We agreed to try until we both felt it wasn’t working and communicate that with each other. We settled on the conditions that in order to be friends and try to work towards being together again she could not use marijuana, get back on KRP, or talk to that girl again. She agreed with this and promised she wouldn’t because she “wanted me back and would fight to be mine again”. We’ve been living together since and all has been pretty well. We play video games together and laugh. It wasn’t perfect - that would take time. 

I thought all was going well. She had asked me to go out with her a couple of times over the last couple months but I kindly declined. She usually asked me super casually and it didn’t feel romantic or like she cared about it, more like she was bored and wanted to fill the time. In the last couple weeks, I finally started to feel like I could go on a date. I felt like we were becoming good friends again and things were feeling more natural. We had planned to go to Mississippi together for a convention and then travel to the beach for a few days (we love beach vacations). I had been prepping for the trip (getting finances together, cleaning the house, building a tan so I wouldn’t burn, planning outfits, and planning the best way to bring up the conversation with her about wanting to try dating again). A couple days before we were set to leave she started talking about the trip in “I” terms and not “we”. I assumed this meant that I wasn’t invited anymore. After she left, a girl that notified me of her and her best friends relationship back in October reached out to me to tell me that she was back on twitter and talking to another girl even though she said she wouldn’t be. I confronted her because I was confused. We were literally only living together to build up our relationship again in hopes of possibly being together. 

Today, that same person reached out to me with information that told me that the girl she was talking to was once again the girl from October. Her “best friend” that she would send sexually explicit messages to. 

I panicked. Outraged that I had apparently been working on this alone, angry that I felt like my time had been wasted, feeling used, and beyond hurt, I kicked her out today. She wants to still be friends but I can’t do it. I can’t be friends with someone I love and once shared a bed with, I just can’t.

I feel sick to my stomach. After all that she has done to me, after all the ways that she has hurt me, and after all the energy I have spent trying to grow and heal - I hate that I still don’t want her to leave. She’s completely moved out now but I can’t help it. I love her more than anyone I have ever loved. Even through all the pain I have always seen us growing old together. She is my best friend. She is my entire world. All I’ve ever wanted was for us to be happy. I want to go back to the early years when we were so happy and in love. Life was filled with so much laughter and love and not tainted by infidelity and lack of communication on both ends. I was not a perfect partner by any means but I fought so hard to be. I gave her everything and I feel like I’m left with nothing. 

I’m stuck with a house I don’t want but can’t sell. I can barely afford to live on my own now. I lost all of my friends trying to attend to her and this house over the years. I have become estranged from my family (due to childhood trauma) and don’t have a relationship with them. I’m alone, I’m about to be financially miserable, and I’m broken. She gets to move in with her friends, have a whole bunch of extra money from cheap rent, she has family, and this best friend of hers that I deeply believe she will start dating soon. 

I’m so lost. I don’t know what to do or where to go from here. I’m terrified that I may have just completely isolated myself by making her leave. I’m scared i’m unlike able and won’t be able to find love again. I’m scared of what I might do to myself in this state. I’m scared. I miss her. I’m heartbroken. 
 ",2025-06-26 22:42:40,https://www.reddit.com/r/relationship_advice/comments/1lldyfj/my_8_year_relationship_between_me_27f_and_my_ex/,,abortion,abortion_data-updated - new_abortion_related_subreddits_text_posts .csv,b4c2176128fe549284653c710eb203366462e19c1392f07720e355ceb7c968ab,abortion
1l62odk,WomensHealth,mature cystic ovarian teratoma,"hi. let me preface this by saying please be kind. i have extreme health anxiety and this has not been easy for me to navigate. 

last may (2024), i had gone to a new PCP and received an annual physical. she acknowledged that she felt a “hardness” in my right abdominal area. when i asked her about it she said (and i quote) “Hi. 
It was right there were your bladder is located so sometimes when it is distended it will feel more firm from the rest of the abdomen.When ever you have any concerns or if I say something that you have more questions about, please do not hesitate to ask. I reviewed your labs as well which looked great and I have no concerns.” 

it doesn’t take a genius to know that the right abdominal quadrant doesn’t house the bladder. but i went on with my life, reassuring myself that my labs looked great. at this time, i weighed about 290 lbs (i’m 5’8” for reference) so quite large and have a decent amount of fat in the belly area. 

fast forward to this year, i am down 80 lbs and suddenly the hard mass became more and more noticeable. i never once had any symptoms. no pain, no irregular menstrual cycle, nothing. but i knew something wasn’t right. so i made an appointment and was referred to a radiologist to receive an ultrasound and CT. 

this is what the CT confirmed: Large mature cystic ovarian teratoma measuring 15.8 x 14.8 x 19.6  cm which extends into the lower abdomen. GYN follow-up advised. Moderate right hydroureteronephrosis consistent with mass effect  upon the distal right ureter from the large mature cystic ovarian teratoma

it’s huge and i will be receiving surgery for it. unfortunately, due to size and contents, i cannot have it done laparoscopy (not happy about this). i will be out of work 4-6 weeks for healing and i am SCARED. i think about this nonstop. i’ve been told it’s most likely not cancerous but they’ll send off to pathology post-op to test it. i feel isolated and alone. i am anxious all the time. i just need reassurance and personal experience with this if you experienced something similar 

sincerely,

a very scared 24 year old",2025-06-08 3:29:54,https://www.reddit.com/r/WomensHealth/comments/1l62odk/mature_cystic_ovarian_teratoma/,,abortion,abortion_data-updated - new_abortion_related_subreddits_text_posts .csv,390a9c0a3334b39135f1b4d0a602ff7a32ead047ab5f634b7a668204c7e8ab54,abortion
r33rbh,abortion,I finally forgave myself,"So I was chatting with my MIL recently, who is unaware that her son and I had an abortion in 2019. We were talking about family planning, and the topic of abortions came up, and she was VERY pro-choice. She was understanding that people know when the right time is for them, and she told me that she believes that the souls of the children we want WAIT for us to be ready. She believes this for both miscarriages and abortions. I felt a weight lift off my heart hearing this idea, and soaking it in.  I carried so much sadness and guilt about my husband and I getting pregnant before we were ready for a baby, and our difficult decision to terminate. She, completely unknowingly, helped me finally forgive myself. Hearing this made me cry a tiny bit in front of her. She didn't push to understand my reaction, and she'll never know how much peace she has blessed me with.",2021-11-27 3:05:44,https://www.reddit.com/r/abortion/comments/r33rbh/i_finally_forgave_myself/,,abortion,abortion_data-updated - new_abortion_related_subreddits_text_posts .csv,a726bd50bb55eebdb9acbf2cc89ab529366321f6dad1cf2e87caf8d8f0ff69d3,abortion
1l7pl71,BabyBumps,Overly emotional reaction to bf's comments on my sandwich,"My pregnancy was unplanned and completely unexpected as we were not supposed to be able to have children. While we are excited, I was not mentally prepared for the lifestyle change. It was like I just woke up one day and had to give up alcohol, nicotine, Adderall, and the much more than 300mg of caffeine i was drinking per day. This was extremely difficult to say the least, but I'm managing. 

My bf is very excited and has been reading up on all things pregnancy. I am so grateful for the support and enthusiasm, and have no doubt he will be a wonderful father. That being said, sometimes I get so annoyed I could strangle him. Did I take my vitamin, did I drink enough water today, am I eating enough fruit and vegetables? I am an uncomfortable sweaty barge doing the best I can. 

I know that you are not supposed to eat lunch meat and I haven't been. But yesterday all I could think about was this Italian sandwich from a deli in town. I was having trouble focusing at work due to fantasizing about this sandwich. I broke down and got the sandwich. Later my bf noticed the sandwich evidence, and starts reading off all the dangers of lunch meat. I completely lost it. Like an unhinged crazy person. Sobbing and yelling about how my life is over, I'm going to be fat and poor, and how I'm going to be a terrible mother because I'm endangering the baby with the evil meats and because I didn't know you couldn't take ibuprofen. I slammed the door and refused to come out the rest of the night.

Am I losing my mind? I feel like i don't even recognize myself. 

",2025-06-10 4:15:56,https://www.reddit.com/r/BabyBumps/comments/1l7pl71/overly_emotional_reaction_to_bfs_comments_on_my/,,abortion,abortion_data-updated - new_abortion_related_subreddits_text_posts .csv,fac859e7e9a8571a5fd38ad6113b1d87700cae422f004c96e296046c29a9ece0,abortion
mkjii9,Pregnant,"Warning: Unpopular opinion, why are you so self conscious about baby bump??","I’m not really understanding what I’ve been seeing on here. I’ve noticed a really common theme here where the majoring of the women on this sub are extremely sensitive to people recognizing, observing, and commenting on their baby bump, or sometimes baby lump if you’re in your third trimester haha. I in no way mean to offend anyone and I’m so sorry if I do. I’m just trying to understand what gives. 

I’ve read comments and posts from women on here that were extremely offended by people saying “are you sure it’s not twins??” “Wow you’re getting so big!” Etc. Like..you do realize you’re pregnant right? You realize your body is stretching to grow a *human being*. It’s not like you’re overweight and *not* pregnant and people are randomly saying “wow you’re huge!” Do you expect people not to comment on your baby bump? Lmao. I honestly feel like people feel awkward around pregnant women and want to recognize the pregnancy in some way, by asking cheerfully “how far along are you?” “Do you know what you’re having?” Etc. I don’t think people are meaning “DAMN MAMA YOU LOOK LIKE A WHALE!”  That seems to be how the people in the comment section are viewing what’s happening. I honestly think people just want to recognize that you’re doing something amazing, growing a tiny human! They get awkward and comment the only way they know how-by stating the obvious.

So, yeah. You’re huge. You probably do look like a whale (eh-em, I definitely do at this point). But I promise people are not gawking at you. They’re admiring the beautiful goddess you are-creating and carrying human life! 

I guess I’m so insensitive to the subject because I think very bluntly about things. Fact is, I’m not going to look like a Victoria secret model while I’m pregnant. I know I’m huge. My boobs are huge. My butt is huge. My belly is it’s own person, it should be paying taxes at this point. But I knew what I was signing up for. I would be silly to expect people *not* to look at my belly. I both look and feel like a human incubator. People are just curious! They don’t mean to be assholes, even if that’s how it feels sometimes. 

 Do correct me if I’m wrong and provide your opinion if you would like! This is just my thought process on the matter. Are there any of you enjoying your bump and when people acknowledge it? I remember being extremely sick and tiny my first trimester and I just couldn’t wait for my bump to show up. Now it’s so big I could knock over small children if I turn too quickly in the grocery store haha.

Edit: I want to say thank you for everyone who has commented and shared their honest opinions and perspectives on the matter. I also want to apologize if my post came off as rude, dismissive or insensitive. I did not mean to upset, anger, or offend anyone! This is an amazing community, I’ve been here since week 6 of my pregnancy and you all have been amazing so I’m so sorry if I made you uncomfortable. I’ve had an extremely rough pregnancy and was in the hospital for a while during my first trimester, it has taken blood sweat tears and prayers to get this far with my pregnancy, so for me when people acknowledge my bump, my weight gain, or my pregnancy in general it makes me extremely happy because I’ve worked SO hard to make it this far. I really hope you all can understand that, and that’s why I was questioning why some women are more sensitive to peoples comments. I do understand your all’s perspectives and respect that not everyone views it the same way I do. Thank you all!",2021-04-05 12:28:12,https://www.reddit.com/r/pregnant/comments/mkjii9/warning_unpopular_opinion_why_are_you_so_self/,,abortion,abortion_data-updated - new_abortion_related_subreddits_text_posts .csv,5a1caecdf8ad5a537e9cab4ba87445e5bb63c66a44bb6951e3e46903345014af,abortion
1dvce9w,confession,I tell customers at my work that I’m dyslexic because I can’t count,"I am literally just stupid. Like really fckn dumb. When I’m cashing someone out and then they decide to go “oh wait I have 68 cents”, my brain turns off and I can’t do the math. I don’t want to pull out my calculator either. 
I often say “oh sorry I can’t add that change in because the system needs to count every coin/bill”… not true. 
Other times they go to hand me the change and then I freeze and look confused. The customer can tell and is able to tell me exactly what I need to give them back and I just go “oh sorry I’m dyslexic!”
I usually just go off of what the customer tells me and pray they’re not ripping me off and as soon as they leave I double check with my calculator. 
I hate to fake a disability but the absolute embarrassment and harassment I get from some of these customers is excruciating. When I tell them I’m dyslexic they kind of relax a little bit and apologize for being rude. 
I have actually gotten to the point of almost crying because I’m so stupid and can’t count change. 
I hate when they make a scene. ",2024-07-04 17:28:14,https://www.reddit.com/r/confession/comments/1dvce9w/i_tell_customers_at_my_work_that_im_dyslexic/,,abortion,abortion_data-updated - new_abortion_related_subreddits_text_posts .csv,bb1ea9b21f0139b551eff5b989c5449d6a6a22c846be7bc918666b6b82c7e974,abortion
1l5orn9,relationship_advice,How do I f26 make my boyfriend m28 realize that I'm overtired and need help with the baby?,"First of all, sorry if there is a spelling mistake, English is not my first language.

Me f26 and my boyfrend m28 have 9 month old baby together. We have been together for 7 years. I'm home with the baby when my boyfriend   works and that is fine with me. The problem occurs on weekends and evenings. He plays  videogames with his friends and thats is mostly how he interact with his friends except for the two or three times a year when they see each other face to face. He must days when he comes home from work says he is going to play tonight even though he promised to be with me the night before and that he can be with me tomorrow. When I ask for the opportunity to be alone without being interrupted in the evenings, I still have to watch the baby after bedtime (our baby is a bad sleeper and wakes up several times a night) so that he can play without interruptions. Likewise, my free time without the baby means housework or 3 times a week when I go for a run. The biggest problem for me here is that when he is playing and can't watch our baby I usually try to go to bed around 9pm. He often plays around 11pm. However, our baby most nights wake up at 9pm and I have to go calm him down and sometimes it takes a while and I get him to calm down and go to bed himself but our baby starts acting up again, I often only get to sleep around 10 or 11pm and wake up 2-4 times a night. In the morning our baby wakes up around 5am when my boyfriend says he is completely exhausted and can't wake up with the baby for morning stuff. And if he wakes up in the morning with the baby, he's angry and changes the baby's diaper, takes a shower himself and brings me the baby, he gets to go back to sleep. So I wake up. Frankly, I'm exhausted almost everyday.
 He does help me put the baby to bed. And on weekends he helps take care of the baby while I do housework. I know he has a hard time at work but I don't think that's an explanation for this. I've talked to him about this several times and every time he promises to get better. It lasts about a day and everything go back to  same. I don't want to break up but I don't know how to make my boyfriend realize that I need help. All advice is appreciated",2025-06-07 16:24:14,https://www.reddit.com/r/relationship_advice/comments/1l5orn9/how_do_i_f26_make_my_boyfriend_m28_realize_that/,,abortion,abortion_data-updated - new_abortion_related_subreddits_text_posts .csv,c69564994191d363318a88736c9798568228c2a930b036d417fd861ea62eba29,abortion
q8cmkr,abortion,I feel so much better after my abortion.,"I don’t know if this is a new thing but when I talked to all the other women in the clinic with me at the time they were experiencing the same issues as me.

I am a 25 yo cis female from NC it’s legal here to abort a pregnancy until 20 weeks. I was not aware of my pregnancy till about week 13. I was originally under the impression that I was actually 8 weeks until my ultrasound told me otherwise. This would have been my first pregnancy.

I have been violently sick for about six weeks. Never eating a proper meal without throwing it up, constant fight to keep any type of liquid down. Including water. It got so bad I got weak enough that my fiancé had to open my water bottles for me. I was a complete shadow of myself. Barely could look at myself in the mirror.

I had my abortion at 15.3 weeks today. Those angels of women tried their best to make us comfortable but god was that the most painful thing I’ve ever done to date, and I’ve almost died several times in my life.

After the pain meds started to wear off I started to get my appetite back. I opened a damn water bottle by myself for the first time in weeks to my fiancés amazement. I immediately started feeling like myself again.

It hasn’t even been 24 hours yet and I’ve eaten an entire two person portion of Chinese food. Slept on my back without suffocating on my own mucus for the first time in a month. And I brought groceries in by myself just to see if I could.

I’m still so happy I’m crying as I type this. 
If I went through with that pregnancy I’m almost 99.99% sure I would have died. 

The only thing is that I was not the only one feeling that way in the clinic. I have a hunch it not an isolated incident either. Just like these super quarantine babies I’ve been seeing videos about. Not everyone in the clinic was vaccinated. So that cannot be the reason. I doubt they’ll ever do a study on this. 

But know if you felt like me you are not alone. Wether you keep it or not is up to you. But you are definitely not alone, and I support you.

TLDR I’m just upset they didn’t let me keep it to bury in my garden. I think my fiancé and I would have liked that closure.",2021-10-15 0:35:22,https://www.reddit.com/r/abortion/comments/q8cmkr/i_feel_so_much_better_after_my_abortion/,,abortion,abortion_data-updated - new_abortion_related_subreddits_text_posts .csv,fbeafb0115f49fa398107b2bcd7e0078b9767135c93de1ba62bafc6e5e6cb9ca,abortion
1l7wa9p,abortion,Is this an incomplete abortion?,"Hi everyone, I’m looking for some reassurance or shared experiences. I had a medical abortion on May 6th, 2025, and it’s now June 10th

I took Misoprostol only Mifepristone is unavailable to me 


For the first two weeks of the abortion, I was doing really well i was practically fine, I passed tissue, cramps, blood everything....I was doing really well... But around week 3 or 4, around may 27th/28th to be exact... I started experiencing:

Nausea  on and off (especially lingering, feels like I want to vomit but can’t)

Gagging fits occasionally but with no vomit

Heightened sense of smell around certain foods it doesn't happen all the time 

Burping more than usual (sometimes long, loud burps) whenever I think I'm gonna vomit I burp instead 

Random cramps very little (this recently appeared)

Fatigue and loss of appetite

Occasional breast soreness that has literally almost gone by now 

Emotional ups and downs

these symptoms usually appear in the evenings around 12pm onwards

i have never experienced any of this during the abortion it only appeared two weeks later 


I’ve also noticed I’m gagging more lately, but still no vomit. I’ve been paranoid that I might still be pregnant, even though my breast soreness is fading, which I read means hCG is dropping. It just feels strange that some symptoms have lingered instead of going away, even tho my breasts aren't basically sore anymore (I check often) and the soreness is really fading away. I was also wondering if my hormones are delayed since I didn't take Mifepristone?? I'm confused it doesn't make sense to me...I was also Googling signs if an incomplete abortion etc and nothing there applies to me. 

I haven’t had my period yet, and I plan to visit a doctor soon to see if there is anything wrong with me, but while I wait, I’m just wondering...

Has anyone else experienced this? Is it normal for these kinds of symptoms to stick around or reappear 3–4 weeks after the abortion? I can't help but find it odd even when I Google it it says It's normal but I am convinced maybe it isn't?

Any advice or experiences would mean a lot. Please be honest I just want to understand what’s normal. Thanks in advance 💛 

Edit: I also didn't have any unprotected sex ever since I did the abortion (I'm trying to do everything right to avoid anything to happen) ",2025-06-10 11:27:47,https://www.reddit.com/r/abortion/comments/1l7wa9p/is_this_an_incomplete_abortion/,,abortion,abortion_data-updated - new_abortion_related_subreddits_text_posts .csv,c919dace9d873a67c302663135c814cc320ba47e555ac986387f63a05949eace,abortion
wbfde9,TwoXChromosomes,"Only 52% of women who considered lost abortion rights very serious are likely to vote. Ladies, WTF?","This terrible gem of a poll popped up today and I gotta say, I'm really disappointed. On top of that, 1/3 of women under 40 say they are likely to vote. When the left doesn't vote we lose our rights. That's how this works. If you don't want to do it for yourself do it for your fellow sisters. They're coming for reproductive medicine next and if the midterms this year go against us, we are all so seriously fucked. 

Get mad. Get registered. Get voting. 

https://www.google.com/amp/s/thehill.com/homenews/campaign/3579355-those-who-see-roes-fall-as-loss-less-likely-to-vote-than-those-who-dont-poll/amp/",2022-07-29 20:50:32,https://www.reddit.com/r/TwoXChromosomes/comments/wbfde9/only_52_of_women_who_considered_lost_abortion/,,abortion,abortion_data-updated - new_abortion_related_subreddits_text_posts .csv,ff64c2b4b862d690b8c4bcd5b39d82fb03d0e94f5b4a2db5da3b16113d12498b,abortion
1kybsb6,raisedbynarcissists,Feeling extremely relieved about cutting my family off,"I realized that teetering on the edge of the decision was causing my anxiety. I started playing with the idea of “what if I ever had to see them again?” The feeling of relief that washed over me was impossible to ignore.

I’ve had guilt my entire adult life about distancing myself from my parents. “They’re not that bad” I would tell myself. I felt like a bad person and maybe my nmom was right about me just holding grudges. My nsister can get into a screaming match with someone one second and the next second be yapping about some tv show or whatever. Everyone in my family just seems to mesh better.

My therapist and I discussed how society pushes a narrative that family is the most important thing ever. People will say “you only have one mom”. Even if that mom is jealous and petty. Even if she tears you down, criticizes you, ignores you, and slanders you behind your back. Even if she dangles rewards and opportunities in front of you just to rip it away at the last second and call you lazy and undeserving. 

I always felt uncomfortable around my mother. She wasn’t physically abusive, but I would still recoil from her touch. We never had deep talks or heart to hearts. When she walked in on me crying after I’d broken up with my first boyfriend she looked horrified, stammered “you’ll find another boyfriend”, and shut the door. The sight of any emotion made her so uncomfortable. Any sign of mental illness, eating disorder, self harm was treated like I was a child drawing on the walls. 

I feel guilty about distancing myself while my mother didn’t even blink when I told her I was abused under her roof. 

I’m honestly starting to wish I had done this sooner. ",2025-05-29 14:10:55,https://www.reddit.com/r/raisedbynarcissists/comments/1kybsb6/feeling_extremely_relieved_about_cutting_my/,,abortion,abortion_data-updated - new_abortion_related_subreddits_text_posts .csv,7b822387f460be84a4600c06abe0de19cea7a73957cfa7a72eab6cdcb4a03d04,abortion
1bh8kk5,Parenting,My son was suspended for a terrible reason and we don’t know what to do about it,"My son is twelve and in the sixth grade. I got a call from his school on Thursday afternoon. My wife and I arrived and we were told he was going to be suspended from school for FIVE DAYS. He had pantsed a fellow student, a girl in his year. He pulled her underwear also. He received a citation for bullying as well as SEXUAL HARASSMENT. We were appalled. We found our son in tears, apologetic, deeply embarrassed. He swears that the underwear was on accident. 

The principal and counselor were present. Out of his earshot, they explained to us that it isn’t uncommon for boys of his age to develop curiosity about girls. They were firm but fair. They informed us the girl’s parents had been notified, and that they are very upset. We don’t know much more than that.

When we asked him for his side, he kept saying it was a joke and the girl and he are friends. He said he walked behind her at lunch and pantsed her. Not only did he humiliate this girl, he did it in front of who knows how many students. My wife was furious and started shouting at him right there in the office. He cried harder. I have never seen her so upset with any of our children (we have 4). I myself was very angry too. 

We immediately grounded our son for the present time without knowing for how long. He is banned from all screens and gets no dessert. We have also demanded he write an apology letter to the girl which has been completed. He has spent the last several days essentially in his room. We have added extra chores to his usual responsibilities. Yesterday we had him doing yard work with me which he hates.

My wife and I are not completely in agreement how we want to go about this beyond that. She wants to throw the book at him. She wants him grounded until the end of the school year, which is around 2.5 months. No TV, phone, video games, computers, etc unless strictly needed for school. No leaving the house except to go out with us or to school. No sweets. She wants to make him watch videos about sexual harassment and write an essay on it (I am fine with this). She also wants to ban him from baseball this season which just started a few weeks ago. 

I do think he deserves thorough punishment but I don’t know that he deserves to be punished for months. I don’t want to make him quit his baseball team. I think two weeks of grounding with the essay and letter on top of suspension is fair for what happened. My wife had an abusive past so I understand her anger, but I believe our son when he says the yannking of the underwear was an accient. I don’t want to crush his spirit over a misguided prank. 

I’m concerned I am being too flippant over this and my wife is being too harsh. She told me she is disgusted by what he did and can’t even look at him the same way. He has cried and apologized everyday since this happened. I’m sure the little girl must be having a worse time. This entire situation is terrible.

Because we cannot agree on his punishment going forward, our son is currently in limbo. He knows he is grounded but not for how long. He has missed his baseball game and will likely miss practice tomorrow. He won’t return to school until the end of the week, but he is dreading going back and facing what he did.

How can my wife and I best handle this situation? What is the best punishment that will prevent this happening again? My wife seems truly worried he will grow up to be a pervert. I’m not so worried about that, but I want to make sure he understands the gravity of his behavior to not repeat it. We have never had any trouble with his siblings. He himself usually is a good kid who doesn’t normally get into trouble. Please help.",2024-03-17 21:03:43,https://www.reddit.com/r/Parenting/comments/1bh8kk5/my_son_was_suspended_for_a_terrible_reason_and_we/,,abortion,abortion_data-updated - new_abortion_related_subreddits_text_posts .csv,4e86c3278ce82b4e3c0f3a23054b2ba095904e70cede088ef7d0a100bdab6f3b,abortion
1dg6gq6,abortion,I pooped in my sleep in post op..,"I (27f) had a surgical abortion today. It was my first time being sedated and I was very nervous. I followed their instructions; no food past 5am the day of, no drinks past 10am the day of. I even used the restroom before leaving for my appointment. When I was in post op I was drifting in and out of sleep and I kept feeling like I was peeing on myself so I told my absolutely amazing nurse and she let me know that it’s just my waters leaking. It happened maybe 3-4 times and it kept waking me up and she kept comforting me reminding me it’s just my waters. The very last time I woke up in post op was to her telling me that I actually pooped (straight diarrhea) myself. I felt so bad. I apologized so much and she kept telling me it was okay and she cleaned me up. I could tell she was at least a little annoyed because she wasn’t being as bubbly as before my surgery. I’m going to catch my phone on fire after posting this but if you see this, nurse.. I am so sorry!!

Is this normal? Has this happened to anyone before??",2024-06-15 1:16:20,https://www.reddit.com/r/abortion/comments/1dg6gq6/i_pooped_in_my_sleep_in_post_op/,,abortion,abortion_data-updated - new_abortion_related_subreddits_text_posts .csv,01e2161a275635ea13c575707d475cf796a14558cab10afb0d5e07d1d868d4b9,abortion
1dvgm4m,AmItheAsshole,AITAH for leaving my smashed cake on the ground,"So today after work, I (f16) was preparing a cake for my (f12) sister. I spent ours preparing everything, the colour was perfect (red velvet), the texture was soft and nicely risen. 
Sadly my mum walked in and while in a rush to tidy the kitchen 

side note: she’s contanstly frantically tidying, my family speculate she has OCD. I have a similar feeling (I don’t think ocd) but it’s more related to germs than “tidiness”.

When she sorting the fridge out she accidentally dropped my cake on floor. 
I froze kind of waiting for her reaction, as in that moment it determined mine in a way. I hoped maybe she’d say sorry or something, instead she started shouting about how I’m stupid and careless, and called my other 3 siblings stupid (I have no idea why).

I kind of lost it, and ran to the bathroom to cry (it’s so dumb and childish, I haven’t done that in years lol but it felt good).  While I was there my mum continued shouting from the kitchen, when my two older siblings went to try and explain to her a different perspective, she said it was my fault for causing her to make the mistake.

When pressed harder she YELLED “So is this my fault?” and I felt guilty here because her voice cracked slightly with some emotion.

And then she was shouting her I’m lucky it was her who made the mistake cause anyone else would’ve left the mess.

I know she’ll never apologise and sadly that’s all I wanted so bad. But she’s never said sorry to me my whole 16 years of life.

 I feel like the AH for just abandoning the situation and leaving my cake. She was gonna go to her room to sleep but had to tidy up by herself instead (maybe that’s why she was more angry).

AITAH for leaving my dropped cake on the floor?",2024-07-04 20:33:57,https://www.reddit.com/r/AmItheAsshole/comments/1dvgm4m/aitah_for_leaving_my_smashed_cake_on_the_ground/,,abortion,abortion_data-updated - new_abortion_related_subreddits_text_posts .csv,8d619f0af6ecfe29b95b3efc9e82cfa5343fa231f90c5a40de9f3afa1ce916c4,abortion
1gn6mpb,relationship_advice,I (22F) just found out my husband (22M) would have voted for trump. How do I tell him I feel betrayed?,"This is my first post and I really hope it doesn't travel back to my husband or family but: I, 22F (nonbinary), have been married for a little over a year now. To limit identifying factors I won't go into too much detail, but it was a very impulsive marriage, so there weren't any big talks about political views but I know my husband is *not* homophobic nor a misogynist. I am currently away from my husband due to work schedules, and had texted him that I was sad trump is now president my favorite comfort show is no longer available on Netflix. He replied back that trump being president is a good thing I immediately balked. I know my husband didn't vote so I asked if he would have voted for him and he said yes. I asked him why and he said that Kamala only gave scripted answers and she's annoying. I was peeved and asked if an impeached and convicted felon going after women's rights is really the better option. He said that trump isn't going after women's rights and I replied that I didn't want to start a fight and I wanted to drop the subject. But now I just don't know how to feel. I'm heartbroken. I feel betrayed. Granted he said he'd choose Biden over trump but obviously that wasn't an option. How do I breach the topic of ""hey can you really stop and think about how my life as a queer female is going to be affected now""? How do I tell my husband I feel betrayed in a way that he will listen?

TL;DR: I found out my husband is pro trump and I feel like he's completely disregarding how my future might look and I don't know how to tell him I feel betrayed.",2024-11-09 9:40:50,https://www.reddit.com/r/relationship_advice/comments/1gn6mpb/i_22f_just_found_out_my_husband_22m_would_have/,,abortion,abortion_data-updated - new_abortion_related_subreddits_text_posts .csv,def5bd4328e0f85b72d52c9b5a32575686482d2761b7156eedfc3b05a3cb919b,abortion
1f9ocsr,AmItheAsshole,AITA for refusing to name my baby after a dead girl?,"

I (25F) and my husband(27M) have a complicated history together, especially concerning his family. I met him on a blind date when we were both in college, and he asked me to be his girlfriend on our second date. he's always been sweet, trying to be considerate of my feelings especially when it comes to his family. his mother has always been against our relationship from the start, mostly due to the reasons I think I might be the asshole here.

he had a friend, let's call her Annie who passed away when he was a teenager. he's always been close with her, and he always insisted they were platonic. however his mother always talked about how they were suppose to get married as adults and I was his ""second choice"" and he wouldn't have married me if she was alive. it's always hurt in all honesty, and I've tried as hard as I can to be accommodating for her and her grief as she cared about Annie a lot and was even friends with her mother. Annie was a great girl, and I do wish I could have gotten to know her but it hurts being constantly compared to the woman my husband could have been with, especially since we already have a son who his mother isn't allowed to see because of her insistace that he's not her ""real grandbaby"" because he isn't Annie's 

so this is where I think i probably overreacted and could be the asshole, we found out two months ago that we were having a baby girl and we were ecstatic! I was worried he'd be one of those boy only fathers, but he almost cried finding out we'd have a girl. our son is also over the moon, constantly talking to his sister and asking for her name...which has become an issue as he recently asked to name our daughter after Annie, which was upsetting especially since his mother is so hung up about them being together. we ended up arguing slightly and I'm currently staying with my son at a friend's house.

am I overthinking this? I just don't know what to do, his mom has been blowing up my messages (I don't even know how she got my messenger, me and him havent spoken to her since our sons first birthday) and my mama has just told me to stop arguing over it and just let him choose her name since she's his only daughter, any advice is appreciated I need a nonbias opinion. my friend says that I was overreacting for leaving but I just needed time for myself, and I don't want to confront him right now. I know I can be sensitive without realizing so many input is appreciated 


minor edit:
first I wanted to thank everyone who answered, sometimes I feel like I'm going crazy feeling like I do. please tell me if I missed anything, there's too many comments to sort through


—Annie died at eighteen in an accident, and yes her and my husband's mother's were friends


—me and my husband met when I had recently started college, and we got married a year later. our son is three.


—my husband always defends and stands up to his mother when it comes down to it, I know he cares about me but I worry sometimes if he'll subconsciously start believing what she says. I know I'm his wife,I'm the woman he married and has kids with but it's hard not to feel secondary sometimes.


—my husband works a lot, and at the moment I wasn't thinking straight but thinking about it I think it was a better choice to take him as I don't want him to be left alone by himself. I won't argue if he wants to see him or wants to pick him up in his free time, I'm just not ready to speak to him at the moment.


—as in for compromise, after reading through some comments I think using any name similar to Ann might be an issue. while I understand the sentiment is sweet,I don't want to feel pressured into a name that I know I'll regret. 

",2024-09-05 14:52:22,https://www.reddit.com/r/AmItheAsshole/comments/1f9ocsr/aita_for_refusing_to_name_my_baby_after_a_dead/,,abortion,abortion_data-updated - new_abortion_related_subreddits_text_posts .csv,2d035f97ee4954483a6a1f85de766e33f641fc4ee4ec10042415db3c9b012b5a,abortion
1lbd415,TrueOffMyChest,My conservative dad is trying to overcome generational trauma and accepted my partner,"Growing up, my dad was pretty strict and conservative, especially it came to me and my siblings dating. He really only wanted us to marry within our culture and be with someone who was conventionally attractive, and was very vocal and specific about his biases. It got to the point where my brother even made a joke chart with ""acceptance percentages"" for different races and ethnicities, based entirely on our dad's opinions. It was kind of funny on the surface, but the truth is, it was always tense between me/my siblings and our dad.

Fast forward to this year: I've been dating for the first time in a long time, and I've with someone who's not from out culture. She's amazing, patient, kind and understanding; she is the love of my life! But from the first time my dad met her, it was obvious he had mixed and cold feelings. That hurt, and my partner could tell as well. Afterwards, I didn't feel comfortable bringing her around my dad and stepmom for months. Eventually, my partner overheard my sister voicing to me about my dad's old biases, and that made my partner feel even more alienated and insecure about my family.

After multiple attempts to try and smooth things over between my partner and my dad by trying to plan family events but he wasn't making intentional efforts to attend, I confronted my dad and expressed my frustrations. Told him how I felt, how much it hurt me and how it was hurting my partner. It wasn't explosive, but it was honest with a touch of grief. And to my surprise, my dad let me talk about it; we ended the conversation on a soft tone, but didn't resolve the issue at the time.

This week rolls around, I called him up to ask about helping with some maintenance on his house, and in a calm segue, he asked: ""Why don't you bring \[partner\] over to the house? I want you to know that she's always welcome and we'd like to see her more.""

I was... well, pleasantly surprised with a hint of shock. He recounted of how his own father, my grandfather, never approved of my mom when they were young. Even when he remarried, my grandfather still didn't accept his new wife. and now, after all these years, my dad realized that he was repeating the same cycle. In his words, he wanted to ""break the \[grandfather's\] curse"". That he wanted to change.

At that moment, I couldn't help but let my tears flow and let out a soft sob on the call.

Not juts because of the relief that he was finally accepting my partner, but because of the judgement and hardships that my dad, my mom and stepmom all received from my grandfather for all these years. I shed tears because even in his old, stubborn, age, my dad still wants to be better. That because of the hard vulnerabilities he faced in his youth, his empathy is allowing him to better understand and be kinder.

Last night, I brought my partner to a family gathering, and for the first time, it felt right. My dad and stepmom asked about her job, her family, cracked jokes, and actually tried to connect with her. It wasn't perfect, but it was warm. This is just the start of it, but it feels like a win for us all - for me, for my partner, and for my family.",2025-06-14 16:44:48,https://www.reddit.com/r/TrueOffMyChest/comments/1lbd415/my_conservative_dad_is_trying_to_overcome/,,abortion,abortion_data-updated - new_abortion_related_subreddits_text_posts .csv,05ae22cdce69b58dc2d5f36b2ec7995c5bc844eefef894cbe9273840ac7c7571,abortion
1l835fj,Miscarriage,Hcg after D&C?,"I’m wondering if after your D&C did you have your hcg levels monitored by bloodwork? If so, how long before they were zero?

I’m asking because there has been no follow up after my D&C and I’m thinking about taking a home pregnancy test to see if it’s negative. It’s been two weeks since the procedure. I just don’t know if I should do it because I feel like it will be upsetting but I also feel like I need peace of mind that my body is returning to normal. Open to advice. ",2025-06-10 16:26:20,https://www.reddit.com/r/Miscarriage/comments/1l835fj/hcg_after_dc/,,abortion,abortion_data-updated - new_abortion_related_subreddits_text_posts .csv,0e0d23f64488e56d677dc5310bae9a9329fdaaa7d3325963d17012dbdd2e0c93,abortion
1lcm50k,TrueOffMyChest,Put my dog of 11 years down. I feel guilty for doing it.,"Hello on June 10th, 2025, I put my dog, Bear 🐻, of 11 years, a Labrador mix with German shepherd,down. He had arthritis in his joints, back and hips. Suddenly he lost use of his front right limb. He struggled to get up, walked limping carrying the right limb without using it, while his back legs were all trembling. I feared it was a matter of time before his back legs gived out as well. At night he would cry of pain and it pained me to see him in that condition of struggling to walk without using one of his limbs and also the sounds of his cry at night. I made the decision to put him down. He passed at home peacefully surrounded by those who loved and cared for him. The way I see it is that I made the decision to relieve him of his pain and suffering. But now a few days after his passing, I feel guilty and depressed for doing that. I feel like I didn’t give him a shot at life or at least try to alleviate his condition. I’m just left pondering if I made the right decision. Any thoughts or suggestions, I would really appreciate it",2025-06-16 6:54:18,https://www.reddit.com/r/TrueOffMyChest/comments/1lcm50k/put_my_dog_of_11_years_down_i_feel_guilty_for/,,abortion,abortion_data-updated - new_abortion_related_subreddits_text_posts .csv,bef5deff4c53324c5cc63cb710cdf5d7c42a3cd17f848395ca90ea80aa6db0db,abortion
hohg4g,abortion,Just took the first pill (medical termination) HAPPY,"(8 WEEKS GESTATION) Guys I’m feeling so relieved lol I’ve been SO stressed and completely out of my mind and that coupled with these pregnancy hormones I’ve just been really depressed and down and lashing out and crying randomly and it’s like a weight is being lifted off my shoulders, I’m just really happy I got to this point and that I found this section of reddit to gain support and be prepared for what comes next after the second medication. Just so happy it’s happening and it is sad at the same time but carrying to term would have had disastrous effects for myself as well as the baby. 

Edit; 1pm I feel nothing after taking the that medication btw! Had a headache which could have been unrelated and that’s it, I feel a bit weird in general just DIFFERENT I guess and that’s all

Edit: 5 pm still don’t feel much just feel a bit weird. Going to get myself some hydralyte and some strawberry cheesecake icecream for the during and post care after taking the second medication tomorrow. Getting some original all bran cereal (it’s weirdly high in iron and I almost never fail to have cold milky foods when feeling sick). Have my hot water bottle at the ready! Not to mention the good old long maxi pads

Edit: 1pm the next day so basically 24 hours later now, getting ready to take this second medication and I’m mildly freaking out haha, just want it over and done with 😬😬

3pm: I’ve taken my pain and anti nausea medication 45 mins ago (1200 mg ibuprofen so 6 tablets I know that’s a lot but I work in health I know it won’t harm me, panadene forte 2 tablets, 4mg of ondasentron 1 tablet) so am about to take the second abortion medication. Actually started freaking out and had stars in my vision when I was out filling my hot water bottle up lol but just taking deep breaths.. the misopristol tastes weird when it starts dissolving, sorta tingly. Also had a friend who lives a bit away who was gonna be here and call with me but they decided to go to a 21st party instead so was freaking out a bit there but whatever

3:30 I think these pills take a bit longer than 30 mins to dissolve I’d prob say 15 more mins .. been half an hour now and felt a minor cramp but really nothing yet. I definitely feel bloated now though. This stuff tastes gross not gonna lie hahahaa

3:45 ok I’m feeling a bit of something something!!! The pills dissolved think god so yucky and I took more codeine. Just freaking a bit from some of the pain horror stories so! Bring it on I guess

4:00 pm still just some period like cramping, the misoprostol made my throat hurt a bit and honestly that’s the worst part atm hahahah I’m eating chips and watching the hunger games. Definitely feel it climbing in intensity a bit

4:10 BLEEDING HAS STARTED!! Hooorayyy only a little bit but I just want it to be done already, I’ve been walking around a bit and massaging downwards basically with my knuckles from the top to bottom of my tummy

4:20 I am finding that if I “push” I bleed more so I’m just gonna do that?

4:30 feel really alone and sad tbh I’m just sitting on the toilet crying idk why I just want this to be over, it doesn’t even hurt but trying to push all the blood out stings a bit idk if that’s bad if it could mean infection EDIT: that stinging didn’t end up happening again so not too sure about it to be honest 

5:21 still only passed a few clots... I’m feeling really hopeless idk why I expected it to be done sooner

5:41 any cramping I had subsided and I’m back in bed. I’m feeling so worried that this won’t be successful despite the fact I know it should take longer for the process to be done, I feel really alone and scared

7:20 still in bed with my hot water bottle, the worst of the cramping has genuinely been a 5/10 for me and hasn’t lasted very long, though probably helped a lot from medication. Haven’t soaked a pad yet :)

10:15 walked over to the oven to make chicken nuggets and felt something nEED to come out, ran to the toilet, passed two big clots and managed to pull one out of the toilet.. it was definitely identifiable

11 pm: just been processing what I saw, I am super relieved and so happy for this process to be over. Tw: graphic description but when I passed the tissue and the embryo, it genuinely looked like a tiny baby. They say it’s supposed to be a raspberry size but it was definitely 2 raspberries in size. Maybe overall if it was curled up it would look like one raspberry, but it did look larger when laid out. The photos online don’t do it justice. When you see it in real life (I was 8 weeks, I’ve heard at 7 or under the features shouldn’t be so apparent) it’s so so clear. White translucent skin. Tiny little fingers and toes, arms and legs, the spine especially was so clear on the back, two black dots for eyes... I could see it’s stomach and inside it’s stomach was blood. Even a little slit for its mouth and nose holes. It’s a very confronting thing to see. I’m extremely pro choice but this did confront me and my moral compass. Seeing what literally looks like a tiny minuscule human baby, whether it has emotions or can feel pain or not (it can’t).. it just didn’t sit right with me. And I feel bad for flushing it, instead of burying it. I also saw the yolk sac in tact (a sac with yellow fluid in it, a form of nutrition) and the placenta, as they were connected to the embryo. I feel very deeply sad and upset about it all and have been crying. I feel really alone after parting with it, and I wish I held it longer. I know it was the right and necessary decision which helps but it doesn’t feel right in itself. Please trolls do not come for me lol because this was very traumatising.

2am: time to sleep. I’m still cramping and bleeding a bit. Seeing the embryo was very upsetting and I think will continue to bother me for a while but overall my experience has been positive and definitely manageable. I’m so relieved

Day after: feeling a bit tired but so much better. No more heartburn or food aversions or feeling bloated in the tummy. Feel free to be honest. I’ve been bleeding like a normal period 

Overall: my pain never went past around a 5/10 if 10/10 is like death causing pain so it was extremely moderate. By no means was it fun or was I happy, I let out a few groans and it’s definitely worse pain than a regular period but not by too much. It was also intermittent, sometimes I felt no pain at all, though I’m quite pain tolerant and was loaded with meds-seriously think it’s a great idea to take a bunch 45 mins beforehand (don’t OD, but I would say 4-6 200mg tablets of ibuprofen is a good idea given no intolerances or kidney/liver problems). and definitely get a hold of something with codeine and some anti nausea medication like I did, if you can. The pain wasn’t necessarily like a stabbing or anything so much as it was just super bad period cramps for me as far as sensations go. 

I passed probably around 5 or 6 large clots the size of a 50 cent coin - a golf ball over 7 hours.. Hard to tell when they’re flat and not round but I’d say the volume of a golf ball. It didn’t hurt to do this. They sorta just plopped out- the vagina is pretty big and can expand a lot, I would prefer the sensation over putting in a tampon so it really wasn’t bad. I went through one pad as most of the blood left when I felt I needed to expel something and ran to the bathroom-most of the time I was in bed or pacing around. It took from 3-10pm so seven hours since taking the medication until the abortion was over, the actual expelling of the embryo didn’t hurt at all. Could tell something was gonna come out, I didn’t need to push at all, I felt the clots, tissue and everything come out (weird sensation but not at all uncomfortable or painful for me) and felt very relieved. My cramps have just been like super mild period cramps from then on out. Hot water bottle was my bestie and I’m glad I stocked up on meds. Went through 3 bottles of water since 3 and have eaten basically normally.. I didn’t have any vomiting or diahhroea like others have said they have. I had a few hot/cold flashes but very minor. I’m genuinely surprised at how mild my symptoms were, and I wish it was like this for all of us girls

Thank you guys for all the support you’ve given, I genuinely think it has helped me with this experience tremendously",2020-07-10 3:14:58,https://www.reddit.com/r/abortion/comments/hohg4g/just_took_the_first_pill_medical_termination_happy/,,abortion,abortion_data-updated - new_abortion_related_subreddits_text_posts .csv,b01b3ecc6b7b82f6c966e7d444bd51f6f4d5bdad9204b98cce5a59f4954e94fa,abortion
1lj1zqm,depression,I really don't know what to do right now,"I really don't know what to do right now. I barely know how to function as an adult without depending on others and I hate it. I feel like I'm going through a depressive episode right now i don't know who to go to. I dont really have anyone here.

I really needed a job this summer so I can go back to school in a different city. It's been so difficult for some reason. I've been applying to at least 10 jobs per day and I'm not even getting rejection letters. I've only received the thanks for applying. Like idk what I'm doing wrong. 

What's worse is the social environment I'm in. The main reason I chose a school out of city is avoid the people I know here. No one gives a single shit about me here and if I have to stay here for another year idk what will happen but I'll probably be bedridden. They treat me like im a monster for having depression and i hate it here i hate it. 

I just want to go back to school in that city where people actually listen, understand and care for me. Not this hell hole. 

I keep getting this little voice in my head if I can't make it back to school by the end of summer I'll just die. I might listen to it at this rate. I really can't stand it here and I don't know who to go to. No one here cares about me and I'm scared of scaring away my other friends in a different city with my depression. 

I think I just need a stranger to listen to me or something idk. Someone who understands and won't call me a monster or disgusting or walk away. All I just wanted was a 'oh that really sucks' from the beginning. Why is it so hard for people to do that?",2025-06-24 4:34:32,https://www.reddit.com/r/depression/comments/1lj1zqm/i_really_dont_know_what_to_do_right_now/,,abortion,abortion_data-updated - new_abortion_related_subreddits_text_posts .csv,ff93a67cc90b867090199150a8f432c7066fc0c95e3f50e3db36f41803631a57,abortion
1eo1s8f,relationships,Dad wants me to give up hobbies,"I (32m) am an avid board and card gamer. I play Dnd, mtg yugioh various board games so I do spend a lot of time on them and go out multiple times a week.

Problem is my dad (70m) has never supported these things and honestly wishes I where to quit.  Part of it is that he doesn't have a car so me being out so often is a burden to him. I live next to him so it's easier for me to help him with things like grocery shopping and laundry.

I don't mind helping him but lately he seems to want to interfere with my life more and more. He's never liked me having friends and dating has alwats been completely off the table.

I know I probably go out a bit too often (2-3 times a week). I went on hiatus for about 6 months due to this and it was awful just staying around the house all the time...

I know all this may seem kinda silly but I've always been someone to put family first over everything. Should I do what my dad wants and sell my card and board game collection and quit?

Tl;dr, dad wants me to give up hobbies so I can be more available for him",2024-08-09 14:55:10,https://www.reddit.com/r/relationships/comments/1eo1s8f/dad_wants_me_to_give_up_hobbies/,,abortion,abortion_data-updated - new_abortion_related_subreddits_text_posts .csv,a1fa69caf7712edf5e549f77fd4af0dae2cee7bf36014874b6e5c811f7639092,abortion
1gcmwvy,abortion,I had a failed abortion,"Hello yall, 
I wanted to share my story because I couldn’t find much similar ones when I was trying to find answers. 
Around 11 weeks I had an abortion. I wasn’t able to get the pills from planned parenthood because unfortunately I live in a red state where it was illegal, so I had took the route to getting the pills through aid access. 
I took the pills at the amount I was supposed to to, and went through with it. I remember it not being as painful as other women made it seem, (im not sure if the percs I was taking was playing a huge roll in taking the pain away). I bled a good amount, passed one little clot (which this had already made me suspicious because I thought you had to pass a couple of them) and had some light bleeding for about 2 days after. I went on with my life after, constant nausea and sore breasts seem to have gone away after the abortion. I was depressed but dealing with my emotions. 
A couple of weeks gone by and I noticed my stomach was becoming bigger. I thought maybe I had been getting big because a lot of women were telling me my hormones were probably all over the place. I brushed it off like nothing until I started having random little kids around me ask if I was pregnant. (Kids never lie like that! so that spooked me!) I went on the scale and I was 120 pounds. (Before I was 112) the only reason that made me believe I was still pregnant was that I have been 120 pounds before, even a little bit heavier but my body didn’t look like that; my stomach wasn’t ever THAT big at 120. By the time the 6th person asked if I was pregnant I started freaking out, I also started peeing more frequently. 
I took a pregnancy test and the positive results came back QUICK, quicker than when I first took a pregnancy test to determine if I was pregnant. By that week, I felt like I might have been feeling flutters in my stomach. Next day I went to the er and they confirmed I was around 20 weeks pregnant. 
Although I am pretty happy now, I’m also terrified I might have done some damage. I have my prenatal visit this week so I will know. I just wanted to share my story in case anyone is ever going through something similar to me and are seeking answers. If yall have any questions please feel free to ask. I wish you all the best and remember, 
Do what you feel is right in your heart. Don’t let anyone guilt or pressure you otherwise. 🤍

Update: 
I had a healthy baby girl 3 days ago at 40 weeks. Keep faith 🤍",2024-10-26 14:57:30,https://www.reddit.com/r/abortion/comments/1gcmwvy/i_had_a_failed_abortion/,,abortion,abortion_data-updated - new_abortion_related_subreddits_text_posts .csv,fc4027770878bc2f7a2aa778bc146f48b1c48200b63277f640ae76a83c5edd40,abortion
vif4gn,abortion,I lied about my abortion and left my fiance..,"I was 10 weeks and 2 days pregnant when I went to the clinic the second time and terminated my pregnancy. At around 8 weeks, i went to get an abortion, I told him I didn't want the baby. but when I got there, i thought i wanted to keep the baby, so I left. I then found my fiance was cheating on me and all of a sudden, we werent happy. We fought every single day, multiple times about his infidelity.I secretly rescheduled my appointment and did my paperwork for my abortion about 2 weeks out from the day i found him cheating while he went to work. I left him but couldn't afford the abortion without him, so I came back. I had a doctors appointment after and I made up a lie that the baby was severely unhealthy, and had deformities and could die or I could. that they needed me to get an abortion and scheduled an emergency abortion 2 days later, just so he'd pay for it. the baby was fine, I wasn't and I just couldn't handle being together anymore. I needed to get out. I got the abortion and I was given fetanyl and threw up all over myself and my boyfriend screamed at me in front of his son because he had to wait to take his kid out to eat for his birthday and i didnt feel well. He then went to the store and left me in the car with pictures of the ultrasound. I looked at them, and I cried. I was grieving the loss of my baby. I was devastated and screamed all day and cried. He never did. Not even once. Suddenly, I knew what I needed to do. I left, moved away and started a job as an exotic dancer at an old club to pay for my current son and my bills and eventually go to school to have a lifelong career. Some of my coworkers knew I was pregnant and I told them I miscarried. It's been hard to handle but I needed to vent. .",2022-06-22 20:50:19,https://www.reddit.com/r/abortion/comments/vif4gn/i_lied_about_my_abortion_and_left_my_fiance/,,abortion,abortion_data-updated - new_abortion_related_subreddits_text_posts .csv,5e3de1af23f069d52e2a57f2cec4aa6a57d7b549e548ca1ba37d0a83e2d1601a,abortion
1lmwv8i,depression,Isolating,"MDD.  Some suicidal ideation.

I had one friend, threatening suicide, 20 years ago.  I flew to visit him, despite my wife being 7 months pregnant.  He told me I saved his live.

Another friend has dealt with depression and lots of other issues.  I have been the best friend and counsel/confession receiver I could.

But they can't deal with me now.  ""Get help.""  Yeah, I never thought of that!

So fuck you, you people who I trusted and thought I could lean on.  Worry not, I am a burden - no more!  I will do it myself or die trying.  And fuck you if you need to bitch about your job, or your wife, or how you cheated on her.  

Fuck you, I'm done.",2025-06-28 20:43:05,https://www.reddit.com/r/depression/comments/1lmwv8i/isolating/,,abortion,abortion_data-updated - new_abortion_related_subreddits_text_posts .csv,36999eabb67d331545fbf1a7647d25db4c51d2e14dfd01f2a111cb9efc2a667f,abortion
1bo6l49,abortion,Pregnant on paragard,"Yup. You read it correctly. 

Last week I discovered I'm pregnant, and I have a copper IUD. 

Ultrasound confirmed it was perfectly placed. I absolutely cannot understand how this has happened to me. 

I simply can't have another child. I have 5 already and am absolutely knackered. Plus, when I had my last I was advised not to get pregnant again, as I nearly died on delivery. Also, I'm 36 this year! I asked to be sterilised and was told no, and that my IUD would be even more effective than tubal ligation. 

Just nope. Absolutely not. I'm angry, sad and anxious. 

I have abortion pills due to arrive via the post and have had the IUD removed in preparation for the procedure. I'm absolutely gutted that I'm having to go through this. 

I guess I'm just venting, but would love to hear similar stories....",2024-03-26 12:23:52,https://www.reddit.com/r/abortion/comments/1bo6l49/pregnant_on_paragard/,,abortion,abortion_data-updated - new_abortion_related_subreddits_text_posts .csv,eb3231dc0fd38b606a5957da647b7276459fa2b8931b912d3b29939961934561,abortion
7cxsbw,legaladvice,Fired For Text Message To Hotel Conceirge,"Here is the scenario: a text message sent on a business trip where the room was comped by the hotel staff and no forms or paperwork were signed consenting to monitoring. Person fired was not aware messages were monitored or that the number texting them was not a private phone number. The messages themselves did not contain any indication that they were through an application or constituted any official communication with the hotel either. 

The business trip was for the customer, businesses associated with the hotel such as the restaurant or spa. The communication was lighthearted and conversational, joking back and forth. The specific reason for the termination was a message jokingly referencing marijuana use in the hotel. This was not specifically reported by the employee as inappropriate at any time. 

Upon reviewing the logs, hotel management raised a complaint about the employee with their management several days later. Something worth mentioning is that the communication took place on a privately owned employee device and an unknown device or texting application used by the hotel. The phone used by the employee was their own, had no synced email accounts for either business and took place after hours. At the time the employee sent the text message they were no longer on duty. 

The state this took place in has medical marijuana but not recreational. The employee did not have or use marijuana during the trip. A copy of the text conversation was emailed to the employee's manager as proof of inappropriate behavior which was used as the specific reason for that employee being fired. No legal action was brought by the hotel or the business. In the provided logs the text conversation shows the hotel conceirge name and the employee's supposed texts as 'Guest' with no other indication it came from that employee visible. It is likely they could prove that number belonged to the employee if required.

The hotel manager's complaint is solely based on the text conversation and not on any additional information about the employee's performance during the rest of the trip. The incident happened on the first night of the trip which totaled 4 days. 

The advice portion of this is such: was the hotel or the business in the wrong here for collecting, using or distributing this information? The employee's comments were clearly not work related or professional but does it matter if they took place privately and after hours? Does the hotel have to provide forms stating that communications are monitored with their staff if they intend to use them externally? Are there any additional details that could be the deciding factor of whether what the hotel or the business did was right or wrong?

Location edit: United States New Mexico 2017 at a resort on Federal Lands used by the group under a special permit by the dept of agriculture. ",2017-11-14 18:50:44,https://www.reddit.com/r/legaladvice/comments/7cxsbw/fired_for_text_message_to_hotel_conceirge/,,abortion,abortion_data-updated - new_abortion_related_subreddits_text_posts .csv,54b9e952040896c316ff855e33ef59e9f86e5cd73b9eb186bea9775d7429fd90,abortion
12aq6pe,TwoXChromosomes,"WOMEN OF WISCONSIN: Get ready to vote tomorrow in one of the biggest elections in modern U.S. history that no one's ever heard of. The swing vote on the State Supreme Court is up for grabs, where a victory for liberal JANET PROTASIEWICZ will almost certainly overturn the state's total abortion ban","Here's an article going into more about what's at stake:

* https://apnews.com/article/wisconsin-supreme-court-abortion-redistricting-trump-df0a7e5cfec1cd3bf08f14270a1c9615

After Roe v. Wade fell last year, a trigger law from the year 1849 - over a decade before the start of the American Civil War that ended Chattel Slavery - banned abortion in the state. Despite a Democratic Governor ready to sign a repeal, the Republican controlled state legislature has opposed it, and a 4-3 conservative State Supreme Court slow walked the legal challenge. 

However, one of the 4 conservative justices, Patience D. Roggensack, is term limited, and the state elects SCOTUS judges by a vote so the race tomorrow will effectively determine control of the now deadlocked 3-3 court. A win for Judge Janet will give liberals a majority for the first time in 15 years, ensuring a liberal majority court will now have the final say on the legal challenge to the 1849 abortion ban, and in almost 100% likelihood, throw it in the trash.

AND THAT'S NOT ALL 

Wisconsin is victim to the worst Republican gerrymander in the country, where the maps are so rigged that Republicans only need 40% of the vote to control a majority of the state legislature, while Democrats need a 60% supermajority! Watchdogs have called it one of the most dangerous affronts to democracy in the Developed World. The conservative State Supreme Court has done nothing to address this, but a new liberal court majority is very likely to lead to a legal challenge against the maps. If overturned, Democrats would go to having a fair chance of winning a majority in the state legislature and turning the state fully blue like Michigan and Minnesota recently did. It would ensure that not only the monstrous 1849 abortion ban would be overturned, but Republicans would struggle to get back the legislature to ban it all over again. Right now all they need is the Governor's Mansion. 

Janet's opponent, Dan Kelly, is a hardline conservative backed by the three biggest anti-abortion groups in the state. He was part of a scheme to throw out Joe Biden's victory in Wisconsin in 2020 by sending an alternative slate of electors to vote for Donald Trump instead. He is a mad man, and is very likely to uphold the 1849 ban as well as the maps.

Ladies, however you can, GET OUT AND VOTE FOR JANET!!!",2023-04-03 16:49:48,https://www.reddit.com/r/TwoXChromosomes/comments/12aq6pe/women_of_wisconsin_get_ready_to_vote_tomorrow_in/,,abortion,abortion_data-updated - new_abortion_related_subreddits_text_posts .csv,352a548e68510e8e33d890fd82a3aff9ed301e10ea5a36437a1e05c52c5f722f,abortion
spsi23,TrueOffMyChest,"(16F) my mom purposely keeps a low supply of food in the house as a punishment, she has been gone for 2 days and I have no way of feeding myself.","it’s a very long story, but to make this short. my mom constantly does extreme things in order to prove a point to me. 

over the past few weeks I’ve been struggling with grades, and LOTS have happened (it’s too much to explain here, let me get to the point). 


I got a 47 on my test on Monday, and she checked the gradebook and saw it. While I was sleep Early Tuesday morning, she BARGED in my room (around 4:00 am) and started SCREAMING at me. i politely asked her to stop screaming at me (it never works out) and she got even more frustrated. She then got in my face and said “you are not going to last long in this world”  


“You might as well die now if you keep this up” 

“you’ll learn your lesson one day” 

And she stormed out of the room. 


I heard her fumbling around for about 10 mins, and then I heard the alarm system beep ( when someone opens the door). I called for her name and had no reply.. 

The house was empty, and when I checked the garage the car was gone. 


I went back to my room and cried for a while. Around 6 am I called her to check if she was okay or not, and it said  “call cant be completed” right away. So I called her on a free text now number and it went through (which means she blocked my number). 


She said “hello” and I said “mom are you okay” and she hung up. 



on Tuesday night when I went to the pantry, there was NO FOOD except pumpkin seeds.   I went to the refrigerator and there was NOTHING in the refrigerator. 

it’s now Thursday night and I still haven’t heard from her, no food. I am just surviving off of pumpkin seeds. 


her suitcases are also missing so im sure she got a hotel or went  somewhere else….. 


idk when she’s coming back, but I told one of my old friends from school and she told me to call the cops. 


I’m afraid that’ll make things worst…  


i just hope she will come back soon. 

I just felt like getting this off of my chest because I don’t have many ppl in real life I can trust without them getting worried and calling on her. 


this isn’t the first time she’s done stuff like this. 

idk, I’m just losing the will to live tbh. she’s making my life sink BELOW rock bottom because I’m already there. 


thank you if you read this far :’)

EDIT: (it’s now morning where I am and my mom still haven’t came back). I  am calling the cops later today, I will update you all when it’s safe. 

also, I have food now.

TY SO MUCH FOR ALL OF YOUR SUPPORT this means the world to me💕💕",2022-02-11 6:28:14,https://www.reddit.com/r/TrueOffMyChest/comments/spsi23/16f_my_mom_purposely_keeps_a_low_supply_of_food/,,abortion,abortion_data-updated - new_abortion_related_subreddits_text_posts .csv,73bbd98c0e535d4008113326ca6b5c32c082009de4ddcc12cd6cca417b7722da,abortion
1ea88tt,OBGYN,Preg Test Results (Urine and Blood) Help/Advice," my girlfriend decided to take a urine test yesterday, she’s a week late from her period by now (last day of period was june 16). I didn’t notice the time but she came back said it’s negative, but hours later we double checked and it had a faint red line. We’re so afraid so we had to take a blood test that same day. 

2hrs after the test, the result was negative. I’m still not convinced and comfortable with the blood results though it is  99% accurate. I don’t know what to do or the explanation of this. 

A sincere or a professional help/advice would be so much appreciated. ",2024-07-23 13:46:35,https://www.reddit.com/r/obgyn/comments/1ea88tt/preg_test_results_urine_and_blood_helpadvice/,,abortion,abortion_data-updated - new_abortion_related_subreddits_text_posts .csv,847ca0007a3283488951e30275ff540d43db670fed67f314910dc95709d4fbc5,abortion
mzbwwr,raisedbynarcissists,"Has anyone ever noticed when you tell a toxic family member the truth of their actions, They are deeply offended?","When my nmom was being abusive to me I would basically spell out her actions to me and then tell her how it makes me feel.... she would literally turn around and say “stop being so mean to me”, “stop saying such nasty things to me, you always know how to cut people where it hurts most”. But now on reflection I can see she was just playing the victim and I find it hilarious I can say “you ganging up on me with nsister was hurtful and upsetting to me, I consider this bullying and abusive” and my nmom who is a fully grown adult, health professional and considered a functional member of society can turn around and call me a bully for pointing out bullying 🤣🤣
I have been doing therapy and learning for almost 2 years now and I’ve learned that the way I communicated in the past during arguments was perfectly fine and functional however my family are so twisted that me simply repeating back to them their behaviour and then telling them how it makes me feel is abusive... when it’s actually the opposite. It’s the beginning of conflict resolution!
God it’s really hard accepting that you have a completely mentally messed up family, nothing you can do but be thankful you didn’t turn out fucked up like they did (thank you therapist and psychologist for saying that to me in a more “appropriate” way. I was literally in the denial and bargaining stage of grieving my nfamily for a year!",2021-04-27 0:11:48,https://www.reddit.com/r/raisedbynarcissists/comments/mzbwwr/has_anyone_ever_noticed_when_you_tell_a_toxic/,,abortion,abortion_data-updated - new_abortion_related_subreddits_text_posts .csv,ec746665d00f08ecc1e30c14afff3376316d7d650c1557cb779f6249691bab75,abortion
1l2qst7,depression,I wrote this because I can’t say it out loud,"Hey,
Before anything else, I wanted to share something I wrote. It's hard for me to say this stuff out loud—maybe because it feels too big, too messy, or just too hard to explain in the moment. So I wrote it instead. This feels like the most honest way to introduce myself.

I struggle with really bad social anxiety. It’s not just in my head—it *feels* real. I’ll hear someone laugh or see a fake smile and I’m immediately convinced it’s about me. Even when I try to tell myself it’s not, it still feels true. That kind of paranoia is exhausting.

There’s also this numbness I carry. I can’t describe my emotions unless I’m right in the middle of them. It’s like writing—when I’m in it, it flows, it makes sense. But once I step out, it’s gone. The characters, the feelings—they vanish unless I’m actively living them.

I’ve always preferred watching to participating. I like observing people, stories, even cartoons. I try to understand everyone—even the people who hurt me. Like my childhood best friend. She treated me like crap, ruined things I cared about. But I let her back in. I couldn't stay mad. I still can’t, most of the time.

Even as a kid, I couldn’t handle seeing others in trouble. I’d hide when someone got yelled at. Not because I was scared for myself—but because it hurt to witness. I’d even confess to my mom when I thought something mean, just to get the guilt out.

The word I always come back to is just... *being.* I’ve always struggled with it. So I daydreamed. I rewrote shows in my head, inserted myself into stories where things made more sense. I think that’s why I’m so into reincarnation stories—do-overs, clean slates, the hope of getting it right next time.

Sometimes I wish I were a doll. Still, quiet, untouched. I actually like it when people say I look young—dolls are young—but I don’t *feel* like one. I feel out of control. My weight, my skin, my eating. I binge when I don’t want to. I feel guilty leaving food behind, like I’m disappointing my mom. My body doesn’t feel like it fits me. I crave structure—symmetry, control, math. But I don’t feel any of that inside myself.

I’m a perfectionist at work and school. I take over group projects because I *need* it to be right. I love praise when I’ve earned it. But I procrastinate, too. The pressure is the only thing that makes me move. One time, I let someone else lead a project and when it turned out worse, I felt secretly validated that my part was the best. And then I hated myself for feeling that way.

Sometimes I just want someone to take over. Just tell me what to do. Let me follow instructions. No decisions, no emotions—just exist. I feel lost and tired of making choices. I want to be a doll again—still, quiet, simple.

I hate going to bed because it feels like ending something. I hate waking up because it means starting again. Being awake is fine—it’s the transitions I can’t stand. I wish I could get *just* sick enough to stay home and not have to explain it. (But never anyone else—just me.)

After social stuff, I spiral. Even when nothing went wrong, I go back through every little thing I said. Looking for mistakes. If I find one, at least I have closure. If I don’t—it’s worse. Just this fog of shame with no direction.

Weekends are weird. I go numb. I barely talk. Pain doesn’t really register. I fake being happy, but it feels flat—like reading a script. Then I’ll suddenly flip and act loud and cheerful, like I’m overcompensating. Trying to prove I’m okay when I’m not.

I hate being perceived. I hate that people see a version of me that doesn’t match how I see myself. I know they can’t read my mind, but I wish they could. I talk a lot, but I think I speak more like a TV character—only enough to move the plot forward. In real life, it’s not enough.

Part of me wants to stay a kid. I love silly things, small joys. I like being called “mature for my age” because it gives me permission to still be playful. But now I’m an adult, and it feels like I’m supposed to stop all that.

I often think of myself in second person. Like I’m watching myself from outside. Rearranging thoughts, trying to make sense of them. Trying to write a story with a satisfying ending. Because real life rarely gives me one.

Anyway... this is me. This is what I needed to say before anything else.
Thanks for reading.",2025-06-03 23:30:13,https://www.reddit.com/r/depression/comments/1l2qst7/i_wrote_this_because_i_cant_say_it_out_loud/,,abortion,abortion_data-updated - new_abortion_related_subreddits_text_posts .csv,ad37591c04f215f14b135583264daf216b1a45b55a10c80ac2429c148cab53c2,abortion
62moof,TwoXChromosomes,"To the woman who made sure I was okay, even though I was perfectly fine. Thank you.","My dad and I were walking on the street. We were speaking Portuguese, we naturally speak loud but we were having a somewhat heated conversation about someone and we were probably louder than usual. I was late at night, so you might not have seen the whole scene properly, but you probably saw an older man talking to a younger women loudly in a language that you didn't understand that has a harsh sound to it. 

What made you react was probably the fact that my dad does this ""elbow"" thing when he's proving a point. He will take his elbow and ""hit"" me with it. It doesn't hurt me at all, but I was wearing high heels and lost a bit of my balance when he elbowed me since I wasn't expecting it. He apologized and caught me but you were there. 

You came in running from behind saying ""hello, excuse me."" We turned around and you looked at me straight in the eyes and told me ""You look identical to this girl I went to high school with from behind. I'm pretty sure it's you, do you remember me?"" I was a bit confused, and told her ""uh..."" Before I said more she said ""Maybe it wasn't you. I'm not sure it's dark, but she was a good friend and there is nothing I'd like more than to reconnect with her."" I smiled and said ""I don't think it's me."" She just said ""Okay, cool, well my name is Emilie, and I can leave you my phone number if ever you remember me."" As she gave me a big smile. It clicked in my head, this girl was just making sure I was okay. 

I smiled back and told her that I got it now, and thanked her. I told her that I was okay and that I was talking with my dad about something that upset both of us in Portuguese. We laughed it off and she mentioned how harsh Portuguese sounds and we went separate ways. My dad didn't understand what happened and thinks it's some girl thing. We resumed our discussion as soon as she left. 

So to that Emilie Montreal woman who made sure I was okay, you did everything right. If I was in a situation where I was being vulnerable, you gave me many ways out. You've inspired me. Thank you. ",2017-03-31 17:34:57,https://www.reddit.com/r/TwoXChromosomes/comments/62moof/to_the_woman_who_made_sure_i_was_okay_even_though/,,abortion,abortion_data-updated - new_abortion_related_subreddits_text_posts .csv,2145ef1447501431510f6747e6dc27407417989daee9ad68dc4f0ff62d1a5c47,abortion
1lfrjmq,Miscarriage,D&C,"Will be having a D&C either tomorrow or Monday. Started miscarrying last Monday and been in a lot of pain since then. Not really sure what to expect. Any tips would be much appreciated. Not really sure what I should have on hand. Love my husband but he is helpless when it comes to shopping for stuff, so I just want to be prepared ahead of time. TIA",2025-06-20 1:19:47,https://www.reddit.com/r/Miscarriage/comments/1lfrjmq/dc/,,abortion,abortion_data-updated - new_abortion_related_subreddits_text_posts .csv,fb04656325a54ad935b25f544a2290b95d89d29e9f25b4f6b25d2ba5cc020c4c,abortion
15o83ov,abortion,AITA? Bf gave me ultimatum if I got abortion.,"So I already got the MA done. But prior to doing it, when I told him I was pregnant, my boyfriend told me he would resent me and leave if I aborted. 

Now the backstory is that while we were having sex, he came inside me without my consent. We weren’t using protection and I wasn’t on bc ( I know, I know) but he never did that before. Immediately after I suggested we get a plan b and he said no I’m not taking you to get it. (It wouldn’t have worked anyway because I had already ovulated and didn’t discover that until I looked at my period tracker). 

So it felt very controlling and manipulative of him to just decide for me/us that if a baby came from it, that would just be what it is because it’s “gods plan”- I responded that it didn’t have anything to do with God because that wasn’t something I felt we were ready for. 

So once I found out I was expecting and told him, he immediately started ubering on the side to make more money to put aside. Which is endearing but also just made me feel even more like we can’t bring someone in to the world just yet. We can barely afford just us, and never lived together and the relationship was still too early (4 months). I expressed my concern, fear, regret, and anger to which he replied “you didn’t try to get on bc, and it’s not my fault it takes 2 to have sex” and just reassured me it would be fine. 

But I think the point is that of course the baby would get taken care of- I’d find a way with or without him, but why bring a kid into the world surrounded by chaos? I just didn’t feel like it was the best choice. I mean he hadn’t even met my family yet. And we live in 2 different states. 

So my question is- am I the asshole?",2023-08-11 12:51:27,https://www.reddit.com/r/abortion/comments/15o83ov/aita_bf_gave_me_ultimatum_if_i_got_abortion/,,abortion,abortion_data-updated - new_abortion_related_subreddits_text_posts .csv,662c7599f09e116c760bfffd7b36642739b30db0ff6aa9e1a6bfdc0790d7412a,abortion
1llv6i0,offmychest,I don't have a word for this feeling,"# I am madly in love with my partner, like really, really, REALLY in love. And even ""love"" doesn't feel enough.

I always tell him how much I care about him, how perfect, handsome, funny and overall interesting he is. The only one I want to marry and share our lives together forever, is him. I don't even find anyone as attractive as him, he is the only one in my eyes. I cannot comprehend how he can be this cute and adorable and hot and just perfect? *How* is that possible?

If he dies I won't be able to love anyone as much as I do right now. I won't even get in any other relationship, it's me and him. My love and loyalty for him are beyond infinity and I wouldn't want to give anyone else those precious things. He makes me feel loved and cherished, never used, especially in our more intimate moments. I am forever grateful for meeting him.

I always grind my front teeth when I'm hanging out with him because he's too cute. I giggle and kick my legs in the air whenever I think of him while laying on my bed. If i'm standing I'll do lil jumps. My brain feels so weirded out because I was the type of person who thought love was a negative thing, and now look who's so impacted by another human being?

Omg I just love smelling him, his scent and his lips taste so good I could kiss them every seconds. His face? A greek god. His beautiful dark eyes and beauty marks make my legs weak. His hands? Perfection.

His body?

# Lord.

# have.

# mercy.

I still remember our first time meeting. He saw me in the metro, I glanced at him as well. After that, he saw me at uni and thought it was fate. He talked to me (thanks to his friend who convinced him to go).

He was shy, I still remember his first words. I was so shocked that my ""little"" crush was suddenly right in front of me, talking to me. Because of my shock, my face was serious and a bit cold. We walked together and hopped in the metro. He started the discussion and I didn't ask anything at first, because I was still trying to process what just happened. It felt so unreal.

**Then**

I asked him a question back. Thanks to my interest he stayed, because he was afraid he was annoying me, and felt the need to leave.

Since then we started playing games together, we hang out, we went to the library working for our classes, we ate together, sat next to each other in school and bought some matching little things. I still remember the day I fell so hard for him.

I was sitting on a bench, next to my friend. The wall behind us is made out of glass. Out of the blue we hear some loud knocking behind us. We sigh, at first, thinking it was just a random child. But the moment I turned my head and saw *him*,

With a large smile whose warmth could turn sand into glass,

Excited eyes *reminding me of a cute little puppy*,

Waving at me as if we haven't seen each other for decades (it's been only a few hours).

# It all made my heart really melt. Like I felt it physically.

Since then we still talk about our first moments together and how happy we are. And we giggle and we remind each other of how proud we are of ourselves. I just wanted to say it off my chest because he's currently in vacation in his native country, and I miss him dearly.",2025-06-27 14:23:29,https://www.reddit.com/r/offmychest/comments/1llv6i0/i_dont_have_a_word_for_this_feeling/,,abortion,abortion_data-updated - new_abortion_related_subreddits_text_posts .csv,33d2c3b8e3cdf2ab0873002489b4e081c24377ae6c68324dfcca5e9c701ad53e,abortion
f8trpg,relationship_advice,"My (24f) boyfriend (31m) got trashed at a wedding where I was the MOH, embarrassed me and himself, proceeded to lie about some things too","About a year and a half ago my best friend became engaged to her now husband. I was asked to be the maid of honor and was extremely happy to do so. Over the past year I helped her with whatever needed to be done. Throughout all of this I talked to my boyfriend about it. He knew how happy I was for her, he knew that I had a big part in the wedding, he knew my parents would be attending the wedding, he knew everything that I knew about the wedding. He knew the day & time, and what would be expected of him and when he needed to show up. 


FWIW, I didn't talk his ear off about the wedding. I would only really talk about it if I had gone, for example, dress shopping or something with my friend. 


However, last week (a couple days before the wedding) he started to act kinda weird about it. He said something along the lines of ""I know you don't want to be involved in the wedding, it will be over soon. And then you can forget all about it and everything will be normal again."" I've been nothing but happy and excited for my friend and this wedding. But, he continued to act like I wasn't having fun and tried to convince me that I hated every minute of helping my friend plan her wedding. Last week he continued talking about the wedding like it was something awful and stupid. He treated it as annoying chore we had to do, he complained about having to go. He even asked me after the rehearsal dinner if he could just not go to the wedding at all - keep in mind I had already RSVP'ed for both of us, my parents were expecting him, he just dropped that on me as we were going to bed before the wedding day.  He also never expressed his congratulations towards the bride or groom at any point. 


The day of the wedding was this past Saturday. I told my boyfriend what time he needed to show up. Lately he has been notoriously late for everything, like several hours late to anything he's invited to - he's always been late, but it's been getting ridiculous. A lot of times he's late because he is hanging out with one his friends smoking weed and playing video games, and he ends up losing track of time. I didn't want him to be late to my best friend's wedding, so I basically told him he needed to be there 3 hours earlier than what was necessary (I told him he needed to be there at 1pm, when in reality he needed to be there before 4:30pm, he showed up around 4:30pm). 


He got there right as cocktail hour started and got drunk, I was told by someone else that he was pounding back the beers as soon as the bartender started to serve alcohol. Then he sat with my parents, and told my mom ""if I didn't come to this thing OP would have killed me."" Once the bride and groom were announced Mr & Mrs X, my boyfriend loudly cheered and loudly clapped as everyone else did a normal clap. It wasn't a very big wedding so it was weird and awkward when he did this. It stood out a lot and obvious that he was already inebriated. Multiple people looked over at him in a ""wtf"" way. I felt awful and embarrassed when this happened. 


After all the photos were taken he found me and told me that his work called and that he needed to go in ASAP. Before the wedding he assured me that he had taken the day off and that his work (he's a bartender) knew he would be at a wedding that day. I knew he was lying to me, but I didn't care at that point. He left (ubered) to supposedly go to work. When I finally got home around 2am he told me that it turned out that work didn't actually need him and he ""forgot"" the name of the venue so he couldn't uber back to it, and that his phone was acting weird and couldn't get a text message to be sent to me. He told me how he really wanted to come back to the reception but he just couldn't make it happen. Obviously those were all lies.


I feel like his behavior was just abhorrent. I'm so pissed off at him right now, I'm looking at him in a new negative light and I can't stop thinking about how awful he was throughout this whole wedding event. I know some people act weird about weddings sometimes, but this takes the fucking cake. Is there any coming back from this? I feel like I'm always going to be pissed off about what happened. I don't know if I can forgive him. 


I've thought about ending it with him because of this. I don't know if I'm overreacting or not. I don't think he has any intentions on apologizing. We haven't talked about the wedding that much since this past Saturday. He doesn't think he's done anything wrong. What do I do? Am I crazy to think his actions are god awful?

**EDIT:** 

**I did not expect this to blow up like it did. I was wanting to create a throwaway account so my post wouldn't be that noticeable. Oh well, my boyfriend uses reddit but I don't think he goes to the relationship subreddits at all.**

**Anyway, I've tried  most of the comments here and I've been thinking about what you all have said. It's basically confirmed that I need to end things with him. I actually tried to end things with him a couple of hours ago. He doesn't seem to be accepting the breakup. He started to apologize to me about what happened and how he'll try to be better.**

**I'm currently at a friend's house for the night. I brought some things with me that should last a couple of days.**

**But I'm really not sure what else to do. Both of our names are on the lease, and he's still at the apartment for all I know.**

**Thank you for all the help. Reading through the comments basically told me everything I already knew and confirmed for me that I need to dump his ass. I'll try to post an update in a couple of days.**

**As of now he doesn't seem to want to leave the apartment, so we'll see what happens.**",2020-02-24 16:32:20,https://www.reddit.com/r/relationship_advice/comments/f8trpg/my_24f_boyfriend_31m_got_trashed_at_a_wedding/,,abortion,abortion_data-updated - new_abortion_related_subreddits_text_posts .csv,f55ded80f92825886c7c4a375257d0d21afb3c9af8c30134876663224b9a0f4f,abortion
1du2a60,BabyBumps,Tv shows to binge while in the newborn stage,"I had many shows I watched in my first two post partum periods. Third one has arrived we’re getting in a rhythm but I’d like to watch tv while feeding so i don’t feel bored and can stay awake.

I do not like sitcoms 

What are your suggestions? 

I’ve watched almost everything i can think of on tv but open to new suggestions

What I’ve watched that i can remember 

Call the midwife (6x lol),
Nurse Jackie,
Ozark,
Sex in the city,
GOT,
sequel to GOT and prequel i don’t remember ,
The office,
Handmaids ,
Chefs table,
Fauda ,
Lots of chopped ,
Iron chef original, America and beyond lol,
Killing eve,
Brigerton,
The resident ,
Crown,
New Amsterdam ,
You ,
Shameless 
",2024-07-03 1:25:35,https://www.reddit.com/r/BabyBumps/comments/1du2a60/tv_shows_to_binge_while_in_the_newborn_stage/,,abortion,abortion_data-updated - new_abortion_related_subreddits_text_posts .csv,88cb693463eac7fd3f552e1ecfb3a241b1be4eee0514afdaf34c8fa9c726d639,abortion
ew9rie,abortion,"Told my mom I was getting an abortion, she set up an appointment with an Obstetrician","Like what a bitch?

I say I don’t want to be pregnant and this women literally sets me up an appointment with a dr who deals with pregnancy. 

Nah. I’m going to get an abortion. And I’m finding an abortion clinic. I’m not keeping a baby because you’re pro life. Fuck you. 

Ps - her comments are the worst",2020-01-30 18:19:44,https://www.reddit.com/r/abortion/comments/ew9rie/told_my_mom_i_was_getting_an_abortion_she_set_up/,,abortion,abortion_data-updated - new_abortion_related_subreddits_text_posts .csv,253248c352a09c7e0817a621b9b70c6316bf5fb0e0794e34e7c4ee8f7f22429c,abortion
1dperz1,relationships,I (F34) just found out that I have at least 4 stepsisters,"I (F34) have been an only child my whole life. My mom (F63) is a single mother and raised me by herself but never ever told me or talked about my biological father.

I never had a father figure, my grandparents were separated since I remember and my grandfather lived in another state, so we did not have a relationship with him. My mother did marry when I was 6 years old, but her partner was not what you would say a good father figure, he was an alcoholic and cheated on her several times. They were only married for 7 years.

I did ask my mom a couple of times when I was younger about my biological father, but she only told me that it was a friend of hers that was not ready to be a father, and that is why he was not with us. But I never knew who he was or even knew his name.

For a lot of time, I did not bother to ask her about my bio dad anymore, I use to say that I was not interested in someone that didn't even want to know me and that I didn't need him.

I now am married and have 2 boys, and for a while now wonder who my bio dad is. One of my children was diagnose with Autism and that triggered a lot of questions from my bio dad side. If I could have some genetic problems that I or my children need to be aware of and started to get a little bit anxious about that, to the point that I seek for help with a therapist to help me confront my mom and ask her about my bio dad. (I just hate confrontation and was scared that this could break in some way the relationship between me and my mom).

A few days ago, I got brave and ask my mom about bio dad, and she told me that he did not want to be a part of our lives because he was a married man and told me his name.

As soon as I got to my house, without my mom, and when the children were asleep, I ran to the internet and search for this man. It took me a while, but I found him! I got a little bit shocked and could not stop looking at his posts, and photos. It turns out that he is not only married, but he has also at least 4 daughters, 3 older than me and one my age.

I honestly don't know what to do, I am curious to talk to the man and see if he will answer my questions, but I do not know how to approach him. I don't want to make a mess in anyone's life, but I think I deserve to be heard. this makes me feel like the hidden child and I think I deserve at least a conversation. I do not want to hurt my mom, in anyways because she kept this hidden for 34 years, but I know that is my right to know where I came from.

What would you do?

TLDR; I (F34), (only child my whole life) just found out who my biological father is and that I have 4 half-sisters, want to reach out but don't know if I should.",2024-06-27 1:02:59,https://www.reddit.com/r/relationships/comments/1dperz1/i_f34_just_found_out_that_i_have_at_least_4/,,abortion,abortion_data-updated - new_abortion_related_subreddits_text_posts .csv,141268bd1b2b6fe08a89cbb59fb309ea70cfe83701f01deb196fa475644461c9,abortion
1lmd3su,relationship_advice,"I (M37) received a confession text by the man (M38) I am seeing, and I feel the same. But do I wait this out or take that leap?","I’m fucked.

I consulted everybody I can about this because it is a rather sticky situation. However, I did notify him that I’d ask others to see what they would say. 

I am 37 and last year I filed for a divorce due to a tumultuous relationship. It was quite frankly 10 years of hell. 

It’s been nearing a year that I left my ex, and I have been in a situationship (?) for months with this guy. This guy (M38) is somebody I was friends with before I met my ex, but he didn’t like her so I cut him off. 

However, I reached out to him after I split from my ex because I needed to rehash things with people. We were friends and I honestly missed him, and he helped me during the separation. 

I moved in with his brother since my ex wife has never met either of them, and he was already looking for a roommate. It was a safe choice. 

Since I was moving to a different area, he showed me around and we would talk to each other for hours on end about everything. He listened to me, comforted me, and supported me the entire time. It was like a breath of fresh air because I never really experienced this type of consideration with my previous relationship. 

Now, I’ve been doing my best to keep him at arms length romantically since I don’t think it’s a very good idea to jump into something immediately after separating from an abusive marriage that lasted for around 10 years. But I can’t deny how I feel about him. 

I love him platonically. I don’t know about romantically because it’s just hard for me to remember what love feels like versus codependency. I do know that I care a lot about him, though.

This is where the advice is needed.

Yesterday, after I got home from a hangout with him and a couple of other friends, we called and debriefed. I fell asleep on call because he suddenly went quiet, typing something up. I asked if he was writing a novel, to which he laughed and continued typing. 

The next morning, I received this text. I’ll copy and paste it, omitting any names or personal details. I need advice on where to go from here. My sister says to go for it but slowly, and my therapist says that she suggests waiting it out. My friends, on the other hand, say it’s probably best not to do anything as I live with his brother. It’s all confusing.

But I will say that the message was the sweetest thing I have ever read in my life. Sad as it is, it’s much kinder than anything my ex wife ever said to me. Even during the good days.

I don’t know what to respond with…but I just need extra opinions. I love him and care for him but romance is so lost on me. But honestly? This might be it. I don’t know. 





THE TEXT: 


[MY NAME] im sorry that this is so sudden and i dont expect u to accept this but i need to get it off my chest. when we visited [city nearby us] i realized that this felt like a date. every time i see u with ur sister playing w buddy and talking to him in that stupid high pitched voice i feel something that i can only recognize as butterflies in my stomach.ikits weird to just suddenly spring this on u esp after ur crazy ass canon event lmfao. maybe its childish to say this but after today i saw how happy u were and had an epiphany. i love u, [MY NAME]. i love u a lot. ik ur probably shocked considering i never rlly brought up that im gay but im sure its no shock. lol. that closet is class haha…anyway…

ur strength is unmatched. if i went through the shit u did then i would be on the news. no joke. ur text reaching out to me was so beautifully worded. ur justso emotionally mature somehow. ur not agraid to be vulnerable and getting deep and i truly admite that about u. ur so funny. ur so handsome even though u dont see it. 

u may read all this and think abt all ur flaws but to me i can always forgive them bc ur human. ur someone who went through something so terible. i dont expect perfection. i just love everything about u. 

and yes, what u said to me hurt.ni literally cried to [MUTUAL FRIEND] for hours after u cut me off. but u coming back feels like destiny. 

i dont expect u to just leap in and date me. i dont even expect u to love me back. but i know ur not going to ruin our rleationship over this. i know i can still ve ur friend. 

but i had yo tell u because quite frankly ive been losing sleep over this. i think about u and spoiling y and treating u the way u deserve. im sorry if this makes things weird considering ur with [HIS BROTHER] and idk..but again i just cant keep holding this in

im not afraid to tell u yhis. i know u will communicate effectively. 

btw, take ur time ok? consult whoever. show this to anyone. just dont spread my name or pics ok (unless its a hot one 😜). but u fell asleep on call u fucking moron…love u. ily. ik u love me, but i dont rlly care if its platonic or not. i just appreciate u in my life. also charge ur damn phone bro the poor thing is prob burning hot lollllll







ETA: The reason he knew anything about my ex was because I talked about her a lot to him. He was one of the people who saw the red flags and tried to get me to leave her, but I was blinded and cut him off. She didn’t know him, though. ",2025-06-28 3:34:44,https://www.reddit.com/r/relationship_advice/comments/1lmd3su/i_m37_received_a_confession_text_by_the_man_m38_i/,,abortion,abortion_data-updated - new_abortion_related_subreddits_text_posts .csv,f604f848cc204a7be4b9017e0c2d148f9c87abbc3086ffbd509177a08d6172c6,abortion
f3j4xk,abortion,Great News,Posting here yet again. My appointment at PP is Wednesday. I was told it would be 540 up front and I tried to gather as much money as I could and came up with $216. I was freaking out and called PP and turns out the justice grant will cover the rest of my abortion. After feeling so scared and worried finally I’m feeling relaxed. Thank you all for your support!,2020-02-13 23:38:32,https://www.reddit.com/r/abortion/comments/f3j4xk/great_news/,,abortion,abortion_data-updated - new_abortion_related_subreddits_text_posts .csv,721a6b516a8b8dc267b907872f4fd1c411361cdabd3c67785d9e9f50bcfade1f,abortion
1allgs9,WomensHealth,"2nd time getting pregnant. I’m heartbroken, please help.","I was inlove with someone in 2021 and accidentally got pregnant - totally out of nowhere. I didn’t even come to find out until he and I broke up on the day I was driving to the gynecologist for an annual exam. I had an abortion it was emotionally horrible and I never wanted it to happen again. 

Ok now 3 years later I just found out I’m pregnant with a different boyfriend. (Been tg 2 years almost). I cannot believe I’m pregnant again. I don’t think we or I are ready to have a child 

I feel so bad to have a 2nd abortion and MAINLY: I’m so so so scared that having 2 abortion a will f*ck up my chances of getting pregnant in the future (I want children and a family). 

I’m struggling if I should go through w this pregnancy (27F) - my boyfriend and I have had a really rocky relationship and aren’t financially stable.

Ok also — I’m a spiritual person, I was born in September this baby would potentially be due around my birthday AND I was pregnant at the SAME TIME the first time around. (Unplanned)",2024-02-08 2:54:56,https://www.reddit.com/r/WomensHealth/comments/1allgs9/2nd_time_getting_pregnant_im_heartbroken_please/,,abortion,abortion_data-updated - new_abortion_related_subreddits_text_posts .csv,ef6679fe30d55d3e59fc7d3ea59fea64d359efe6c17b3204bd5206449fa4c786,abortion
1l7rco2,AmItheAsshole,"WIBTA: Parents won't let me spend a full day with gf before I leave the country for a year, I wanna go without telling them","
I, 21M, wanna go meet my gf, 22F, who lives about 2 hours (via a flight) away. We've been together for 2.5 years, known each other for 3 years now, all Long Distance. I'm in the last year of my 5 year degree, which requires me to complete my Master's thesis. I've decided to do my thesis abroad, in the US at a pretty good college. 

Before I go for my year long thesis, I wanna meet my girlfriend one last time. Things are uncertain, and I'm not sure if we'll last over the next year, so this would effectively be the last time we meet (unless we work it out somehow). We've met a few times (around 6-7 times), each time lasting for no more than a few hours. I wanna spend 1 full day with her before leaving. She won't be able to come meet me there in the US due to her academics and family. 

I've told my parents everytime I've gone to meet her or when she's come to meet me. They refused to let me go, citing that the town she's in isn't safe, or that they're not comfortable with the idea because they weren't allowed to meet during their time. 

AITA to be pissed off and to be thinking of going without informing them? 

I've been somewhat of an ideal kid, near independent, great grades in school, at a great university and my thesis at a great college abroad, fairly good internships which earn me pretty good money (by my country's standards), and just overall being mostly transparent with my parents. I feel like the reasoning of not being comfortable doesn't make any sense cause I can do the same once I'm abroad, no one's gonna be supervising me there and that me asking for permission instead of going there without letting them know shows that I respect them as well. 

Tldr; I gotta go abroad for my thesis for a year, won't be able to meet my LDR girlfriend during that time, wanna go to meet gf and spend a full day with her before leaving, parents disapprove, feeling pissed and considering going anyways. 

Edit 1: Me, parents and girlfriend are all based in India

Edit 2: Being from a South Asian country, the stereotype of parents being overly involved in their kid's life holds true for my family as well. And I have mostly been a ""good kid"", but I think it's high time I get to make my own decisions. That's what's causing the conflicting feelings and doubt. This would be my first time actively choosing to go against what my parents have asked of me in a pretty big way (at least for me), so yeah there's some doubt. I just made this post to be exposed to various POVs and opinions. ",2025-06-10 6:03:34,https://www.reddit.com/r/AmItheAsshole/comments/1l7rco2/wibta_parents_wont_let_me_spend_a_full_day_with/,,abortion,abortion_data-updated - new_abortion_related_subreddits_text_posts .csv,1fa19cd55bc6af280416d681021df6b462f2d399391b795af26cef323bd729fa,abortion
1lak8o2,relationships,How do I deal with a girl interfering with my relationship?,"Hi everyone, I (23F) have been in a relationship with my boyfriend (25M) for a little over a year now. Everything is going well, however, there is one thing which still is hurting me and I need some advice.

My boyfriends previous relationship came to an end when he cheated on his ex girlfriend. While he does not think the relationship would have lasted, he regretted hurting her. The thing is, he has never been up front about these things to me. He did tell me some things about his past relationship before, but always left out the part that he cheated, until I asked him directly. That already seemed a bit odd to me. He then also forgot to mention that he still was in contact with this girl (not much, but still some random conversations here and there). He also had other girls who he had been intimate with on Snapchat, and I specifically had to ask te remove them as it made me uncomfortable. I am not the jealous or controlling type, but people from the past should be in the past imo.

Well, he understood and cut the girls off and everything seemed okay. However, the girl who he cheated with, let’s call her Lisa (fake name), something about her gave me nauseous feeling. Everything about the story which he told, gave me the idea that this is one of the girls who likes to stir in other people’s relationship. I must say, it is totally his responsibility that he cheated, but she was trying to get him to cheat. She also was interfering with some other guys who were in a relationship at the time. Anyway, I did not trust this girl at all. She lives in another town and there is a big party going there and we were invited by some friends of my boyfriend to also come to this party. It really was a big party with the whole town, so what are the odds of running into her?

Well, I did have a feeling up front that she would also be wanting to stir in our relationship. So I set some clear boundaries to my boyfriend, like please do not give her a hug when running into her, please do not entertain her behavior and please make sure that we will not hang out with her all night. Well, the night comes and she is out to find us. Nobody was really looking forward to engaging with her, so we tried to avoid her, but eventually she found us. She immediately hugged my boyfriend and started acting like she knew him sooo well and just trying to get his attention. I was already not feeling it, we lost her at some point, but she eventually found us again. She even invited herself to the house of one of my boyfriends’ friends. I was completely done with this behavior and just wanted to go to the hotel, so we grabbed our bikes (we live in the Netherlands, so we can go by bike) and again, Lisa invited herself to tag along. Not only that, she cut me off so she could ride next to my boyfriend and had the nerve to ask him when he would come over again “as friends”. I was fed up and in my opinion, my boyfriend should have grown a backbone and stood up to her tell her to leave us alone.

After this whole situation, Lisa also had the audicity to say that I was not very social and to wonder why my boyfriend blocked her. She is just deliberately stirring in our relationship and acting like she is all innocent.
I have felt very insecure about this, but was able to let this go. However, the party is coming up again and my boyfriends’ friends want us to come again. I honestly would love to go as his friends are really nice, but I do not want Lisa to start to interfere in our relationship again.

My boyfriend and I had a conversation about this and he says that I should just ignore her. I personally think I cannot ignore her, she is very rude and she imposes herself where is not wanted. I asked my boyfriend if he could please grow a backbone and tell her politely to leave us alone. My boyfriend says if it bothers me this much, I should tell her myself. IMO this is not my responsibility, we are in another town where I do not know anybody except his friends and she is also someone from his circle. 

How do I deal with this situation without it again letting it ruin my night?

TLDR: My boyfriend cheated in his last relationship, the girl he cheated with now tries to cause problems between us and tries to get his attention. My boyfriend does not tell her to back off and says I should ignore her, but it is making me insecure. How do I deal with this?",2025-06-13 16:24:55,https://www.reddit.com/r/relationships/comments/1lak8o2/how_do_i_deal_with_a_girl_interfering_with_my/,,abortion,abortion_data-updated - new_abortion_related_subreddits_text_posts .csv,7dab7aa6cfbcf44e432e50ba7ec6dbb9d7de34cb89f832c2c49551d2ce2cb85a,abortion
1jzb5qi,abortion,12 weeks pregnant and need to fake miscarriage,"Hi I am 12 weeks pregnant so can only get at SA. My ex is emotionally and verbally abusive and wants me to keep the baby (and me). I want to get out. I’m afraid of his backlash if I tell him I got abortion. So need to say it’s miscarriage. How do I pretend it’s miscarriage if I’m having a SA? My friend is taking me early morning, I was thinking once I start to bleed say I’m having miscarriage and doctor told me if there’s heavy bleeding to call other than that I can pass naturally at home. Will that work? Hr is smart and already knows I’m more leaning towards abortion. He threatens me about harming himself if I got an abortion and manipulates and uses scare tactics. So I have to be careful about the plan. If anyone has a good idea please please let me know. ",2025-04-14 21:55:00,https://www.reddit.com/r/abortion/comments/1jzb5qi/12_weeks_pregnant_and_need_to_fake_miscarriage/,,abortion,abortion_data-updated - new_abortion_related_subreddits_text_posts .csv,a73ee7e1556e1c8bae367d8b9f2c5276bcab9b058d2b19f9f3814e407f9aca47,abortion
t9n4qr,TwoXChromosomes,"A reminder that men in America are 73% of national lawmakers, run 81% of businesses, are 70% of those making six figures, 87% of millionaires and 73% of positions in STEM fields. Don’t ever let anti-feminists tell you that we live in some kind of ‘feminized’ country where men are the true oppressed","Percent of lawmakers by gender:

* https://www.pewresearch.org/fact-tank/2021/01/15/a-record-number-of-women-are-serving-in-the-117th-congress/

Percent of business owners by gender:

* https://www.usnews.com/news/articles/2016-09-01/most-of-americas-businesses-run-by-white-men-says-census-bureau

Percent of those making six-figures incomes by gender:

* https://finance.yahoo.com/news/cities-most-female-six-figure-110002873.html

Percent of millionaires by gender:

* https://balancingeverything.com/millionaire-statistics/

Percent of those in STEM fields by gender:

* https://www.census.gov/library/stories/2021/01/women-making-gains-in-stem-occupations-but-still-underrepresented.html

**ALSO**

Women could be about to lose abortion access in over half the country:

* https://www.cnbc.com/amp/2021/12/01/sotomayor-supreme-court-liberals-sound-alarm-in-fight-to-overturn-roe-v-wade.html

The number of women killed daily by an intimate partner has risen significantly in recent years after generations of steady declines:

* https://www.psychologytoday.com/us/blog/mind-games/201909/the-number-women-murdered-partner-is-rising

And the gender pay gap has not only stagnated:

* https://www.cnbc.com/2020/09/18/new-census-data-reveals-no-progress-has-been-made-closing-the-gender-pay-gap.html

but could actually be set to widen in greater favor of men for the first time in decades thanks to Covid:

* https://www.npr.org/2020/06/28/883458147/how-coronavirus-could-widen-the-gender-wage-gap.

Now, yes yes, I know that anti-feminist groups like MRAs and MGTOWs have their own little set of stats to say that men actually have it worse ('men are a majority of combat deaths', 'men are a majority of prisoners', 'men are a majority of suicides' etc) but let's remind ourselves why all of those points are basic statistical manipulations or rooted in hypocrisy:

**""Men are the vast majority of combat deaths in war”**

* Because for 99.9% of history, militaries and governments led exclusively by men deemed women too physically weak and biologically inferior to be in the army, so combat forces were solely comprised of men. Even today women are still excluded from combat roles in a lot of countries, and they were only allowed to start applying in developed world countries within the last 10 years (2013 in the U.S., 2016 in Australia and the U.K., etc). So obviously men will be the majority of combat deaths, since they have consistently decided they're the only ones fit and able enough to be out there. Plus this ignores civilian casualties of war, a lot of which are women.

**""Men are the majority of prisoners""**

* Men commit over 90% of all homicides, 86% of violent crimes and almost all sexual violence crimes. What do they expect the numbers to be, 50/50??

**""Men are the majority of suicides""**

* Women attempt suicide at 3 times the rate men do, and suffer from psychological disorders that lead to it twice as often. Men simply succeed in committing suicide more, despite attempting it far less often, because they typically choose more violent means such as putting a gun in their mouth or jumping off a building, whereas women choose less violent means such as taking pills and falling asleep, which give a much greater chance of something going wrong, changing your mind at the last second and calling for help or being found in time etc. 

**""Men may be the majority of high paying jobs, but they are also the majority of construction workers and brick layers""**

* Only because the toxic masculinity permeated throughout the trades effectively keeps women away from them. And some of these jobs pay a lot more than women make in fields they traditionally dominate such as teaching and social work. Plus, it's laughable hypocrisy to constantly talk about women not having a greater share of high prestige/high paying jobs because they CHOOSE not to do them, yet then ignore men CHOOSING to go into these types of fields. Last time I checked, nobody put a gun to their head and told them they had to work in construction.

People have tried to shut down women's causes and gaslight us for years, but on this Women's Day I say we take a stand to reaffirm our resolve, remember what we're fighting against - all that societal injustice - and NEVER let the likes of the MRAs, the both-sides crowd, men scared of losing their privilege or other unscrupulous individuals gaslight and trick us from continuing the fight. Whether that be through 'we're equal now', 'sexism is over', 'women are actually privileged' or anything else, it's all crap. Stand up for yourselves and your values, stand up for the women around you, and let's change the world!",2022-03-08 18:17:11,https://www.reddit.com/r/TwoXChromosomes/comments/t9n4qr/a_reminder_that_men_in_america_are_73_of_national/,,abortion,abortion_data-updated - new_abortion_related_subreddits_text_posts .csv,81cc20350121645745d38e832a3b75dda8eb62a5d08ac53716e87b48e4129213,abortion
1h0q1po,Pregnant,Mother in Law made my child’s sonogram her FB profile picture.,"I’m just pregnancy annoyed and need to vent. 

I’m 29 weeks pregnant and we did a 4D ultrasound last week. Not only did my MIL post the picture before I did, she also made it her profile picture. It’s just WEIRD to me and I’m ANNOYED. This is my daughter, not yours. 

There’s a backstory I won’t go into fully.. or idk maybe I will.. this is just a few small topics that annoy me. 
 My husband and I are the typical he grew up dirt floor poor and they think I grew up with a silver spoon because my parents busted their asses to put me in private school and made sure I had an education. Meanwhile my husband was the first to graduate highscool in his family and his parents left early so they “wouldn’t hit traffic.” He is such an absolutely amazing man and has made something of himself from really shit circumstances with parents that helped him with nothing. And now ask him for money to pay their bills because they blow it on weed and cigarettes.
I had to pick her up one day because he car broke down and she had a call with the SS office. She’s in my car blatantly lying to them about her marital  status, income, etc. so she can get benefits because she “hurt her back.” 
 I just have no respect for them and she thinks my daughter will be staying the night in the house they smoke in etc. ANYWAYS. Thanks for listening to my rant: don’t need any advice. Just needed to be mad in solidarity. ",2024-11-26 23:24:59,https://www.reddit.com/r/pregnant/comments/1h0q1po/mother_in_law_made_my_childs_sonogram_her_fb/,,abortion,abortion_data-updated - new_abortion_related_subreddits_text_posts .csv,41d7d4e5eba355b94d4944a9b0107f2c29b24229abc481217652e5d2555c6ac1,abortion
jpip7v,abortion,I am really excited to have a baby and my boyfriend claims he is too... but I know he’s not ready mentally or financially.,"He claims he is going to work his ass off for us but I don’t want him to slave so we can scrape by... plus when he or I mention the baby he has this look of horror on his face and it’s devastating. I ask, “what’s wrong?” 

“Nothing nothing. My mind is just spinning.” 

He is absolutely 100% pro-life and called me a murderer for even considering abortion...

But he just isnt even close to matching my energy in excitement. I don’t get why he wants me to keep the baby when it’s clear he is not into this. 

So I’ve decided that I’m getting the pills on the 11th and I am going to tell him I miscarried. Then I think I will break things off with him because I will never be able to look at him the same. I want this baby so bad but I feel like I’m destroying his life and freedom by having it. I can’t live with myself.",2020-11-07 2:22:52,https://www.reddit.com/r/abortion/comments/jpip7v/i_am_really_excited_to_have_a_baby_and_my/,,abortion,abortion_data-updated - new_abortion_related_subreddits_text_posts .csv,b6246bbb546507527249778d9305913dc9d3b47713f6ae8a0c449b33a6b00ae0,abortion
1fphn9b,relationships,My daughter's friend (both 12y/o) stole her expensive pants - not sure how to handle the situation,"**Background**

We have been family friends with the Smiths\* for about 4 years now. We have kids at ages that mesh up perfectly, so it's always a good time when we get together. They're great people that we trust. They have a daughter we'll call Carol and we have one we'll call Laura, both 12 years old. Laura is a bit shy but the kind of girl who opens up and has a great time with a best friend, which Carol is. Laura is also very organized and clean. She knows where all her stuff is and it's exceptionally rare that she misplaces anything.

**The Incident**

A few weeks ago, we had Carol over to swim with Laura in our pool. Before they went in the pool, Carol and Laura were in Laura's room. At some point, Carol started looking in Laura's dresser, apparently just browsing. Laura was a little weirded out by this but didn't think too much of it. Carol at one point says, ""Wow, these are nice lululemon pants!"" Laura had gotten them about a week prior as a special going back to school/birthday gift, and they cost about $100. She was very excited about them. So they talked about them briefly, then Carol put them back. The girls then went out and swam for a while, then came back inside and changed. Carol left her bag in Laura's room while they hung out for another hour or so. When it was time to go, Carol went and got her bag from Laura's room.

The next day, Laura was absolutely freaking out before school because she couldn't find her pants. She looked in every drawer, looked in her sister's drawers, looked through her dirty clothes, the laundry room - everywhere. The pants were nowhere to be found. We certainly didn't want to assume the worst of Carol, but somewhat related, Laura did mention that Carol was wearing a different friend's crocs which she said she had ""borrowed"" from said friend. So my wife and I decided my wife would call Carol's mom and do the old benefit-of-the-doubt conversation, asking gently if maybe Carol had mixed up Laura's pants with her stuff. Carol's mom said she asked Carol about it but Carol said she didn't have the pants. So we went back to a theory of they were misplaced. But several weeks passed and we still didn't see them. Again, very unlike Laura for something like this to happen.

**The Awkward**

Yesterday at school, Laura sees Carol wearing what suspiciously looks like her lululemon pants. She notices the logo on them on the lower back, the pocketless design that her pants had, the same color, etc. She's pretty sure they're hers, especially considering the implication in Carol's first reaction to them that she herself didn't have pants like that. She asked Carol about the pants, mentioning they looked a lot like hers. Carol seemed uncomfortable and it seemed like she was trying to hide the logo on them. At one point, Carol lagged behind the group of friends they were in and it seemed like she was trying to fold the top of the pants down so the logo was less visible. Laura had previously told another friend named Sarah about this incident, so Sarah was on close watch at this point too.

Later in the day, Carol, Laura, and Sarah were in class together and Sarah observed that the logo had been cut out of the pants, which was definitely done since they had seen her hours earlier. Laura had a look and saw the same thing.

My wife and I discussed it at length and decided that even if this creates an awkward wedge between our families, we will call again and mention what Laura witnessed. So my wife calls Carol's mom, who at the time was in the middle of a school-related event, so when my wife explained the situation, the response was, ""Huh, ok, I will check later tonight and get back to you."" It seemed a little more casual than she expected.

Today at school, Carol seemed the same as usual, like nothing had happened. No mention of the pants, no mention of her mother talking to her about it, nothing. Laura, being the non-confrontational person she is, didn't say anything about it either. We have not heard from Carol's mother either and it has been over 24 hours.

**Now What?**

So now we're not totally sure what to do. Do we wait another day or two? Do we call a 3rd time and up the rhetoric a bit? My wife hasn't used the word ""stolen"" yet but that's only because we thought the hint so to speak was obvious enough that she would at least tell Carol, ""You need to give those back."" Do we just let it go at this point and cut our losses? We had already set up a date to have their family over this Friday for dinner, so now we're kind of dreading that, because if we don't say something between now and then and they don't say anything to us, we're going to have that in the back of our minds the whole time and not be super thrilled about it. Not to mention, we can't trust Carol in our house because who knows what she has her eyes on next? What's the best thing to do here?

**TL;DR**

My daughter's friend stole her expensive pants, wore them to school, and cut the logo out of them to try and hide the evidence. We've called the friend's mom about it but haven't heard back. Not sure what to do next.

^(\* Names of everyone changed)",2024-09-25 22:50:13,https://www.reddit.com/r/relationships/comments/1fphn9b/my_daughters_friend_both_12yo_stole_her_expensive/,,abortion,abortion_data-updated - new_abortion_related_subreddits_text_posts .csv,32fd1fbdce705754028c812b3c5b6482a7ee683de4b4c58416452ef37879759a,abortion
1klikg4,TrueOffMyChest,My ex got engaged and I feel bettayed,"I know I will sound bitter. I don't care. I just need a place to vent because it might make things better for me.

Tomorrow will be the 8th monthversary of our breakup. We (24 and 25 now) dated for a bit more than two and a half years, longer than we should have, and she broke up with me when I had the biggest mental health crisis of my life for stopping to take my meds. I still carry the physical and psychological scars of that day.

We had an open relationship, the crisis was triggered by her telling me details of what she was doing with someone even after I had told (and written) that I didn't wanted to hear about it.

I felt completely sick. A friend of hers (in her 40s, let's call her A) offered to receive me in her house. We spent the night talking and I cried a lot. The next day I disappeared for hours, then went back to my girlfriends house - the house she said was ours, the house that was decorated and cluttered with my stuff. I hurted myself.

When my girlfriend came home, she had A in tow, and she was acting completely different with me. Like, her demeanor did a complete 180. A screamed at me, accused me of ruining her marriage for accepting to stay in her house and, when she ran to my direction and I flinched, she said I acted too much like her autistic son (I'm autistic as well) for her to hit me.

Well, my girlfriend broke up with me that day. She said she was tired of us continuously hurting each other, but also that she wanted a full non monogamous relationship and to explore what life had to offer her, since I was her first partner.

Time passed, and we tried to talk to each other as friends. She would often tell me A was still her best friend, and that they would hook up sometimes, but that she only had platonic feelings towards her. But then a mutual friend told me my ex called A a ""partner"" when they spoke. It made me feel pretty bad because she saw how A treated me when I was sacred, weak and literally bleeding. My ex would just say that it was a stressful situation for everyone and A acted on impulse.

Obviously, I stopped talking to my ex for months. We tried to rekindle our friendship after I went to get my stuff from her house, but she ghosted me. I was pretty worried because she also has her fair share of mental health issues and I was afraid she could had hurt herself or worse. But I spoke to our mutual friend and he told me the truth.

What happened is: a few months prior, A had proposed to my ex, and she finally accepted. In order to ""not hurt me"", she decided the best thing to do was to just stop talking to me. They're living together now.

I feel that I was constantly lied to. She told me A was just a friend, then told me she didn't want her as a romantic partner, then that she didn't felt aroused by A's body. She told me she wanted to explore, but now she's engaged and living with a 40-something year old. She told me I was important, but is going to marry someone that worsened the trauma I have of that night.

That's all. I know my ex doesn't owe me anything after our breakup. But why would she tell me those things about A if they were all lies? Why would she want so much to keep talking to me, telling I'm one of the loves of her life, that she cares and worries about me, just to marry someone that hurt me that bad?",2025-05-13 10:32:41,https://www.reddit.com/r/TrueOffMyChest/comments/1klikg4/my_ex_got_engaged_and_i_feel_bettayed/,,abortion,abortion_data-updated - new_abortion_related_subreddits_text_posts .csv,f9e386c3e4818930b942de23ed953eb5ec65686aaa4514988728f02c8edf0f54,abortion
1lg586r,abortion,Just a vent. Pregnant (29F) with someone who is harsh (27M),"Just a vent

Overwhelmed. Had a medical abortion September last year with same boyfriend. The grief was hard. But it was the best decision at the time. Got pregnant again and now 23 weeks 3 days. 

Boyfriend told me last night I’m up his a** all the time… but we agree to see each other when we do, it’s mutual and he says he loves every second, but says this out of the blue yesterday. 

I’m stuck and scared. These are all the things he’s said to me over the year+ plus that we’ve been together: 

1. I’m f*cking exhausting. 
2. I’m always up his f*cking ass. 
3. He’s “showing me and telling me” about myself. 
4. I cry all the time over nothing .. I cried 3 times and this is because he was mean to me and I’m pregnant which is extra scary.
5. He doesn’t care who he loses in life even me. 
6. It’s always me me me. 
7. I don’t like to hear the “truth”.
8. I seek so much attention .. I cried here. We were great, and he got mad at me for posting an Instagram picture with my pet.. he later said he wasn’t in the best mind and looked at my followers and claims it’s more men.
9. He asked why tf he would respect my father .. why wouldn’t we respect each other’s family..?.. 
10. Also first appointment I told him he could go if we agree to communicate politely, he said he wasn’t agreeing on anything 
11. He also goes silent for days here and there

I didn’t want to wait to 29 years old to have a kid with the wrong person. 

He’s saying he’ll work on this as a family ideally together.. but it’s up to me if I want to. He’s also okay with being 50/50 and being a father regardless if we stay together.. because that’s exactly what a woman wants to hear when she’s pregnant.. 

I’m scared 

Didn’t know where else to post this especially mentioning the past abortion. 

Abortion terrifies me again and I know will break me. I’m in the north east. I’m running out of options very quick. Of course I’ve grown attached as well. 

I know I’m in a terrible position.",2025-06-20 14:21:42,https://www.reddit.com/r/abortion/comments/1lg586r/just_a_vent_pregnant_29f_with_someone_who_is/,,abortion,abortion_data-updated - new_abortion_related_subreddits_text_posts .csv,83f2ecb2f5ad57ddb2358774e73af57371df7943f1f8553ba27408c4c337b63a,abortion
1eb80id,relationship_advice,My boyfriend (27M) mocked me (25F) with a racist gesture – what should I do?,"Hi everyone, I need some advice. I’m a 25F Asian, and my boyfriend (27M, white) and I have been dating him for 2 years. Recently, he got mad at me for joking about his dancing. He was telling a joke and added a dance, which I thought was part of the joke, so I laughed and called him cringey. He then mocked me by pulling his eyes to the side and laughing in my face, a hateful gesture towards Asians.

I immediately took some space in the bathroom to calm down, but he kept trying to get in, saying it wasn't fair to lock him out. He apologized, saying he thought I was making fun of his dancing because he’s white and that he’s been feeling pushed to the edge due to my recent moodiness. This is the second time he’s made a racist comment towards Asians, despite assuring me he's not racist and that it was just a mistake.

I’ve spent years working on embracing my culture and now I feel insecure. I can’t imagine this happening to my future kids or anyone in my family. I’m struggling to talk to him, look at him, and move past this. Am I overreacting? What should I do and is this something that I should move on from?
",2024-07-24 17:58:47,https://www.reddit.com/r/relationship_advice/comments/1eb80id/my_boyfriend_27m_mocked_me_25f_with_a_racist/,,abortion,abortion_data-updated - new_abortion_related_subreddits_text_posts .csv,41f8c63c2a452ec30f4cb00167959609ca07b2e773fbb5f674eaff95773a13f2,abortion
1lal2qk,abortion,6 weeks post abortion,"Hi, I’m abt 6 weeks post abortion today. Just wanted to ask if it’s normal to feel depressed. Not necessarily about the baby, I do feel sadness and grief, but this is more of a general feeling. Wondering if it’s possible that hormones are still fluctuating and maybe that’s why I’m feeling more emotional lately. I’ve already gotten my period and currently in ovulation stage (so I should be feeling good but I’m not) so just wondering if this is just something hormonal. Thanks for the help in advance!",2025-06-13 16:58:34,https://www.reddit.com/r/abortion/comments/1lal2qk/6_weeks_post_abortion/,,abortion,abortion_data-updated - new_abortion_related_subreddits_text_posts .csv,237c97abc5fd7c6669bbb73e7d8a5539e382a1092d8f06f788702d6b96a45c42,abortion
4vym1j,relationships,I (f/32) just went out on a date with a guy (44) who collects disability,"We met online. He's very good looking, polite, sweet, but didn't really want to tell me about the disability pension he's on til he met me. He kept that answer vague, and mentioned the carpentry business he had and made a vague reference to living off investments or something.

We went out, he was very sweet, a bit shy, and I asked him about how he spends his days/what he does. He told me that he ran a carpentry and construction business but hurt himself on the job after slipping on something while carrying 2 by 4's, and had herniated discs, amongst other stuff, was in the hospital and rehabilitation for a while. 


Then not long after that, he was in a car accident (fell asleep at the wheel, got thrown out of the car and broke a bunch of bones). So now, he collects a disability pension until his late 60s. He's recently divorced, no kids, and owns a house an hour from the city on a lake, but wants to move closer to the city. He says he's bored most days, watches TV, but he's fit and active, and has many friends.....


How do you guys feel about that? While I understand that he had been doing carpentry and construction all his life, and he clearly cannot do it anymore due to his accidents, and it's great that he has this income for the next 20+ years..... I'm not sure if there's a lack of ambition at play, just being ok sitting around and collecting this pension. As grateful as I'd be for it (and I'm not sure how much it is, none of my business), I'd go bored out of my mind and I'd want to volunteer on a weekly basis, start a side hustle, start a non-profit, just do other stuff with my free time. 


It's not like he's incapacitated. He can walk. I get that you'd have less drive to apply for a new job if you have this steady cash flow, plus he's in his 40s and would have to go back to school to learn new skills, and he wouldn't want to earn an entry-level salary.... But for some reason, I just can't get on board with ""being bored, sitting around, watching TV"". Do something within your abilities!

I'd be curious about seeing him again, he definitely seemed very interested and into me... but how does one ask about goals so early on in the game? I felt uncomfortable asking what his goals were. He seems to be in a very transitional phase. 


*TL;DR: I went out with a guy who hurt himself on the job and now collects a disability pension til his 60s. I am attracted to guys who have drive and ambition, and feel like he could still get out and get involved in something (non-physically strenuous). How do I ask what his goals are?*",2016-08-03 13:58:52,https://www.reddit.com/r/relationships/comments/4vym1j/i_f32_just_went_out_on_a_date_with_a_guy_44_who/,,abortion,abortion_data-updated - new_abortion_related_subreddits_text_posts .csv,660c68d087b66406e345e23be6f5eef4e9c6e738d74867b9e58dcf1f277f3564,abortion
1ljyb8n,Miscarriage,Supposed to be 9 weeks 4 days but measured 6 weeks 5 days,"I went for my first ob appointment today when I was supposed to be 9 weeks 4 days but I’m only measuring 6 weeks 5 days and they found no heart beat she wants to schedule me for a d&c. My periods are irregular, is there any hope? Should I push for a second opinion?",2025-06-25 6:21:33,https://www.reddit.com/r/Miscarriage/comments/1ljyb8n/supposed_to_be_9_weeks_4_days_but_measured_6/,,abortion,abortion_data-updated - new_abortion_related_subreddits_text_posts .csv,cde4bb421d522f2bb9afba0a66ccc8ff4692ae7fd35cfe2c0b7854d374aba627,abortion
