id,chunk_id,text
,0,"is it normal not to feel guilty?

hi everyone, i’m wondering if it’s normal to not have any guilt post abortion? it’s been over a month since my procedure and i don’t feel anything about it."
,0,"He forced me to his house. What does it mean?

He didn’t let me say “no” when he asked if I wanted to come over, he did stuff there but it all felt very forced, he never let me say no when i wan uncomfortable. What does that mean?"
,0,"Could doctor have done something different?

Going through a miscarriage currently. Baby measured 6 weeks with no heartbeat when I went to urgent care last week (I should have been nearly 10 weeks by then). 
My friend just told me she found out she was pregnant last weekend, the same time I was finding out I was having a miscarriage. The universe is so cruel. She told me she’s seeing her doctor this Monday for bloodwork and to talk to him (so she’ll be around 5-6 weeks probably at that point). I was only able to get my initial appointment with my family doctor a month after I called, so I was 8 weeks by that point. All she did was give me a blood test requisition form to check if I was pregnant and booked me for a follow up phone call the next week, at which point I had already started spotting bright red blood. 
My question is, if I had been able to get in sooner with my doctor, or if she had ordered more blood work to check that I’m healthy, and not just to check if I’m pregnant, could this have been avoided? Could I have found out my baby stopped growing sooner than weeks after the fact?"
,0,"Do only the women feel grief afterwards?

I'm 22f from Germany (7+2 weeks) and took the first pill yesterday and I just started to bleed lightly. I know the pregnancy is over now and I know that this is what I had to do, that I can't carry a child right now.
 I would never judge anyone who decides to abort...their body their choice. But its not that simple, when it was mine.

 I felt an instant connection, was 100% sure about being pregnant, even before it was confirmed by a pregnancy test. I loved the feeling of knowing, that I was always carrying someone around with me; thought about how it would hear and feel the music I was listening to in the gym, how it would move with me whenever I danced...
I remember the ultrasound, feeling so happy that I can become pregnant now, after having lost my period for over five years. 

My boyfriend 24m never understood why I've felt that way. We knew from the start, that we couldn't keep it. Although he said, he would stay and support me no matter what, I know he hoped for me to make this decision in favour of our lives right now. And I did. Because I let my head win, instead of my heart. 
He wants to be a das someday, but he never felt about the little frog (that's what I called it) the same way I do. He has no emotion on the matter whatsoever. He is concerned about me being so distressed and emotional, but that's it. 

I just feel like he doesn't understand me at all, can't fathom how hard the situation is for me, that I'm afraid, I will struggle with this for the rest of my life....
How are your partners dealing with this, do you feel understood?"
,0,"I think I regret not having an abortion.

I, (F23) am 12w pregnant, I found out when I was 6-7weeks .
I instantly knew I wanted an abortion , I’ve never wanted kids or to be pregnant… long story short my family along with a hefty pro / con list convinced me to keep the baby and go through with the pregnancy.
And now i regret it ☹️ 
I have a loving partner, our relationship is good, that’s not the issue, it’s more so I just don’t know if this is what I want … I live in a state where it’s illegal and the closest place to go is SC.. ugh I had the appointment and everything.. and I’m scared of what to do now that it’s too late.. I feel like I love my son , but some parts of me don’t even wanna bring him into the world at all…"
,0,"If you're a woman in Texas who is agains the abortion law. Delete your dating apps. Sounds crazy but this helped ended a civil war in Africa

Ok not exactly the same but women in Liberia organized a sex strike which played a part in ending a civil war and also electing the first female president there. 

https://www.cnn.com/2012/08/29/opinion/ghitis-sex-strikes/index.html

Politics is about power and money. A lot of these dating apps are publicly traded companies and women are their biggest asset. Texas is a big market. Delete your apps. Also why should you risk being on there when some creep could assault you and you can't get medical care without someone putting a bounty on you.

Edit: DELETE YOUR PROFILES FIRST!"
,0,"How do you know whether red blood is period or remnant miscarriage spotting?

Does anyone know how you might decipher between the start of a period and on and off red blood spotting post miscarriage? 

I had surgery 2 weeks ago and having cramping and red blood spotting this evening. I’ll be taking Letrozole when my period does start so will need to be able to recognise it…

Thanks"
,0,"My best friend was sexually assaulted

Hey guys my best friend was sexually assaulted on christmas which was just about a week ago. She doesn’t want to report to the police because we know they would probably do nothing about it. Ive adviced her to continue to report because at least she did something and the assaulter has a case in record. Shes very very scared of reporting. Is it appropriate for me to go to the police station to report for her? I dont know what to do i am very angry and i want to do everything i can for her. Please advice appropriately. Thank you."
,0,"Taking my rapist to court and I don’t wanna be alone in the courtroom

I didn’t really wanna type out everything I went thru then so I figured the link would work just as well but Reddit kept saying it’s not valid so I’ll put the link in the comments. Please read that first..

That was a little over two years ago and on February 3rd his trial begins. A few months after my assault, my best friend and main supporter, my mom passed away. I fell into a deep depression afterwards and isolated myself so no one could see me this way. Since then I haven’t really told anyone about this and as the trial date looms I’m scared I’ll have to go to court all alone. I can’t think of anyone I could trust enough to bring with me.. I’ve had my interview done by the prosecution but I’m terrified of the cross examination because it always seems so brutal on tv and movies. And I’ve been trying to write my victim impact statement for a couple months now and I feel as though I can’t get my words to sound meaningful or important enough... I want him to remember that I put him away and he’s going to die in prison for what he did to me, and he won’t ever be able to harm another young girl again. 

I was wondering if anyone might share about their personal experiences in taking their abuser/rapist to court/how cross examination really is and maybe even share their VIS? Also if anyone lives near Skagit county, Washington state and would maybe be willing to show up for me,  please dm me for more info."
,0,"He was sober I was passed out drunk

It's taken me a few years to see that what happened was not right but in what way I'm not sure . I was drunk and beyond drunk which was my own fault but this guy a friend offered me a ride home he was sober , I dont remember much I just remember kissing him and we did have sex but that part I dont remember much of . But its always made me feel sick to think about it afterwards, but I'm still unsure as to was this wrong on his part..."
,0,"Three surgeries for ovarian cysts and I finally got pregnant but...

Sorry, this is very long because of my history with ovarian cysts as mentioned.

Around 3-4 years ago, my body was undergoing some weird happenings around my early 30s. I had large ovarian cysts, to the point where I had to get a C section surgery for that to be removed. A year later after that, I got myself checked at the obgyn and asked them to do a ultrasound to see if my ovarian cysts grew again cause I've been feeling tired. It did so got another surgery for it but it was a laproscopy. Then, couple of months later I was having the most painful period in my entire life that I couldn't walk so doctor told my left one is damaged from surgery and prescribed me birth control pills cause I gave up on having children at that point.

So the 3rd surgery happened on July of this year. I went off birth control before my surgery cause I thought I could produce some eggs for them to remove but forgot that it's not possible with cysts. I was scared to lose the possibilities of being unable to get pregnant cause I wanted that choice if I decide on it. After that 3rd surgery, my surgeon told me my right ovary is gone; they couldn't find it. I was trying to figure out what are the chances of me getting pregnant through research. It seemed like 10%-15% so I continued to be off of birth control and had unprotected sex with my husband a month after surgery without thinking about my life situation.

Around beginning of September, I had this weird feeling within my body (and also the fact that I missed my period) so I took a pregnancy test around the 7th and it came back positive. I wasn't sure what to think because my work can be quite stressful and it's hard to have breaks where there will be days I'll work 6-7 hours straight so I went and look for a more suitable job to possibly keep the pregnancy. If I couldn't find anything within the first trimester, then I would have to give it up.

I went to the obgyn on the 17th and they confirmed to me I was pregnant. I told them the truth that I was unsure about the pregnancy because of the stress of my current job.

I was very early with my pregnancy, probably about a month in. Yesterday (20th), I suddenly saw myself bleeding down there when I went to the bathroom. An hour later, I felt period cramps and I was just so confused. I went on google to look it up and I told a couple of friends. One of them told me to go to the ER immediately.

I did and the result "
,1," a month in. Yesterday (20th), I suddenly saw myself bleeding down there when I went to the bathroom. An hour later, I felt period cramps and I was just so confused. I went on google to look it up and I told a couple of friends. One of them told me to go to the ER immediately.

I did and the result was the levels for pregnancy (HGC?) was low now that the test says I'm negative for it. It was a miscarriage in the end. From this, I'm worried that my body is not suitable for carrying pregnancy to term because of my narrow left tube and lack of right ovary. I know there are vitamins to help, but I just didn't think a miscarriage would happen so I didn't take any.

I honestly don't know how to feel cause I was going back and forth on having a child based on my job situation. I'm scared on trying again and tempted to go back on birth control cause I know too many miscarriage is bad for your body. It sucks that my body had been like this around my 30s (now 36) and I just can't decide if I want a child or not, that is if my body allows it."
,0,"Conceiving again after missed miscarriage

I had a missed miscarriage (discovered at 8 weeks, GA 6w4d) and was given mifepristone which induced the loss. 
I wondered what people’s experiences are with conceiving again before their next period? I’m so keen to try again and don’t want to waste an egg 😪 
People that tried, did you wait to get a negative pregnancy test then start tracking ovulation? I would love to hear peoples stories :)"
,0,"I (20F) finally realized why I am so angry as my ex (24M), but I have no idea how to get over it. Advice?

Two years ago i was a freshman in college, and I started seeing a senior. He seemed to be everything I wanted, and I was so brainwashed by him that everytime he would breakup/or end things with me, I was convinced I did something wrong. This first time it happened was 3 months in, I asked if he was trying to get to know me or if he just wanted sex. He never learned how to communicate, never took responsibility for his actions, and now that I look back at it, an overall terrible human being.

As a freshman I was naive, and I always felt pressured to have sex with him. A lot of the time it was fully consensual, 2 times it wasn't. One of those two times I was determined not to have sex with him because I wanted to establish more respect, and he looked empty. Began saying things like ""it will be over soon anyways...i dont understand why you dont want to...we should just have sex"", etc, while grabbing me tightly. His voice just became even more empty and aggressive, and because i was alone with him i was scared. I still remember his naked body above me, and me looking at the ceiling thinking ""is this really happening to me?"".

The other time we were having consensual sex until I told him at least 10 times to stop. I said things like ""stop it.. im done.. im finished... get off of me"", etc, and he wouldn't. I told him to because it was getting painful and I felt the condom break. To this day he maintains he never felt it break, although he tried to hide the fact that it did. He just kept saying things like ""it'll be over soon, im so close, im almost done, just wait"". The last time I was at this apartment was my sophomore year. After all this time of making excuses for him, we talked. It was late, and I fell asleep, but made it clear nothing would happen between us. I woke up to him, thankfully with his pants on, thrusting behind me, but he was shoving his hands down into my underwear. I never reported him because I never wanted him to get in trouble. I felt like I had done something wrong, but I realized I became so angry. Occasionally we ""talk"",but its usually us ending up screaming at each other.

We talked one day because I excused him for so long, that I felt he didn't know what he did to me, and I wanted to talk in private and explain how it hurt me. Instead he sat me on his steps outside of his door while he towered over me, behind his door, and gaslig"
,1," ending up screaming at each other.

We talked one day because I excused him for so long, that I felt he didn't know what he did to me, and I wanted to talk in private and explain how it hurt me. Instead he sat me on his steps outside of his door while he towered over me, behind his door, and gaslighted me and said it never happened and that i was crazy. He also said I was blackmailing him by asking to speak.

I became severely depressed which caused me to lose many people in my life after this. They thought that i was ""too negative"" or ""too depressed"" to be around and because I would bring down the mood (unintentionally), they cut me off. Now i have one friend on campus. 600 miles from home, it hurts. This year, only 10 weeks from the last time we last spoke, he now has a girlfriend. A girl he used to flirt with at work when we were seeing each other. I don't know what came over me, but became so enraged. I didn't care that he wasn't in a relationship with me, quite honestly i was tortured enough, and feel badly for her. Last night i didn't know if it was somehow jealousy or what, but i had a dream last night. It was a dream that i was friends with his girlfriend, which i had no problem with, but in that dream his friend had raped me in their apartment, and my ex like usual blamed me, and went on with his day after kicking me out of the apartment. I woke up with a pounding in my chest and realized I was furious he could go about his life carefree, never owning up to his wrongdoings, working at a bar, making so many new friends, and then getting a girlfriend -- all while i am here severely depressed, alone, and tortured daily by his actions. Not to mention, when we were dating I remember seeing the N word written throughout his apartment, an apartment full of white men from rural ohio. I'm black. So last night when i saw his new girlfriend who is white and blonde, I thought to myself that explained why he never had any respect for me, and depicted me as crazy. I feel almost like he was experimenting with or fetishizing me, and when it didn't end in his favor he depicted me as the crazy or unhinged black woman.

I have no idea how to move past this. I feel like the only way is for him to admit to it, but i know he never will. Do you have any advice?"
,0,"Help

I have had a dream since I was seven or so (I’m seventeen) of my once-neighbor sexually assaulting and molesting me. In the dream I’m six, which works out to when we were neighbors and when we used to play together. He was seven or eight then. I’ve always dismissed and didnt want to think about, but lately I’ve been wondering how to find out if something really did happen to me, since I’ve been dreaming about this for so long. I’m very very scared that it’s real but I also know deep down there’s no way I have such a vivid, consistent memory of this if it didn’t actually happen"
,0,"First pregnancy and loss, what can I expect?

I had very minimal brown discharge when I wiped initially, then at 4 weeks 6 days, it turned bright red but again was only very minimal spotting (no cramps). I have experienced brown discharge again since (it’s now been 5 days) and I’m not sure what to expect. My hcg pattern was 20, 30, then 35. All was a bit more than 48 hours apart at 4+ weeks so I know the pregnancy isn’t viable. When can I expect more period like bleeding/cramping? My pregnancy test have also not gotten any lighter but actually a little darker. Any advice is helpful"
,0,"Did I make a mistake not getting q second ultrasound?

This is my second mmc. With the first one, there was a good heart beat at 7 weeks but then no heart beat at 12 weeks. My hcg at 12 weeks was around 2000 and my symptoms had disappeared about 3 weeks prior (so at about 9 weeks).

This time around, good heartbeat again at 7 weeks but no heartbeat at 8 weeks 6 weeks (baby measured close in size at 8 weeks 5 days). Hcg on this date was only 18k but dropped to 12k 5 days later. Symptoms also disappeared the following week (so again around 9 weeks). Had a d&c at 10 weeks. Now I'm wondering if I should have had a repeat ultrasound after the one that showed no heartbeat before jumping the gun to get a d&c. I went to an abortion clinic because I still hadn't heard from my OB 1 week after the no heartbeat ultrasound and felt in limbo carrying a dead baby. I'm oscillating between feeling like I did the right thing because my trajectory was almost identical to my first mmc vs. feeling like I may have killed my baby when there might have still been a chance. 

The logical part of my brain knows that it's incredibly rare for: 1) an ultrasound tech to make a mistake of not finding a heartbeat at 8 weeks 6 days after a heartbeat was confirmed at 7 weeks 2) a baby still being viable with such a low hcg of only 18k at 8 weeks 6 days since the chart shows it should have been at least 63k, 3) hcg dropping by 6000 points over the following 5 days since it should still be going up at this point, and 4) losing all my pregnancy symptoms. 

I just need to be talked off the ledge because this thought loop is making it impossible to focus."
,0,"Its like some kind of sick joke

MMC at 8w3d.
Went in for my first ultrasound yesterday, was supposed to be 8w6d. As soon as she didnt show us and told us she had to get the dr I knew. I did not see this coming at all. No heartbeat. They stopped growing just days before. 
I was yapping about how I was going to be team green, I wanted that surprise at birth. Oh how irrelevant that all is.
It was supposed to be a May baby, how perfect is that, a spring baby. 

My body still doesnt know. I feel so pregnant, im so nauseous. Like some sick kind of joke.

I dont know what to to. I left without making a decision, d/c, medication or wait and see. I want to go with wait and see but I also want this to stop asap."
,0,"Struggling to Identify What Happened to Me

TW: 

Two years ago when I was 21, I worked at a restaurant as a server. My boss, who is co-owner of the restaurant with his wife and much older than me, manipulated—and I also believe groomed— me. I don’t want to get into full details of what happened, but he manipulated me into trusting him and viewing him as someone who supported me and cared about me. He knows I don’t really have any family to support me, and was at the time barely scraping by to pay my rent after my roommate moved out and I was left to pay for a two bedroom. Initially he was flirty and nice and friendly. He was supportive of my mental health in the beginning. I viewed him as sort of a friend or father figure at first. I don’t know at what point it really started becoming something else, it just sort of happened and by the time I truly realized what was happening wasn’t okay it had already been happening for months. Without getting into every instance, these are some of the things he did to me: 

• told me to kiss him so I could get my tips in front of one of his buddies while he was there in the evening and had been drinking — I thought he was kidding at first but he insisted multiple times so I kissed him on the cheek 

• he tried to unhook my bra from underneath my shirt at work

• would tell me I was sexy, beautiful, etc. 

• would kiss me on the forehead

• would touch my legs if I was wearing a dress

• hold my hands

• gave me a massage in front of my coworker when we were in the office talking at the end of a night shift — he was having dinner with friends and his wife and had been drinking — he tried to start massaging towards my boobs

• would spank me

• we were sitting down one time and he put my hand on his crotch area and when I tried to take my hand away he forcefully kept it there 

• he leaned into me while I was sitting and put his crotch area onto my leg in a way that I couldn’t move away from it 

• his brother and him both suggested taking me out shopping and buying me sexy clothing to wear for the holiday night shift

There are so many other things but I don’t know if this is even sexual assault or just sexual harassment (not that that’s any better). I had given them two plus months notice that I was moving out of state and had even pushed my move a month back so they could hire someone new since they were short staffed. During that time frame he started to act more hateful towards me and would yell at me and call me awf"
,1,"that that’s any better). I had given them two plus months notice that I was moving out of state and had even pushed my move a month back so they could hire someone new since they were short staffed. During that time frame he started to act more hateful towards me and would yell at me and call me awful names and curse words. He would constantly say things to make me feel worthless and less than. He would yell at me in front of other employees and customers. But then he would also tell me not to leave and that I should stay. I started to notice that his behavior was off around that time. Other coworkers had quit and complained about him being sexist and at the time I believed otherwise because I was so deeply manipulated by him. I felt so relieved when I quit that job. I genuinely contemplated suicide a lot during my time working there. They overworked me to exhaustion— I worked every day of the week for months and begged to get one day off (a favor of course) and when I finally went down to six days they doubled up two of my other shifts. I was working 50+ hours for a long time. I’ve tried to tell some of my friends that worked there or still work there and some of them either said that he’s just like that (basically dismissing his behavior) or seemed like they didn’t believe me. I feel crazy and even doubt what really happened to me. He knew I had no other option if I didn’t have that job. I moved back to the state recently because of everything with the pandemic and my friend drove us *unknowingly* past the restaurant and since then it hit me how close he is. I’ve been having nonstop panic attacks lately and can’t avoid the pain of what he did to me. He showed up as a recommended friend on social media and it feels like he’s still got a hold on my life. Hell, I feel shameful and embarrassed and afraid that he would be mad at me if anyone told him about what he did. That’s irrational but completely how I feel. I can’t explain why I’m in fear about his reaction of me telling people about what he did to me. I need someone’s opinion about whether or not this was sexual assault or if I’m blowing it up. I don’t know I feel like I have no one to talk to, esp since all my friends are linked to him via the restaurant. I’m so lost. I’m drowning in anxiety and guilt. I need someone’s advice."
,0,"My MVA Experience

This is my first miscarriage of my first ever pregnancy and I decided to go the MVA (manual vacuum aspiration) route. After weighing my options this seemed like the best because I wanted it to be over with so I could end this horrible chapter in my life. 

This was done inside an inpatient office for me. My regular OB was able to message her connections and get me in last minute today. As a result I was warned that they did not have anaesthetics available today but if I wanted it done they could do it with a cervical block (injections to numb cervix) and prescription strength Advil. I decided to go for it.

If I could go back I would have waited until I could go another day when they had the anesthetics that put you to sleep during the procedure available. It was honestly traumatic for me. The cervical block was fine and did numb me to some degree but I still felt tons of pressure and tugging which literally had me tearing up the entire time. The end was the worst which was when they got everything out of the top of the uterus. My doctor warned me this would be a painful part because apparently the cervical block is unable to numb the top of the uterus, only a spinal block could do that. I was writhing in pain, even though that part was only a few seconds long. Luckily my husband was able to hold my hand the entire procedure but even he is scarred from seeing me like that and wishes we didn’t go through with this until the anaesthia was available to put me under. 

I am not making this post to scare anyone but to help you all make informed decision. Ultimately I am fine and feel relieved this is over with but if I could do it again I would definitely not want to be awake for this procedure. I will say my Doctor said my situation was a little more complex and the procedure was more rough/longer for me due to have a very high uterus that made the angle she needed to suck everything out difficult . However I don’t believe I was properly warned on how mentally taxing this procedure would be as well as the pain level I would experience."
,0,"Positive in-office D&C/MVA experience

Hi all, after what felt like a very drawn out miscarriage process I finally had my in-office D&C, technically an MVA, today. It ended up being fairly easy and painless and thought I would share my experience for anyone who is going through this or about to go through this themselves, as I read so many horror stories beforehand that I was so terrified and it ended up not being anywhere near as bad as I thought it would be. 

Backstory: I had a MMC found at my 9w0 day scan, the embryo was measuring 6w5d but we had seen the heartbeat in another scan at 7w0d so it must have happened right after that. I decided to go to medically managed route. I took one dose of misopristol bucally at home that weekend and while there was about 30 mins of intense pain, I knew in my gut I hadn’t passed nearly enough clots or blood. Had my follow-up two weeks later and they found RPOC on my ultrasound so my doctor recommended one more dose of misopristol vaginally this weekend to see if that would do it, but at my follow up ultrasound on Monday there was still a decent amount of RPOC so decided we would do a D&C. My doctor let me choose between the hospital D&C where you’re completely under or the in-office MVA where it would only take about 20 minutes, and I decided to go the in-office route since I didn’t have a significant amount of
RPOC to eliminate with the past misopristols. 

About two hours before my procedure today I took my prescribed antibiotic, Xanax, Oxycodone, and Zofran. Got to the office and was taken to the room where I had laughing gas face mask that kicked in for about two mins, I started to just feel a little tingly and an overall disconnected feeling from my body. The doctor then did the cervical numbing shots which were definitely dulled by the laughing gas, it was like a pinch but nowhere near the pain of my IUD insertion. She then did three passes with the MVA where it was like an intense cramp, I did heavy breathing through it and although I was squeezing the nurses hand, it wasn’t anything unbearable. Just like an intense period cramp. 

The doctor wrapped up so I took off the laughing gas mask and almost immediately felt the effect wore off, she wrapped up with a vaginal ultrasound that confirmed everything was gone and I should be all set. I’m currently sitting on the couch with my heating pad with some light crampiness but overall feel totally fine. Mentally I am feeling so at peace that this chapter is finally "
,1,"t the effect wore off, she wrapped up with a vaginal ultrasound that confirmed everything was gone and I should be all set. I’m currently sitting on the couch with my heating pad with some light crampiness but overall feel totally fine. Mentally I am feeling so at peace that this chapter is finally behind me and I feel so much better having the clarity that I’m finally all clear of RPOC and can move to TTC in the next few months when I’m ready. 

Anyways I know that was long but I read sooo many stories on here the past few weeks and seldom saw any that weren’t very traumatizing and thought I’d share a different perspective!"
,0,"A guy got me high on “poppers” or “rush” and I think he may have assaulted me.

So the other night this guy came over to my house and got me high on rush, which I have never done before. The high for them lasted very short, but I still had impaired judgement on top of drinking lots of alcohol. I was interested in him and initiated things but when they started happening I was terrified. We had not established any kind of safe word and suddenly I am being choked and slapped so hard I cannot think straight. Eventually, when I was able to muster the words, I said stop. He stopped, and went to bed, but I’m am horribly shaken up and very confused as I was the one who initiated it. I don’t know if it helps to add that he pressured me into the drugs. Is this assault? I’m just not sure, thanks in advance guys."
,0,"was i really sexually assaulted?

so i was dating this guy for 4 yrs and at around the start of quarantine he was acting different than usual. he was being open about his sexual desires, at first i was weirded out and i didnt really know if that was right so i just ignored it and acted like it was okay for me. until he started to manipulate me. we always had fights and it was so exhausting to have a fight with him because he is very immature. he would get angry at me when i dont send him pictures (not nudes), until i decided to send him a risky pic because i really want to end our petty fights and it worked for a bit. until he asked me to send more pics with request and even a video. i was so uncomfortable but i just went on with it. we broke up more the 8 months ago and recently i found out about his dirty attitude. he was involved with his friends doi g dirty things. they have a group chat and i saw that they were talking dirty stuff and sending dirty pictures and that was when we were still together. i confronted him about it and he said he was sorry and admitted his fault. he got exposed and now i want to file a suit against him. but all the things that happened to me made me feel like i was a bad person. now i dont know if i was sexually assaulted by him or if im just making things up in my head.

p.s.- the first few situations were consensual until it wasnt for me. i never told him that i didnt want to do it anymore but i was scared to embarrass him because he was also emotionally abusive and it really messed me up."
,0,"I don’t remember if I was assaulted or not

Okay so this is kind of a long one but I would appreciate any advice!

My ex and I started dating in January 2021. He was very sweet and kind to me and that’s what I liked about him. We would hang out and laugh and have a good time. But in May he started to change, personality-wise. He started being rude to me and laughing AT me, not with me. On Saturday, May 22nd, he took one of those gas station boner pills and I told him not to. He did anyway. We had sex once, the first time I agreed to. But immediately 30 seconds after we were done, he wanted to have sex again. He just flopped himself on me in bed. I don’t remember if I said yes or not. But anyway, he started having sex with me and it started to hurt. Now, I have very severe endometriosis and needed three surgeries for it, and sex can sometimes be extremely painful, but I let him finish anyway. We went to sleep and the next morning, we had sex again, and it really hurt, but that time I agreed to it. But on Sunday, the pain started kicking in and I had a pain flare that lasted for six days from it. My doctor had to give me a few muscle relaxers on Friday for the pain to stop. So basically, the second time we had sex on Saturday I don’t remember saying yes to or not. 

Anyway, he started ghosting me this week and told me to shut up on Saturday, so I’m done with him and moving on. But I feel like our sex life definitely wasn’t healthy if I now feel like this. Maybe I am just regretting it? I don’t know. I really don’t care if he gets in trouble or not. It’s so confusing and I would appreciate any input!"
,0,"I was assaulted in 5th grade

I was in 5th grade and it has been 3 years. I went to a pool party with all the 5th grade kids from my school. I was playing in the pool when one of the popular kids cam over and started splashing me. We messed around and then he gropes my butt and then my penis. It made me feel extremely uncomfortable. This along with other things made me feel very uncomfortable in social situations. I also had nightmares that a doctor was going to touch my penis during my physical. I have attempted suicide and cut myself because of a lot of things caused by what happened. I feel like a mess. But I think I'm getting better and I'm hanging out with friends more. I've never told anybody about my assault so it is nice to talk about it here"
,0,"Don't do what I did... I regret nothing... but boy was I wrong about somethings

Hi all. I've been stalking this sub for about 2 weeks when I found out that I had to terminate. I was scared as hell, but I found comfort in this group. I successfully went through a medical abortion last night... well as successful as it could have been... it passed and I feel okay now.
But I definitely made an error in judgment and would like to share my small experience in order to help anyone else who ends up reading this.

I went to planned parenthood to get the pills and was very happy with my treatment there. They offered me nausea medicine and pain medicine along with my pills. I believe they offered me hydrocodone... I don't really like pain pills like that and have had a pretty high pain tolerance over the years due to pcos... I once walked around with a cyst that tied my fallopian tube in a knot a couple years ago and I didn't really notice because I didn't really think it hurt... I've had period pain worse than that.... but that's not the point... the point is I thought I could handle it and just take 800mg ibuprofen because I'm ""a big girl"" and a lot of people in here had shared that the pain wasn't as bad as they thought it would be. I was wrong. I was very wrong. 

Once the cramping really kicked in I honestly wanted to die. I begged my boyfriend to kill me. I was in so much pain that the entire experience was mostly a blur. I eventually had a close friend come over to bring me a real pain killer and it helped for a while, but I eventually threw it up and was back at square one. It didn't stop until the embryo passed. It was a wild experience, as soon as it left my body it was like someone flipped a light switch and the pain went from a 15 (on a scale of 1 to 10) to about a 3. It was shocking, but all in all I'm glad it's over.

Long story short, don't do what i did. If pp offers you a real pain medicine please don't hesitate to take it like I did. I'm sure if I took it before the cramping process I would have felt a lot better through it all.

But I'm okay. Its over. Lesson learned the hard way. Good luck to all of you who end up in this sub reddit and in this situation. Our bodies are not the same and everyone experiences pain differently, but in this situation I would highly, highly recommend something stronger.

As a ps: I didn't realize that I would experience chills like I did either, I think that was due to the small fever I had, but shivering due to chil"
,1,"ion. Our bodies are not the same and everyone experiences pain differently, but in this situation I would highly, highly recommend something stronger.

As a ps: I didn't realize that I would experience chills like I did either, I think that was due to the small fever I had, but shivering due to chills made the cramps worse and I had a hard a hard time passing anything because I was shivering so bad. I started taking a blanket with me to the bathroom and that helped a little.

Godspeed fellow redditors. You can get through this."
,0,"Feeling so stupid for having had hope

I was supposed to be 6w today. I got my positive test 2 weeks ago after our 4th IUI. We were over the moon. I did have some cramping but read that it was quite common in early pregnancy. No bleeding or spotting or anything, though I also didn't have any symptoms besides sore breasts.

Yesterday, I suddenly experienced more intense cramping, especially on the left side. Called the midwife and they wanted to make an ultrasound. She told me that we should be able to see the baby by now and that we might even be able to hear a heartbeat. My partner wasn't able to come and I felt bad that they might miss out on this. But when the midwife proceeded with the ultrasound and there was just nothing. 

I was not prepared for that. I thought maybe an empty sac or it being smaller than expected or something extrauterine. But that nothingness made me feel so empty. As if I haven't even been pregnant at all.
 
I was referred to the hospital and my hcg was much too low for 6 weeks and the gynaecologist also didn't see anything intra or extrauterine. They said it's most likely that it stopped growing very early on, but they cannot rule out an ectopic so I have to come back in a week for a blood test and ultrasound. 

I have some light vaginal bleeding since a few hours and the cramps have become very painful, so I hope it turns out to be a natural miscarriage.

I know 6 weeks is super early and miscarriages happen often in early pregnancy. And I feel so stupid for having hope that it would be okay. For dreaming about what it would be like. I feel I should have guarded my heart (and my partner's), so it would not hurt so much. I feel like I should have noticed that something was off. And maybe somewhere I did, but I just wanted this so badly. And I just don't know if I can get through all this again with the possibility of something like this happening again.

I'm sorry for this rant, I just needed to get this out. This fucking sucks and I'm so sorry for everyone in this terrible club."
,0,"Missed miscarriage, medicated abortion.

Hi, I have had a missed abortion en got misoprostol to start the miscarriage. Day 1 was heavy bleeding clots and stuff, pain was very low because of painkillers. 

Day 2,3,4 were okay, some spotting and light bleeding and clots, day 5 i started bleeding a lot. Bled trough my pad and pants down to my knees in 3 minutes. Then normal bleeding and clots. Day 6 during the day was quite light and no clots in the evening there is now unbearable pain and a lot of bleeding and clots. 

Is this normal? Has anyone else experienced this? I’m worried i’ll need a curretage because things are not completely gone."
,0,"Well it’s official - divorce coming

I posted here previously about how I was feeling about my unplanned pregnancy. I shared feelings with my husband and told him that I don’t have feelings of wanting to continue the pregnancy for my own mental health reasons, (have been having suicidal thoughts for a few months). We’re 36 and no children, had an abortion 10 years ago when we were first together. He’s now stated I do have a choice in this matter, but if I choose to not go through with the pregnancy, we will be separating."
,0,"My twisted story..

So, I(f15) want to share my story. I’ve posted it on Reddit before on a different account before it got permanently suspended for whatever reason =/

It’s not super long, really, I don’t remember a whole lot. I think I’ve mostly blocked it out.

I had three childhood friends, I call them BAS. They were three (older) girls. I was basically born into being friends with them, they were friends with some of my siblings (I have four older siblings) before I was born and became friends with me as soon as I was born. Needless to say, they were well trusted and were basically considered family. They’re all roughly five years older than me.

As I said, I don’t remember a whole lot. I know that the events that I remember and will be talking about had to have happened between the ages of 4-10 but I’ve no idea the exact age/ages. 

Now, it’s pretty upsetting so don’t say I didn’t warn you..

One of our favorite games was truth or dare, it was a good way to pass the time and as it turns out, a really good way to manipulate me. It’s still hard for me to play that game now hah, makes me very nervous. Anywho, I’ll get on with it. 

The first thing I remember (I also don’t know what order these happened in) is our blanket fort, we loved making those too. We were hanging out at A’s house as we did pretty often seeing as her mom was rarely there so we could be home alone.. we were all In a blanket fort. We sure did love making those things back then..

We were playing truth or dare and I think it was A.. she dared me to eat her out. I had no idea what she meant so I asked her what that was and she just decided to show me by doing it to me… I don’t really remember how I reacted, I remember I felt really weird.. then I did it to her…thinking about it honestly makes me kind of sick. I saw them as my sisters and looking back all I can see is how wrong it was..

The next thing I remember is all of us going to the bathroom together, no one turned the light in. I was all the way in and they were all standing by the door.. they told me to pull my pants down, and I did. They told me to take the wooden plunger and well..masturbate with it. I’m sure they had to explain to me what that was. Once I understood, I did. So uncomfortable… I remember hearing them moan as they touched themselves in the dark. I just wanted to cry…

The last thing I remember, the hardest one to remember.. we were playing truth or dare but my brother (he’s three years older than me and is curr"
,1," me what that was. Once I understood, I did. So uncomfortable… I remember hearing them moan as they touched themselves in the dark. I just wanted to cry…

The last thing I remember, the hardest one to remember.. we were playing truth or dare but my brother (he’s three years older than me and is currently m18) was there.. he didn’t know that I was there.. they blindfolded him and put headphones on him, then he pulled his dick out. BAS tried to force me to suck him off, they were pushing down on my head, pushing me twirls it. I broke away crying and ran out of the house. I think I went to the park, I can’t recall… that one makes me so uncomfortable..why did they do something like that..

I trusted them with my life and I really respected them. I wanted them to like me so I rarely questioned what they told me to do. I don’t know why I never told anyone about it, I think I just thought it was normal for the longest time. I know it’s not now.. it hurts to think about them. As angry as I am that they did all that they did to me, I still deeply love and care for each of them…

I did report this, after many years. I did it this year, actually. I just kind of broke at school and told the counselors, I wound up talking to the police. The detective lady was nice but the questions she asked….they were so intrusive and I had to be so explicit and descriptive, I really couldn’t take it. I had to walk out in the middle of it. I don’t plan on going back and fully reporting it. I didn’t give them BAS’ names anyways because as I said I still love and care for them and want no harm to fall upon any of them. I know that may seem wrong to some people but I see no good coming out of getting them in trouble. It won’t make me feel any better so there’s no point. We were all just kids, after all. No, I’m not saying that makes it okay. I dunno. They all had such hard home lives, I feel like I can see where they were coming from in a twisted way.

I don’t talk to any of them anymore, we kind of fell out after my mom moved out of my dads house. So, I don’t have to worry about them hurting me again, I just have to learn how to live with the memories. I’ve texted them before, asking them to admit to what they did to me. They said they never remembered any of it happening but then again, why wouldn’t they? For a while it made me feel crazy like maybe I made it all up but why would my young mind come up with such a thing? I dunno..

Thanks for reading my story. I hope that maybe it helps"
,2,"admit to what they did to me. They said they never remembered any of it happening but then again, why wouldn’t they? For a while it made me feel crazy like maybe I made it all up but why would my young mind come up with such a thing? I dunno..

Thanks for reading my story. I hope that maybe it helps someone, helps them know they’re not alone. Helps me know I’m not alone.. Sorry for such a long post"
,0,"I can't stop thinking about them...

I'll try to be brief, but here is where I'm at...

- A friend of mine forced a kiss on me and groped my crotch a few years ago. We stopped hanging out and I brushed it off as nothing, but I remember being very startled as he pressed me into the couch and my mind freaked out.
- I came from a very strict, religious household with a lot of yelling and a few instances of rough handling from angry parents.
- Nothing physically abusive but I grew to have low self worth and assumed I was unlovable, so this kiss made me all confused and I ultimately blamed myself for turning someone down.
- Years later, I was walking alone with a friend when he pulled me in and groped my breast.
- I responded by freezing up and to my surprise, shouting out loud: ""IT'S OKAY, IT'S OOOKAY, I'M OKAY"" as if I was consoling myself while trying not to make it look like I was again, ungrateful.
- I brushed it off and didn't think about it for six months.
- That's now, I've become really reclusive and I'm avoiding hanging out with anyone in person.
- I'm SUPER rude and catty to people and I can't stop thinking about these touch moments whenever I start to think about love or intimacy. They interrupt it.
- I'm fine talking about sexual topics, a bit of a fanatic really, but I get reeaaal nasty the moment the discussion starts to center on me, my body or my relationship status.

I keep having random distracting daydreams where I can't help but replaying the events thinking stuff like...
- ""oh god that feeling of his hand on me was so ewugh!""
- ""why did I say sorry? why did I kind of like it?""
- ""am I just complaining too much?""
- ""i'm always so distant. shouldn't I be thanking him for being attracted to me?""
- ""if I tell my friends, will they roll their eyes and think I'm just being melodramatic?""

I can't take my mind off these memories. They come up during work, at home, on the bus and especially when I try to relax or get intimate with myself. It's getting harder to focus sometimes, I get really tired easily and I'm napping a lot to compensate.

I can't tell if these moments are technically a 'flashback' or not. Is it enough that they distract me hundreds of times a day? How far can something as simple as a touch go to effect someone's life? Two touches? Is this really what's causing me to be like this or am I just a jerk now?"
,0,"I don’t know that this was sexual assault but I still cry about it

I have identified as asexual for the past few years. About 6 months after I began identifying as such I met my first boyfriend, who I’ll call josh. We were both 17 at the time and this was our first relationship. I never mentioned my a sexuality because I didn’t know how far our relationship would go (if it would even be relevant) or how far I was willing to go sexually. After a while we began having sex and I didn’t enjoy it but I didn’t hate it. At that point in the relationship I didn’t know how to tell him I was ace so I just didn’t mention it. I know I should have but didn’t. 

We began having sex very regularly and it was fine for a while but then I started becoming very uncomfortable about having sex. I would go to the point I felt comfortable and tell him I didn’t want to have sex and that was as far as I wanted to go. This was the point where he would start groaning about it and would continue to try and initiate. I tried to say no but he would continue to do it. Eventually I would relent and we would end up having sex. 

This would happen often and I genuinely don’t think he was doing this in a malicious way and I don’t know that he knew how serious I was being. I never faulted him for it because in my mind sex was a regular thing in relationships and I shouldn’t keep that from him. But since ending the relationship I have come to realize how uncomfortable it made me feel. Towards the end of our relationship I would purposely dress down because the thought of his eyes on me made me uncomfortable."
,0,"I know all men aren't like this but I can't help but feel skeptical about them

Ever since the incident (me being quite young at the time), I can't seem to shrug off this anger and hatred that I feel, usually directed at the opposite sex. I want to acknowledge that all men aren't like this, but it's hard. I'm beginning to believe that they're perverts and all that stuff, and I'm ashamed to think that because I want to believe that that isn't true. 

Even years later, I still feel those same raw emotions. I find it hard to get along with the opposite sex because I feel skeptical about them. For the time being, these feelings tend to be buried quite deep. It's something I've always secretly felt but never really got the time to confront it. But seeing them from an outside perspective, I don't think it's healthy to hold a grudge towards certain people just because of bad experiences. I just feel so angry thinking about the experience, and I think it definitely affected how I see the opposite sex and my overall relationship with them.

I wanted to know your thoughts on this and whether or not the experience gave you a pretty bad impression of certain people. 

&amp;#x200B;

Regardless, thank you for reading. Its nice to vent about this :)"
,0,"How to handle this situation and what are my options?

I am a 25 year old woman who is in car sales. I’ve had issues with my trainer sexually harassing (verbally never physically) me at work I believe. I don’t have proof because he is careful. I’m pretty sure he has a history of harassing women but we don’t have women typically working for my company. He asked me out less than a week starting my job and I told him I wasn’t interested and had a boyfriend. He made it sound like it wasn’t a problem. But then the comments started and I try to shrug them off. Plus he’s worked there for 20 years and I’ve been there for less than6 months. I’m afraid to go to HR because I don’t know if I have a case. The tipping point happened when other coworkers put two and two together and asked me about it and I told them the truth. And he got social consequences but managers have never been informed. But my old trainer refuses to speak to me and has been gunning after me. Like tattling on me for minor offenses. This hostility has gone on for months. I try ignoring him but I don’t know if that’s a good long term solution. The only kind of “proof” I have is when I texted my friend about a particularly bad thing he said to me. Which has the time it happened the day and exactly what he said to me. Sorry if this sounds like a jumbled mess. If you have questions please feel free to ask."
,0,"Searching for Answers

I am currently going through my first missed miscarriage at 6 weeks. My heart is completely broken, and I am currently trying to cope with the loss. I suffer from anxiety disorder, and I have gone into a spiral about what went wrong. I realize that it is not my fault, but I feel like I can only blame myself.

I take Wellbutrin (Bupropion) and Buspirone (Buspar) daily for my anxiety. My doctor has confirmed constantly that these medications are safe and needed for my mental wellbeing, but I can’t stop thinking: Was it because of my anxiety medication?

I go back to the doctor for a follow up, and my head is full of questions. Do I ask her to “up” my anxiety medication after this has completely shattered me or let go of the medication completely? I also don’t know whether or not to ask for additional testing to be done on myself to see if something is wrong. I don’t even know what kind of testing I would ask for, but I am just desperate at this point.

I realize there is no real answer to why this happened, and I truly am just looking for advice from others. I’m sorry for the ramblings of my mind, and I appreciate any feedback that is given."
,0,"My mom is trying to make me see the man who sexually assaulted me for 2 years again

This is wild and I honestly can’t believe this is happening to me.

So back when I was about 7 a family friend (who was about 16 at the time) would come over and sexually assaulted me regularly, I really don’t want to go into more detail about it then I have to about it, when my mom was asleep. My mom has a number of conditions that make her extremely tired and unable to work so when I was younger she spent a lot of time in bed. She made an effort to go to church still and through there found this kid who had a bad home life, she decided to sort of take him in and let him hang around our house as long as he wanted. What she didn’t know is that almost every time he came over he would sexually assault me, this pattern continued for about 2 years with me not entirely understanding what was happening (I was a relatively sheltered kid). After about two years we moved away for unrelated reasons, and to this day I haven’t told a soul about what I went through. Later on in life I started to put the pieces together on what he was actually doing and how disgusting it was. Well now we are talking a trip down to where we use to live to see some old friends and family, and she wants to see him again while we are there. I don’t know what to do, I don’t want to be anywhere close to him, I don’t feel like I can tell my mom 
because at this point it seems like so long ago that it wouldn’t matter.

Any advice is welcome

I’m sorry for any typos or bad grammar"
,0,"(UPDATE) I was involuntarily held at a psychiatric facility for saying I didn’t want to be pregnant

First I’d like to say thank you to the outpouring of support. It really means a lot to me. I’m going to start with a very small update and then at the end I’m going to answer some question/ clear up some misconceptions about what happened. 

Update: 
I did see my new OBGYN and had my first ultra sound. My little guy is measuring right on time and had a heartbeat of 167. I feel overwhelmed with relief knowing he is safe in there and doing well. 

I explained the whole situation to by OB and she was incredibly understanding. She gave me a new prescription of Zofran and took some labs while I was there to check my electrolytes and probably some other things. I’ll have another follow up with her soon. At this point I feel comfortable enough working with her so that’s my current plan. 

As for complaints and legal stuff, there isn’t much movement on that front due to the holiday but I still have every intention to pursue those options and will try to update as I can. 

Now the other stuff. 

I did not expect that post to gain as much attention as it did, it was cross posted many times and the responses were overwhelming sympathetic but there was a ton of skepticism especially from doctors who read it. But hey it’s the internet so that’s to be expected I guess. At the end of the day I don’t need any strangers online to believe what happened to me, because I have recourse in real life and that’s ultimately what matters. I was accused of changing my story but I think that was mainly from people who skimmed my post so below I’m going to clear up somethings, and provide some additional details, not because I have to but because I think if there’s going to be discourse about my experience, I want it to start from a place of accuracy of timeline and events.

Starting with, at NO point was the court involved with the decision making process. I went to the ER willingly, they made it seem like they were not equipped to help my situation and that the other facility would be able to help me with my sleeping and panic attacks. I was so run down by the time the social worker came to my room that I’d have agreed to go anywhere they said would provide me with relief. I went to the new facility voluntarily of my own free will. There was no 72 hour hold. When I mentioned 72 hours in my last post, I meant that the whole situation from going to the ER to leaving the new facility to"
,1,"o my room that I’d have agreed to go anywhere they said would provide me with relief. I went to the new facility voluntarily of my own free will. There was no 72 hour hold. When I mentioned 72 hours in my last post, I meant that the whole situation from going to the ER to leaving the new facility took place over 72 hours. 

Once I got to the new facility and met with the doctors, I realized that I was not in the right place to get the care I personally needed. I was away from my support system, not being given the proper medication to control my vomiting, my anxiety was significantly heightened, and I not being given any additional treatment or resources, so to me there was no point in me being at the facility and it was indeed making my situation undoubtedly worse. After speaking with the on call psychiatrist, he told me that he thought the ER doctor misled me, and that I’d need to sign an AMA form which would place me on a 24 hour hold. It was clear he did not want to be the one to discharge me and insisted I needed to speak with the attending. He mentioned the possibility of a court order but said it was unlikely they’d get one for my case. 

After that conversation I went to review the paperwork they gave me during admission. I found the patient bill of rights which stated that for voluntary patients, they had a right to be released within 4 hours of their request. UNLESS 1. I changed my mind and wanted to stay, 2. I was under the age of 16 and my gradian didn’t want to release me, or 3. If the doctor has reason to believe that I might meet the criteria for court ordered services or emergency detention because; 1. I’m likely to cause serious harm to myself, 2. I’m likely to cause serious hard to others, or 3. My condition will continue to deteriorate and I am unable to make informed decisions as to whether or not stay for treatment. 

After I read that I bought the papers to the nurses and requested a justification from the psychiatrist for the 24 hour hold. I wanted to know which reasons he was using. The psychiatrist did not provide reason or justification beyond the attending needed to evaluate me. That’s it.

To be clear, this is ILLEGAL. They had zero reason to keep me past the four hours. At no time had I indicated I was a threat to myself or others. Not verbally, or written on any of the questionnaires that I had filled out during admissions. The attending not working that day is NOT a legal justification to hold me. Their schedule does not supe"
,2,"eason to keep me past the four hours. At no time had I indicated I was a threat to myself or others. Not verbally, or written on any of the questionnaires that I had filled out during admissions. The attending not working that day is NOT a legal justification to hold me. Their schedule does not supersede my rights at a patient. 

Now after the 24 hours was up, the original on call doctor came back to discharge me. He was clearly agitated that the attending refused to come into do the discharge, so I never at any point spoke with the attending who was originally assigned to me. 

The on call doctor did not seek a court order to detain me. The conversation lasted about 10 minutes or less. When I asked again for the justification to keep me, he asked me if I said anything to the ER doctor about wanting to end my pregnancy, and I told him I just said I didn’t want to be pregnant because I was so miserable. I then tried to ask if he believed that was enough justification for the hold but he cut me off. It was clear he didn’t want to engage in any further conversation. My concern here was the implications of legally being allowed to involuntarily commit any woman who said she didn’t want to be pregnant anymore, which seems INSANE to me. But I digress. 

To answer questions about the facility:
Why didn’t I just leave? Because this was locked facility. I couldn’t just get up and walk out of the door. 

How were they able to take me so fast? This facility has been open only for 10 month. They had beds and empty rooms available when I was there. 

Questions about my ER visits:
I had three separate visits which took place over four weeks. The first ER I went to was a stand alone clinic not associated with a larger hospital. The doctor there said next time to go to a ER attached to a hospital with L&D. So the next time I went to an ER, I went to an ER hospital that I mistakenly thought was a full hospital but it was a hybrid and they did not have L&D. The third ER was attached to a full hospital. I was not doctor shopping, I’m just not familiar with the hospital systems here. 

Regarding my comments about ultrasounds and OBs. I never requested an ultrasound during any of my visits to the ER. I mentioned the ultrasound in the original post just to state I hadn’t had one yet and hadn’t been evaluated by an OB yet. My mother has a history of missed miscarriages so in my head I thought it could be a possibility, and if I was being denied medication for being pregnant I wa"
,3," visits to the ER. I mentioned the ultrasound in the original post just to state I hadn’t had one yet and hadn’t been evaluated by an OB yet. My mother has a history of missed miscarriages so in my head I thought it could be a possibility, and if I was being denied medication for being pregnant I was just hoping I did have a viable pregnancy. But again, I didn’t request an ultrasound. 

Concerns regarding DIY abortion: I am not and have never considered a DIY abortion. I am lucky enough to have all the resources I would need to fly anywhere in the world to get appropriate medical care if I had decided to go that route. Both my fiance and I work high paying remote tech jobs and in the worst case we could move out of state tomorrow if I absolutely needed to. Obviously this isn’t an ideal route but it is an option that is still on the table, even if it’s just to get care in a better medical system outside the state of Texas. 

Medications I’m currently taking: 10mg busiprone 2x a day, 50mg Zoloft. Zofran, unisom + b6, prenatals. NO benzos. 

So to cut through all the bs, whether you agree or not with the doctors course of actions, I hope most people can see that the facility was not the right place for me to be. They were not well equipped to handle my pregnancy symptoms, they were clearly understaffed, and they were not providing me with any additional treatment that I wasn’t getting at home. There was no reason for me to be there. It made things in my case significantly worse and I hope maybe if anything people can just learn from my experience. 

Again, I’d like to thank everyone for their support and for the DMs I received. I’m also so sorry for all the other similar stories I’ve read. It seems like there’s a bigger issue happening here and I hope others can eventually find peace too. 

I am going to continue to work diligently with my OB, psychiatrist, and hopefully a therapist so I can really unpack this entire situation. As I said before I’ll try to update as I can but I’m sure the complaint and legal process will be slow moving. 

I’d also like to ask if you know any attorneys in the DFW area who may be interested in this case, please feel free to shoot me a private DM with their information so I can follow up. 

I will also try to answer any additional questions in the comments, in case there’s anything else I’m forgetting. 

Obligatory, sorry for the terrible formatting, I’m on mobile."
,0,"I suppose I'm part of a new generation of csa victims

Tw talking about grooming. 
It feels weird even calling myself a victim, because I remember being so willing and eager. However, I was only 9 years old. Now I'm 20 and this still confuses me. I've have many therapists over the years, and I've only ever told one person I know in real life about this, who was actually my best friend at the time and still is. My family was Christian, and sex wasn't something I felt okay asking about. I asked on yahoo answers, and I knew how to use Google so I'm not sure why but I wasn't satisfied with what I found there, I guess because I couldn't find anything that explained it from scratch. I basically said I'm 9 and I don't know what sex is. And man answered and said to email him and he'd tell me. So I did. And from there he got me to send pictures, go on video, go in cam rooms, I didn't know what masturbation was before I met him, and he told me to touch myself, and I remember it hurting, likely because I wasn't mature yet, and he encouraged me to keep going. I remember in fhe cam rooms men saying I was nie and shaved, and I didn't know what that meant, because I didn't know about pubic hair. I've never actually typed it out in detail and it sounds more and more fucked up than I let myself believe now. I remember friending him on Facebook, he said his name was Jeff, 26 years old and he lived in Florida. I specifically remember this because Ive always hoped there'd be a way to track him down and have him arrested with this, I still have and use that Facebook account, but obviously he's not there now. at the time I just used it to play Farmville and shit. After I lost touch with him, I'd sext other random older men up until I was old enough that boys my age were available. I never even remember really enjoying it, I think it was sort of a self esteem booster because I didn't fit in at school. Eventually though I got bored of it altogether. Now, I'm borderline asexual, I don't often have interest in sex and if someone flirts with me I get uncomfortable. Only time I'm really interested is if I'm drunk. I don't know how to feel about all of this, and it feels like on one hand I was fucking 9 and it's fucked up, but it also feels like since I wasn't forced and nothing  psychical happened Im only holding onto it because I feel like I should, if that makes sense."
,0,"Elective preterm delivery

Is it possible or (could it be possible) to elect to have a preterm delivery at any stage of pregnancy. Specifically before 20 weeks. Without having an abortion, would it theoretically be possible to induce labor and/or c section in order to end a pregnancy? For example ending the pregnancy by labor inducing drugs vs D&C/E procedure."
,0,"Testing during pregnancy in case of doubt is important. I wish I did it.

I feel like the perinatologists ruined my life.

My first and only kid is born with a very rare sydrome that is one in 10 million. We have all kinds of issues from ADHD to intellectual disability and very short stature. We both are healthy parents. We also got tested for the syndrome after the diagnosis of the kid. The case is de novo, meaning a genetic mutation took place.

At 20 weeks of pregnancy, his bones were measuring short. The doctor told me it’s not important and discouraged me when I brought up further testing. We then again did NIPT even though the doctor told it’s not necessary. It came negative. 

At 27 weeks, his bones were 3 weeks behind. Same story. I visited 2 more doctors for second opinion. They told me the baby is just short. At 32 weeks, femur and humerus were 5 to 6 weeks behind and still the same story. I mean, we both are above average height. I checked out the results of short parents in the ultrasound, the results were max. 2 weeks behind for them. How could they have dismissed our concerns for such a big difference?

At the 34 weeks, the gap widened. And their rhetoric changed completely. Now, they started telling they don’t suspect a huge issue and testing would be too risky as it could trigger an early birth. Plus, they said, it would be hard to find a doctor willing to undertake an abortion at the point, even if he had a health issue.

After the kid was born, they said he is healthy. We kept on insisting for a genetic testing. 5 months later, we receive a phone call. We were told he has a genetic syndrome from which less than 1.000 people suffer. It’s one of many ultra rare diseases. He probably will not be able to live independently as an adult and will always need our support. That ruined and drained us psychologically and financially, damaged our relationship and my life has gone south. 

Why have none of the 3 doctors told us about the possibilities? They are all professors in Germany. I doubt they haven’t suspected anything, as I think they would have seen many cases, if not this syndrome exactly. If we were not discouraged for the test and the results came in, we would have honestly terminated the pregnancy. It would have been hard and sad. But now, not only our lives have been ruined but our son also is not able to live a life as you know it."
,0,"I'm pregnant, again. This time I don't feel empowered

I figured out recently I'm pregnant for a second time. I'm 33, living in Canada. The first time this happened was last year and I had a medical abortion. At the time, I felt incredibly empowered. I knew it was the right choice, as I am adamantly childfree. I was calm throughout the entire thing and felt no regrets, shame or upset over the situation. I opted for a medical abortion so I could handle it in the privacy of my own home.

There were some complications, but they were managed with no ill effects.

However, after realizing I'm pregnant again for the second time in a year, I've been hit with a huge wave of emotions this time around. Guilt. Shame. Frustration. Anger. I track my schedule. I monitor my basal temperature. We use protection on top of that. And this still happened. I had been scheduled for a Bilat salp before COVID, which had to be rescheduled until further notice.

This shouldn't have happened. I was supposed to have my tubes out by this time! The anger and frustration is so overwhelming this time around. I feel betrayed by my body, which I know sounds silly. I'm frustrated that I have to do this again after I had been taking so many extra precautions to avoid it. My emotions are just wild and I'm trying so hard every day just to keep it together. I've been working through this entire pandemic, essential, and already at my wits end for stress levels. Which I'm sure played a role in messing up my damn cycle, which was all over the place.

""Just make it to the bilateral salpingectomy. You just gotta make it until then,"" I kept saying to myself.

Even with double measures, it happened. I'm miserable. I'm not handling it well. This time, I can't bring myself to tell anybody. Not even my best friend. Not even my husband. Words can't express how much *shame* I feel this time around. Frustration. I don't hate my body, but I hate that this happened.

Why do I feel so upset the second time around? I logically know it happens. I logically know that this is the reality that happens to a number of women around the world. But the emotional response to it all is still there. I feel disgusted by all of this. I hate that everything hurts. I hate that I'm so damn tired and have to push through. This pandemic stole my mental support system and the tools I use to manage my life, had me working in the office while the rest of my team was allowed to work from home for 2 months, nearly cost me my job anywa"
,1,"is. I hate that everything hurts. I hate that I'm so damn tired and have to push through. This pandemic stole my mental support system and the tools I use to manage my life, had me working in the office while the rest of my team was allowed to work from home for 2 months, nearly cost me my job anyway, and just as things are starting to look up and I can at least garden, I'm too exhausted and nauseous to do any of it.

I broke down while doing my yoga yesterday and just cried. I'm on a waiting list for my bilateral salpingetomy. I'm basically 'on call' to go in for the operation. If I can't get this resolved asap, I might lose my spot and wait even longer if I'm still pregnant when they want to book me in.

I feel like I'm being robbed and I'm not sure how much longer I can hold myself together and pretend everything is alright."
,0,"Reaching Year 1 Sucks

Hi all, I’m just sad today. On holiday and AF arrived. I was so hopeful this would be the cycle. I had a miscarriage over the summer and needed a D&C. That all happened on my birthday. It’s such a balancing act between hope and sadness. Today I’m just feeling defeated. We TTC for 8 months before the miscarriage and now we’re officially at one year without a healthy pregnancy. It’s starting to feel like I should just let go of this dream I’ve had for so long of having a baby. My best friend is pregnant and I’m with her for the journey, but each month also brings sadness and I feel it’ll be impossible to get through February which was meant to be my due date month.

I think I need reassurance if anyone has any. Thanks in advance."
,0,"Advice on reporting

need some advice or input on reporting an assault that happened to me in 2018. i’m really scared that i won’t be taken seriously even though i have screenshots and proof of him admitting what he did. it took place on an airforce base so i’m a little intimidated that they might threaten me or something. i also don’t know how to report it? i don’t want to do it over the phone but i’m not sure if i can walk into the police department and speak with an officer. i’m assuming i’d have to go to the towns police where it took place. i’m just scared and i don’t want it to backfire or blow up in my face"
,0,"Period took 9 weeks to come after D&C surgery for MMC

Hi all. I just thought I’d share here that I finally got my period after 9 weeks of waiting after a D&C, in case anyone else is in the same boat. I was scared I had retained tissue (RPOC) and had two internal ultrasounds that were both unclear to the doctors if it was tissue or fibroids. I didn’t have to take any medication or anything I just waited and got blood tests to see my HCG was dropping and pretty soon after my HCG went down to 0 (it was going down sooo slowly), I got my period 10 days after. Just thought I’d say sometimes I think it can take longer than you think for your period to return after a D&C and it’s different for everyone. I was so scared of having to get another surgery done because I heard multiple D&Cs can increased risk of Ashermans (scar tissue on the uterus) so I was praying for my period to come. Sometimes it’s hard to be patient, but I definitely have my period now, cramps and bleeding (not too heavy) but just back to normal. I’m sad to have my period again but relieved. We can start trying again soon finally yay!"
,0,"my miscarriage ruined all my dreams and aspirations

i am 18 and had my first (and hopefully only) miscarriage. as bad as it is, for literally years i secretly hoped i would get pregnant as a teenager or at least really young. i literally wanted nothing more than to be a mother. even though it would be hard, and people wouldn’t support me, i just felt like a baby was what i needed in life. i was extremely depressed when i was 17 and was in a therapy program and i would CONSTANTLY talk about how a baby would “fix” me and that all i wanted was a baby. and even before then, i always said i wanted to be a mother as early as possible (when im financially & emotionally stable) i always felt like i have so much love and i just want to give that to a baby. 

when i found out i was pregnant about a week and 1/2 ago, i wasn’t sure how to react. i was shocked because the dad is not someone i am romantically involved with, but at the same time, i knew i wanted to keep the baby. i didn’t know what i was going to do but i knew that i would be able to do it. 

a few days i woke up having a miscarriage. 

fuck my fucking life. i don’t even want to have kids anymore. i don’t want to date, i don’t want to have sex, i don’t want to talk to anyone. i feel like something so precious that ive wanted for so so so long was just ripped away from me. i am in a state of dissociation. i am so angry and sad but i can’t even fucking express it. FUCK MY LIFE. i just want my baby back 

i don’t know what to do. i’ve told my therapist but a part of me is even mad about that. like, she had a baby at my age and her child lived. obviously im not wishing that on her or anyone. but it’s not fucking fair. and i know i wasn’t ready and it’s “not my time” but im just so heart broken and lost. 

i feel so dramatic because i barely even knew i was pregnant before it was over. but it still hurts so bad because this is all i’ve wanted for years. 

i need help, i don’t fucking know what to do. how do i cope? how do i act like everything is normal? how do i continue in life? 

I DONT KNOW HOW TO COPE I FEEL LIKE IM YELLING AND NO ONE CAN HEAR ME."
,0,"Ovulation before period

I had a D&C almost two weeks ago… bleeding stopped maybe 2 days ago and I noticed signs of ovulation and I’m in my peak ovulation (according to test). We want a baby so bad do we try this ovulation or is it best to wait until period returns? Doc didn’t really say anything about it so looking for experiences!"
,0,"I cut my insulin cord and could’ve been hospitalized a few times...

So back in 5th grade, I was really sad and I hated my school and hated everything and I’m a diabetic, so One day I cut my insulin cord a little bit and the insulin couldn’t go through so I got sick in the middle of the day and my mom picked me up. I realized that this worked, so I did it every time I didn’t want to go to School and my bg was really high a lot and I was young and didn’t think about it but it was really dangerous and I was also wasting insulin which is expensive. So I wasn’t the smartest kid back then."
,0,"Went to the ER

Two weeks ago I did a Medical Abortion at PP. Everything seemed ok. In, out. The next day I took the pills that dissolve in the mouth. Seemed normal. I had cramping, bleeding. What you would expect. Until 9 days later, I started hemorrhaging unexpectedly. I went through 15 extra large pads in 1 hr. I was very hesitatant going to the ER, i kept thinking they're going to tell me 'I'm overreacting,' but I started feeling light-headed and weak. I asked my mom weakly to take me to the ER.
I arrived there, blood everywhere, the chairs, blood down my pants and shirt. They instructed me to take my clothes off and put on a gown. As I did, the biggest blood clot (size of a softball, along with smaller blood clots) came out and fell onto the floor. I was scared and alone,  crying. Not knowing what's going to happen.
I lost too much blood, the hospital I was at, didn't have the right resources. I was air lifted to another hospital. I needed a blood transfusion and surgery to get all the pregnancy lining/tissue out that was causing it. 
Im thankful for all the doctors and nurses that took care of me.  I feel so guilty through it all.  Abortion is not an easy decision,  and having to go through the 'consequences' of that decision is hard.  Physically I'm slowly doing better.  Iron count is extremely low.  Mentally, it's going to be a long road to recovery.  
Im trying not to scare anyone out of an abortion,  im just telling you my experience."
,0,"HCG numbers not doubling

I had a D&C in July at 9 weeks (MMC). I got a positive test on 10/4 (12 DPO) The line took a while to get dark. Yesterday the FRER lines were the same color. My betas came back and I guess I’ll be having another miscarriage.  10/8 HCG was 41 
; 10/10 HCG was 98 and I got excited Dr wanted me to get another draw this time it was 72 hours later 10/13 HCG was 163 😿 welp I’m cooked - third loss this year."
,0,"First early miscarriage

I’m not really sure what I’m looking for in this. Maybe just a vent to get it off my chest and some understanding. Just want to know if anyone has more knowledge or experience with very early miscarriages that they wouldn’t mind sharing. I’ve had bleeding on and off for 3 days and passed a large clot last night. I’m estimated to be 5 weeks pregnant and my hcg was only 500 on Friday and then 550 on Saturday so I was already advised the pregnancy was not looking viable. I had an internal ultrasound this morning where the technician advised that she can see the sack but not the other markers she would expect to see at this stage. I just feel so lost and heartbroken. Even though it was very early I had got ahead of myself and was so excited for this baby. Any advice would be greatly appreciated. Anyone fall pregnant soon after going through this?"
,0,"A note for anyone struggling ❤️

To every person who has had an abortion or who is planning an abortion… I’m sending you so much love and light. You’re so strong and brave. 

I had a MA 3 days ago and I’m really struggling mentally with this. The only thing that’s genuinely helping me cope is this page. Reading stories of people from all over the world going through something similar makes me feel less alone."
,0,"experimentation or molestation? do i deserve guilt?

[removed]"
,0,"What are my options? Any advice?

[removed]"
,0,"“When you go back to normal”

Husband was talking with me about how he’s been doing more stuff around the house to help out while I’m sad until I “go back to normal.” 

It feels like this is my new normal though. That comment broke me because my new normal is remembering that my first child probably had a chromosomal abnormality and I couldn’t keep it like everyone else on my social media feed. My new normal is waiting for my body to start my miscarriage. My new normal is being afraid of this happening is another pregnancy. 

I swear the grief comes in stages and all it takes is a misplaced comment to bring on the waterworks. 

Also please don’t get me wrong, I love my husband and all that he’s doing for me right now. I haven’t felt like cooking, cleaning, or feeding my cats and he’s taken care of all of that without complaining. He’s just terrible with words."
,0,"Miscarriage - I feel so defeated.

I had a MMC back in August, I was pregnant with our first little one, I was about ten weeks along. It has been the most taxing thing I have ever faced. From therapy and just trying to move on, its so exhausting. We starting trying this month and Ive been seeing negative test after negative test and it is SO defeating. We got pregnant our first month with my baby I lost and I guess I just figured it would happen again. Everyone keeps telling me we ""just started trying"" but we've been trying to have a healthy baby since May. This isn't a new thing. Any advice or uplifting stories?"
,0,"TW: I was a minor in my story

So when I was minor I was in a very abusive and toxic relationship with a boy my same age, let’s call him Jeremy. It was abusive in every form. I was hit, manipulated, and my emotional growth was stunted because I didn’t know how to process everything that was happening to me. The worst part was he would force me to sit in a dirty softball dugout while he touched me. One day, two days before my birthday he wanted more, and what followed was...basically I no longer felt pure. I felt dirty and ashamed. Two days later he dumped me at 6 am, on my birthday. A week later I almost committed suicide. Thankfully I didn’t because I would not have my boyfriend of over a year and half now. I told him about this incident a month ago, despit being terrified. And instead of being disgusted he was gentle and told me it wasn’t my fault someone took advantage of me. He eventually helped me get therapy and make me feel brave enough to share my story. He also made me realize that despite this event making me feel like I was ugly and didn’t deserve love, that’s false. I have an inner strength that is beautiful and I have an amazing support group that loves and cares for me. If you read this thank you so much, and if you are a survivor as well just remember that you are strong and beautiful"
,0,"I miss my baby. MMC at 8w5d

It’s been 3 weeks since my missed miscarriage. I had a D&C 2 days after finding out. Found out a day before my birthday - was hoping to celebrate my birthday but the following days I was so numb. 

The ultrasound of baby was stagnant and I knew they were gone. There was no longer a heart beat and my heart also broke. 

Sometimes I feel better, but sometimes I get hit with an intense sudden wave of grief and start sobbing. I would have been 12 weeks today if I didn’t lose them. 

I’m 32 so a lot of my friends are pregnant or have young babies. I’m happy for them but I think about my gone baby when I’m around them. What my husband and my life would be if they were still with us. I would have loved them so much. And I still love them even though they’re not with me anymore. 

How did you deal with the grief? Any stories of rainbow babies?"
,0,"Random video on IG made me cry

I just saw a video of a random mama bird protecting her eggs as a tractor was about to drive over her nest and eggs. Just making all of these sounds and spreading her wings to protect her eggs. 

Idk why I just started crying uncontrollably. 

I guess I feel like I did something and I couldn’t protect my own baby. 

Miscarriage is so hard. 💔 😭 Somedays I handle it and other times it consumes me."
,0,"I broke a glass today

I broke a glass today. It wasn’t an accident. The glass was on my desk, I saw it and decided to break it. First I got up, brought a broom and decided to do it on the corridor because it would be easier to clean. Then I stood up and threw it to the floor, strongly but hesitantly. I’ve never broken a glass on purpose before, but many by accident. Usually, when I broke a glass my stepmom would immediately start yelling. This time no one yelled and the glass broke in a lot of pieces and the glass yelled and I felt better. 

I wanted to do something violent because I felt violent inside, but I couldn’t start shouting because if I can hear my neighbours having sex they probably could hear me shouting like a madman. I hit the wall a couple of times but I don’t like pain so it didn’t make a lot of sense to do that. I had already done the thinking part by writing down why I was feeling angry and sad and it made sense, it was legitimate anger and I had to do something with it, so I broke a glass. Then the glass exploded and it yelled because it’s soul came out and now it’s free and probably happier. It was a very ugly glass that someone stole from a bar and it was scratched and chronically dirty. 

I didn’t want to intimidate anyone. I live alone. It wasn’t a cry for help either, or an intent of self-harm. I just wanted to express my anger and one of my therapists once suggested that breaking stuff would be a healthy way of doing it. Then I stopped seeing her for other reasons and we never got to try. It felt great. In grey’s anatomy a therapist told a girl to throw stuffed animals at the wall and yell, so I tried that before. It felt good, but it was nothing compared to the glass. The stuffed animals don’t crash spectacularly and yell while their soul flies away. Also, in another episode of grey’s anatomy one woman is angry and she breaks all the plates and mugs she can find, and shortly after she gets a very important price, so breaking the glass was probably the smart thing to do. 

After breaking it I cleaned the corridor very carefully with some background music, and that was very relaxing. The corridor was dirty anyway so breaking the glass made me have a cleaner corridor, reaffirming my thought that it had been a smart choice. I broke the glass because I could. I was very angry and sad because I realized that I’m still an angry and sad person in spite of the therapy and journaling and the no-contact and the introspection, and that I’m s"
,1,"de me have a cleaner corridor, reaffirming my thought that it had been a smart choice. I broke the glass because I could. I was very angry and sad because I realized that I’m still an angry and sad person in spite of the therapy and journaling and the no-contact and the introspection, and that I’m still scared of having close relationships with people. I worked all day and then I got home thinking of how angry and sad I was and how I wanted payback. I want them to repay me the time and effort I’m investing on fixing myself after they broke me. And give me back all the great relationships and friendships I wouldn’t have ran away from if they hadn’t traumatized me. Actually, I want them to take the trauma back, and the hate, and the fear. I wasn’t born with those and I never asked for them. They put all that bad stuff in me and now I have to learn to live with it, which feels like having a third leg that gets in your way all the time. I will never get anything back. Time is time, it can only be stolen and never returned. My traumas are part of me now and I can’t give them away. I want something that I can’t have and that makes me incredibly frustrated and robbed and wronged. 

After breaking the glass I felt immediately better. I wasn’t sad or angry anymore because the soul of the glass had screamed and flown away and it dragged my anger and sadness out of the window with it. I felt like smiling. I think I will go to one of these second hand stores full of really ugly and cheap glasses and buy a bunch of them. And maybe plates. I will put them in a box and write: “In case of emergency, break the glass”. It will be my secret weapon against anger and sadness. I will still go to my shouting spot whenever I have the chance and the need, and write, and play music, and talk to my friends, and go to therapy. But when those things don’t help I will break the shit out of everything. 

I’d like to propose that everyone that reads this breaks something this week. Don’t do it as environmental violence, to intimidate someone or to hurt yourselves. Don’t do it to demand attention. Do it to enjoy it. Be bad. We were constantly and falsely accused of being bad. So be it, let’s be bad. Let’s be bad in a safe way. Be careful with the sharp pieces, make sure you get all of them and make sure that there’s no one around, or if there’s someone around make sure that they agree or that they want to do it too. And most of all, do it on purpose. Grab something and think of the thing "
,2," bad. Let’s be bad in a safe way. Be careful with the sharp pieces, make sure you get all of them and make sure that there’s no one around, or if there’s someone around make sure that they agree or that they want to do it too. And most of all, do it on purpose. Grab something and think of the thing that makes you angry and sad, put it in the glass and throw it to the floor. Do it to see that there are no consequences. There isn’t a spell that makes the world crumble if you decide to do something bad on purpose. I promise that, by the time you are done, you will feel so much better."
,0,"Are miscarriages supposed to be so painful?

This is my first pregnancy, so I have no prior experience with this. I went into the OB for my 10 week scan and found out I had a missed miscarriage at 5+6 and had to go in and have the medication inserted that starts the miscarriage process. However within a few hours I was on the ground and couldn’t get up. I crawled to the bathroom and I was throwing up, had diarrhea, and of course was bleeding. I was shaking from everything and couldn’t stop for quite a while. My cramps were the worst pain I had experienced, and I have broken several bones. My mom said it was probably because my body was fighting it? Are all miscarriages this terrible? I don’t know if I can deal with another pregnancy knowing how terrible this was."
,0,"I think my abortion was a huge mistake

I’m 26F. I had an abortion about a month ago now and just got my period since. I feel so guilty, sad, empty, like a piece of me is missing. I decided to get the abortion because I was terrified, out of work at the moment due to injury, and drowning in debt. I’ve never regretted anything more. All I’ve ever wanted is a family and to be a mom. Now I feel like I never deserve to be one. I was a coward and I hate myself for it."
,0,"How do I keep going?

This is mostly a rant but I'm trapped by my emotions. I am a 31 yo. I have been TTC for over a year and am actively going through my 3rd miscarriage at 6weeks.  All of my miscarriages have ended around this time.  After my second miscarriage I pushed for further fertility testing and everything was fine. I was super hopeful with this third pregnancy and still my world came crashing down. I have been married for 7years and we worked hard to develop a stable life and now I just feel like I'm being punished for something and I don't know why. I know it's not true but I just feel crushed being sent to a fertility specialist at this point and feel like I am going to have to come to terms with never becoming a mom. My husband is so supportive and kind and tells me not to blame myself and stop apologizing to him but I feel like my body just let everyone down. These past few years have been tough on both of us as he is now cancer free one year. In addition I feel like everyone in the world around me is pregnant. Again I know this isn't true.  But I am a nurse and we have had 8 nurses already have babies this year and 15 more are pregnant. Every week people make comments to me about me ""falling behind"" or asking when I am going to ""join the moms group"".  Again I know it's not true but many of these girls get married and are pregnant in seconds.  What water are they drinking and why can't I have some. While I am happy for them as many of them are my friends and wonderful people my upset makes it hard to celebrate with them. How to I keep going and keep my head above water? Sorry for the rant.  You can ignore this. This is healing for me."
,0,"Am I wrong for forgiving this man?

A very long time ago, I was on a call with a good friend of the same gender that had a crush on me. He inaudibly masturbated to me while we were on a call, making sure that I wouldn't be able to hear in order to not make me feel uncomfortable because then that would be harassment. He then apologized completely, I told him it was fine and I don't really care.

I don't know what I said, but it was probably ""I have feelings for you."" I can't remember well, but give me advice if I didn't say that I had feelings for him at the time. I probably did have feelings for him back then, judging by what we did afterwards.

We ended up masturbating with each other afterwards.

He recently found out he was molested by his sibling and I feel really bad for him. I do not really care about this incident, I don't want to bring it up again to act up on his trauma but I want to know if I was wrong for forgiving him for what he did. I know for a fact he regrets that, he apologized for it and then again I don't care. 

The only reason why I'm reaching out to a sub with this title is because I am unsure if my judgement is correct. Once again, I wasn't made uncomfortable by this. I would like to hear any judgement you all have. Thank you."
,0,"17yrs old having an abortion

i am currently 6 weeks pregnant and i am planning to have an abortion next week. i had immediately thought to have a medical abortion but hearing stories im not quite sure if i should have an in clinic abortion or a medical abortion. could anyone share their experiences with either one?"
,0,"I miss how easy it was to make friends when I was younger

I feel like when I was a kid, you could just ask “wanna play?” and you were friends. Now it’s so awkward and complicated. I wish it was still that simple."
,0,"AITA For not buying my co-worker flowers on Integrational Woman's day/Not showing enough recognition for the day?

Last Saturday was International woman's day (IWD) and something happened that has left my mind spinning and really want some guidance/help processing it.



On the Friday prior, me and some co-workers were in the office and two of them (1m and 1f) got into a small argument, 1f asked why she wasn't given flowers/bought anything for IWD, 1m responded ""when is it international men's day?"". I just observed and felt I didn't make any real comments about the situation. I try to lighten the mood by making a joke about getting 1f alcohol instead of flowers (its part of a long running bit after a funny incident at a company function, nothing intentionally mean spirited but she was less receptive to the joke then normal).



The next day (IWD), me and 1f were texting and I forward her a meme another woman sent me about woman's day, we have a laugh and all seems good.



Then Monday comes and she DMs me to a link to a website. Its a blog post talking about the importance of IWD and calling out men for dismissing it. She then follows up the text with ""aimed at you and \[1m\]"". Maybe I just read the blog post wrong (I'm avoiding including the link because it violates the rules of the sub, but more importantly, I don't want her to get harassed and if I discover that people do so I'm deleting this post) but it really feels like I'm being lumped in with the actions of someone else.



I feel a little upset. I didn't think I was being dismissive. I've known this person for years and I always thought I've been a supportive friend, both at work and in our personal lives. We've never remember each others birthdays, we've never bought each other Christmas presents, why suddenly is gift giving expected?



I've considered buying her flowers and brining them into the office, but without going into details in the event they see this post and discover who I am, I have extremely mixed feeling about doing something like this (my sister had a mental illness that put a strain on our relationship and left me with a fear of being taken advantage of, specifically by woman).



For this reason, the idea of buying flowers for her leaves me feeling like I'm going out of my way to show a great act of kindness that would never be replayed, that my birthday, international men's day, will come and go and I'd never receive anything, that by doing so I'm putting myself in a position "
,1," this reason, the idea of buying flowers for her leaves me feeling like I'm going out of my way to show a great act of kindness that would never be replayed, that my birthday, international men's day, will come and go and I'd never receive anything, that by doing so I'm putting myself in a position to be taken advantage off, it would cause more damage with the expectation's I'd set about my friendship going forward. All these are the thoughts spinning around in my head, and I just want to know, was I in the wrong?



TLDR: Didn't buy my friend at work flowers for international woman's day and (maybe?) said something about woman's day she didn't like, she wrote a blog post about woman's day aimed at me.



Note: In accordance with rule 9 I would like to specify that this post is NOT me asking ""should I buy her flowers?"" it is a question of ""was I wrong to not buy her flowers?""."
,0,"I’m not going to tell my new roommate I found bed bugs

It’s fucking horrible, I know. I’m turning myself inside out trying to think of the right way to handle this situation. I’ve never thought of myself as particularly selfish, and I’m a terrible liar. Everything about this is antithetical to who I am as a person. So why am I considering doing such a despicable thing?

My new roommate, Megan (29F) and I (22F) met two months ago after finding each other on one of those roommate apps. The age gap is a little big, I’ll admit, but it hasn’t really presented an issue yet. Because I work with local housing programs at my job, I’m more knowledgeable than most twenty-somethings about housing policy and landlords. Megan, although 29, lived with family for the first half of her twenties and has lived in student housing or been couch surfing for the latter half. As a result, she has never lived on her own before and is at a loss when it comes to renting. In addition, personality-wise I’m a pessimistic and jaded 58-year-old in the body of a 22-year old, and Megan is a little naive by nature. So it kind of fits.

Megan and I have never lived together before and are little more than strangers, but we’ve also spent the last two months getting to know each other as well as we possibly can. Although Megan is staying with a friend and has no deadline for moving, my current lease is up at the end of June. Two months seemed like plenty of time to establish a solid roommate relationship. Lucky for us, we get along extremely well. Both our habits and lifestyles seem to compliment each other. Since we met, we’ve been apartment hunting. We were ready to sign a few different leases, but all of them fell through at one point or another for reasons outside our control. But last week, we finally signed the lease on a great apartment, thank God. Our official move-in date is June 22. Everything seems to be going great on that front.

Enter the bed bugs. I found a bed bug in the bedroom of my current apartment a little over three weeks ago. I had a white trash bag sitting on the floor, and I saw a little black bug, the size of a small appleseed, crawling on the plastic. I instantly recognized it and submitted a maintenance request to my property manager that same day, with a picture attached. That was Sunday, at the beginning of May. I put in the request and then forgot about it for a few days. I figured an exterminator would come by soon and the problem would be resolved quickly. I e"
,1,"ed it and submitted a maintenance request to my property manager that same day, with a picture attached. That was Sunday, at the beginning of May. I put in the request and then forgot about it for a few days. I figured an exterminator would come by soon and the problem would be resolved quickly. I even wondered if maybe I’d been lucky, and it was just the one.

Ten days later, on a Wednesday, I decided to check for bugs. I hadn’t seen a thing since then, and I hoped that maybe I’d been wrong about it being a bed bug. I lifted up my mattress and found nothing. And then I looked over my box spring. Still nothing. I sighed in relief, and turned the box spring over so I could examine the underside. That’s when I found at least 20 live bed bugs, from so-small-I-can-barely-see to ridiculously-bulbous-and-large, skittering along the bottom edges. There were also at least a dozen pale white eggs, so small I’d have missed them, if it weren’t for the rest. I think I stopped breathing. Earlier that week, I’d lost some faith in the exterminator and bought a can of Raid foam spray. I immediately grabbed that can and began spraying everything I could. I took lots of pictures and collected the biggest bugs in a jar filled with rubbing alcohol. I’d started to wonder if I’d need evidence, if maybe the exterminator and my PM just weren’t worried enough. Well, they would be now.

As I sprayed and sprayed, and as the hours ticked by, I became angrier and angrier. I wondered why no one had come yet. Even then, angry as I was, I could understand why there was no urgency. It’s possible the exterminator and my PM didn’t believe my roommate and me, picture or no. You see, a few months back, my current roommate, Ash (20NB) knocked on my door late one night and told me they’d found a bed bug crawling on one of their stuffed animals. Perfectly calm, I asked to see it, but they said they didn’t have it. As soon as they saw the bug, they squished it immediately and flushed it down the toilet. While this might have made sense to them at the moment, I was furious. Although I’d never had bed bugs before, I knew that there were lots of bed bug look-alikes. It could have been practically anything. Without evidence, the only thing we could do was act as if it was a bed bug, and that meant we would need to panic. And panic we did. Ash and I stripped our beds bare and spent the next few hours running all of our bedclothes through the dryer. Then we checked every inch of our rooms for more evid"
,2,". Without evidence, the only thing we could do was act as if it was a bed bug, and that meant we would need to panic. And panic we did. Ash and I stripped our beds bare and spent the next few hours running all of our bedclothes through the dryer. Then we checked every inch of our rooms for more evidence of bugs. Nothing. Nothing but nothing. They sent in an exterminator who sprayed down Ash’s mattress, and who then told us to spray the furniture down with rubbing alcohol and remain vigilant. And then, once no more bugs were found, we both moved on.

Cut to now. I don’t know if the bed bugs I found came in with me or Ash recently, or if they’re just the result of what Ash found all those months ago. I don’t know if they came from up or downstairs, or if they’ve been here since before we moved in a year ago, waiting and dormant. I live in a duplex, so there’s every possibility they came through vents or contact with my neighbors. For some reason, I feel like they’re new, and I think Ash was mistaken that first time. But at the end of the day, there’s no way of really knowing.

That Wednesday night, I was awake until 3am, combing through the mattress and box spring, spraying and grabbing bugs with tweezers. I grabbed what fabric I could and ran up and down the stairs, throwing everything into the dryer and cooking my belongings on the highest heat possible. It seemed like it would never end. I think I had entered some kind of frenzied mania and couldn’t rest. The old floors creaked something awful, and I knew my downstairs neighbors would be enraged by all the noise, but I couldn’t find it in me to care. Ash was gone that night, and I was alone. I texted Ash updates as I cleaned, and I called both my PM and the exterminator directly, leaving voicemails for both of them.

The exterminator must have heard the panic in my voice loud and clear that morning, because he showed up the very next day at 10am and sprayed my bed with insecticide while I was at work. Ash let him in. In the end, even with all the evidence I provided, even with the jar full of dead bugs sitting on my nightstand, he still didn’t believe me. He called me afterward and said he couldn’t find a single bug in my box spring. I couldn’t believe it, and part of me wondered if he’d half assed the spray job because of it.

That Wednesday marked the beginning of my troubled sleep. It’s when I started getting itchy red welts along my arms and shoulders, and when I spent most nights sitting up, scrollin"
,3,"e bug in my box spring. I couldn’t believe it, and part of me wondered if he’d half assed the spray job because of it.

That Wednesday marked the beginning of my troubled sleep. It’s when I started getting itchy red welts along my arms and shoulders, and when I spent most nights sitting up, scrolling through article after article about the best methods for eradicating bed bugs. They’re nocturnal, you know, and they hide during the day. The best time to look for them is in the early hours of the morning, around 2 or 3am. Every other day, I’d flip my bed and check the seams with tweezers and a flashlight. I’ve found 3-5 bugs on the mattress since then, but that’s about it.

This would be the kind of thing to break me. It’s been a very, very hard year. It started last summer when my car was totaled in an accident – not my fault, but the other guy had expired insurance and, well, you know. I was still in college at the time and had to pull out seven grand in additional student loans to afford a new car. This led to a chain reaction of debt, and I’ve been sinking deeper and deeper into a bottomless pit. I also moved out for the first time a year ago. Yep, that’s right – this is my first apartment. Yippee! I’ve been working a job that I hate but can’t leave for the past year as well. I’m thrilled to say that I was offered the job of my dreams and will be starting next month. But I will also be moving to the new apartment that same weekend. My best friend was supposed to help me move, but she backed out because of the bugs, and now it looks like I’ll be moving all on my own (and no, I can’t afford movers).

It’s strange how so many life events seem to occur around the same time. I’m under so much stress, it’s like the universe is trying to kill me. Discovering bed bugs right when things seem to finally be looking up is the worst kind of irony.

I spent a weekend wallowing in self pity. I gave myself that time to feel sorry for myself and complain to my close friends and family – the only ones I could trust with this kind of a secret. And then I picked myself back up and started drawing up a plan. I am well on my way to becoming a certified bed bug expert. I have a list of methods for resolving a bed bug infestation, and if I can put these methods into a defined process, then maybe I can beat this thing. Maybe, just maybe, I can get this situation resolved to the point where I can move to the new apartment, and the bugs won’t be traveling with me. I don’t want to "
,4," of methods for resolving a bed bug infestation, and if I can put these methods into a defined process, then maybe I can beat this thing. Maybe, just maybe, I can get this situation resolved to the point where I can move to the new apartment, and the bugs won’t be traveling with me. I don’t want to bog this post down with specific cleaning details, but as a general overview, I’ve been undergoing a combination of routine vacuuming, scrubbing, steam cleaning, at-home heat treating, air tight sealing, DE dusting, and discarding. I’ve been changing out of sealed bags when I leave the house to avoid carrying bugs on me. I’m hoping to get 2-3 rounds of insecticide sprays from my landlord’s pest company before I move out completely (the next spray on schedule is June 5). I’ve discarded almost all of my furniture, and most of my belongings will be sealed away in storage for at least two years to ensure any remaining bugs are dead. I’ve vacummed, steamed, dusted, and permanently encased my mattress and box spring. Essentially, I’m throwing everything I possibly can at the wall until something sticks.

So that brings us back to this terrible decision I have to make – do I tell Megan about the bed bugs? This might be the worst thing I could ever do. It’s immoral and unethical on every level, and so unbelievably selfish. I’m putting Megan at the risk of an infestation without her consent. And it’s not just any kind of pest infestation, but one of the worst. I’ve heard that most would prefer cockroaches over bed bugs, because at least cockroaches can be killed using poison. Bed bugs, unfortunately, have evolved to survive most pesticides. As such, they are almost impossible to eradicate. That’s why there’s no such thing as a silver bullet method – you have to take extreme action for every method you can think of.

I’m going round and round in my head, trying to weigh my options here.

Option 1 – Tell Megan right now about the bed bugs. Fun fact about Megan: she’s deathly terrified of bugs and insects in general, and the mere possibility of bed bugs would send her into a coma. She’d drop me as a roommate, plain and simple. Even if I’m on the lease, she’d find a way to ensure I never enter that apartment.

Option 2 – Find a new roommate. With a month before my lease is up, I’d be thrown into the desperate situation of finding a new roommate and an apartment on extremely short notice. While I could maybe pull that off, it’d probably go rotten eventually because we’d eithe"
,5,"I never enter that apartment.

Option 2 – Find a new roommate. With a month before my lease is up, I’d be thrown into the desperate situation of finding a new roommate and an apartment on extremely short notice. While I could maybe pull that off, it’d probably go rotten eventually because we’d either not be compatible or, more likely, I’d have to tell them about the bed bugs regardless. Who in their right mind would rent with me knowing that? I wouldn’t.

Option 3 – What about Ash, my current roommate? Ash is moving in with their partner of four months and does not want me around. More to the point, Ash has some pretty intense conflict avoidance. Whenever things get hard, they tend to bolt. The day after we found out we had bed bugs, they packed what they could and have been living at their partner’s for over two weeks. While I was digging for ways to fix this and cleaning our apartment top to bottom, they were avoiding the apartment completely, hoping the problem would go away on its own. So that’s not really an option.

Option 4 – Could I try to sign another lease in my current apartment? There’s a few reasons why this couldn’t work. For one thing, this house is over a hundred years old, filled with an infinite amount of cracks and crevices in the floors, the walls, and the ceiling. If I stayed, the bed bugs wouldn’t be going anywhere. The only way to possibly eliminate them would be for everyone to move out and for an exterminator to spray every inch of this place and then some. Even then, it probably wouldn’t work because they’d have burrowed deep into the floorboards to wait out the insecticide, and they’d just resurface in a year or so. Likewise, I’ve burned some serious bridges with the PM company and my downstairs neighbors and I’m not on good terms with either, for reasons I won’t go into here.

Option 5 – Couch surf with someone. Throw my belongings into storage and find another place to stay short-term or long-term. Same result as Option 2 – if I came to you, asking for shelter, and you knew I had bed bugs, would you let me stay in your house? Even though I take all my precautions, there is still a very slight possibility I could carry a single bug into your house. Would you take that risk? Even if someone consented, I couldn’t bear it if I accidentally carried bed bugs into the home of a friend or family member. Even if it technically wouldn’t be my fault, I wouldn’t forgive myself for making that decision. Also, my small collection of friends "
,6,"to your house. Would you take that risk? Even if someone consented, I couldn’t bear it if I accidentally carried bed bugs into the home of a friend or family member. Even if it technically wouldn’t be my fault, I wouldn’t forgive myself for making that decision. Also, my small collection of friends and family have told me point blank that I’m not allowed into their homes, even just to visit. So that’s out.

Option 6 – Find a place to live on my own without implicating a new roommate. You might remember me mentioning my bottomless pit of at least three kinds of debt. Add to that my feeble salary and the shithole of an economy we’ve got on our hands, and you know why I’ve accepted that I’ll be living with roommates for at least another ten years. I just can’t afford it, otherwise that’s where my mind would have been, too.

Option 7 – Don’t tell Megan. Go about my precautions and cleaning process, continue to have the exterminator spray the place down, and continue to be hypervigilant for the months and years to come. If I’m lucky, and if I do everything right, we might never need to have the conversation. This last one is what I’m leaning into the most, and I know that makes me a coward.

I’m not thinking clearly, and I know that. I have two jobs, one full-time and one part-time, and I’m using energy drinks every day just to stay awake, something I don’t like doing. I had so many plans and vacations scheduled for this summer, and every single one has gone straight out the window. In the past year, I had collected a number of furniture items (a couch, a desk, a dresser, and a new mattress and box spring, to name a few) that are all on the curb, or soon will be. I’m starting over from scratch, and have flushed hundreds (soon to be thousands) of dollars down the drain. Suffice to say, my mental health has deteriorated. I’m exhausted and scared, and I don’t know what to do. I feel like I’m constantly on the verge of a mental breakdown and I’m tearing at the seams. The worst part is that I can’t really talk to anyone about it, because the fear of bed bugs can do more harm than the bugs themselves.

I’ve been doing everything I possibly can to fix this, all on my own. My friends don’t want to be anywhere near me, and my mother and sister are empathetic to my problem, but have no way to help. No one will step foot in my house, not even my current roommate who still lives here. While there’s a possibility I can resolve this before moving, there’s a small part of me "
,7,"y friends don’t want to be anywhere near me, and my mother and sister are empathetic to my problem, but have no way to help. No one will step foot in my house, not even my current roommate who still lives here. While there’s a possibility I can resolve this before moving, there’s a small part of me that knows, several months from now, I will find more bedbugs. I will have brought Megan into this mess without telling her, and that will be what kills me.

I’m sorry. I’m trying very hard to think rationally, but I’m just so tired. I’ve never felt so hopeless and depressed. I’ve been talking to my therapist about it, but she hasn’t really been helping. So I guess now I’m turning to prostrating myself in front of a jury composed of Internet strangers.

So what’s the verdict? What would you do?

I'm posting this to multiple threads, hoping to pick up some traction. I'm in desperate need of advice and opinions.

Edit: I am leaving the apartment I live in (where I found the bed bugs) and will be moving into a new apartment altogether with Megan. I'm trying to get rid of them so I don't carry any with me to the new place. Sorry for any confusion.

Edit2: I'm sorry this is such a long post. It started out as a personal brain dump that I copy and pasted into a Reddit post with very few edits. There's a lot of extra bits I probably didn't need!"
,0,"So it finally happened

I went in for my 8w scan to find a blighted ovum. It took me until nearly 10w to start miscarrying. I was on my way home from working with a 40 minute drive and literally bled through my pad, bled through my underwear, dress, all over my car seat. It was the worst time and most traumatic thing ever. Then I came home and got on the toilet and passed huge clots and thought I was going to bleed out and die. This was at 5pm. Woke up at 2am to bad cramps and waiting on ibuprofen to kick in to go back do sleep. I don't wish this experience on anyone."
,0,"Was this harassment ? I feel scared sometimes.

A guy and I really hated each other. One day when my class was exiting chemistry class. A hand brushed past my my hip and butt. I looked back and saw him at a distance. It was a crowded place. He hadnt looked back. I did nothing because i was not sure. I still feel irritated and guilty."
,0,"AITA for prioritizing my dog’s comfort over my family’s complaints about his gas?

Hi Reddit,
Throwaway account because my main has my name in it, and honestly I’m a little embarrassed even writing this, but it’s become a serious point of conflict with my family and I need perspective.

I (28F) have a dog, Max. He’s an 8-year-old bulldog mix I adopted when he was a puppy. I raised him through some of the hardest times in my life, including a rough breakup, depression, and moving across the country alone. He’s more than a pet to me. He’s my family, my comfort, my constant.

Max has a sensitive stomach, and despite prescription food and regular vet care, he has persistent gas. It’s not a medical issue per se, just something we’ve learned to manage, but yes, it smells terrible. I won’t sugarcoat that. He’s otherwise extremely well-behaved and calm. He just... farts.

The problem is during family dinners, which we often host at my place. My sister (31F) recently told me she doesn’t want to eat in the same room as Max because of the smell. My parents backed her up, saying it’s rude and “inhospitable” to let a dog stink up the room while people are eating. They want me to put him in another room during meals, maybe even outside if the weather’s good.

I said no. Max is used to being near me, especially when people are over,  he gets anxious when separated. He’s not begging or getting into food. He’s lying quietly in the corner, just being present. Yes, he passes gas. But it’s not intentional, and it’s not like I’m unaware,  I light candles, I keep the space clean, I even tried dog probiotics. But I’m not going to isolate him just because he’s inconvenient.

My family says I’m choosing a dog over the comfort of actual people. I feel like they’re asking me to be ashamed of him, or act like he’s gross or dirty, when to me, he’s just... Max. He’s getting older, and I don’t know how much more time I have with him. I don’t want his last years filled with rejection or being treated like a nuisance. That hurts more than I can explain.

Still, I get that not everyone wants to eat while my dog is crop-dusting the living room. So maybe I am being unfair or overly emotional.

AITA for refusing to remove my dog from family dinners, even though his farting bothers people??"
,0,"This one hurt

In October of '24 had a chemical pregnancy first time ever in 7 years of trying i got pregnant. Another in May 25, another in july 25. Got pregnant made it to 5 weeks 2 days in august miscarried, then immediately got pregnant again this month only to miscarry now on 5 weeks 2 days. Im done. I hurt my symptoms are still here but its actively happening I feel like ass, blood gushing out of me. I dont want to go to hospital bc they probably wont see anything on ultrasound hcg has already started falling, theyre going to tell me to go home and I can take Tylenol and ibuprofen. Needless to say im done for awhile. Also scared bc I called out last month and now again this month. I dont know jusf feel like im in limbo."
,0,"I would’ve started my 2nd trimester tomorrow

I went in for my 13w appt this morning and was super excited to see baby only to find out there was no heartbeat. The dr used 2 different ultrasound machines and another doctor came in and confirmed it. My baby boy stopped growing at 10w6d exactly 3 weeks ago. Husband and I are devastated, I have a D&C on Monday. I could’ve sworn my belly was starting to show and my breasts were growing. I still feel pregnant. I bought so many things for the baby and I don’t regret any of it. He deserved to be celebrated and loved. I will miss you my angel🤍"
,0,"spotting

16 weeks

I had sex for the first time since getting pregnant this morning. I immediately had some spotting and have severe anxiety so I spent the entire morning worrying. I then had a little bit heavier spotting. I decided to call my OB and they weren’t in office so I went to the ER. They did an ultrasound and checked everything and baby had a good heartbeat and she said placenta looked good and baby looked good. I walked pretty far back to the car after that and then went to lunch. When I got home I noticed slightly heavier bleeding but only when using the restroom and wiping. Some came out into the toilet. It is bright red blood and really not a lot but I am still freaking out. 

My ultrasound was about 4 hours ago. She did a cervical check and said although it’s bruised everything seemed good. I just feel so anxious"
,0,"How Birth Control Pills Gave Me My Childhood Back, And How A Pharmacist Tech Threatened That By Making Assumptions

I will admit this happened awhile ago *- maybe two and a half or three years ago -* but I still get extremely mad when I think about it or tell the story to someone. So, here I am to rant and rave and hopefully impart the wisdom of speaking up for oneself to a teenager that may need it.

I got my first bloody welcoming into puberty at ten (while riding a horse, to make matters worse!) and for those first few years, things were relatively painless. Of course it was too good to last and, come my first foray into middle school, disaster struck.

What had once been a mildly uncomfortable inconvenience became something that left me crying and bedridden for weeks at a time. Turns out six years later: nothing was considered terribly wrong with my body. In fact, all my baby making bits are in working order as of this post. But my body failed terribly at the whole menstrual business.

So I would bleed for months at a time (usually heavily with extreme clotting) with such intense pain that I could barely get out of bed, let alone go to school or have a social life beyond my phone and computer. It would leave my sobbing and light headed and ungodly sick. Then, for a few glorious months, I wouldn't bleed one bit. The cycle of this repeated regularly as my mother took my to the gyno and I was tested and questioned until they just prescribed birth control.

It changed my life in ways I cannot describe.

That tiny little pill offered me my freedom and childhood back. I could go to school, I could hang out with my friends. I was not longer burning through super pads and tampons within two hours. Everything became a million times better.

At fourteen and fifteen I began picking up my monthly pack on my own when my mother was too busy. I had never had an issue. None of the clerk's had ever batted an eye as they got my bag together and checked me out. Just my name, birthday, and a signature to get my blessed ticket to comfortable living.

Until one month, when I was sixteen, and I ran into the Walmart Pharmacy to get my packet while my mother waited in the car. It shouldn't have been more than seven minutes with a line, maybe five without one. We'd done this countless times by then.

So I went in, waited for the two people before me to finish up, and got to the counter. Before me stands a short, older woman. I told her I'm there for my birth control and gave he"
,1,"ouldn't have been more than seven minutes with a line, maybe five without one. We'd done this countless times by then.

So I went in, waited for the two people before me to finish up, and got to the counter. Before me stands a short, older woman. I told her I'm there for my birth control and gave her my name. She asked for my birthday, eyes scanning over me. I remember trying to ignore the judging stare.

""How old are you?"" She asked after a long pause following my giving her my birth year, not once, but twice.

""I'm sixteen.""

""That's too young. I'm not going to give this to you. You'll have to have a parent come in.""

I was shell shocked and confused. I didn't know the laws like I do now, or else I'd have made a scene, and I wish so badly I had asked to speak to somebody else that could've save me this hassle.

""I pick up from here every month,"" I said and prayed I didn't sound like some meek kid, wishing desperately that she would give me my medicine as a line was forming by that point and my social anxiety was skyrocketing. ""Nobody ever said I needed a parent. It's prescribed for me, not my mother.""

""Well you'll have to have her come in regardless. Sorry.""

I left the pharmacy and fast walked out of the front doors trying to will away tears or embarrassment and a million other emotions I still cannot name to this day. Thankfully, as mentioned, my mother was in the car.

I told her what had happened and she told me to stay in the car while she ran in. She told me that she gave the woman an earful. I ended up with my pills that month.

But the thing is, there wasn't anything policy or legality wise to prevent me from getting my medicine. It was the woman's own beliefs.

She didn't see a teenager that had missed out on several years of her childhood. She didn't see the immense pain I would be in without the medication. She didn't know I would bleed for the next several months, or that I'd be so lightheaded I would feel dizzy and almost blackout just getting out of bed, or that I'd be crying out and sobbing from the pain that nothing could help, or that I'd fall behind in school so badly (I actually failed a school year because of this issue) it would take weeks to make up. She didn't have a single idea what the pill provided for me.

She only saw a teenager that *must* be using the pill for pregnancy prevention. 

And the thing is: both of those girls would have deserved their right to the pill just the same.

Thank you for listening to my rant. Please, "
,2,"s to make up. She didn't have a single idea what the pill provided for me.

She only saw a teenager that *must* be using the pill for pregnancy prevention. 

And the thing is: both of those girls would have deserved their right to the pill just the same.

Thank you for listening to my rant. Please, all pill taking people: know the laws and policies of your area so you won't doubt yourself like I did and possibly be in a worse situation. I've learned them since (found them out after this incident) and keep updated as best I can.

*(Edit: I never expected this to blow up with so much attention and support. Thank you to everyone that shared their stories and thoughts and helpful or encouraging words. I never expected gold either, so another major thanks for that, of course! There were a lot of comments complaining that it was an overreaction and, hell, it could've very well been. But I'm not gonna apologize for having been upset. It's not my problem if you disagree with my feelings, sorry. Again, thank you all!)*"
,0,"Sudden Miscarriage

I'm wondering if anyone has had this experience. Yesterday I had my first ultrasound at 7 weeks 1 day. For 2 days before the ultrasound I had light brown spotting. When I went in for the ultrasound at 11:00am they were able to find the heartbeat and they said everything looked normal although the baby was measuring about 5 days behind. They didn't seem concerned though.

I went home feeling very relieved after seeing the heartbeat and assumed that the spotting was normal. With an hour though I started cramping and the bleeding picked up a lot. By 3:45 that same day I passed a large piece of tissue. The cramping went away and the bleeding significantly reduced almost right away. 

That evening I went to the ER and they confirmed that I had miscarried that afternoon. It seems just hard to believe that I went from seeing a normal heartbeat to fully miscarrying in less than 5 hours. Has anyone else had a smaller experience with an extremely quick miscarriage. I feel like I'm going through emotional whiplash."
,0,"20+ male choking me (minor) at work..

How do people just stop thinking about it? Ive been through enough shit to have this done to me.
Ive already got a statement in and hes fired from my job- but he always backed me up into a corner and grabbed my neck. It was always so hard to breathe and he wrapped his arm around my neck, backing up- he forced a hug and grabbed my head and shoving into his chest.

And my fucking sister hears me say this and her instinct is to FUCKING GRAB MY NECK. I flinched and I got scared all of a sudden FOR GOOD FUCKING REASON."
,0,"is this considered sexual harassment?

everything I’m going to mention is stuff that happened online (skype and instagram).
when I was 12-13 (I’m completely unsure of their age, but maybe 13-14 for them), I met someone online and I think we met on skype. I’m assuming it was during puberty for them so it could have played a major role in this. they would constantly send me sexual stuff and make dicks out of numbers and other symbols on the keypad. I can’t remember much, but I know I told them “no” and “stop” a lot of times but they kept on sending the stuff anyways. since I was young and didn’t 100% understand, I didn’t tell anyone about it and this is actually my first time talking about it. I know for sure they didn’t send any nudes, it was all just sexual texts. even if it isn’t considered sexual harassment, its still bothering me and I don’t really know what to do"
,0,"I A (45m) am happily married to B (44f), but have a Limerant Object at work who is C (42f)

Requisite throwaway account. 

I am a happily married male (45), been married for 20 years to B (44F)with 2 beautiful kids. Infatuated with C (42F)

I have known and hung out with a female friend and coworker for the last about 8 years now (I’ll call her C). I do not have a crappy marriage, but I’m finding myself more and more enamored with this other woman. I am fulfilled in my marriage, we are great partners to each other.

Background, my wife is foreign, but she is from the country of my ethnic background. I lived there for several years and that’s how we met. Moved back to the states and have a very happy life. Cheating is a deal breaker for me and I would never cheat on my wife. 

Now onto the issue. I have been feeling more and more enamored with C. I never had these feelings before, but lately I have been more and more infatuated with her. I have female friends that I’ve known way longer and have never had “feelings” for them. We are both from the same place that I grew up and was raised and we just have a connection I can’t explain. I really really enjoy her company and conversations. C has been married with children for almost as long as me and she loves her husband.

I don’t believe it’s an emotional affair, maybe it is, but it’s one sided. We talk and text, but it’s never anything inappropriate. 

My question is, how do I get past this Limerent Object? Going NC is impossible, because we work together. I really do enjoy her friendship and company and don’t want to ruin that. I also have no intentions of saying anything to ruin what we’ve both got.

Clarification Edit: Wow, the comments are actually really tame for it being Reddit. I’ve read most of the comments, so most saying it is an EA are probably right. However, the EA is 100% one sided. For reasons I don’t/can’t disclose, for fear of outing myself, I cannot leave this job for another couple of years.

I have known C for almost 9 years, never had feelings for her ever, manifested recently. I do go on date nights with my wife at least once a week. Our conversations have never been about inappropriate stuff. Both her and I have never had marital problems. I’m not going to try and convince everyone that I won’t act on it, because like I said, cheating in any relationship is a no go for me. My dad cheated on my mom, so I know what happens when thoughts are acted on. I just know for a fact I would never ac"
,1,"Both her and I have never had marital problems. I’m not going to try and convince everyone that I won’t act on it, because like I said, cheating in any relationship is a no go for me. My dad cheated on my mom, so I know what happens when thoughts are acted on. I just know for a fact I would never act on or say anything about how I these feelings.

Edit 2: so I think feelings are normal, I can take all the roasts, comments, trash talk, isn’t that why it was posted? To get another perspective and thoughts.

So to be clear, nothing was ever actively pursued in any way, nothing will be said. I believe most people have a “what if” thought or scenario once or twice in their lives. This one has just been lingering. We don’t hang out together outside of work. When I said company and conversations, I meant the chit chat and small talk at work.

Like I said, right now due to some circumstances, that I am not willing to provide, I can’t leave this job. Also, complete no contact is impossible as work communication has to happen. LC is possible and I did not answer anything erroneous today, except if it was about work. We have never gotten sensual or sexual when we talk ever. My wife has full access to my phone.

I work 70-80 hours a week, sleep maybe 4-5 hours a day and pick up and feed the kids during the day. I literally have no time for even myself. My wife and I get lunch at least one day a week, before the kids get picked up. Contrary to what people are saying, we have a good relationship.

My wife knows all of my friends including the opposite sex ones and even has all their numbers. She is open to talk to them when she wants. This is just in my mind and would never be acted upon, ever."
,0,"Struggling with guilt after a miscarriage

Hey, I had a first trimester miscarriage a few months ago in March and I still feel so guilty. I feel as though I could've done more. I was only 17 when I got pregnant and I thought it was the worst news of my life until I heard that she (I thought she'd be a girl) stopped growing at 6 weeks. I can't stop thinking i could've done more or done something differently. Today was her due date and it's just made me feel so much worse because I could've had her in my arms.

Edit: I spoke to my boyfriend about how I was feeling and we've got a kitten now which has helped take my mind off things but I don't think the loss will ever go away until I have a baby in my arms."
,0,"Should I get a surgery that could possibly change my life?

For context I am a 31🔁 female and 2 years ago my family noticed that I was loosing a severe amount of weight, 30 pounds to be exact (mind you that is a lot for an already underweight child) it was only in 2024 that I was diagnosed with graves disease aka an over active thyroid, which is a disease where your thyroid gland in your throat produces to many thyroid hormones throughout your body, symptoms can include itchyness, trembling, severe sweating, overheating, feeling like you might faint, severe weight loss and eating constantly but gaining nothing aswell as growth being stunted and causing amplified anxiety and increasing the effects of any other disorders you might have, anyways a few months ago my family took a trip to Toronto to go to sick kids where we talked to a specialist who gave us 2 options 1. We keep the meds going until they stop working and we go from there or option 2.get the surgery that will remove it but still be on meds for the rest of my life. After that we continued on with our lives because I'm absolutely TEREFIED of th idea of surgery especially since there are many risks with children getting it.anyway recently the weight of it has been really painful and I'm debating surgery but the thing is I don't want to get it during this summer break or when I go back to hs because I don't want it to affect my grades and academics though the doctor said it is not urgent I don't know how much longer I can deal with this and I don't know if it will just be better to have it removed Reddit please help"
,0,"Crazy after miscarriage??

Okay this is a long one but I miscarried a month ago- the last week I’ve had such terrible boob soreness. I had such intense pain on Thursday on the left side of my stomach. It was sharp and didn’t go away. Scared me enough that I went to the doctor, took urine test and blood test, and had an external ultrasound to check for abnormalities after miscarriage. No positive tests, no abnormalities. They just concluded that my body is adjusting after miscarriage and I was about to start my period.

I was embarrassed and so sad because I was convinced something was wrong because I’m pretty in tune with my body. I really thought I was pregnant and I was SCARED.. but then after finding it was all negative and everything was fine I’ve just been so angry and mad and sad. 

I take a test every day… Took 3 tests on Friday because I got a faint line on the first one. It turns out the faint line was just a faulty test. This was this mornings tests. I see a faint line on the blue one- but I feel like I also see one on the pink dye????

Anyway my mom and friend are both telling me to stop testing and that it’s probably just my period coming. I told my friend this morning and she was like laughing that I was driving myself crazy testing so much and that she doesn’t see anything on the pink dye. 

Does anyone else see a line? Does anyone else drive themselves crazy after miscarriage? And also- how do you get past the FEAR if you are of losing another if you’ve lost one already??😭"
,0,"I had sex although i didn’t want to...again

I know it might seem like a small thing, but idk if other people have this same experience so here goes nothing. I was sexually assaulted a fee years back and ever since ive just had a hard time to say no. my boyfriend is the most caring guy ever, but he feels guilty and bad everytime i dont want to sleep with him and most of the time it ends up with us sleeping together even though i don’t really want to. i hide it of course, and tell him that its fine, but sometimes it just feels like shit afterwards. at this point its just easier to say yes when he comes closer even if it brings me back to that night all those years back. ugh i dont know. i have no idea how to talk about it or say no anymore. help...anyone?"
,0,"Miscarriage experiences

This past June i experienced my first miscarriage. With came so much trauma that i am still working through. One technique i noticed that started to help me was to write about my experience. From the happy beginning and even to now with the healing journey. I have noticed that there are some books of woman's real life experiences that i wish i knew about sooner as i love to read and feel like it might have helped more to feel like im not a lone. As im sure a lot of you feel even through you aren't. Has any one else written their story and helped them with the process? I was thinking about trying to put a book together to continue to help the woman (and even men if they want to contribute their experience in it) know they arent alone and all the different things we have done and learned to help through it all."
,0,"Feels like an inevitable MC

Hi there. I went to have an ultrasound when I thought I was 7 weeks due to spotting. The spotting alarmed me as in my first pregnancy, this never happened. Turns out I was measuring earlier (5wks 6 days) which made sense with my last 4 cycles measuring out to be between 29-37 days. So possibly I ovulated or implanted later than expected.

On my first ultrasound (9/18), they only saw a gestational sac. From then up until yesterdays rescan, I was able to receive the following data -

9/18 HCG: 12,000

9/20 HCG: 16,000

9/22 HCG: 24,000

9/22 Progesterone 5.7 ng/mL (low)

Yesterdays rescan (9/23) has me measuring on track at 6 weeks 4 days now but still a gestational sac with a “probable yolk sac” that wasn’t definitive at all.

Now I’m scheduled for another scan on 10/3 while taking progesterone pills vaginally. I really wish I didn’t do any of these early scans and I just let the spotting go because now I’m a ball of anxiety just thinking this is going to end up in a miscarry/blighted ovum and I'm only delaying the inevitable. I did not experience this in my first pregnancy so looking for any input or experience for all of you. Appreciate your time - thanks so much."
,0,"Surprise twins at 22wk ultrasound

So uh... yep. Still in shock. I had an 8wk ultrasound, which showed one baby, and one egg sack that never developed a yolk... turns out... it did! 

Over the last few weeks, I've been picking up multiple heartbeats with my at-home fetal doppler, but after extensive googling and even chatting with some nurse friends, I convinced myself that I either must be picking up on the pedal heartbeat or the placenta. 

Today I had my 22wk anatomy ultrasound and the tech was searching around and checking her notes and said ""when did you have your first ultrasound?"" After I told her 8 weeks, she said ""you know there are two babies in here right?""

One is tracking at 21w6d and the other at 21w flat, so they're definitely fraternal. Both boys. Baby B is measuring slightly smaller, but they don't seem worried. They're bringing me in for another scan with the high risk doc just to make sure everything looks good. 

I am honestly overwhelmed. Both thrilled and terrified. All I ever wanted was to make sure my kids have a buddy (I was an only child) so this is a huge blessing. I'm also glad I didn't know sooner... because I know twins pose slightly more risk and I was already a nervous wreck. Going to let the financial panic wait a couple days while this sets in. 

TL;DR: Listen to your instincts.
Edit: HEY! Thanks for the awards! And for all the amazing advice and reassurance. I am so grateful for this community.

Update: The twins are indeed NOT fraternal. We’ve go mono/di dudes in there. Slight risk of TTTS, getting screened next week. And baby B has a slightly smaller pulmonary aortic valve. I’m a little anxious."
,0,"Does anyone else get extra sad about past miscarriage when their period comes or is coming?

I had a natural miscarriage in early December of 2024. It's been over 9 months but still every month in the days leading up to my period, I feel like this gnawing sadness and extra remembrance of what I lost. The daily pain of it hasn't left me and I don't think it will in this lifetime, but I've learned to live with it as best as I can. I am just wondering if anyone else experiences this?

I'm guessing maybe its because the feeling leading up to my period is similar to the miscarriage. And every month once it starts and I see the blood it's like I'm right back to the day it happened. To that dreadful feeling of something so terribly permanent and all I want is to somehow reverse it, to somehow put the blood all back and it won't be real, but obviously that's not how reality works. 

Am I the only one feeling this way in connection to my periods? I have been doing better aside from these times, so that's good, but like I said I don't think the pain will ever fully stop. My period is supposed to come in a couple days and today I've been even more down about my loss."
,0,"Trailer Park management forcing the entire park to only use their provided ISP, they cut lines to Mediacom without informing me. What can I do about this?

Location: IL 

Hi. On Tuesday, I woke up to no internet. For the past few months there has been talk of this new ISP company being offered to residents, called AccessParks. I sent an email to the park manager on March 28th, asking if Mediacom was being removed from the park. She stated ""They are just wanting you to sign up for their internet through access parks. You are not required to and mediacom is NOT being remove from our community although those letters state so. It is completely up to you if you wish to keep mediacom or sign up for their service, or any other service for that matter. The letters were supposed to be edited before being sent out and it was not done unfortunately. I've just been telling people to just disregard the mailing unless you want to sign up for their services"" 

I did not receive any further communication from her. Access Parks continued to send dodgy letters in the mail stating that Mediacom was getting canceled. I had confirmed with Mediacom around the same time that I spoke to the park manager, and they confirmed that there is no disconnect notice, and no plan to be removed from the park. 

  
Tuesday, Mediacom informed me that Access Parks had illegally tampered with Mediacom's infrastructure. They had taken the top of the pedastal off, and cut the 3 wires that connect to the ""box"" that have coaxial looking hookups. I'll figure out how to attach photos if that's allowed in the sub. The mediacom tech was being tailgated by an unmarked vehicle through the park, the vehicle did not have any company info on it, no actual license plate numbers, just an unknown dealership tag. That person was claiming to be representing Access Parks, showed the mediacom tech a paper, that was not a real legal document, and told mediacom that they're not allowed here. The mediacom tech did splice the wires back together, and fixed my connection, but it was only back on for 30-ish minutes before access parks snuck through my back yard and cut the lines again. The pedestal is now slanted, it was standing up straight before they cut wires a second time. This access parks rep told my mediacom tech that he would cut down ""my"" internet again if he fixed it. 

  
I don't know the legality on this but i'm really frustrated. AccessParks sucks. I contacted my park manager yesterday and asked her what h"
,1,"ding up straight before they cut wires a second time. This access parks rep told my mediacom tech that he would cut down ""my"" internet again if he fixed it. 

  
I don't know the legality on this but i'm really frustrated. AccessParks sucks. I contacted my park manager yesterday and asked her what happened with mediacom ""not getting removed"" she told me that ""mediacom would have to be the one to send you the official notice since you are their customer, and they failed to do so with all customers in the service area. they will tell you that now if you call in though a they have it all straightened out on their end of things. you were notified that it would be disconnected -- a flyer was placed at your home site on monday of this week letting you know mediacom was being disconnected beginning of tuesday morning and what your next steps were. you were also sent an email on 6/9 and 6/13 pertaining to the change taking effect this week"" 

  
Here's the thing. i never got any emails, i sent her pictures of every single email i got on those two dates, my boyfriends dad also did not get any emails and we are the only two who she has email contact with. Also, every piece of mail i got from access parks DID NOT have any kind of disconnect date for mediacom. The flyer on Monday said that service had already been cut, and ""coaxial lines were replaced""  The park manager has continued to gaslight me. She has told me I am allowed to have any other company, just not mediacom, but both her and access parks confirmed that there is an ""exclusive deal"" with the trailer park & access parks, so now they're the only ISP that services the area. My park manager told me that Mediacom was informed of the change on March 23rd. If both the park manager and mediacom were aware of this on March 23rd, then she lied to me when i asked her about mediacom being removed on the 28th of march. 

  
The park manager is refusing to let mediacom into the park now, so they're apparently working on sending disconnect notices to customers to collect their modems and other equipment. it all  feels very disorganized, and like they're illegally forcing mediacom out of the park. 

  
I hate this new ISP so much. I didn't want to switch over, but i medically need a strong internet connection, so it was either sign up for access parks or be SOL. 

  
i really miss mediacom. their techs were more friendly. the person who came and set up my internet yesterday kept leaving the door open and letting hot air "
,2,"uch. I didn't want to switch over, but i medically need a strong internet connection, so it was either sign up for access parks or be SOL. 

  
i really miss mediacom. their techs were more friendly. the person who came and set up my internet yesterday kept leaving the door open and letting hot air inside. i have 3 cats, and im really glad that i had them all closed in a separate room otherwise i would have been a lot more upset. 



is anyone able to provide any info on the legality of this and if there's anything i can do to fight to bring mediacom back to the park?"
,0,"How to feel better?

I have a missed miscarriage at 7 weeks and learnt about it at 9 week appointment. I underwent a D&C at 10.5 weeks. I had an emotional breakdown 3 days post-op, which I understood to he the hormone crash. Now it’s been 2.5 weeks since my D&C and I’m feeling probably the lowest I’ve ever felt. I reached out to my first boyfriend to try to feel as vibrant and hopeful as first love makes you feel. Each day is difficulty. How long till I feel better?"
,0,"This happened in my middle school gym lockers

When I was in 6th, I remembered when a few 8th graders usually targeted me whenever I was changing, since I usually spent PE by myself since I had no friends during the period. 
They usually pinch and poke my armpits because I didn’t know or want to shave, and they would grope my breasts and butt whenever I’m wearing cheap or ugly underwear, or they were making fun of my flat breasts or butt.

Of course this was humiliating for me, and made me extremely self-conscious about my body. But the bullying stopped when I made more friends in PE during 7th grade.

I still wonder to this day if this was just bullying or sexual harassment.

Either way, this made me afraid of changing in public lockers or bathrooms."
,0,"What to Prepare For

Hi everyone, just received news that I likely am experiencing a non-viable pregnancy. This is my first pregnancy after a year of TTC. I just feel like right now my life feels like a black hole (5 friends announced pregnancies in the past 6 months) and I don’t know what to do to prepare myself for next week when I’ll have my final scan to confirm non-viability and begin the process of addressing the missed miscarriage. Is there any kind of bright spot in the process or is this just going to be absolutely miserable?  I gained 15 pounds into this pregnancy and I already don’t feel like myself. The doctor was also very keen on telling me that this absolutely will be painful."
,0,"How long did your mourning process take?

I found out on the 9th during a 10 week ultrasound that our first baby died at 10 weeks. I took medicine to pass the miscarriage on the 10th. Ever since I found out I just can’t stop crying. My doctor sent in Xanax and it helps a little but just so many things remind me of my
Pregnancy and it hurts. 

I don’t want to go for walks in the same places, or drink ginger ale, and even taking my insulin reminds me of when I was pregnant (I started while pregnant). It just feels so heart breaking now to know that I’m no longer carrying a child and I’m trying to do everything to not remind me, but it’s impossible. It’s been 4 days since finding out and it still feels so raw. I took friday off of work and am thinking about taking a couple more days. How much time did you take? Am I crazy for still feeling such strong grief about it?"
,0,"My Blog Post

[removed]"
,0,"I am (28F) and I can't move past what my husband (30M) did the week before our wedding.

Hi everyone, I need an outside perspective on a matter. My husband and I are semi recently married. Prior to the wedding I was very happy and confident in my decision to marry him and I still am overall, however, an incident happened the week before the wedding that I am having a hard time moving past. 

Basically, what happened was that we got married where our families are from and we arrived a week before to get everything set up and finalized. We didn't have a wedding party but his plan was to go away with his brothers for a 'bachelor' party tues/wed and come back Thursday midday. I was completely ok with that because I felt like I had the week planned out enough that it was totally feasible without adding any stress. Well, we were having an outdoor wedding so of course it rained ALL week with 100% chance of rain on the wedding day (the wedding day actually turned out perfect- the sun was shining and everything was amazing). But, obviously I was stressed out like something crazy since the weather rearranged my plans a bit.

Ok, before I move on, let me say the week before the wedding- no one can prepare you for that. I had done all the buying/ordering/planning/paying and my fiancé at the time orginized our honeymoon (which really just was a cabin in the woods on a lake- which is what we both wanted and needed, peace and quiet and intimacy). We were engaged for two years so I was able to stretch out the planning and it never once got to me until the week before when it was the moment of truth and everything I had prepared for was coming together. For the record, my fiancé was never really into planning, I'd ask him opinion on everything and sometimes he'd have one and other times he'd say whatever I wanted. I paid for the wedding with my own money (parents helped some with food and my mom would sometimes pay for decorations) so this was something I had invested a lot of time energy and money into. 

Also a little background about us. He has three brothers who are all married. His family is loud and outgoing and kind of wild. I am an only child, I am quiet and polite and thoughtful and my family is the same way- generally more reserved. 

Back to the week before the wedding. The venue we were getting married at was free but we had to do all the cleaning and landscaping for it. It was a gorgeous place that just needed a little TLC (cleaning up a place and buying some "
,1,"houghtful and my family is the same way- generally more reserved. 

Back to the week before the wedding. The venue we were getting married at was free but we had to do all the cleaning and landscaping for it. It was a gorgeous place that just needed a little TLC (cleaning up a place and buying some mulch and flowers to plant and picking weeds to me was way better than paying a crazy amount for a venue, by the time we cleaned it up and now the pictures from the wedding are out people are asking to reserve it- I felt pretty lucky to have that deal and save the money that I really didn't have). So we knew we had some work to do the week before. I had to cut corners for financial reasons so we were having to do all of the prep, which he realized and was fine with.

So the week before I had it all planned out where Monday we clean and landscape, Tuesday I was supposed to do my bridal pictures, Wednesday I was going spend some quality time with my mom and tie up some loose ends and run some errans with her, Thursday we were going to move all the decorations from my parents to the venue and that night was my bachelorette with his sister-in-laws and my two cousins, and Friday all the tables/chairs/etc got delivered so Friday was a set up, rehearse day. As you remember, the weather was not our friend. My photographer ended up wanting to change my pictures to Thursday because that was the day with the least chance of rain. Ok, cool, it was stressful trying to contact everyone and move everything with hair and makeup and trying to rearrange my bachelorette party a bit, but it worked out and everyone was flexible. Any girl who has got married realizes that bridal pics take time between running around getting the trail runs for hair and makeup, getting a bouquet, and getting the pictures done is almost an all day thing. Hindsight is 20/20 but if I had it to do over I'd have tried to get them done earlier (it was hard because that was included in our picture package with the girl located where our families are- about a 16 hour drive from where we live). But because of dress alteration issues and her schedule and mine we just couldn't make it work the one time I was there a couple months before the wedding. So changing that changed my whole weeks to do plan. I asked my then fiancé if him and his brothers could switch the days they were gone. No reservations were made yet and they all had all week off work so there was flexibility there. I asked, since I was going to be p"
,2,"uple months before the wedding. So changing that changed my whole weeks to do plan. I asked my then fiancé if him and his brothers could switch the days they were gone. No reservations were made yet and they all had all week off work so there was flexibility there. I asked, since I was going to be predisposed on Thursday now if they could shift their days back by a day so we could work Tuesday and do things we were planning to do Thursday.

Long story short, he didn't want to do that and his brothers started giving me a hard time for even asking, making jokes about how they are going to have to ""kidnap"" him and telling him ""I want to push it back to where they will end up with only one night not two."" Whatever, the whole point of us being here is so you guys can hangout not because we are getting married, right? Well, I was upset with three main things. One, that my fiancé didn't have my back when his brothers were being rude and picking on me and just generally being passive aggressive about it. Two, that he couldn't stand up to them for what I needed and to help just keep me calm when nothing is going right. And, three, that he didn't take his phone charger and didn't buy one (they were in a hotel in a city with stores) so I didn't hear from him for 3 days. He claims he tried to call my multiple times from his brothers phone but I only got one call one time from one brothers phone and I didn't answer because I was at my grandparents house.

I was crushed. This was not the person I agreed to marry. He was putting his needs and wants above what needed to be done so we could get married. He says if he had it to do over he'd do everything the same except take a phone charger. He thinks I shouldn't have asked him to change his plans ""because my plans changed"" and that I ""didn't understand how much him and his brothers needed that time."" Well, fuck, you think I wouldn't have loved to just disappear and relax for a few days? I would've loved to but I was trying to make sure everything was in order. For background, we originally wanted to just elope on a vacation but knew how much it would mean to our families if we had a wedding so we did a semi small one ~60 people but it was still a lot of work.

My issue now is aside from the fact that I feel like he caused undue distress on me at a critical time I also felt abandoned and de prioritized. Like I said, he has apologized for the lack of communication but otherwise he said he'd do it all over again knowing how u"
,3,"but it was still a lot of work.

My issue now is aside from the fact that I feel like he caused undue distress on me at a critical time I also felt abandoned and de prioritized. Like I said, he has apologized for the lack of communication but otherwise he said he'd do it all over again knowing how upset I was. And, to be clear, I consider myself a really laid back person in general (all my vendors for the wedding mentioned that) I don't ever try to control him (maybe the brothers said that because they are all controlled by their wives who are very much like that?).

Now here I am months later and 95% of the time I don't think about it but then there's that other 5% when all the feelings come back. It doesn't help that my now husband just kind of shuts down if I bring it up (I've brought it up about 5x in 5 months so about once a month). I am also having these weird dreams since then where it's some really important event (the dreams have been about giving birth and my phd graduation, both big events that will hopefully happen in the next few years and in my dream my husband either disappears and misses the event or is drunk through it). 

Obviously I am having trouble moving past this and I need advice. What are some ways I can move past it? Should I try or should I keep trying to talk to him? Is there a better way I can convey how hurt I was? Am I blowing it out of proportion?

One night the week before the wedding when I couldn't sleep I posted on here my first ever post asking for advice and I got logical rational advice on how to organize my week and get things done so I could get married. So, I got off reddit, turned my light on, got a piece of paper, and started writing down what needed to be dond by when and tried to be productive and logical about it (thank you, you three people who gave wedding advice)! Now, I need help getting past these feelings that keep resurfacing. :/

Help! 

Thank you kind internet people.

tl;dr: Husband wouldn't budge on his bachelor plans the week before our wedding when the weather messed things up."
,0,"I think my grandad sexually harassed me as a child?

Trigger warnings: discussion of sexual harassment, incest?? pedophilia??

So I've always had this small memory at the back of my head, it never really affected me and because of how little it has affected me, sometimes I doubt it even happened.

I have this memory, or memories? When I was around 7 or so, maybe younger (the one memory remember more vividly was in a house I moved when I was 7ish) it involved my Grandad, i've always had a good relationship with him up until he passed away, but now this memory is nagging at me a bit more.

the one I remember more vividly, I was in my grandparent's new house and I must've asked my Grandad to see something again, i can't remember what lead up to that but from how I remember it, it must've been a thing that happened before.

He took me up to his bedroom and to put it simply, allowed me to touch him ""there"", all i could remember was him taking me there, allowing me to see it, touch it and he made a comment of ""it's ticklish"" that's all I can recall.

I feel like there are more memories I can't recall that were similar, because the one I do remember feels like this 'event' occurred more than once but I also feel like the more vivid one was the last time it occurred.

yet every now and then I get these glimpses of other memories, but i'm not sure if it's my intrusive thoughts generating them or they're actual memories.

I've never really though much about the vivid memory, it feels detached somehow and I don't know if it should label it as my grandad preying on me as a child because I've had such a good relationship with him and that stuff never really occurred again as I got older.

Sorry I rambled and sorry if this makes no sense, I'm kinda trying to work things out in my head and idk what to do, I don't think i'll ever be able to bring it up to my family bcos I don't know how to and idk if they'll believe me since sometimes I don't even believe myself, plus my grandad was well loved by everyone. I just don't know what to do, I can't afford therapy to dig into this further and I have no idea how to go about whether it's a true memory or a false one.

Do I actually call this sexual harassment? Am i a victim of incest and pedophilia? I feel like i'm being overdramatic about it, I don't really know what to do"
,0,"2nd miscarriage

I’m struggling a bit. A bit more than I’d honestly like to admit. I experienced a miscarriage 4 years ago and it was traumatic because I didn’t know I was even pregnant at the time. Fast forward to 2025: me and my husband are actively trying to conceive. After 2 months of trying, we finally got the positive pregnancy test in March. I was cautiously optimistic, but excited nonetheless. I was 9 wks along when I started spotting around the time my period would start in August. So I head to the ER and the doctors confirmed the baby stopped growing at 6wks4days. It was absolutely heart breaking. I’m seeking therapy and it’s helping but I’m still feeling the emptiness of our supposed to be baby. I chose to take the pills to rid the pregnancy. Feeling the pain of the miscarriage passing gave me some closure. Idk why. According to my OB everything is safe to start trying again. 

Im at a comfortable place mentally to start again but idk how to stay motivated. I had one period a month after the miscarriage. Now, it’s been almost 35 days and I haven’t gotten my period. I want to keep trying but I’m losing faith I’ll ever get pregnant. 

I’m posting this as a place to open up to others who have experienced the same and seek some words of encouragement.

Thank you all for reading"
,0,"Ruined a special once in a lifetime day, for what? To prove your right? How cruel.

I think my n-mom just did the worst thing imaginable and made our rocky relationship even more jagged. I honestly thought she would be above this, but apparently her cruelty knows no bounds. I'm not sure if we're the ones overreacting but today was really a terrible day and I just can't put into words how horrible my n-mom was to my sister. This all happened today and frankly, I think it almost takes the cake for cruelty she's inflicted upon us.

My sister had her high school graduation today and I suppose in retrospect, some of this stuff built up over time. My n-mom and my sister are prone to arguing with each other, compared to when she fights with me because I'm more likely to take her verbal lashing head on, but I think this emotional warfare somehow tops it. My n-mom is a Facebook mom who loves to show off and post about our successes and today was supposed to be one of those days. My n-mom cursed out my sister, called her a b\*tch and said she should apologize to her for ruining the day, all because she didn't hold a sign or pose the right way for n-mom.

N-mom said ""f\*ck you"" to my sister's face when she didn't get the right pose. She screamed at her, stormed off into the car and forgot some stuff she printed out and then proceeded to blame my sister for her foul mood. We drove to the graduation visibly irritable and upset and she told me to f\*ck off for trying to calm things. She kept droning on about how my sister is a brat, she ruined a special, once in a lifetime day, and she didn't get to take any photos because it was raining and my sister ""was in a mood"" as she put it. N-mom is the type of person to get upset when you call her a b\*tch, but she has no problem doing the same to other women, which is just a can of worms in of itself, but that's not surprising.

She proceeded to lash out at me also and get upset with me over questions and trying to figure out how to navigate the center where she graduated. I dropped her off at the student drop-off area, escorted her through the rain and my n-mom continued to bad talk my sister the entire time. Keep in mind, she insulted, screamed at and stormed off like a toddler who didn't get their sippy cup over some photos she could have taken at any point during the day. She got up at 6AM to get my sister breakfast and knows how crabby she can be in the morning. My sister is not the best morning person admittedly, but I'd"
,1,"lted, screamed at and stormed off like a toddler who didn't get their sippy cup over some photos she could have taken at any point during the day. She got up at 6AM to get my sister breakfast and knows how crabby she can be in the morning. My sister is not the best morning person admittedly, but I'd think that you would put aside your grievances for one special graduation day, but n-mom's pride said this was the last straw apparently.

Surprisingly, n-mom behaved herself during the graduation, she lamented we got bad seats because the graduation website was terrible to work with and it didn't specify where my sister would be situated, but whatever. N-mom had her video blocked by some guy passing by and she claimed it was ""the devil"" who ruined the moment. I'm sorry but how was that the devil, I almost think it was karma. There's a livestream of the graduation, but I really despise how she wanted to record the graduation herself, and it cut off the moment my sister got up on stage. The graduation was pleasant, a lot rowdier than usual, but that's how it is. We exit the center once it's over and n-mom continues with her nonsense.

She got mad at my sister for wanting to take pictures with her friends and say goodbye to some of her teachers. She said my sister doesn't appreciate all the things she did for her leading up to today and felt she was in the right the entire time for how awfully she treated her. She tried to get some photos of my sister, but it was very sunny outside, and n-mom kept complaining that my sister ruined the photos with her attitude and sour expressions.

We then went out to eat for her graduation dinner and both my sister and n-mom spent most of the time on their phones when we weren't eating. I sat there completely frazzled to the point I stressed cried and covered it up that I was happy sad for my sister who was growing up. The traffic didn't help matters and n-mom said, ""You know this could all have been resolved had you apologized for being such a b\*tch."" Completely thinking she was in the right to be upset and that she should have apologized for her behavior.

N-mom flipped like a switch and tried to engage with my sister who was given her nonchalant responses and just looking at her phone the entire time. My sister had no appetite, which is normal usually since she eats small portions, but today it was even more noticeable how upset she was. I ended up comforting her most of the time and taking some photos to immortalize the day"
,2," her nonchalant responses and just looking at her phone the entire time. My sister had no appetite, which is normal usually since she eats small portions, but today it was even more noticeable how upset she was. I ended up comforting her most of the time and taking some photos to immortalize the day. N-mom couldn't put her pride aside for one day and her feelings got hurt over some dumb photos. I'm sorry but just because you got her dress, decorated signs and all of that, doesn't mean you should just lose your collective mind like that.

The only good thing about today was that the restaurant service we got was amazing. The food and drinks were not that good, but it was worsened by the tense atmosphere. I really don't see why my sister has to apologize for her behavior. I do think in some regard my sister may have been a bit spoiled in not humoring n-mom's whims, but can you really blame her?

I'm very mad with n-mom for doing that, I think it's one of those things that further emboldens my belief that she's beyond help sometimes. If you had to argue, why not do it some other day. She griped about how my sister made everything worse and everyone upset, but really all I see is a middle-aged woman throwing a temper tantrum that she couldn't vicariously make my sister's big graduation day all about her and how she put out all the stops or something.

And she is threatening to not go to my sister's college freshman orientation because my sister refused to apologize for what my n-mom started. Can you believe it?

Even when my sister frustrates me, I would never try and do something as awful as what n-mom did. I hope I'm not the only one who saw how monstrous n-mom behaved today.

Update: So according to my n-mom, her reason for getting so mad to the point she got this upset was because she believes my sister didn't care to wear her dress beforehand to see if it fit, try out her heels to see if she could walk in them and get all the necessary prep ready. She believes that because my sister didn't seem to care that much about the outfit or the preparation, she put into it, that it justifies the insults, foul language and screaming because she didn't pose for a photo op at 8 in the morning. Frankly, that's not a good excuse, especially coming from someone who said, ""If you apologize for being a bitch, this could have been resolved a lot sooner.""

Oh yeah, I'm also a man. I should have made that clear. I kept my best to maintain a level head, I didn't want to make "
,3," at 8 in the morning. Frankly, that's not a good excuse, especially coming from someone who said, ""If you apologize for being a bitch, this could have been resolved a lot sooner.""

Oh yeah, I'm also a man. I should have made that clear. I kept my best to maintain a level head, I didn't want to make my sister's day any worse, so I tried to be the one to mitigate the ensuing fallout. Still, thank you for all the kind words everyone."
,0,"AITA for refusing to split my inheritance with my siblings?

I’ll try to summarize as much as possible. 

I (f19) have an estranged grandpa more or less. He’s my dad’s father, but my dad hardly had a relationship with him. I have two other siblings (one younger, (13) and one older (26). My grandma divorced my grandpa when my dad was only 10, so he lived with my grandma his whole life in a different state and didn’t see him. 

When he got older he saw him a little more and my grandpa started coming around a little bit more as well. He’d stay for a week at a time and then go home. He was an old, bitter man to be honest. He never got remarried and lived his whole life in his coastal town with the same friends he’d had his whole life. 

He wasn’t pleasant to be around and could hold grudges longer than anyone I’ve ever met. But regardless of this, he was filthy rich. He owned a successful business that he sold for $1m dollars. He retired after selling, but his house sits on an island as well as the biggest piece of land on the island. So it sold for well over $3m. 

I was never close with my grandpa, but I took after his sister who is an RN and he adores her. He always told me that he was proud to see me follow in her footsteps. 

He died a few months ago. Since then, my family has been torn apart. He left everything to me. He essentially liquidated all of his assets and it ended up being close to 8 million dollars. I was shocked. I didn’t and still don’t know what to do with the money, but I’m going to save it. 

My dad and stepmom as well as my siblings are hounding me to split the money with them. I just can’t do it. 

My dad is an alcoholic who never said anything nice about his dad. Despite him being bitter, my grandpa actually bought my dad a $300,000 house. My dad would 100% drink away any money given to him. 

As far as my siblings, my brother has full financial support from my grandma as he is the favorite and he’s very wasteful and ungrateful. He never talks to me and always is very mean to me when he does. 

My little sister is the only person I’ve actually considered. She’s very young and that’s really the only thing stopping me. Her mom is money oriented and would take the money from her. So I’m waiting until she turns 18 and i offered to pay for her college. 

But now my family is telling me I’m unfair and the money doesn’t belong to me and I’m not deserving of it. That I’m too young and I’ll waste it on cars and clothes. 

I don’t agree and now "
,1,"d and would take the money from her. So I’m waiting until she turns 18 and i offered to pay for her college. 

But now my family is telling me I’m unfair and the money doesn’t belong to me and I’m not deserving of it. That I’m too young and I’ll waste it on cars and clothes. 

I don’t agree and now they’re all threatening to cut me off and never speak to me, or even sue me if I don’t give them all a chunk of the money. I don’t know what to do and I’m buckling under pressure here. I’ve already had 2 police officers out to my house because my dad is claiming I stole the money from him. Everything was through an attorney, I know I did nothing wrong legally.. but morally? Idk. So AITA?"
,0,"My (35M) friend (34F) who rejected me several times in the past is now suddenly interested after I started seeing someone else

I dated a girl several years ago. We broke up but  stayed friends after.

Last year I started to see her as more as just a friend and asked her if she were interested in trying it again. She said she is not because he is not physically attracted to me anymore.

I left it at that but we still stayed friends.

Then she got into a new relationship that ended a few months later. She came to me for advice and support. 

After that she said that she started to see me in a new light and might consider dating me but can't know because of the recent breakup. 

What then happened she started to distance herself and started to ignore me for some time.

We kinda reconciled at one point and I fully accepted that we are just friends after she again reiterated in absolute and clear terms that she is **absolutely not attracted to me and cannot ever imagine being so in the future**.

Shortly after I started to date someone else. She knew I met someone because I told her.

We (the friend) met at her place about two weeks later as just friends and just chatted.

This time I was chill, relaxed around her as I did not look at her romantically anymore. We had a great time and chat, actually.

But next day she drops a very confusing text message along the lines of *“After yesterday's great time we had, I have been wondering that perhaps at some point I might actually start becoming attracted to you. I am not saying this will happen, but am just wondering. And wanted to ask if this were to happen would you be interested in me telling you.”*

I found this message confusing, as I finally stopped being stubborn by chasing her so much and accepted it when she told me less than a month ago that she *“is absolutely not attracted to me and cannot ever imagine being so in the future”.*

Initially I just replied that “yeah sure, you can tell me if that happens, but I don’t know how I will react as I kinda got over you”.

But it kept bugging me. I kind of started getting offended by her message. Like, she told me for a year how she is not attracted to me at all, and now out of the blue she says that she *might*, *perhaps*, *maybe* but *not guaranteed* be attracted at some undefined future.

So, I confronted her and told her how this made me feel. And why now after we just sorted things out.

We got into a fight that ended quite ugly. I don’t think we will ever tal"
,1," out of the blue she says that she *might*, *perhaps*, *maybe* but *not guaranteed* be attracted at some undefined future.

So, I confronted her and told her how this made me feel. And why now after we just sorted things out.

We got into a fight that ended quite ugly. I don’t think we will ever talk again even as friends, as in her opinion I was an arsehole and she was only being vulnerable with me in that moment when she wrote that message and I used that against her. She said I overreacted and hurt her very badly by making an issue out of this and that is is again me who cannot handle being just friends, as her message and question didn't really mean anything and that she was just ""wondering""; it was me who took it further imagining to be more behind it.

Am I the arsehole?

Can this be fixed and can we become friends again? I really do not want to date her anymore and like her friendship, but all of this stuff that happened is very confusing to me.

TL;DR: My friend has been rejecting me for a year saying she is not attracted to me. I finally get the message and leave her alone but stay friends. I start dating someone else. Shortly after she hints that she might, maybe but not guaranteed become attracted to me in the future. I kinda flip out because I consider her telling me this now very unfair."
,0,"My [30f] bf [24m] has been lying to his family that I'm abusive. Everything is perfect otherwise. How can we work through this together?

I'm sorry for the length of this post and also how convoluted it is, my mind is all over the place right now. 

As the title says I recently found out that my partner has been claiming that am abusive toward him for what appears to be most of our relationship. We have been together for a little over a year. We also live together and talk about spending the rest of our lives together kind of thing. So it has been a complete shock to me.

He has a very close family, which I adore. In fact his sister and brother in law own the house that we are renting, where we are both on the lease. We spend birthdays and holidays together and quite frequently visit each other's houses. My partners stay at his mums house every Monday night and has lunch with her during his work days as she lives right around the corner. My partner and his mum are particularly close and I've always loved this dynamic about them, especially since I come from a broken home myself and didn't really have parents at all. I've actually cried a little bit when talking to my partner about how lucky he is to have such good mother. I will admit I am a little bit envious. 

The only thing I've ever been somewhat uncomfortable with is that every time we fight he suddenly leaves to his mums house overnight. I'm not talking about the type of fight where anything gets broken or anything, but heated arguments about silly stuff like whether children should be taught gun safety or whether voice changes also happen to females during puberty. We've had maybe 4 of these disagreements. 

Two days ago my partner called me from work, upset that he had had an argument with his mum about me and that he doesn't think that she will speak to him again. Apparently she had asked what my problem with her was. My partner replied saying he doesn't think I do have one. He said to me it seemed really out of the blue and that she had ended it with she's not going to waste her breath with me as long as I'm acting this way. I told him I'd reach out to her and let her know I really don't have a problem with her which I did but no reply. 

I picked him up a couple of hours later. He was more upset than last time saying she won't stop messaging and it's borderline harassment at that point. I couldn't believe what I was hearing as he is extremely close with his mum. We waited until we got home to r"
,1,"m with her which I did but no reply. 

I picked him up a couple of hours later. He was more upset than last time saying she won't stop messaging and it's borderline harassment at that point. I couldn't believe what I was hearing as he is extremely close with his mum. We waited until we got home to read the messages. This is what the message said 

""I didn't ""out"" you to her about the food. You told me you had bought it up with her several times and it always ends in a fight"" 

There where more messages mainly pointed at me playing victim and that I should speak what I actually want etc but I don't think they are relevant. I was stunned and couldn't speak for a second and then asked why is she saying that? It wasn't even related to what he said the argument was about. It was referring to a time when my bfs mum had come around with his favourite foods one time, I actually remember her saying something like ""since he hasn't been eating what he likes lately"" or something. I had a weird feeling about it then but my bf reassured me. Plus we make our shopping list together and come up with ideas together. We also have our own designated cooking nights so I kinda just assumed it wasn't pointed at me. 

I was adamant about sorting it out and so we called his mum. He started explaining to her that he hadn't even bought getting food that he likes up with me yet. His mum said well you told me that every time you bring it up it ends in a fight and that you hadn't eaten in 3 days.  He started yelling no no that's true and started to cry before storming out of the room. His mother and I talked for a little bit and apparently he had told his mum that I thought that she had disrespected me and undermined me by bringing him food. I wanted to ask what else had been said but it wasn't the best time while my bf was so distraught so we ended the call. I went outside and hugged him and said it was okay and not to worry about it, that it's something we can work through. He calmed down a lot. I suggested therapy and he agreed but we haven't really talked about it since. I have no idea how his mum must feel right now. 

The crazy thing is I kind of had a feeling he was doing something like this because his family's attitude toward me had changed and also during one of the heated disagreements (about 8 months ago) he literally told me things about myself that I know are not true. He told me I make him walk on eggshells. He told me that I follow him into rooms during arguments and do"
,2,"ke this because his family's attitude toward me had changed and also during one of the heated disagreements (about 8 months ago) he literally told me things about myself that I know are not true. He told me I make him walk on eggshells. He told me that I follow him into rooms during arguments and don't give him space, (again, these are not true), he says I snap out of the blue and that I'm always bringing up the past. I was stunned and ended up saying none of that is true and that if I am having that kind of effect on him I'd rather we separate. He backpeddled and said that his last relationship had messed him up a bit and that he was putting some past resentments onto me and that he knows im not like that. We left it at that but now I'm wondering if the stories he tells me about his ex are even true? And if he said those beliefs about me to my face, I know there is most likely more that he has lied to his mum about and I'm terrified to find out. We seemed perfect and happy apart from the occasional disagreement but we always seemed to get through it. I'd confidently call him my best friend. 

Why would he even do this?? And how can we move forward from it? I'm so confused how/why this would even happen. 

Has anyone else experienced anything similar that could provide some insight? 

TL;DR I found out my boyfriend has telling lies to his mum that I am abusive for some time during a phone call with her. It's completely untrue and has come out of the blue. I need to understand why"
,0,"4 weeks and 5 days - Miscarried

>!I'm 38 years old and even though I have 3 beautiful children already, and have experienced miscarriages before, this one somehow hurts the most. I think it's because I'm in a healthy and safe relationship that I'm allowed to grieve. !<

>!It's an early miscarriage, I know, but I was excited. I woke up today excited to write in my journal, to track my pregnancy, to window shop for baby items. I was at Pet Smart adopting two beautiful black kittens when it happened. I could just tell. I knew and the only thing I could think of was, well, I'll get to the ER when I can, but right now, I'm focused on these kittens. Their names are Galaxy and Panther, for now, my kids and I are putting a vote for Greed (from FMABH) and Gunther tomorrow. Tonight, I just want to eat my sorrows away and cry. Something I haven't felt okay doing in a long time. !<

>!They said my HcG levels are in the 400s and that I need to have more blood drawn in the next 48 hours. I never went to the hospital for my previous ones. I suffered in silence at home, alone and ashamed.!<

>!I'm finally in a place where I'm good and content... but life is unpredictable. !<

>!Thanks for reading.!<"
,0,"AITA For Telling My White Male Manager Don’t Send Me A Eggplant Emoji Because It’s Racist He Says “Its Means My D&CK”

Last night my white male manager text me a eggplant emoji for NO REASON. I am a traveling inspector and when he and a co-worker group text the hotel address I would be staying at, I text back “Thank you.” 

Thats when my manager twenty minutes later replied to me with a eggplant emoji. I asked him did he mean to do it? He ignored me and text me about meeting at the work site in the morning. Then since he ignored my question I sent him the definition of eggplant and it’s history of being used by racist against black people. The other white male co-worker on the text (3 total) and my manager say “I/he was talking about a D&CK. (Responding only to the manager) I told him whether he was meaning to be racist or texting about a sex organ, I don’t understand why he sent it to me and it’s offensive. 

This morning the same manager says verbally, “I’m not walking on eggshells cause I hired a black person.” The co-worker then said I was being a asshole for getting mad. Get this! I was just terminated the next day (today). AITA"
,0,"I don't know what to do

[removed]"
,0,"AITA for calling her “picky as shit”?

I have been with Jasmine (23f) for about a year now. She's great in almost every way but she's got one flaw, and that's she's super picky. She always cuts the crust off her bread when she makes sandwiches/toast. She used to have these cutters that would make them into shapes like flowers but she no longer has them.

I confronted her today because she was making a sandwich and cut off the crusts yet again. I got mad and called her ""picky as shit"" because she can't handle bread crusts. She got mad and said it doesn't affect me and I said it does because it makes her seem like a child which grosses me out. She basically just said ""sucks for you"" and said that it's her food and the crusts don't go to waste anyways since she dries them to use as breadcrumbs for fried food and salads. She ended up calling me annoying and is sleeping on the couch and now she won't talk to me. Was I Ta?"
,0,"Yesterday I went in for a 10 week scan, first one.

To make a long story short, I was unexpectedly pregnant again after trying one cycle with a donor. I am a widow and haven't found anyone to date long term that has worked out at this point. Donor option was just something I thought of to grow my family. 

Yesterday was my first scan at 10 weeks.

First surprise? di-di twins 😬 Second surprise? no heart beat on either one 😭 2 scans done to confirm. They both stopped growing at 9 weeks 

Meeting with OB today to discuss options but I will go with a D&C as soon as possible because my body hasn't caught on yet. I am 38 and this is my 4th pregnancy, spontaneous twins. Oof."
,0,"I’m jealous of people who can sleep uninterrupted

If you have PTSD and can sleep well, I am NOT trying to shame you or say that you have it better than others at ALL. I am speaking of the fact that it would’ve been nice not having PTSD at all, because I wake up 5-7 times a night (I tally charted it for 7 months) 

I’m just unable to actually sleep. I’ll wake up due to nightmares, random feelings of dread or at the smallest sound of rain and what not. I’m actually not a light sleeper, I’m just unable to sleep. 

I hate needing background noise to sleep. I hate having to put a night light on. I hate waking up feeling more tired than I did before sleeping. I hate not being able to sleep a full night.

I hate this.


EDIT: thank you everyone for sharing your experiences. I’ve read each one even if I’m not replying. This is such a wonderful community and stands as a reminder that we are not alone."
,0,"Need Help

Throwaway account, I don't want anyone I know seeing this. I really don't know what to consider it, and if it was even sexual assault or harassment or anything like that, but it had had a mental toll on me, and I have felt extremely depressed the past few months, but I have to hide it from everyone I know. About four months ago I was messaged by someone on social media. He was extremely nice and shared lots of interests with me. In the time of about two weeks  we became good friends, which I regret. He started to become more flirty, and every day he would try and hide it less and less. It got to the point where he would outright ask me to be in a relationship with him, which I refused, as I am straight. I didn't want to lose a friend, so I tried to brush it off. His messages got more, and more sexual, and I begged him to stop. I was going to block him from messaging me, but he said if I did he would tell everyone private information that I had stupidly shared, along with making up rumors about me. I was scared and afraid, so I kept letting him talk to me. He got more and more sexual, saying what he wanted to do to me, and sent awful photos that are still burned into my mind, asking me for some back. I keep delaying, and he got more and more impatient. He started saying he would self-harm, or commit suicide if I didn't. I am insanely lucky that around this time another person who had a similar situation happen to them come forward. After this point he scrubbed his name from the internet, and I hope he's gone. I haven't told anyone about all of this, because I don't want to worry anyone. Was this even sexual assault or harassment or whatever, and was this my fault?"
,0,"I just found out my father has Huntington’s disease, and I am devastated and scared.

I’m 24F, I have 3 younger siblings (22F, 20M, and 18M). My father is 61 and a few months ago he got diagnosed with huntington’s. 

He and my mother (they are divorced) just told us the other night. I was shocked at first, but now I am deeply depressed and angry. My grandmother on my dad side passed from this disease, and her father passed from it as well. And maybe one of her brothers? I don’t know the family well because my dad is estranged from them. 

When a parent has this disease, their children all have a 50% chance of developing it as well. There is a test you can do long before symptoms develop to see if you carry the gene. If it’s negative, you will never develop HD and can never pass it down to your kids. If it’s positive, you 100% WILL develop the disease and can pass it down to your children. My dad knew about his 50% chance and decided not to get tested and had 4 children. My mom also knew that he had the chance of developing it. 

I am angry beyond words at my parents. Now, me and all 3 of my siblings have a 50% chance of having this nasty disease and dying young. It’s an ugly disease, not a peaceful death or a pleasant last few years. I am so devastated. I can’t believe my father didn’t get tested before having kids. I find that unbelievably selfish. I just don’t have the words for it.

Now at 24, I was finally getting excited for the rest of my adult life, but instead I will lose my father soon, and have to face the fact that I need to get tested to see if I was lucky enough to avoid this gene, or have the knowledge or how I will die and know that I’ll pass young. 

I’m scary depressed right now. I feel like my world is ending. I’m scared for my father, knowing that he is only going to steadily decline in health and I will likely not have a dad by the time I’m 40 at best. I’m angry that I was born. I’m angry that my mom was complacent in this. I’m just so depressed. 

In addition to this all, my dad went on a tangent about how he owes it all to my mother for allowing him to have a family even though she knew the 50% risk of this disease. He went on about how being a father is the greatest thing to ever happen to him. The catch is that he had been a bad father. He’s been emotionally and physically absent for over a decade. My parents are divorced and my dad totally
checked out of the parenting aspect of life. I have a father, but I don’t have a dad. And the"
,1,"ng a father is the greatest thing to ever happen to him. The catch is that he had been a bad father. He’s been emotionally and physically absent for over a decade. My parents are divorced and my dad totally
checked out of the parenting aspect of life. I have a father, but I don’t have a dad. And the fact that he is so grateful that he got to have a family, and then he just abandoned us? Sickening. 

I have no idea how to find joy or relaxation ever again. I’m so devastated."
,0,"I’ve reached my breaking point so I tried to take my voice back.

[removed]"
,0,"My wife has started lying about really weird stuff

Throwaway so she doesn't see this hopefully. 

My wife has been lying for no reason lately. Here are some strange examples of things she lied about:

-she told me that a sauce she made was simply reduced to thicken it without corn starch. But I saw on her phone it called for corn starch and there was a starchy spoon in the sink.

-she left a kettlebell in our living room and claimed that she did a workout but I was home all day and never noticed her working out. When I asked her what the workout was she just said it was ""kettlebell stuff.""

-she told me that she failed drivers ed the first time but I know she didn't because I was the one who drove her to drivers ed.

-she told me that her period stops when she's sleeping so she doesn't need to wear anything to bed. But she always wears a pad to bed and cleans up in the morning with the bathroom door open.

It's just a bunch of weird stuff like that. It's starting to weird me out. I've tried to call her out and she says my ADHD is making it hard for me to keep track of things."
,0,"Need advice from women... I'm an IT guy thinking of reporting sexual misconduct...

Not sure if anyone has the time but if anyone want to chat me, I'd to hear a woman/feminist's perspective.  If this is the wrong place to ask, would appreciate any advice on where to do."
,0,"Newest member of the worst club

I have never felt pain like this. My husband and I were expecting our first child on 5/8/26 after confirming with our first ultrasound on 9/19. My doctor had me scheduled for a second scan on 10/3 for fetal heart rate due to my BMI. It was in that visit that I got the news that no one ever wants to hear. Now I am in this awful waiting period, but do have a D&C scheduled for this Friday. Today was the first day I had very faint spotting, but nothing has picked up which I’m actually quite thankful for. The outpouring of support we have gotten from family and friends has been overwhelming in the best way, but I’m on here hoping to connect with others going through similar feelings."
,0,"My secondhand experience with rape

Hi, I'm new to everything Reddit; I just joined a month ago, and am eager to post about things I care about. So please forgive my newbie mistakes, especially on this thread, my first ever.

I have never been harassed, assaulted, catcalled, touched, etc. I was pretty spoiled in my first 24 years of life, and very naive about a lot of things. I kind of fell into my job by accident, due to a generous friend of a friend. Oh boy, what a world I stumbled into!

This job, at which I am now a 7 year veteran, is mental health counseling for troubled and/or impaired teens. They have autism, bipolar, depression, ODD, and also a history of child abuse. They almost exclusively have a combination of these problems. I have seen children who can't handle sex ed, or being touched, or on rare occasions just being around men, due to their history of trauma. It was shocking at first, obviously. Even worse is dealing with the parents. The system routinely gives kids back to the caregivers who abused them. And I have to call these predators personally, every single day! It sickens me to even speak to them. And of course, given how predators are, they occasionally throw their own allegations around, to make sure I ""know my place."" Lastly, I see coworkers who are either child victims themselves, and want to fight back; or are creeps in their own right, to the kids' detriment. 

Disclaimer: there is a system to take care of these problems, and I do what I have to do. 

I am posting this because I want to know if my experience would be supported by the likes of Reddit. I tend to see a lot of absolutist thinking on this app, a lot of people who say ""if you're not with me, then you're my enemy."" I also have seen, in my very real reality, a shocking number of stereotype-busting incidents. My workplace serves 80% boys, 20% girls. They often have the same trauma. Their abusers are very often female; moms and dads both seem to hurt their kids equally. It has taken me a lot of therapy to keep any faith in humanity. In my 7 years on this job, I have seen over 200 such cases, and each one was an individual child with a unique, irreplaceable soul.

Would this forum support me, given that all this is secondhand to me? Would this forum support a 31 year old straight white male, who laughs in the face of his ""own kind,"" and who considers his rainbow coalition of coworkers to be his true family? I hope so. I hope that not all of Reddit is so cutthroat, and par"
,1,"rum support me, given that all this is secondhand to me? Would this forum support a 31 year old straight white male, who laughs in the face of his ""own kind,"" and who considers his rainbow coalition of coworkers to be his true family? I hope so. I hope that not all of Reddit is so cutthroat, and partisan."
,0,"Do you ever think of them

I lost my baby in December 2021, and it’s been really hard. Most of the time, I try not to think about it, because whenever I do, or talk about it, I start tearing up. After the miscarriage, I fell into depression, and it’s only gotten worse since then, especially as we’ve been trying to conceive for the past two years with no luck.

I gained a lot of weight because I let myself go. This year, I finally started working on getting better. I tell myself I’m doing okay, but deep down, I think I’ve just learned to hide it better. There are days when I’m tired of pretending. I start thinking about my little angel.  wondering what life would be like if he or she were here, how much I miss them.

Everyone around me seems to be having babies. I have tubs full of baby clothes. I know I’m not ready, but I feel like if I rip the bandage off now, maybe it won’t hurt as much later,  as I start facing the idea that I might never conceive again.

There are days I can go without thinking about my angel, and then I feel guilty for that. But when I do think about them, I feel guilty for falling into that dark place that only brings sadness."
,0,"Blighted ovum, looking for some support

Hi all, this is my first reddit post. I was confirmed with blighted ovum today at 9+2, and having D&C tomorrow. 

It hasn't been a long or rough pregnancy, but it was my first and what hurts the most is losing the future that we started envisioning with little baby. 

We aren't telling our families, just a few close friends, since we expect the disappointment to just be amplified. So looking to this community for some support. I have been lurking here for the last few weeks, and am so sorry for all the heartpain. No one should have to experience any loss.

There isn't much point to this post, but I hope to get some kind words and encouragement. My husband and I are hopeful to try again soon.

Thanks in advance and lots of love!"
,0,"Welp

September 5 my husband and I laughed, cried and were over the moon excited to become parents after having a positive pregnancy test.

This past Sunday it was confirmed a missed miscarriage, my body tried to grow triplets? Wtf!? It couldn’t have just focused on one? 

Today I had my d&c, I am already so much less bloated and feel empty. Mentally I am feeling better than prior to the d&c, physically crampy and bleeding which is triggering. My husband is more sad now after the procedure and i want to be there for him as much as he wants to be there for me. 

What a rollercoaster of a month with every feeling possible. Ugh."
,0,"Me (29F) with husband (30M) who is a childcare know-it-all and isn't letting me bond with baby (.08M) on my own

Sooo in the middle of this whole pandemic we’ve managed to start a family. Life is tough with a one-month old but I’m afraid my husband’s very helpful behavior is actually very unhelpful.

My husband grew up in a big family and is very familiar/comfortable with the care of children and babies, including small infants. I had the opposite experience. When we decided to have a baby, for me it was kind of as if we’d decided to start a llama farm. I had zero experience or prior knowledge and I had to do (and still do) a ton of research.

It doesn’t help that I have severe PPD. I have already been seeing a therapist for a long time for depression/anxiety and have been put on an SSRI by my GP. So if you tell me to see a therapist and/or get medicated I’ll ignore you because I’ll know you haven’t even bothered to read my post.

The problem is that my husband (and his mother, who is actually a lovely and helpful woman who is bugging me for the same reason he is) is always swooping in to show me how to actually do things. 

I don’t have the muscle memory to execute the optimal way to fix a diaper or fill a formula bottle. My logical brain is confident that I’m not going to kill my baby but the depression and constant wearing down by husband and MIL is getting to me. They also know I’m not going to kill the baby but they always seem to know JUST what to do and when they see me struggling with something it’s like they’re hovering with itchy fingers just waiting to take over. The even more annoying thing is they’re right; whatever they do to soothe the baby and get him to sleep works like a charm. So on top of knowing I need to learn this shit myself I feel like a failure.

I feel watched and surveilled in my own home and like I’m not getting one-on-one time with the baby. I feel incompetent and helpless. I can feel learned helplessness setting in. I feel useless. I’ve chosen not to breastfeed for several reasons so it’s like the baby really doesn’t need me. (I logically know this isn’t true because of attachment and all that but again, the severe depression speaks.)

I know someone’s going to be like wHy dOn’T yOu JuSt TaLk tO HiM. Well no shit, I HAVE. Multiple times. I’ve told him he needs to like, go out somewhere and take a break and just let me handle things so I can learn and bond with the baby on my own. He says “Okay, okay, I get it,” and then seems"
,1,"s.)

I know someone’s going to be like wHy dOn’T yOu JuSt TaLk tO HiM. Well no shit, I HAVE. Multiple times. I’ve told him he needs to like, go out somewhere and take a break and just let me handle things so I can learn and bond with the baby on my own. He says “Okay, okay, I get it,” and then seems to promptly forget we ever had the conversation. He amazingly has selective amnesia regarding this specific topic. Ditto his MIL. He’s a very fatherly person so he wants to be all over the baby all the time, which obviously I get, but it results in this issue.

My family all lives far away so I’m stuck with these two. I really have vivid and deeply satisfying fantasies of taking my sharpest kitchen knife to both of their faces (which I want to say is just the PPD talking, but seriously I’m infuriated). But outwardly I’m too tired to protest. I’m tired all the time and I just want to be left alone. I feel like I’m being tortured in some kind of weird way and it kills me that we’re not all able to just chill and enjoy this special time with the newborn.

I told husband I think maybe we should try couples’ counseling and his jaw very nearly hit the floor. He’s a great guy overall obviously so he was open to this idea but I could tell he was totally dumbfounded and couldn’t tell what the problem was. So I told him I just don’t feel heard and I feel like both he and his mom are overbearing. So then he got sad and was all like “I’m just trying to help, I know it’s tough to be a new mom.” I got REALLY angry with him and said some not very nice things which I regret. My husband has (bizarrely) never dealt with mental illness so I think he’s really freaked out by the PPD.

Later I heard him talking to his mom in whispered and concerned tones about my mental health. So I feel like he is pathologizing this specific problem. I feel like I’m going crazy. Which I guess I already am. But you know. Is it going to kill either of them to watch me fumble a bottle or deal with a couple blowouts a few times? 

My Amazing Husband I Can’t Complain About has already taken it on himself to find a couples’ counselor. Which obnoxiously is making me feel guilty, like, am I really complaining about nothing when I clearly have such a great guy? I mean, I know I’m not. But it’s driving me crazy.

Any advice in advance of us seeing this counselor would be really appreciated.

TL;DR: MIL and Husband are childcare know-it-alls and preventing me from learning and bonding with the baby on my own."
,2,"out nothing when I clearly have such a great guy? I mean, I know I’m not. But it’s driving me crazy.

Any advice in advance of us seeing this counselor would be really appreciated.

TL;DR: MIL and Husband are childcare know-it-alls and preventing me from learning and bonding with the baby on my own. Yes, I talked to him and no, it hasn’t solved the problem."
,0,"Hi I need advice

I was guilt tripped into have sex for 2 years straight with my ex boyfriend. Because I didn’t have a sex drive(want to have sex at all),due to being deeply depressed. An after every time I would lay in bed and cry. Also I don’t blame my ex’s he has needs. An I wasn’t giving him what he needed.Fast forward to almost for 4 years later and I’m in a new relationship. And my biggest fear is that I’ll go through a “phase” again we’re I’m not horny at all. With my ex my “phase” lasted two year. Every once’s in awhile I start to fall into a “phase” again,Which gives me very bad anxiety. How can I over come this? What can I do to not slip into another “phase”? How can I fixes me sex drive? I just want to feel normal when I’m not in the mood. An not having this high anxiety level. 

Thank you"
,0,"MIL stories?

Please share your MIL stories, preferably the nightmares so I feel a little less alone. I just had my 20 week anatomy scan a few days ago, and after sending her some of the sonogram photos, she later called my husband and claimed our baby looks ""just like her."" She stated she didnt want to say anything to me because she'd hate to upset me. LOL. The way she can make anything and everything about her is astonishing."
,0,"What do you do with feelings you don’t want to feel?

Long story short, my husband of 12 years at the time left me 10 months ago, our divorce finalized 6 months ago. I have random thoughts from the first couple of weeks and months written down in a journal that I made the mistake of going back through and reading and it hurts all over again. I never wanted the divorce but I am glad we’re apart now because hindsight has shown me a life I didn’t want to continue, but I am so sad and crying right now and I don’t want these feelings? What do I do to make it stop? Is time really the only thing?"
,0,"Retained products after misoprostol, need D&C, how long did you take to conceive?

I had blighted ovum and my baby stopped growing after 6 weeks. I went for medicated termination using misoprostol 2 weeks ago at 8 weeks. Today I found out I have retained tissue. Now I have to go for D&C tomorrow. Anyone who went through something similar, how long did it take for you to conceive? I am already 34, time is not on my side. I thought I made some progress with my mental health and now this has brought back all the painful feelings and I don't feel well emotionally. I can't stop thinking about what if I don't conceive ever."
,0,"Did you work out after MMC and leading up to D&C?

It's been 1 week since I found out I've had a MMC and I'm still waiting to hear from the clinic to schedule a D&C as my body is showing no signs of miscarrying. 

The gym is my happy place and I like to push myself hard. Are there any risks to working out at high intensities in this waiting period? I backed off a lot while pregnant to protect the baby but I'm wondering if training too hard can affect my body negatively since my body still thinks it's pregnant? I can't find much info online and would love to hear your experiences. Thank you and sorry to all who are part of this group ❤️‍🩹"
,0,"MC at 6.5 weeks

I know that most miscarriages happen during these first few weeks of pregnancy. Part of me felt like this baby was never mine to begin with. It felt like it was always going to miscarry. I feel like it sounds pessimistic but I just had this deep feeling. I miscarried after I went to the bathroom at the hospital tonight. 

My cramps and bleeding were extremely severe and I went to the ER to get seen to. There I was told I was under threat of miscarriage. While lying there, writhing in pain, I didn’t know what the fuck to do. I didn’t know that my baby had passed and was in my underwear. It was so dark and traumatic. 

I don’t know what to do. I stupidly bought baby things. I told people about it. I was excited. I allowed myself to be excited for something that was never promised to myself and my partner. 

Now what?"
,0,"Miso x2 then D&C

Man on man what a month it has been… in the last month I have taken Miso twice, once with the standard dose because my MMC was dated as far as 7 weeks. After a confirmed failure, took it again but with a double dose. 

Just got confirmation today that not enough of it has been expelled. So I’m just moving forward with a D&C next Friday. But I’m so scared… does this increase the chance for scaring? has anyone been in a similar situation with a 2x failure then D&C? How was it for you?"
,0,"Pregnancy termination at 22 weeks- fetal teratoma

Hi guys. This is a post I never thought i’d be making. 

We recently had our 5 month anatomy scan and baby was found to have a 7cm teratoma growing on his neck. We had to redo the scan 3 times and meet with a specialist at another hospital to figure out what to do. Basically baby can’t swallow because of the mass which is causing the amniotic fluid to build up in my tummy. I had two options. 
Terminate the pregnancy now and deliver him (he would be still born as he can’t breathe on his own due to the mass) or
Wait until the buildup of fluid sends me into early delivery, they think it would happen before 26 weeks. In both cases he would die, but the specialist was worried about what being sent into early labor with a still born in an uncontrolled environment would do to my body. 

I’m really devastated. I wanted this baby so bad. This was my first pregnancy. We have to bury him after the delivery. 

In 2 days i’ll be going in for an induction labor. It’s a 24 hour procedure here in Ontario, Canada. 

I wanted to know if anyone else has been in this  position before. And also, has anyone had experiences getting pregnant again after a pregnancy loss in the 2nd trimester? How long did it take? I’m not sure what to expect in terms of anything. 

Thank you"
,0,"The universe decided to shit on me this year so I booked my dream trip:)

I’m currently experiencing such a long drawn out miscarriage experience:( I found out I was pregnant in April. Had first Ultrasound in May and found out likely miscarriage. Had another ultrasound two weeks later to confirm missed miscarriage. Finally opted for Miso early June. Found out 8 weeks later I had retained products and had to have a D&C at the beginning of August. Waited 6 more weeks for a period and was so excited to get a period finally but then got a call from my Gynaecologist to report my pathology came back and I had a partial Molar pregnancy so now I’m not allowed to try again for a few more cycles because I have to get serial HCGs to make sure I don’t have cancer….. so I’ve been dealing with this going on 7 months now and I can’t stop thinking “what a waste of a year”. SO I just booked a trip to Japan in March which is my absolute dream trip. 

I was supposed to have a baby due Christmas and now I’m just sad but at least now I have something to look forward to that I wouldn’t have been able to do otherwise."
,0,"Depression really does ruin your life.

I went into another episode at the beginning of April— at the tail end of the semester. I couldn’t finish school because I was depressed and couldn’t do anything. My hygiene is poor and i’ve lost ~ 10 lbs. I even got a kidney infection from not taking care of myself. It’s really a struggle."
,0,"Googled my old “friend”

It took me 14 years to realize that something that happened between a friend and myself wasn’t ok. He took advantage of me. Friends don’t do that to friends. Especially if you call yourself a nice guy. But I googled him and it turns out he has the same name as a CONVICTED KILLER! Haha. I think that’s pretty funny and makes me feel better that he shares his name with other scum."
,0,"Different Family Members Like Different Foods!

I'd like to know if anyone else is in a similar situation:

I'm very health-minded and mostly eat minimally processed foods.  I'm often plant-forward/leaning and eat next to no red meat, save for special occasions.  Most of the meals \*I\* eat, save for breakfast, have some sort of leafy vegetable, either as a salad, or cooked.  Sometimes, both.  I love asparagus, rapini, 

Son:  He's 6 1/2 and has missing front teeth, so larger pieces and vegetables that are too al dente are a no-go for now.  Favourites include scrambled eggs with tomato (it's a basic dish in Cantonese cuisine), stir fried bok choy or choy sum (also known as yu choy, a standard green in Cantonese cooking.  It's often paired with beef.  I grew up eating choy sum, and lots of it), roast chicken, mac and cheese, pasta with any kind of red sauce, grilled cheese, chicken fingers.  

Husband:  45 years old.  Raised with A LOT more processed foods than I was and really doesn't eat a lot of vegetables.  In fact, he'd be fine without any.  He's some weight-related health issues and really SHOULD be increasing his plant intake, but won't.  I've started portioning meals for everyone to avoid food waste and food noise (which is an issue for me), but guess who's the one who leaves out most of the non-meats?  He likes caesar salad and claims to like broccoli, but will only eat a few pieces. 

Kiddo does not like asparagus or rapini (which I understand, since it's a bit al dente for him right now).  And my husband DEFINITELY doesn't like it.  Neither of them would eat chickpeas (though my husband loves falafels and hummus), which I ALSO love.  Kiddo likes lentils if it's mixed in tomato sauce (think on pasta) and my husband will ONLY eat lentils if it's lentil pasta.  Kiddo and I will eat fish, husband will NOT.

I'm NOT making TWO, possibly THREE separate meals.  It's ONE and that's it.  I've tried EVERYTHING and am at a loss.  Does anyone have suggestions?  And I'm worried that my husband's lack of interest in eating vegetables would mean that my son will eventually lose interest.  Boys usually want to be like their dads."
,0,"Need support .. Dunno how to feel

Hi everyone this is gonna be a long read as this is/ was my first pregnancy ever and i dont even know what to say. I went to my first ultrasound today and had the worst experience and learned that i no longer have my baby. I didnt know much about pregnancy symptoms and what to look out for etc. I missed my period last month (sep 22) and after like 2 days of missing it i decided i needed to take a test. It was my first time testing or thinking i was pregnant my period is irregular and my period symptoms feel like pregnancy symptoms (sore af boobs loss of appetite or ravenous and tired af, mood swings etc) 
This time i bought the pack of 3 tests and i took one it came up positive pretty fast i couldnt believe it. at first i didnt wanna keep it cause of a lot of things in my life rn arent ideal and i went through a tough childhood myself so i wouldnt wanna put my child through that my worst fear is being a bad parent. 
I took the other tests the next days and all positive of course. I was feeling excited it was my first mom experience i was craving things and such you know but yeah I started bleeding like 4 days ago and at first it was light like only when i would wipe it would come up so i was like hmm.. implantation bleeding..? but then it became more and gooey and im like hmm ok idk maybe its normal? but then it became more and i had to wear panty liners and i did see/hear some moms experience period like cramps so i thought that was what it was since my cramps are usually strong i didnt think much of it but itll pass…
No, turns out my body was in the process of a miscarriage. 

At my ultrasound it was too early to detect anything but the sac. I got measured for 5.5 weeks and 6 weeks. I was bleeding so they couldnt do that vaginal ultrasound. After we finished the nurse discussed some things will me/recapped on everything we saw. She mentioned stuff about abortions and miscarriages and my body started cramping. I have been cramping + back pain past 3 days so I expected that but this time it was a stronger cramp. This cramp caused me to become lightheaded and dizzy. I have fainted multiple times (4 times) before so i expected to faint. I told my boyfriend (he was in the room with us) and he knows how I fainted one time so he got up and held my hand just incase. 
But i didnt faint!! This time my head was light. i got hot sweats and i had static vision i couldnt see my boyfriends face at all and ny hearing was muffled. all i"
,1," faint. I told my boyfriend (he was in the room with us) and he knows how I fainted one time so he got up and held my hand just incase. 
But i didnt faint!! This time my head was light. i got hot sweats and i had static vision i couldnt see my boyfriends face at all and ny hearing was muffled. all i could do was sit there. the nurse saw everything and said i dont think this is from a miscarriage you sound like youre having symptoms of an acute seizure. which would be random considering i never had one or anything idk what do i know ? but i told my bf im in a lot of pain and we should go to the hospital especially if my vision is not clear like this. my boyfriend went to pull up the car and we went to the hospital. 
I was in so much pain on the way there just crying and when i went to the ER i was put in a wheelchair (i had to unzip my pants the whole time the pressure on my stomach was unreal) i checked in then got the process started. 
Urine test.
Got my blood drawn.
Off to ultrasound. Abdominal and vaginal. The whole time i was just shaking and cold so worried. 
Then the PA came and told me the news that we have to do a procedure. 
they said it was good that it happened early/earlier as it wont be as painful mentally but I still feel as sad as any other mom would regardless of baby age. 
They finished up with the procedure and all i could do was cry… I called my mom and told her. I told my bf. Its just so much on my mental I dont rlly know how or what comes next I dont know how to even talk about it i dont know what to do…..

Sorry it was so long thank you for reading it all if you did. For anyone wondering i am in bed now with a heating pad and resting i have a headache from all the crying but im trying to be hopeful it will get better. im trying to eat but my body wont let me without crying. For anyone else who went through this, youre not alone and youre so strong. Once a mom always a mom. Love u all."
,0,"16/M Had a Man follow me in his car masturbating to me this morning

I was out on my daily walk about 2km away from my home when a man suddenly drove slowly behind me, when i noticed he drove closer to the sidewalk and a little faster keeping up with my walking pace which is now faster than usual

He opens the window and motions a beckon gesture multiple times saying something (i couldn't hear him because the road was noisy) i figured he wanted to drive me to my destination so i politely decline and move quicker (the fastest walking speed)

He drives next to me a 2nd time about a minute later and this time i see him gripping his fully nude dick saying something to me, again couodn't hear him and i literally said ""bruh"" and crossed the street behind his car.

At this point im unnerved and worried as hell so i cross the street and head back home... 5 minutes later he drives and honks at me from behind, here im fucking scared so book it to the main road (highway) and make sure im walking on the side where he cant drive behind me

Now its about 10 minutes since my first encounter and i see a police car coming towards me near the highway (still on a side road) i wave them down and explain the situation, but when asked about the model/plate number i realised how closed the world seemed at that time, i wasn't thinking straight and wasn't looking to track his plate or anything i just wanted to get the hell away from that man

They kindly took me in and drove me home where i am now typing this at 9am... I have a new level of appreciation for traffic control and police in general (awesome people)

(The cops drove for about 10 minutes trying to track him down, i gave them information that the man's car seats had yellow stripes on them and i somewhat remember the look of the headlights, we drove back home about 2km away and i have zero doubt in my mind that he hasn't a clue where i live. The man found me on another district than the one i live, and the cops took me to another district past a highway)

Im genuinely shook and shaken by this event, im gonna cancel walking for a week or so. This shit got real today"
,0,"My daughter says that my friend is her role model. And it really hurts me.

I'm a 36 year old stay at home mom of 3 beautiful children - two daughters age 10 and 5 and a son age 1. 


My childhood friend V is also 36, is unmarried and childless (she uses the term child free). She's also very successful and has a high powered career. She also has hobbies and interests that I can neither afford nor have any inclination for. Lately V has been interacting with my children quite a lot. Especially my oldest daughter. Let's call her Kate. When Kate learned what V does for a living, she became quite fascinated and thought is was so cool. She would ask V all kinds of questions and V would answer patiently. I was glad to see this. 



On more than one occasion my daughter has called V things like ""smart"" and ""so pretty"". The other day, my husband pointed out how Kate is starting to look like a mini me. He asked Kate if she wants to be just like her mommy when she grows up. Without hesitation Kate replied ""No. I want to be like auntie V. She's so smart and fun and does so many cool things. I don't wanna be like mommy"" My husband asked if she didn't want to be a good mom like me and raise kids like I do. Kate replied ""no. That looks boring. Id rather do what Auntie V does"". 


This hurt. A lot. I don't have V's success, her lifestyle, her perfect figure. But I've made huge sacrifices for my children. I spend every waking moment worrying about them, taking care of them. I have no career and look frumpy because I always put my family first and that's something I'm proud of. I know my daughter didn't intend to hurt me, but her statement reveals that she doesn't really admire me the way she does V. I'm not her role model, another woman is. I'm not angry with her and will never stop her from interacting with V. But I do feel hurt and interior. I don't know how to deal with these feelings.



Edit: fixed a typo."
,0,"Sick 3 year old helps me see how far I've come

My 3 year started vomiting at 10pm last night.  Since my discovery that I was RBN, I have been on a journey to rid myself of fleas,  and be the best mom. My initial thought was ""oh no,  it's what I made for dinner. "" But I shoved that thought out of my mind and cared for her. I got her in the shower, threw her sheets in the wash, and made up a cot in my room.

She was sick off and on until 4 am. I realized around 2 am that I never reacted upset that my evening of relaxing was gone, I wasn't angry and sleep deprived. I just held her, rubber her back, and threw more laundry in when she was resting. 

Icing in the cake was waking up to an episode of diarrhea on the carpet. I just calmed her,  told her it was ok,  and helped her to the shower.  I remember being yelled at and blamed for being sick or having accidents.

It feels so good to have gotten rid of some fleas and break the cycle. My kids will not have the childhood I did. Thanks for reading 😀"
,0,"7 weeks, no heartbeat & still all the symptoms

I went in for my first scan and no heartbeat was detected. I am scheduled for a follow up next week and scheduled a D&C for the following Monday.

The thing that is making this even more difficult is that I am still having very strong pregnancy symptoms - I still feel so nauseous and so tired, I can’t stomach any coffee. Is this normal? It’s going to make this next week and a half so much harder."
,0,"Accumulating PTSD…

So I was diagnosed with ptsd from a lot of bad childhood stuff and my new therapist has discussed complexed ptsd with me but can you get more kinds? I grew up in a household that kept this stuff absolutely quiet and didn't talk about it at all. The idea that I had this diagnosis was hardly ever mentioned or considered. It's hard to understand it all and not gaslight yourself because of it but I uh had to watch someone pass away slowly in a horrible way and I can't get over it and I'm scared it's gonna ruin me the way my childhood has haunted me for most of my life. It's hard enough to work through it let alone what I saw. I guess it's nothing new but it's kind of upsetting if that makes any sense. I really don't know what I'm trying to say. I'm just scared and can't sleep and everything is getting worse. I welcome any help and advice to get out of this nightmare."
,0,"People avoiding me since my miscarriage...

I found out earlier this week that my miscarriage was confirmed at 9 weeks, and had a D&C yesterday (first pregnancy, I'm 34). I knew something wasn’t right for weeks. I told a few close friends and family, but now that it’s confirmed, almost no one has reached out. Two close friends from my hometown messaged me, but that’s it. My family just says things like “look to the future.” It feels like everyone’s already moved on, or is avoiding me altogether.

My husband lost his job last week and has shut down emotionally. He’s frustrated and depressed, and I feel like I can’t lean on him right now. I have to keep working and performing at my job even though I just want to stop and grieve. I can’t risk taking more time off, because if I lose my job, we could lose our home.

It’s insane pressure on me. I feel utterly alone and like no one wants to talk to me during one of the hardest moments of my life."
,0,"A little confused about miso

I am currently going through my first miscarriage and I was prescribed miso. I took the 4 pills orally at 12:00 and by 3:00 I was cramping pretty badly (like bad period cramps) and started bleeding bright red. I lost a little bit of dark tissue but nothing severe. The bleeding has been consistent but light. Now at 9:00pm, I’m having some stomach trouble and still bleeding lightly. I’m confused because my doctor was unclear about instructions and now it’s Saturday. If I have started bleeding, am I supposed to take the second dose 24 hours later? Or since I’ve already started bleeding I just let things happen on their own? Any advice would be appreciated because my OB is closed until Monday."
,0,"Chemical Pregnancy, what to expect

It appears I’m experiencing an chemical pregnancy. I got my first positive about 10 DPO and it was very faint, it darkened slightly then didn’t progress any more and are getting slightly lighter each day. Yesterday I went in to my GP to get a beta HCG test and my numbers are very low (21.7 mIU/mL) I estimate I’m about 4-5 weeks along. With the disappearing positives and low HCG I know it’s mostly like a CP, I’ve never had one but I’m wondering what to expect? I haven’t started bleeding and haven’t heard back from my doctor so I’m trying to ease my mind about the worst case scenario."
,0,"How #MeToo helped me escape an abusive relationship, and believe in myself.

My oppressive, emotionally and physically abusive soon-to-be ex-husband has just served me divorce papers seeking 1/3 of my salary because he suffers from this chronic illness known as “unemployment” that, in this situation, resulted from his status as a lazy pot-head. What he curiously omitted from his sworn statements summarizing his assets was the $175,000 in marital property that is sitting in his account from an injury that left him lying on a couch in my apartment for more than a year while I was in law school AND supporting him financially, emotionally, and physically. He also left out the fact that he is a beneficiary of a trust valued at more than $100,000. He also left out the assets and income from multiple businesses he started with my guidance, support and assistance. Yet me, a girl who has worked her ass off in spite of his constant efforts to suppress her growth and in spite of his efforts to isolate her from her friends and family, who works 80+ hours per week just to live paycheck to paycheck, who was finally able to build up enough courage and strength to remove herself from an abusive situation, who was finally able to recognize that she deserved better than his constant berating and violent outbreaks, should go homeless to ensure that an “unemployed” lazy pot-head can keep his a fancy one bedroom with a yard in a highly sought after urban neighborhood. 

Husband, I wanted to do this amicably. We could have made it through this heartbreak to our mutual benefit. I was willing to give you everything in exchange for your helping me furnish a tiny studio apartment. The value of such furnishings pale in comparison to the value of the property I was going to let you keep in exchange for allowing me to break free smoothly. I was going to let you keep my puppy. I was even willing to keep your physical and emotional abuse quiet, as you said you would get help and you seemed genuinely remorseful. I didn’t want your past mistakes to haunt you forever. 

During the first few weeks of our separation, you seemed on board with my hopes for an amicable resolution. We enjoyed two wonderful shows and a number of candid conversations that were more honest than any of our communications over the past 8 years had ever been. For one foolish moment I thought you might be able to change, and we could salvage some sort of relationship moving forward. You would end your controlling and v"
,1,"erful shows and a number of candid conversations that were more honest than any of our communications over the past 8 years had ever been. For one foolish moment I thought you might be able to change, and we could salvage some sort of relationship moving forward. You would end your controlling and violent ways, and I would achieve my full potential without your interference. You would learn what it’s like to have empathy for another human being that you claim to love, and I would learn to speak up for myself. You would control your violent, nonsensical outbursts, and I would consider trusting you again. 

The fight-free period that you promised could continue forever if I gave you one more chance ended after less than a month. Out of the blue you accuse me of having an affair with my boss during our marriage based on two photos of two different women sucking cock that you found on Craigslist. One of the women had massive boobs. I appreciate you thinking so highly of my life-long A-cups, but no. The other had no body fat and a ring the quarter of the size of the one you gave me when you claimed you wanted to stand by my side for life. Again, I wish my many, cheese-filled rolls didn’t exist, and I wish I didn’t have to nearly amputate my finger attempting to remove that hideous rock, but again, no. You became enraged by images that were clearly not me because you convinced yourself, once again, that you’ve never done anything wrong and that all of our problems—including your rage—are my fault.

I must say, your deflection skills are impressive. They had me thinking I was crazy and horrible for years before I realized that no, a man who truly cares about a woman shouldn’t be enraged when his own, admittedly wrong actions make that woman cry. Yet every time we would fight, every time you would call me names and threaten to kill me or throw me out of a moving car or burn the apartment to the ground with me and our animals in it, I ended up locking myself in the bathroom in an attempt to not just protect myself, but to stifle my sobs in a stack of towels. Towels that you would later yell at me for getting needlessly dirty or because I failed to return said towels to their proper shelf. But that type of yelling was preferable. The type of yelling you’d do if you heard me cry was intolerable.

These types of fights didn’t start happening until after our engagement. Slowly but surely, they became more frequent. In the beginning, I truly believed you when you said t"
,2,"heir proper shelf. But that type of yelling was preferable. The type of yelling you’d do if you heard me cry was intolerable.

These types of fights didn’t start happening until after our engagement. Slowly but surely, they became more frequent. In the beginning, I truly believed you when you said that your rage was my fault, that my actions caused you to lose control. I blamed myself, and tried to censor myself accordingly so as not to upset you. Then they became more frequent, but I chalked them up to financial strain. They did die down once we got some level of financial stability, when you were getting your surgery and I was preparing for the bar. We had so much fun planning our wedding, and I still think it’s the best bash anyone could have thrown. I continue to thank my parents for giving us our dream wedding. Then we had at least six more months before things started digressing into the same old toxic arguments that would last for days. I wanted to chalk it up to finances, but our finances weren’t nearly as bad as they had been, so I started thinking that maybe something else was going on. 

When I finally got the job I’ve been working towards my entire life, and you got your settlement and the opportunity to do the things you had been talking about doing for your entire life, I began experiencing this odd feeling called “confidence.” Not just having confidence, but being confident. Our situation was finally improving, but our relationship continued to deteriorate. You attempted to exert a level of control over me I had yet to experience (which is saying something). But this time, I resisted. I finally had the strength and confidence to know that I was never as stupid as you accused me of being. I was never as much of a “cunt-faced slut” you accused me of being. I could be successful and independent, and didn’t need a husband who throws around death-threats every time he sees his wife cry. I had to get out to protect myself. To reach my full potential. Nevertheless, I will persist. #MeToo #TimesUp #ThisIsMe2018"
,0,"Advice when there's no legal / HR recourse

Hi, 
I had some bad experiences with my former boss such as massage requests and being told I only got my job because of my looks, not my talent, etc. He belittled me, and there was also financial issues re: huge pay differentials of men and women as well as a refusal to promote women to leadership.

I left, put it past me, and am now doing well. This person 'led' everything, so there wasn't much recourse and certainly no HR, etc.

However, this person now has begun to contact my professional contacts &amp; is belittling my work to them. Luckily we are close, so I hear about it and fortunately they do not believe it.

What recourse do I have? I have taken the high road thus far and only told my partner and a few close friends.

Should I tell others about this person. Or will that just blow up in my face? This person is not really successful these days (I think) so I don't know - maybe the universe is doing its job.

Thanks for reading. What would you do? Sit back and let karma do it's work - or tell a few people there are issues?"
,0,"(27f)(27m) My boyfriend broke up with me over something intimate

~this is more so venting~
A week ago I told my boyfriend that I can’t get off during sex. Before I could even further elaborate he immediately broke up with me and walked out. 
Some insight of how I am feeling with some background to the situation- I feel that when we do the deed the main focus is him I do all the things for him yet I usually get nothing in return. I did bring this up awhile ago and he started doing more for me but that faded after months. Anytime we get into arguments (which isnt often but when we do he blows up, tells me to go be with someone else) he disappears for weeks to months at a time and I’ve always tried to reconcile with him for him to ignore me and when he does come back around it’s either him going off on me saying I didn’t try hard enough even though I’ve texted and called. I’ve always stood my ground and told him to look and actually read the texts I’ve sent if he didn’t just delete them and look at his call history. Or he’ll come back around and act like nothing happened. 

Moral of the story I’m getting tired of always being blamed, not getting things in return, being told I didn’t try hard enough, getting ghosted for however long after a disagreement. 
This time around I decided I wasn’t reaching out I wasn’t going to try to fight for some who wouldn’t do the same for me. I just can’t stop thinking about this situation and I need to for my own sanity. How do I stop?"
,0,"3yo - Hair chewing/nail biting

Hi all, my little one is 3 years old and chews her nails and bites her hair almost lot. She chews her nails on both her hands and her feet and chews them sometimes until they bleed. 

She is a happy, healthy and energetic kid. I have no other concerns except for what seems to be an oral fixation.

We were asking her to stop but I’ve noticed that now she sometimes tries to hide or will turn the other way. Or, if she’s chewing her hair or nails and we look at her she will pause and wait for us to say something. We have never shown anger or frustration to her, just asked her to stop but now it seems to have developed some shame surrounding it which was absolutely not our intention. I’ve started reassuring her and just gently taking her hands when I notice. It seems to be when she’s bored or occupied with something (eg when having book read to her, bedtime, tv etc).

Any recommendations? Suggestions? Anyone been here before?! I’d love some advice."
,0,"AITA for acting casual when inviting guests to my home for the first time?

3 days ago, my bf, and I invited his friend and the friend’s gf to paint eggs (on short notice) at our apt after we already started. The gf invited us to an art session the next day hosted by her. We weren’t sure we’d make it; hence, this gathering was an alternative. 4 of us had hung out previously 4 times before; no issues raised. My bf knows his friend from school.

When guests arrived, I quickly explained the process. The gf asked if there’s a video, to which I said, “Probably.” Guests had some questions throughout the activity. I took some time to answer them, and my answers were brief/jokey. Once, I raised my voice and said, “What are you doing?” when the gf used the tool with hot wax incorrectly, but overall, I felt good and calm.

After colouring, we played a board game. I got in my usual competitive mood and poked everyone when I noticed some mistakes. Eventually, I said something like, “I’ve been bullying you all for the whole night,” gf asked why, I said, “Cause I’m a shitty person, obviously,” not realizing she’s 100% serious. Later, my bf and I thought of a way to cheat, whispered about it, giggled; when confronted, I said it’s just a joke.

After guests left, I messaged gf thanking her for coming over. She messaged she didn’t enjoy pointless friction and powerplay from me, that we’re not compatible to hang out, and that she uninvited me to her art session. She unfollowed me and removed me from her followers. I didn’t fully understand what she meant, so we messaged a bit. She told me to google a phrase that meant “a guest is akin to God.” She also said I -was unnecessarily rude, unfriendly, a failed host; -didn’t answer questions, consider how she felt, read the room; -laughed too loud in front of the guests; -made my bf uncomfortable (he said it was weird she thought so). She explained how my bf tried to make the experience better and asked me not to invite people over when I’m moody (I wasn’t).

I also messaged bf’s friend and apologized if he felt uncomfortable. He was ok, said he hoped we’d have more chances to do things together.

Gf messaged my bf and told him he was still invited to her art session (he didn’t go). She sent him a funny reel afterwards. She also made a reel with some videos of the eggs she took, thanked me and him, but tagged only him.

Background on online interactions: at our previous gathering, my bf asked her in a friendly way to send me some "
,1,"till invited to her art session (he didn’t go). She sent him a funny reel afterwards. She also made a reel with some videos of the eggs she took, thanked me and him, but tagged only him.

Background on online interactions: at our previous gathering, my bf asked her in a friendly way to send me some reels as well (she was constantly messaging him, and he told me he thought it was weird). We also had a group chat, but regardless, she messaged us separately when she invited us both to something. We asked her to use the group chat, but she continued to send separate messages.

Overall, I didn’t see our gathering as an “official event.” or myself as a facilitator. I do mentor students and young adults sometimes, so I know how to be courteous, but with friends, I prefer to be more casual.

Clearly, I misread our level of friendship, but at the end of the day, AITA and a shitty host?"
,0,"Confused, tired want all this over with 😭

So from my original LMP - 18th July, I should be like 8 weeks 6 days or something….
We’ve had multiple (TV) scans now as I was classed as a pregnancy of unknown location.
Before this, I was told I had a complete miscarriage. The rollercoaster of emotions from all of this has been too much. 
I received my last lot of bloodwork today and she says it’s 2500 for my HCG and my progesterone was also checked at 10. 
I’m told an ectopic pregnancy has now been ruled out and I’m back to having a failed pregnancy and waiting for a miscarriage.
All of this and I’ve been bleeding continuously for the last week or more.
I’m due to go back for more bloodwork tomorrow - hopefully the levels fall and I just get over this.
But why does she want to scan again? What’s the point? Twice now nothing has been found, all my levels are low and I’m told it’s not viable now anyway. 
I’ve googled my levels and they both sit within the normal range for 6 weeks pregnant, but there is still nothing on any scans. I feel like I can’t help but clutch at straws thinking they will find a miracle baby where it should be.
Is it time to accept and give up? 😩"
,0,"I fucking hate my parents for homeschooling me because now I'm socially maladjusted and can't get a job (Part 2)

[Part 1](https://www.reddit.com/r/raisedbynarcissists/comments/a9qfba/i_fucking_hate_my_parents_for_homeschooling_me/)

Welp, I've done it this time. After my dad got home an hour ago I got my parents together and I asked them why they decided to homeschool me. I told them how I feel like it has affected me and how sad I have become. I told them that I feel like a robot and not being exposed to other kids growing up has left me unable to socialize with anybody. They immediately become hostile to me, they started screaming at me saying that they were good parents and that I should be grateful that they protected me from the ""evils of the world"". 

So now they are going to kick me out. They told me that Saturday I need to gtfo the house, they took the keys to my car and told me I will not be allowed to take it (the car is registered in my father's name so he's technically allowed to do that). So here I am packing up what I can into my small backpack that I used for school, tears streaming down my face, posting it here.

I appreciate all the help you offered me earlier today, but honestly I have to say fuck you for telling me to stand up to them. At least before I had a roof over my head, now I have nothing except this small amount of clothes and this laptop, which I BEGGED them to let me keep. Maybe they were right in protecting me from the evils of the world, because it seems like you all must have had some sort of ulterior motive in wanting me to stand up for myself."
,0,"Roommate sublet her room in a 'girls uni house' to a random man in his 30s

I genuinely don't know what to do or if I'm overreacting.

I rent a room in a 5 bed / 2 bath apartment advertised as exclusively for young women in university. All of us are 18-20 years old, we have fixed leases from September 2023 - August 2024. None of us knew each other before hand, each room was just rented individually, but we were informed by the landlord that this building was for young women only.

Yesterday, one of my roommates moved out early and let us know she found a sublet for the summer months. Her sublet moved in today. He's a man in his 30s.

I've texted and called my landlord but haven't gotten responses. I assume the landlord approved this sublet and I don't know why. I don't understand why my old roommate chose this random grown man that none of us know. ""He seems chill"" There are tons of young women looking for places this summer.

Now I just have to either live with this guy for 4 months, or spend all of my money moving. And even though he might be a nice person, I just don't want to think about what type of guy responds to an ad stating that the 4 roommates will all be college girls.

Edit: I live in Nova Scotia. Landlords cannot deny a sublet unless there is reasonable cause to do so. Old roommate said this guy signed a sublease. Nothing in the original lease states that the unit can only be occupied by women. I was told that by the landlord over email and in the original rental ad.

The roommate was specific in the ad that the other tenants were in university and were all girls."
,0,"I was denied surgery for being transgender (New Jersey)

I (24 transgender man) was scheduled this morning to have gender affirming chest surgery in New Jersey. I was marked for the incisions with sharpie and they were putting in my IV with the anasthesiologist when some man came in - he did not identify himself but I believe he was a representative of the hospital - with my surgeon and informed me that an ""unnamed nurse"" had gotten access to my chart and saw that I am a transgender man, and contacted the Ethics Committee to file a complaint. The man then informed me that the hospital is a Catholic hospital and my gender identity goes against their beliefs, so they were cancelling my surgery and would not be rescheduling it. My surgeon was devastated and clearly felt awful as I wailed and screamed and sobbed angrily. 

This hospital is a federally funded hospital and receives $71.4 million in federal funding. They have a Notice of Non-Discrimination on their website that says that discrimination is illegal, and they comply with discrimination laws, and therefore do not discriminate based on color, race, sex, religion, sexual orientation, national origin, physical appearance, or gender identity.

I have filed complaints with the Department of Health and the NJ Department of Civil Rights. I am angry and want to take legal action against the hospital for this blatant discrimination, as the reason I was given for surgery cancellation was based solely on the fact that I am a transgender man. I'm wondering how to proceed, and if I could potentially have a fighting chance. Any advice or insight is greatly Appreciated."
,0,"Love my gf but our sex is killing the relationship

I met my gf about 1 year ago, i love her very much and shes the sweetest, most beautiful girl i have ever met, i truly think she’s perfect in every way , except for one thing, our sex sucks, When we started dating she made me wait longer than i was used to , as i used to play around a-lot in my past and had many different sexual experiences with women, while i had been her second. It had gotten to the point after a while where i completely took sex out of my mind with her, and didn’t expect it until one night out the blue she decided she was ready, from the first time we ever had sex i wasn’t as into it as i expected, it was lackluster (for lack of better words) I thought maybe it was because we used protection, after a while we stopped using it but the feeling was still the same, i just wasnt into it, and struggled at time to even keep an erection, which has never happened to me before, even with girls i dated exclusively for years. After a while i spoke to her about the situation and she seemed surprised because according to her she enjoyed the sex very much. However, we tried to see what we could do to fix things, toys, lube , diff positions etc, now about 5 months later, its still the same for me, i actually try to avoid having sex w her and see it more as a chore than anything. I really do not know what it is as i find her very attractive, she still arouses me , but just when we actually get into it, i lose interest. She started recognizing this and my lack of effort kinda translated and caused her to kinda complain about our sex life now, as she can see that im less intimate and attentive in the moment. Posting this to vent but also looking for advice This is kinda messing up my relationship as she feels the lack of intimacy and i’m ashamed to say I also catch myself gazing or thinking about other women"
,0,"My baby has blood in urine

You are 11 days old today, and yesterday on July 4th we found blood in your urine. We knew this was a red flag and took you immediately to urgent care, who said he has a fever and needs to go to the ER. We took you to the ER and they admitted you.     

They tried to get a IV going and poked each hand, arms, and legs and could never get a IV to stick, they took mercy on you and just gave you a shot of anti-biotics. That night I just watched you, snuggled with you and tried to tell you it would be okay.    

The next morning you decided to dramatically cut down on your feeding, so much that we had to insert a feeding tube. They decided you are too high risk and needed to be transferred by ambulance to another hospital. But first they absolutely needed to get a IV going and they finally got one right on his forehead.   

As they loaded you into ambulance my heart has never felt so much pain. This is not fair to him. I deserve this more than him.   

We arrived at the next hospital. But everyone is still confused as to what is causing the problem.   

Test after test and we are finally getting somewhere.     

Blood Clots, my heart sank. I have never felt so scared in my life. The doctor straight told me there is a chance it goes to the lungs and that would be very bad, but we can treat it, but we still need to do tests, ct scan, blood tests to determine the cause. 

So now I'm here, not knowing the future of my baby, so hold your little ones tight.

* Update: Thanks for all the love, this has been the hardest thing we've ever been through emotionally and it really helps to read the comments. His latest CT Scan showed he had no bleeding in his brain(finally some good news) and everything was fine there, so they got the green light to start blood thinners. We will be in talks with doctors all day tommrow.     

We are at least starting to uncover this mystery. The good news is all his major organs are functioning fine. He still has a fever so that is a totally separate issue they are working at the same time. I guess blood clots don't cause fevers.    

* Update2: well he stopped peeing blood last night so we are so thankful for that. He will be getting a MRI tommrow to future diagnosis the issues.   

I feel like we are in a real life episode of House, one of the doctors told me he contacted one of the leading doctors in his field in the entire country to ask for his advice on it. Today I feel so much better that we have such great"
,1,"will be getting a MRI tommrow to future diagnosis the issues.   

I feel like we are in a real life episode of House, one of the doctors told me he contacted one of the leading doctors in his field in the entire country to ask for his advice on it. Today I feel so much better that we have such great team looking after my little one.    

Thank you to all the doctors and nurses out there I felt like I've met a million of you over the last 12 days but every single one has been kind and caring and I cannot thank you enough for what you do.

* Update3: Well he was doing much better got out of the ICU, and was going home in the next day or two, until they saw some concerning reading on the EKG, they did a ultrasound of the heart and saw he had more clots in his heart, some that were concerning. The treatment plan hasn't changed but since they are in very bad locations they moved him back to the ICU."
,0,"I found out for sure I was pregnant as I was miscarrying

I have had two miscarriages. On Monday, after suspecting for a couple weeks that I possibly got pregnant but miscarried again at 4 weeks (I had some heavier bleeding), I was at my doctor’s office and she did the test because I was bleeding (more spotting/light bleeding) consistently for two weeks off cycle. I am/was pregnant, in the process of miscarriage.

I didn’t want to take a test before all this happened because I wasn’t sure if I was convincing myself I was pregnant and I didn’t want to look at another negative test. 

I saw that the test was positive and just felt dread and have been crying for two days on and off. I want children so so bad. It’s not fair. I’ve tried to do everything right. I don’t have a consistent cycle and it’s so hard for us to get pregnant in the first place because of that."
,0,"AITAH for accidentally calling SOS on my friends phone?

I (13 at the time I am now 17) and my ex friends Kaydence’s (13) and my other ex friends Shylah (13)

This was back when I was in 8th grade, I am now in 11th grade but I just need to know after all these years, did I make the right choice?

It was September, 26 2020, Kaydence had a picture of me (it was one of those pictures where if it get out on the internet people would start making fun of me for it) and I tried to take her phone away so I could deleted it, and I apparently called SOS and she got really pissed off with me. I said sorry like thirdy time and said I will take the blame if the police try to confront her. I didn’t want her to get in trouble. I tried to text her that night and after she didn't answer me, I asked two of her friends to talk to her and Kaydence’s said ""you didn’t need to involve them if you have something to say, say it to my face"" the reason I did that was because she wasn't answering me and I wanted to make sure she was okay. So I asked two of our friends to check on her but she just snapped at me

The next day I just ignore both of them because she also brought in Shylah even though Shylah got so pissed off at me for brining in some other people into this. That night it was Homecoming, and I was supposed to go with them, but I knew that they wouldn’t try to talk to me about it. I accidentally texted them ""hey"" and Shylah said ""bro stop texting us"" Then Kaydence send me a homecoming picture of them at a football game and I said ""I don’t give a fuck"" and Shylah was just saying all of these shitty things, after that I just went to my bed and cried for hours, knowing that I just lost my best friends forever. Should I have done something else? AITAH?"
,0,"I need a safe place to share...

[removed]"
,0,"Husband too close to co-worker during postpartum period?

I’m going to try and keep this as brief as possible but some detail is needed for context.

TLDR:

Husband daily messaging attractive female co-worker for months when I was struggling on maternity leave alone with a newborn, after I’d previously raised concerns about her. 18 months have passed and still can’t trust/forgive. 

Full post:

My husband (34M) and I (34F) work for the same company (in very different areas of the business) and have a two year old. We’ve been together going on 9 years and married for almost 4. I’d say we’ve had a fairly happy, close relationship aside from this issue other than typical relationship bickering and some differences which periodically rear their heads. 

However, 18 months ago, when I was 6 months postpartum and on maternity leave, I found out my husband had been communicating heavily with a female co-worker in his area who he used to manage. She’s around 5 years younger, attractive, unmarried, no kids, a boyfriend she seems not very interested in and successful in her career (significantly more senior in the business than myself and in the same role as my husband). 

To this day, I still do not know the full extent of their relationship but I do know they exchanged messages on the work system most days (often for a lot of the day) for several months until I found out, during the period after we had our baby. My husband was primarily working from home during this time so he’d be messaging her upstairs around doing his work whilst I was downstairs in the house, really quite struggling, alone with a very demanding newborn that we had various particular challenges with. 

I only had opportunity to skim small portions of the messages but the chats were mostly day to day chit chat, confiding in one another about work matters or annoyances, mildly flirtatious humour but I didn’t see anything particularly worrying as far as confessing feelings, no criticism of each of their relationships etc. But like I say, I only read a small proportion of it all and given his demeanour when showing me the messages and a comment he made that ‘I would be upset if I read them’, my assumption is there was stuff lurking in there that may have been worse.

When this all came out, it also transpired that he had been deleting her name from his list of work chats to hide it from me, should I have looked at his computer (as the messages themselves can’t be deleted). 

A key point here is tha"
,1,"n is there was stuff lurking in there that may have been worse.

When this all came out, it also transpired that he had been deleting her name from his list of work chats to hide it from me, should I have looked at his computer (as the messages themselves can’t be deleted). 

A key point here is that I’d raised questions/concerns about his relationship with this girl a few times over the course of around two years prior to me finding out the above. I’d previously asked if they message etc and he’d essentially said no. My concerns were prompted by behaviour I’d witnessed with my own eyes (which I was only privy too because, as above, we work for the same company and therefore both attend some big events) consisting of her being a big drinker who becomes very tactile when drunk - albeit, with a lot of men, but that included my husband. I could also just ‘sense’ an atmosphere between them that hinted to me there were some feelings on one or both sides. Some frostiness from her towards me. There’d be some subtle behaviour changes from him that I’d thought may link to her, including: seeming to maybe be paying more attention to his appearance when she would be in the office, seeming never to miss a night out when she’d be there and often not inviting me along, continuing to have regular diarised catch-ups with her at work despite no longer being necessary for work reasons, my husband always having headphones on for meetings at home so I couldn’t hear anything. He has good explanations for all of this/would say its coincidental or I was reading into things. 

My husband maintains strongly to this day that he was only ever friends with this girl. He refuses to accept any feelings were held. I absolutely cannot believe this for one second on the basis of everything I know. Why would he be willing to repeatedly lie to me and risk our relationship when we’ve just had a child for some ‘friend’? He alleges his secrecy was because he knew I’d unfairly react about him having a female friend if I found out given what I’d asked about her previously. He alleges nothing more ever happened. 

After I found out, he massively reduced communication with her (from what I understand) but was still having periodic unnecessary catch ups (which he said was bc it would seem odd and cause trouble for him to cancel them) until I raised it didn’t feel fair, and would still hang out a little at the odd work event or chat in the office. He left the company recently so I believe all commun"
,2,"ut was still having periodic unnecessary catch ups (which he said was bc it would seem odd and cause trouble for him to cancel them) until I raised it didn’t feel fair, and would still hang out a little at the odd work event or chat in the office. He left the company recently so I believe all communication has now stopped. 

The problem is, 18 months on, I just can’t get over it.  I don’t believe he has been honest with me about the nature of the relationship since I found out about this, which perpetuates my lack of trust and has made it harder to move on from. Our lives have been back to normal from about a week after this all happened, although with periodic conversations about it when I can’t help myself but communicate its on my mind. But I just cannot accept that he would do this when I was at my most vulnerable with our new baby after I’d said so many times previously that I was worried about her and he’d told me I was being silly. Even if nothing ever physically came of it. I can’t shake a sense of not being emotionally safe with him and not being able to trust him. 

Does anyone have any advice on how to rebuild trust and move on from something like this? 

It’s worth saying, my husband does have a lot going for him: is very attractive, funny, confident, intelligent and also happens to earn a lot of money, which primarily funds our lifestyle. Obviously none of this is enough if hes not also, and more importantly, kind and trustworthy, however I really don’t want to break up our family whilst we have young child(ren) if avoidable."
,0,"How do I reconcile this school year and make next year better?

TLDR: The last 2 school years have been tough. Daughter has always made friends easily and now she's having issues with nasty girls but also her own behavior issues (likes her own way, bossy). This is coupled with an insane teacher last year along with bullying (screaming at kids, possible drug issue) and an nicer teacher this year but that doesn't seemingly like her (labelling her (Bossy, dark, etc) and playing favorites with less outspoken girls). I know I can't do much  about the teachers but how do I help my daughter cope with frenemies, being labelled by adults and teachers that don't care for her personality much? I understand this is part of life and we might as well get some coping mechanisms in place. TIA.



Sorry, Long. Daughter is 9, just finished 3^(rd) grade. This year has been tough on the friends front, which is new. She’s bubbly, outgoing, never met a stranger, or had issues making friends until this year. Kindy and 1^(st) grade were awesome, even 2^(nd) was ok friendship wise.

This post is actually 2 parts, but they sort of intertwine.

So, last year, 2^(nd) grade was a nightmare. I saw this first hand when volunteering, and also spoke w 3 other moms who had kids going home saying verbatim what my daughter was. Unfortunately it was a chaotic classroom with a teacher not doing well. There was 1 severe behavioral issue (screaming meltdowns, hitting, throwing chairs) to the point where the other kids had to evacuate the classroom to stay safe. Teacher wasn’t getting enough support, but would also yell and berate kids, tell the kids she had “family issues”, was just loud and crass. Supposedly had a drug problem (painkiller use, this was confirmed off the record by another staff member/mom, and her spacey behavior backed it up). So, as a result, my daughter started telling ppl she was a “rabbit”, I think as a coping mechanism bc she didn’t feel safe (rabbits can be sneaky and hide easily). Husband and I let it go/downplayed it.  She got along with the other girls, had lots of friends but unfortunately she was bullied her toward the end of the year, called a furry/teased her about the rabbit thing but also attacked her appearance.  I got w the admin & got it resolved.

So, much apprehension going into next schoolyear. We meet the teacher, things seem great. Kid loves the teacher. She’s softer spoken, holds good boundaries and is nice to the kids. However, little things throughout "
,1,"abbit thing but also attacked her appearance.  I got w the admin & got it resolved.

So, much apprehension going into next schoolyear. We meet the teacher, things seem great. Kid loves the teacher. She’s softer spoken, holds good boundaries and is nice to the kids. However, little things throughout the year started to pile on for me. First, daughter falls out with her bestie from the previous year.  Kid is not in her class and is kind of a mess so I’m not super disappointed. Parents are divorcing, so kid is acting out, starts bossing my daughter and even physically pushing her, telling her what to do. Daughter is over it, we talk about making new friends. She does! I’m Proud of her! She distances herself from the girl, it’s all good, she makes 2 new friends in class. Fast forward to spring, and her new bestie comes to her birthday party, it goes great. 2 days later at school they have a falling out. Bestie tells her she doesn’t want to be her friend, she’s done. IDK what really happened.  I encourage apologies and when the other girl isn’t having it, tell daughter she has to respect that and move on. She does! Starts making new friends. The former bestie is not happy with this either. “YOU stole all my friends (Trying to get a mutual friend to pick sides)”.  “YOU don’t seem too unhappy we’re not friends anymore!” “I’ll reconsider being friends with you if you change x and y about yourself”.  (On a side note, this kids mom is a teacher at the school as well as the girl from previous year. Honestly these kids of staff members strike me as feeling “untouchable” with their behavior, and I also wonder how much the staff talks amongst themselves esp when their kids are having conflicts w other kids, labelling kids?). Anyway, At this point Daughter starts Jumping around and tries on new friends, but ultimately nothing really sticks. She just doesn’t completely click with any of the girls in her class. She ends the year sad she doesn’t have a bestie and didn’t have many people to play with at recess. Seems to me to have more acquaitances than anything. A huge issue was her classmates calling her ""bossy"" and piling on. I think she's argumentative and likes to be right. But I have a hard time buying that all of these other kids are angels who do no wrong. I think they're all in a power struggle w each other, getting their way, etc.

So, This is where the teacher comes in. We met w her for a conference in the fall, she mentioned my daughter being “bossy”. She also sa"
,2,"ut I have a hard time buying that all of these other kids are angels who do no wrong. I think they're all in a power struggle w each other, getting their way, etc.

So, This is where the teacher comes in. We met w her for a conference in the fall, she mentioned my daughter being “bossy”. She also said she was initially worried about the “rabbit thing” but it’s worked itself out because teacher had told her “No” about being a rabbit early in the year. That’s fine. Academically doing great. Thought the rabbit comment was a bit out of pocket, but whatever. 

Next daughter melts down in the morning, goes to school crying. I feel bad and message teacher to make sure she’s ok. “She seems totally fine, but lets meet after class to strategize”.  OK. Meet after school and proceeds to give me parenting advice about how to have smooth mornings, set boundaries and make a “get ready for school chart” (I have one) “remember, you’re the parent!”. Things I already do. I am polite and exit the conversation. I feel she’s well meaning but again, it’s a bit odd.

Year seems to go OK aside from the 2 friend meltdowns. Have spring conference. Academically great. Asked her socially how it’s going, mentioned her falling out with her friend recently after the bday party, and ask if she has any insight. Tells us “Well, honestly I didn’t’ see that friendship lasting long term anyway”.  This honestly offended me and seemed out of pocket.  I wish I’d of asked her to explain herself. She then told us our kid is bossy and likes to get her way and that “she had a kid who struggled socially making friends too”, so she knows it’s “hard”. Thing is, my kid has never had an issue before this year! That is what I struggle with. My kid has mentioned to me she's often called bossy by classmates too. She admits trying to be ""tough"" this year so she doesn't get bullied again, so I know this isn't working either for her.

I left that conference feeling like a failure as a parent. Then, to make it worse, my daughter comes home 2 wks later telling me her teacher is “matchmaking” friends, i.e. telling 2 girls that they are a good match and should be friends. Of course, there is no match for my daughter, so she’s feeling bad about herself. At this point I’m realizing this teacher likes the quiet, nice girls who keep their feelings to themselves. Well, this isn’t my kid. I get that.

Then there’s the writing assignment. My daughter rewrote a fairy tale, but didn’t give it happy ending. The characters we"
,3,"she’s feeling bad about herself. At this point I’m realizing this teacher likes the quiet, nice girls who keep their feelings to themselves. Well, this isn’t my kid. I get that.

Then there’s the writing assignment. My daughter rewrote a fairy tale, but didn’t give it happy ending. The characters were eaten by wolves at the end. The teacher called her “dark” and made her rewrite it. I honestly think my daughter thought it’d be funny. Plus she said “It’s reality mom! Not every story is going to have a happy ending! Think of the food chain!” I mean, she’s not wrong!

Then came the end of year presentation. Only a handful of kids chose to do the harder powerpoint. Other kids did posters. My daughter was first to present her PPT. She did it completely independently of any help. She went, it was fine. Then a few presentations later, another girl went and the teacher praised her, told her she did a “great job because she used lots of adjectives and didn‘t just ‘list’ her points”. My kid takes it as a criticism of her ppt, as they were the only 2 ppts presented that day. She was crying when I picked her up, teacher said she didn’t know why, but to let her  know  if I figured it out. I got it out of her at home, and I did let teacher know  via an email why her feelings were hurt. She was defensive and denied any comparisons, but to her credit she did pull daughter aside and apologized for hurting her feelings.

Last straw was she called my daughter bossy to me again. I sat her down at home and asked her why she was bossing her classmate. She explained the situation as joining a group to do a puzzle, one of the boys yelled at her for putting a piece in the wrong spot, so she defended herself by yelling back.  Obviously the communication needs work here on both sides, but it just feels like my daughter gets the bossy label because she doesn’t sit there and take it.

I know I might sound like I think my kid can do no wrong, but I do know she’s a strong personality and we have some work to do. I just have a hard time thinking that she’s the sole asshole in this classroom. I’ve witnessed how these kids treat each other, and it’s like Lord of the Flies sometimes! For 8 and 9 yo’s the manipulation and mean girl stuff is a little shocking TBH.  Some of these girls are seemingly already learning to “not get caught” being nasty….acting all sweet in front of the teacher but then saying rude shit to other girls.  This is not always necessarily happening to my daughter; she se"
,4,"yo’s the manipulation and mean girl stuff is a little shocking TBH.  Some of these girls are seemingly already learning to “not get caught” being nasty….acting all sweet in front of the teacher but then saying rude shit to other girls.  This is not always necessarily happening to my daughter; she sees it going on between classmates & tells me about it….

Please be kind, we’re really trying our best and I’m pretty defeated thinking about having another year like this. I have a really hard time with all the “labels” she had put on her this year ( she’s asked  more than once if she’s a “bad kid”).  I want to raise a strong independent girl who is kind but also doesn’t get rolled over in life."
,0,"AITA for telling my sister in law that she is an idiot for expecting her family to be as generous with gifts for her marriage as they were for mine?

When I married my husband we had a smallish wedding. 150 guests. Trust me that's small for our families. 

We paid for everything ourselves. All together we spent about $25,000. It was in our budget and we had saved up for it. And that included everything. 

My dress, the wedding  party's dresses and tux rentals. Catering, you name it we paid and came in under budget. 

Our guest were family and close friends. The way it should be. And they were generous with gifts, both from our registry and cash in envelopes. 

When everything was said and done our house was filled with great stuff we needed. And our savings were several thousand dollars over where we started before we paid for the wedding. 

My husband's sister just eloped in February. And nobody found out about it until early April when she sent out links to her wedding registry. 

Not too many people have bought anything off of it yet. And she is getting upset about that. 

All she talks about whenever we speak is how cheap everyone is. Every conversation leads back to the same topic. 

After more than a month of this I have had enough. I asked her if she understood why we got gifts when I married her brother. Like at our physical wedding that took place at a church and then a reception at a rented ballroom. 

She said I was treating her like an idiot and that she understood the difference between our weddings. I asked her why she would expect the exact same treatment for two very different events. I said that only an idiot would think the outcome would be the same in both situations. 

She is mad at me. My husband said he was also frustrated with her stupidity but that I should apologize for calling her an idiot."
,0,"Uterine Polyp Post D&C

Hoping someone might have a similar experience and can share their recovery/advice. I lost my first pregnancy in June. It was a missed miscarriage we discovered at 12 weeks —the baby had stopped growing at 10 weeks. I had a D&C the following week. I bled heavily for three weeks following and my HcG took 6-7 weeks to drop below 5. My first “period” came two months after my D&C. I spotted on and off in the months leading up to it. My first period was 16  days long. I got my second period 5 days later (on day 21 of my cycle). This period was 12-13 days, and I had heavy clotting. I went in for an ultrasound and they found a 2cm x 2cm x 2cm polyp in the middle of my uterus. They said this explains my bleeding (heavy clotting and longer periods). Unfortunately they couldn’t get my in for 7 weeks for another D&C / polypectomy. I’ve had 1 period since this appointment (day 21 of cycle), and it was around 9 days, no clotting (thankfully). I’m getting my procedure on Tuesday, and I’m hopeful we can try again afterwards. It’s been a really rough 4 months, emotionally of course but in a lot of ways physically too. I’ve been seeing different doctors, and getting different tests done to address some other issues I was having as well (autoimmune -started back on meds) and just overall gotten an insane amount of bloodwork done (covering things I didn’t even know existed lol). That said - I’m still concerned about this polyp popping up post D&C. I am also concerned because I will 100% be on my period next week. Prior to my pregnancy, I was super regular with a 25-26 day cycle, 5 day period, ovulation on day 10 (I had been tracking religiously the past 4 years). Today is day 21, and with three days till my procedure, I think it’s very likely my period will be here by then (based on my new irregularly short cycle/long periods post lost and old “regular” cycle. 

I have no history of polyps and worry it will be something new I have to navigate in the future. We were told due to its location and size, to wait to try again until it’s removed. Anyone had a first time polyp show up post miscarriage? Or one that grew so fast (or is this even fast?) the doctor said it likely would continue to grow in the 7 weeks so just waiting for the results of my procedure to see. Also a part of me feels like there is no way this isn’t a placental polyp / retained tissue related. Although they assured me that “wasn’t possible” because my hCG dropped below 5. Feel very out"
,1,d it likely would continue to grow in the 7 weeks so just waiting for the results of my procedure to see. Also a part of me feels like there is no way this isn’t a placental polyp / retained tissue related. Although they assured me that “wasn’t possible” because my hCG dropped below 5. Feel very out of my depth (again) stepping into this new chapter of healing post loss.
,0,"AITA for telling my boyfriend that if he wants to understand what I'm talking about with my dog, he should learn the language?

Background: I (32F) have a dog (6F). My dog is noise-sensitive, and when she gets upset, I calm her down by talking to her about silly stuff in my native language. It's quite a rare language, and fewer than 5 million people speak it. My boyfriend (38M) moved to my country 3 years ago for work and is a native English speaker (not from the US). We met around a year ago, and have been dating for 5 months. Recently, we had our first argument that started with me speaking to my dog in my native language, and escalated from there.

The situation: we were hanging out in my living room, and there was a sudden bang outside. The dog startled and came to seek comfort. I told her that they must have been thinking that it's a New Year and started fireworks. And I giggled about my not-so-good joke. He asked what I was giggling about, and I explained. He then told me that I shouldn't use my language when he is visiting, because he feels left out. I told him that I was helping my dog with her anxiety, and he didn't have to understand what I was saying. And then the argument started.

He expressed that it's an unwritten rule that if someone, who doesn't speak the local language, is in the room, everybody must speak English. My counterargument was that we are not at work or a networking event (this is how we met), and if he wants to know what I told my DOG, he could just ask. Carl said that he didn't need to ask if I was making him feel welcome in my home, and pointed out some recent situations when I spoke my language with him present. I told him that he only feels left out because he hasn't made any effort to learn the language. 

He then doubled down by saying there's not much to do with the language outside our country, and he'd rather learn Spanish because 600 million people speak it. And I doubled down by asking if he wants to speak with 600 million Spanish speakers or to understand what I'm talking about with my dog, a random classmate I don't even want to talk to, or that I told my sister that the cake I brought to a party is still in the car, and if she takes my bags, I'll bring the cake in (the situations he referred to previously). And if understanding these conversations is not worth his effort to learn the language, then these conversations are not worth my effort to speak English, too.

And then he was sullen and quiet the whole eveni"
,1,"d if she takes my bags, I'll bring the cake in (the situations he referred to previously). And if understanding these conversations is not worth his effort to learn the language, then these conversations are not worth my effort to speak English, too.

And then he was sullen and quiet the whole evening while I refused to give up and spoke to my dog in my native language. But now I wonder if I was the AH, because his main issue was that he feels left out. But I feel that it's entitled to ask me to speak to my dog in English. However, from the dog's point of view, there's no difference in what language I talk in outside the normal dog-human interactions, such as ""do you want some dinner"", ""bring me the ball"" and ""let's go for a walk"". But for me, it would be extremely strange to talk to my dog in English."
,0,"Help - Partial Molar Pregnancy !!!!

I had my third miscarriage, which ended up being a partial molar pregnancy. I’m 9 weeks post D&C & my HCG has been dropping. 

Yesterday I woke up covered in blood. Initially I thought I had my first cycle, however the bleeding didn’t stop. I soaked through pads, towels everything. I passed multiple large clots and ended up collapsing - resulting in an ambulance ride to the ER. 

This was all overseas - the ED Gynaecologist thinks that the bleeding was caused by remaining tissue in my uterus that had passed. 

My ultrasound was clear, cervical check clear  & bloods clear - aside from being anemic now, and a pretty low BP. 

He said that he doesn’t think it’s  gestational trophoblastic neoplasm.

I have no idea what to think of this?! I’ve been in contact with the doctors in my home country & as soon as I’m back they want to run tests. 

How can there be remaining tissue 9 weeks post D&C & it not be cancerous or causing an infection? Has anyone experienced this??"
,0,"Even TALKING about the deed triggers me

So me and this guy (idk if we’re dating but we are basically clearly in love) we’re joking around and stuff, and he said he’d love to touch my hair some day. No biggie. I love when people touch my hair.

Then, he mentioned he’d also like to touch my body/feel it up. Cue to immediate anxiety that nearly made me sick. I’ve never been psychically assaulted, but I have been groomed before and used online for my body by gross adults. I played along, but tried to bail. I eventually said I needed to head to bed, because tbh I needed a breather.

So as it turns out any mention of sex that involves me makes me really upset and anxious. Idk what to do. Should I try to power through it? I don’t want to be like this forever. I want to be able to talk about it. It doesn’t help that I’m trans though, because my body is an even more sensitive subject. Idk. Does anyone else ever feel like what I described? Any advice is appreciated :("
,0,"Really angry and kind of scared because of lack of care in a red state

I just need to vent. And I don’t have anyone to talk to about this. 

For background I’m an extremely healthy woman, 28 years old, nearly 5 weeks pregnant. FTM, no prior history of infertility or miscarriage. I exercise daily, take my vitamins, eat very cleanly, abstain from drugs and alcohol and drink less than 70mg of caffeine a day. But unfortunately due to my husband’s work we live in a red state, thankfully one which isn’t super restrictive but it could be worse. Abortions are allowed in first trimester and part of second. The region I live is particularly bad politically though. Let’s just say there are lots of “let’s go br*****” and “f*** j** b****” flags, and signs about “keeping Christmas Christian”.

This past week I have had a lot of cardiac changes. Specifically my heart rate has randomly plummeted to 40bpm and spiked to 210 on multiple occasions, along with heart palpitations and dizziness/fainting, and a static like feeling in my chest. I have pre-existing low blood pressure (borderline hypertension but my primary care DR is not concerned as long as I hydrate properly) due to being very active so dizziness isn’t super unusual for me, but fainting is extreme. These are all major concerns, and Google (and my dad) says to seek medical attention right away. Otherwise, I’ve never had ANY of these issues pre-pregnancy. 

My resting heart rate is on the lower side, especially for pregnancy, but it did increase 5bpm as it is “supposed” to during early pregnancy. 

Obviously all these cardiac problems are a major concern for me, and clearly linked to the pregnancy (which I know is normal for your circulatory system to experience quite a bit of changes due to blood volume etc). So I called my OBGYN  to describe the problems and ask what I should do. What did they say?

“Sorry we can’t help you because you don’t technically become a patient until AFTER your first appointment and we don’t ever let new patients come prior to then. Also it’s probably not even pregnancy related anyways”. 

Literally no advice on what to do, not even “go to the emergency room”. 

This is the only OBGYN in a 50 mile radius of where I live so there isn’t much I can do in terms of changing care. 

It just sucks. This is a very much wanted pregnancy and so not only am I worried about my baby but I’m also terrified for my own health!!! Cardiac stuff is not something to play games with!! I hate that women’s he"
,1," mile radius of where I live so there isn’t much I can do in terms of changing care. 

It just sucks. This is a very much wanted pregnancy and so not only am I worried about my baby but I’m also terrified for my own health!!! Cardiac stuff is not something to play games with!! I hate that women’s health concerns are so minimized and it does feel like they refuse to see patients early as a means of limiting their options of care if they wanted an abortion. Thankfully I’ll be moving soon and giving birth in a blue state so I will have more options. But the whole thing makes me want to move to my parents house who live 8 hours away and just ride out the rest of my pregnancy somewhere safer."
,0,"I’m 29 and just got diagnosed with a massive brain tumor.

Title. I had a seizure at work yesterday, luckily after I finished my procedures (I’m a veterinarian) but as I was about to head into an appointment. My team is amazing, they took care of me and got me to the ground and called 9/11 for me. Paramedics took me to the ER where they did an MRI and found a very large mass in my frontal lobe. They think it is mostly cyst, with a small solid portion at the bottom of the cyst, but fortunately this indicates it may more likely be benign. Next steps are either biopsy and wait for results before proceeding, or biopsy but also remove as much as possible in the same procedure (the first option means a second surgery). I am just still in shock, I was supposed to travel for World Pride in DC next weekend, my birthday is tomorrow. I just can’t believe in a matter of 24 hours my life has completely changed. I am a doctor at the end of the day, so this is interesting/fascinating to me,  but it makes it really hard not to google everything and learn more. I know I’ll be ok, but I am terrified right now. Thanks for reading"
,0,"As a child, my parents didnt bathe me for entire summers

When I was young, my parents didnt really take care of my basic needs. Things were bad in general, but they were even worse over the summer, or when people wouldn't see us kids.


My mother, the SAHM, would not brush our hair, make sure we ate, have us bathe, do our laundry, or have us change out clothes for the entire summer break we had off of school. 


We would get sweaty and dirty. Our breath was foul. Our clothes were disgustingly sticky and/or crumpled and somehow stiff in some places and soft in others. Our hair was basically one big tangle by the end of the break (where they would then just rake a brush through it because they ""didn't have time for this"") they would then berate us, barely above toddler age, about how bad we ""let our hair get."" And that all of the pain we were feeling was our fault. 


We couldn't reach the brush. We weren't sure how to start the tub(and weren't allowed to anyway, water bills and all that) because when baths came, they were certainly a surprise to us.


My mom was ""too depressed"" (busy smoking in her smoking room in a small three bedroom apartment, which meant that her three kids at the time had to cram in one tiny room to appease her ""needs"") to care for us. My dad never helped because it ""wasn't his job, he worked.""


I mainly remember this from around 5 and up, but do have memories here and there of them doing this at much younger ages. I remember the rush to get us clean and presentable before a family function or before certain people came over; the rush to get one outfit each in the wash (out of the pile covering our entire floor of our bedroom consisting of clothes, toys, and trash) with our dad's stuff so we had something clean to wear, pushing the three to four of us into the bathtub together to bathe, the tears and crying as they yanked at the hair comming out of our fragile scalps, and the push to brush our teeth VERY well. I remember very little from my early years, but my sister remembers it all clearly and has corroborated with my thoughts on how often they bathed and changed us, next to none of the time.


It wasn't much better as we got older, as we were only allowed to shower every two weeks(an improvement), and sure, by then we knew how to brush our hair and our teeth through the teaching of others, but then the blame was on us. The school would wonder what was going on and then it was ""how dare you not bathe and be presentable when you kno"
,1,"e were only allowed to shower every two weeks(an improvement), and sure, by then we knew how to brush our hair and our teeth through the teaching of others, but then the blame was on us. The school would wonder what was going on and then it was ""how dare you not bathe and be presentable when you know better?"" When they felt they could no longer be blamed for our hygiene, they didn't even worry about the rush to make sure we were ""presentable"" besides hiding bruises or in front of more wealthy people in the family, as they ""borrowed"" from them often.


They even put my little siblings (and possibly me, but I cant remember being a baby) in the living room to ""cry it out"" for HOURS at a time because they ""needed to sleep."" I have a very clear memory of my little sibling and I having to change our brother because they just left him out there in a nasty, full diaper. We were unable to feed him, so we did our best to sooth him as barely older than toddlers, ourselves.


My parents, of course, ""forget"" about all of this. ""It was never that bad"" ""I never hurt my babies"" ""I DID bathe you and brush your hair, you were just so active that it got messy and tangled very fast"" ""You guys would fight me when I tried to do these things"" ""I was abused too"" ""I didnt even have running water as a kid, I did my best to give you a better childhood than I had""


Now that I'm an adult, I am able to bathe as often as I wish. I no longer get rashes and mysterious stains on my skin, and my VERY sensitive skin doesnt hurt or itch all the time anymore. Sometimes my depression gets in the way, but I know that I can take a bath or shower at any point, and man, does it feel AMAZING to be clean."
,0,"I finally planned my dream trip to Japan — but I’ve been summoned to court because I reported my ex in 2021

In 2021, I reported my ex to the police due to his abusive actions during our relationship. It wasn’t an easy decision, but it felt like the right thing to do — not just for myself, but so he’d be held accountable. Our relationship ended in 2019, but another girl I know who was seeing him after me was harassed and stalked by him. She reported him to the police and it only felt right for me to do the same, even though I was extremely terrified.

At the time, I tried to share digital evidence with the officer handling the case, but there were technical issues. He couldn’t open my Google Drive link and told me to submit it through a portal. That portal didn’t work either, and after that, I never heard back from him. I assumed maybe the case wasn’t going anywhere.

Fast forward to May 2023 — a month before my wedding — and I got a court summons to give my testimony. When I arrived, I saw the same officer, and he once again asked for the evidence. The evidence was shown to the judge, and then court was adjourned without a clear date for when I’d be needed again.

Now, I’ve just been summoned again — and the new date falls right in the middle of my dream trip to Japan. A trip I’ve been saving and planning for years. The flight is non-refundable, and we actually did try to reschedule it before because we received a wedding invitation and it was prohibitively expensive. I have communicated this with my counsellor and she made it seem like the chances of rescheduling were slim. 

I feel like I’m stuck in limbo. It’s been nearly four years, and the case keeps resurfacing with no clear timeline, constantly pulling me back into something I’ve worked so hard to heal from. It feels like a never-ending nightmare, like the trauma just won’t let me move forward.

I’m torn. I want to be responsible. I want to stand by my decision to report what happened. But I’m also exhausted, and heartbroken that something joyful and long-awaited might be taken from me again. I had to relive the trauma last year while I was getting married and now my dream trip is tainted too. I can’t even book tickets or experiences because I don’t know I’m going to be force to cancel.

Has anyone been in a situation like this before? Am I just stuck? I live in Canada, if it helps. I will be contacting a lawyer but I don’t know if I can afford their services. Any advice helps. Either way thank you"
,1,"en book tickets or experiences because I don’t know I’m going to be force to cancel.

Has anyone been in a situation like this before? Am I just stuck? I live in Canada, if it helps. I will be contacting a lawyer but I don’t know if I can afford their services. Any advice helps. Either way thank you for reading this far.

EDIT: I wish I could just not show up but, in Canada, if you are subpoenaed and you don’t show up you could be arrested and fined.

EDIT 2: The “Counsellor” I’m referring to is not a lawyer. It is someone who was assigned to me when I first reported my ex to support me through the process, share social and legal resources, and be the liaison between myself and the crown attorney/court/officer. I have tried to reach out to the crown attorney’s office myself but I’ve been given the runaround, and have not heard back from the officer since last year. I am now reaching out to legal aid and connecting with a lawyer for advice on how to move forward.

EDIT 3: I just want to say thank you to everyone who took the time to read this and provide thoughtful advice and feedback. I was not expecting this post to get more than 20 upvotes. i was feeling so hopeless but this community has helped me feel so positive and motivated to advocate for myself and my needs. I have reached out for legal and a lawyer that I was referred to, I will share an update on this situation when I have one. Hopefully this information can help another survivor who ends up in a similar situation.

TLDR: I reported my ex to the police in 2021 but had issues submitting my evidence. After years of silence, I was first summoned to court in 2023, just before my wedding. The case was adjourned with no timeline, and now I’ve been summoned again — right during my dream trip to Japan. I feel stuck in limbo and heartbroken that something I’ve waited years for might be taken away because of this never-ending legal process."
,0,"D&C prep and post op care

Unfortunately we found out Monday that our baby baby’s heartbeat stop around 11 weeks 3 days but I should be about 15 weeks. I am preparing for a D&C tomorrow and just wondering what to expect. Anything I should make sure to have on hand for post op care? Not sure how much pain to expect to be in. If you also care to share how your positive experience with pregnancy after a missed miscarriage that would be appreciated. I have so much anxiety around trying again but I know I want to."
,0,"Trigger ⚠️ (I talk vaguely about sexual assault, I don’t want to trigger anyone)

Does anyone ever just wish they could cry again? I feel like all I wanna do is cry and I can’t.. am I broken? Even putting this here I feel like I’m being an attention whore, but idk where else to go I feel like sometimes I cant talk to anyone in my real life because then they’re gonna know I’m not doing amazing and they’re gonna think I still need them. Idk. I just want to be happy and content and show all the people that threw me out that I don’t need them. But I know that’s stupid and i don’t need their approval but also dammit I just want them to regret it. I want them to hate that they chose him over me. I want them to wish they did something different. I want that stupid man to see that I’m fine and that what he did to me doesn’t bother me and that I’m fine and he didn’t ruin me. But I can’t. I just want to be fine and I want everyone to see that I’m thriving. But I’m not. I hate it. I can’t even feel enough to cry let alone to freaking heal. I just want to be me, before he hurt me and before I had all these problems. I miss being able to trust I miss not being terrified every time someone raised their hand near me. I don’t want to be afraid of men. I’m so scared all the time. I want my body back. I want my smile back. I just want my fucking innocence back. I miss me. I miss me so so so much. I just want her back. I so tired of giving away pieces of myself. I wanna be ok...  I’m struggling so much, I feel so alone idk what to do. I just want to feel human again. 

Tbh most of this is just me typing what came to my head first so if it’s a mess and makes no sense that’s why. Thanks for listening..."
,0,"I’m separated from my husband and son

My husband and I have been living separately. We had a lot of issues in our marriage. Long story short, my husband is a serial cheater. 

I don’t want to be a mother anymore. I was pressured into motherhood and I’ve always felt this way. I’ve decided to leave my family. I decided to not to be in my 3 year old son’s life anymore. He’s better off with his father. 

My husband and son live at our house. I’ve been living in another town half an hour away. I do miss them it’s a huge adjustment but I know this is the right decision for everyone. I haven’t spoken to my husband and child in 3 weeks. 

My husband did try to smooth things over with me even though it’s obvious our marriage has been over when he cheated on me. Sometimes I get mixed signals from him that he wants to get back together but he literally has a GF. Maybe I’m reading the signals wrong but it’s the way he talks to me but it doesn’t matter I wouldn’t ever go back to him. So the last time I heard from them is when my husband was updating me about them and he sent me a photo of my son to guilt me. I went cold and responded with a thumbs up on his text message and then he stopped contacting me. 

I’m starting fresh. I’m starting new. I’ve been thinking of moving out of state once our divorce is finalized. Maybe even changing my first name? random I know. But I feel like a lot of my identity was being a wife and mom for so long. I always hated my name too. Melissa. Bleh. I think I’m going to become a Kylie or a Jordan or Stefani. Idk something different. Someone different."
,0,"Please read I want someone to know

[removed]"
,0,"Really long period and large clot. I’m really scared and could use some advice!

I (24F) have been experiencing my period for about a month now and it doesn’t seem to be ending anytime soon. I’ve always had extremely regular periods my whole life, to the point where I could tell it was coming just two days before it would begin and never had to track because of it. But this most recent one came about a week early and it hasn’t stopped and I’m really concerned.

There is no pain accompanying it, and it was very light for the first 3-4 weeks, but I’m just starting week 5 and it’s gotten heavier. I felt a little woozy yesterday, likely from the increase in blood loss, and while I haven’t had many clots beyond a few small ones, I just had a really big clot pass today (like roughly the size of a dollar coin). Just in case this is important to know, I have diagnosed ADHD and have been taking Adderall for it for a few years now. I was also once dangerously low on my vitamin D levels and so now I take vitamin D but have been forgetting to as of late. I also tested positive a few years ago for Hashimoto’s antibodies and have been getting my thyroid checked yearly since to monitor it (last time it was checked was 11 months ago). Also since I know sex or pregnancy may play a role, I just wanted to add that I am not sexually active and never have been, so it’s definitely not related to that.

I reached out to my PCP and she told me to give it another month and then we’ll check my thyroid and see what’s going on with my bleeding, but I’m still so anxious about this since my period has never been abnormal before. Does anyone know possibilities about what this could be? Should I try getting checked sooner than a month? Or am I just stressing out for no reason right now? I’d love to hear some stories of anyone who has gone through something similar or any doctors who have an idea. Thank you!"
,0,"AITA wife's sister lets her kids run wild and destroy my house during family dinners. So I voiced my opinion.

My wife has her siblings over for dinner EVERY week. Two brothers and two sisters. Only one is married with kids. These kids are not parented at all. Many times we have to stop a child from serious injury because their parents just forget they exist. 
Tonight I bought a cake for my wife's birthday that is next week, since I will be leaving town for work and missing the date I wanted to celebrate. The oldest of the little guys (6) starts literally pounding the floor full blown tantrum that I won't let him Carry the cake lit with candles to the table. I ignore and proceed. 
After cutting the cake and bringing my wife her piece, the little brat jumps up and smashes his toy truck down into the middle of it. I get my wife another but she just eats around it and says she doesn't mind. I brush it off. Minutes later the toddler kid #3 is seen running through my great room with a spoon full of icing that his mom Gave him. And another child #2 ,is using an egg roll as a missle smashing it into my walls. 
My wife permits this anarchy, I keep my mouth shut as usual. After the circus leaves our house. I'm cleaning up and doing dishes by myself. My wife walks in and she sighs relief that they are gone. I made the mistake of venting how frustrated I am that her sister, her husband and children have zero respect for our home. The response was a rage filled screaming match about how absolutely Terrible I am and that she will make sure her sisters family is never present when I am home.
 
TLDR wife lets her Neice, nephew destroy our house on a weekly bases and then screams at me when I voice frustration. 

Edit: background my wife usually cooks and cleans up after her family get togethers. This time I chose to take over.  I do my best to assist in prep and cleanup. I get that even though I am home only half the month, I still need to engage in the household duties. I try to make up for my absensce when I'm home. 
Edit 2: Many of you have mentioned that I should let her threat of never having them over when I'm home come true. It's an empty threat meant to make me fearful of her running down my character to her family/ friends. 

Update: 
Sat down with my wife today and established this behavior won't continue. We are in agreement to start with marriage counseling again. She apologized for being mean. I stood my ground that the verbal abuse won't continue."
,0,"TW// In depth description of my story as a minor.

Im a male, currently living in England and 15 years old.

When I was 12, some guy added me on snapchat, he told me he was 12 so we started talking, he added me to a group chat with all of his friends. Things quickly turned, he said he had lied; all of his friends were 19-30. Before I could block them, the told me they knew where I lived, being the dumb 11 I was, I believed them. For the next 2 years they made me send videos to them including:
- Me masturbating
- Me fingering myself
- Me fingering myself with a hairbrush
- Me drinking my own urine from a cup
- Me drinking my own semen from a cup.
- Me drinking my own semen mixed with urine.

I fee so ashamed and disappointed in myself for letting this go on but I feel like I just needed to tell someone, I also have a question, what is this described as, in the eyes of the law? Grooming, CP?

Thankyou for listening"
,0,"Chemical Pregnancy

TW: chemical pregnancy. My husband and I started trying last month for our 2nd baby and got pregnant right away. I got symptoms early and tested early and there it was, positive. We were excited and my brain switched immediately to preparation and looking at our future. Then 4 days later, I started bleeding. Hoping it was just implantation it just got darker and I had to go to the ER. Low HCG and now today I’m officially less than 5 and cleared 😓 I really need hope and positive stories."
,0,"My Autistic partner (25F) and I (29M) just broke up, I feel like I was constantly trying but ended up hurt and told that I was always the bad guy

This ended up being a lot longer than I intended. I just hope this is relatable to others out there, and just want to hear other's opinions on this. tl;dr at the bottom.

I have been racking my brain about this breakup, hurting, and all of my friends telling me that I was mistreated and some have even said ""abused"" which I don't like to say given the context I'll talk about, but I see their points. My partner (25F) and I (29M) dated for about two years. She had been relatively recently diagnosed as Autistic about a year before we got together, which I heard was a big life-changing event for her in terms of understanding herself, feeling forgiveness for some of her own behaviours which were earlier framed as quirks or deficiencies, etc. Admittedly, although I have two graduate degrees, I was not very familiar with Autism and how it would present in a higher functioning individual, which was admitted early on and directly said to my partner. Also admittedly, in the first 7-8 months (about the first third) I was not as understanding and forgiving for some behaviours (will give below) that I ought to have been in hindsight, but I verbally expressed later on that I didn't understand things as much back then, even saying that I was surprised she was getting enough understanding early on to have stayed with me. So, in my opinion, I was very open, communicative, self-reflective, introspective, and expressive about these things.

I always had a long-term mentality, and believed that after reading books and resources about Autism in relationships myself, we would be able to adapt over time and have more positives and less negatives. We had a lot of arguments, but I believed they at least became more productive over time, but as even more time passed it seemed like they only became productive because I was learning, changing, adapting to her needs, but I was getting inconsistent and little adaptation in return. I was not perfect, as I mentioned, and I always expressed this. However, I personally feel like I changed and adapted a lot. For examples, I became much more understanding of tone ""issues"" even when they still were frustrating, I became more understanding of communication differences like interrupting, info dumping, not turn-taking, etc., though I would bring them up to my partner if/when they felt overwhelming, whe"
,1," lot. For examples, I became much more understanding of tone ""issues"" even when they still were frustrating, I became more understanding of communication differences like interrupting, info dumping, not turn-taking, etc., though I would bring them up to my partner if/when they felt overwhelming, when she requested I read a book about Autism and ASD relationships I read it and also followed some accounts on social media which have informative posts, tips, and so on, I tracked all of our plans in a shared calendar because she would plan things over my Bday or graduation, I recognized and appreciated special interests and how valuable that is for someone with ASD but when something seemed (imo) to be veering toward creating financial or time/emotional hardship I would bring it up gently but try not to be too opinionated about it, and so on. I have to address that I also understand the difficulty, and unhealthiness, of the ""parent"" dynamic in a relationship when one person, intentionally or not, looks after the other in a way that becomes too much for both sides, or either side individually. I think that if I did not do some of these things, though, I know I would have been even more unhappy, drained, feeling my needs weren't met than I already was at times, that they would overpower the good times, and I would have wanted to leave myself, honestly. Maybe the issue is that I didn't let that happen naturally... but that's ""love"", ya know?

More detail, but skippable paragraph: In the second third of our relationship, we had a big argument and about her needs and my needs being met. She said her piece and I either said A) Yes, I hear you on that, even if I disagree or see it differently, I understand your feelings/experience is ""real"" to you and if I want to be with you I need to adapt/change, or B) Asked follow-up questions to understand her concerns, and said that once she heard my related concerns, we would have to find a mutual understanding or middle ground. However, when I then said my piece, she did take some notes, but she A) Rolled her eyes and scoffed at times, B) Once said ""Oh shut up! That's not true."", and C) Said she was going to play a mindless game on her phone which helped her stay attentive (this was something I learned to accept over time due to focus/sensory needs, despite it originally not seeming attentive to me) but then TikTok reels started playing revealing that she was actually scrolling TikTok instead... all while I was giving my conce"
,2,"her phone which helped her stay attentive (this was something I learned to accept over time due to focus/sensory needs, despite it originally not seeming attentive to me) but then TikTok reels started playing revealing that she was actually scrolling TikTok instead... all while I was giving my concerns and talking about my feelings as she did before. In sum, about halfway through the relationship we had this ""big talk"" and I went forward and changed my approach to what I feel was like 90-95% of future situations where Autism-related difficulties were brought up, and personally, I feel like she did make some effortful attempts to address things I said at points... but after a month or two they were forgotten. About the things we discussed and my needs I brought up, at times she admitted both A) She didn't have any male role models in her life whatsoever who talked about feelings and could hold that kind of conversation at a deep level, as opposed to shutting down, not caring, etc., so she didn't know how to react, how to feel, how much it was okay to ""give in"" to a man, and B) ""I haven't thought about what you said much, but I'll talk about it in therapy"" which I never heard if that happened or if anything meaningful came from it. In the final third of our relationship, we both worked a lot, I think I was genuinely depressed from work + loss of family members + the feeling that I was carrying the expectations of the relationship and not getting much effort or care back. Leading to below.

We ended up having a heated argument (after drinking, go figure) where we both said mean things, but one thing I said was certainly considered a ""threat"" for ending the relationship, I stormed out, took a breather, but then came back in and apologized immediately and said we'd talk in the morning. No apology or understanding the other direction about the hateful things said toward me. We had what I thought was a very open, honest, and healing discussion the following day, but a few days later she came to my apartment, put her keys down, and recited everything bad I did throughout the relationship without acknowledging any of the positive/growth/learning I did re: Autistic differences, this went on for hours, and then when I wanted to respond I thought I started very diplomatically, owning what I said in our argument, etc. but when it was time for me to say anything the other direction she said she was ""too tired"" and overstimulated to listen to anything I had to say, unles"
,3,"ences, this went on for hours, and then when I wanted to respond I thought I started very diplomatically, owning what I said in our argument, etc. but when it was time for me to say anything the other direction she said she was ""too tired"" and overstimulated to listen to anything I had to say, unless I ""made it quick"", so I did make it quick and again some of the things she scoffed at, rolled her eyes, and always would say she did these things ""in reaction"" to me doing something or because she was ""showing up in response"" to how I was showing up.

I acknowledge this list is going to be one-sided, so I will admit that my chief areas for improvement in this relationship were that I was dismissive at times (even if unintended, perception is reality), wanted more control or believed I had more weight in decision-making in our shared activities, vacations, future plans, etc. (but not trying to control her individual plans, she acknowledged), and said ""let's try to work this out ourselves first"" which came across as a denial when she suggested counselling to resolve some of our issues. I admit those. But, here are some of the things I dealt with:

* Berated in public 3x
* Demonstrated lying (about whether she hooked up with someone previously, cheating at games and denying it, etc.)
* Abusive language (e.g., was told ""I deserved to be beat"" for asking questions about something I literally did not hear/understand what she said, and more).
* No empathy, or even an acknowledgement of ""Hey, lack of empathy comes with my Autism, so my partner may need some additional effort right now"". When a beloved family member of mine passed, she went on pre-planned vacation a few days later (totally fine) but sent a pic of some guy dancing and said ""New boyfriend \*heart eyes\*"" which even though I knew her Autism and that it was not serious, I brought this up as being extremely hurtful, inappropriate, etc. at the time but said I thought an apology would be nice... she then argued for an hour about why she shouldn't need to apologize and how she has demand avoidance, so expecting an apology meant I was less likely to get it. Something similar in terms of hurtfulness during a period of loss/grief happened two other times.
* High volatility and explosiveness at times, one minute she would be the most lovey and expressive, but then something small (imo) would happen where she would say ""Last week we did X"" and I would say ""That was three weeks ago, but yes."" and then she would say "
,4," loss/grief happened two other times.
* High volatility and explosiveness at times, one minute she would be the most lovey and expressive, but then something small (imo) would happen where she would say ""Last week we did X"" and I would say ""That was three weeks ago, but yes."" and then she would say that I was correcting and demeaning her and so on and be hostile for hours after. Again, although it was small imo, I took these things seriously so attempted to do them less but felt like walking on eggshells given there were many types of ""small"" things like this that would set her off.
* Extreme lack of self-reflectiveness where I genuinely don't think she has any ability to see herself as ""at fault"" for anything in her past and thus no growth or personal development happens other than what others tell her. She seemed to have an inability to see blame, even getting in a car accident where she was clearly legally at fault but would always get frustrated and say it was ""really"" the other driver's fault without any real reason that actually happened. Many other major situations like this as well.
* She said at times I lectured her, which I would at least listen to and explain my case if I didn't intend to, but I was also told I was ""uneducated"" despite having a grad degrees, and would get ranted at at times if something set her off in a way she didn't like.
* Selfishness, and not respecting some group/social expectations even when they are explained to her gently and said ""I understand you may see it this way, but this may be perceived as X by everyone here which you may care about, just saying"" such as playing a game on her phone at a funeral, getting full drunk at a family and friend social gathering where no one else was, and being overly flirtatious to other men in situations where it caused even other people to give me weird looks and ask questions after.

In a lot of my framing of things above, I say that even if I didn't intend hurt or upset from my own behaviours or agree with complaints about me, perception is reality, and so I had to take it under consideration, even if sometimes it was later and after the situation occurred. With all of her hurtful behaviours, it feels like I was constantly told my perception was not reality, it was not listened to, not understood, and it was invalidated in the same way she wished not to be invalidated.

If you have made it this far, I'm glad, because here's the twist. I have also been unofficially diagnosed as on the"
,5,"rs, it feels like I was constantly told my perception was not reality, it was not listened to, not understood, and it was invalidated in the same way she wished not to be invalidated.

If you have made it this far, I'm glad, because here's the twist. I have also been unofficially diagnosed as on the Autistic spectrum via both self-assessments and a therapist, not yet a clinician. I personally (given my background, upbringing, etc.) don't value the official diagnosis and having it on paper as much as others seem to, as I would probably never bring it up in any situation of accommodation. This is just a preference/worldview, not something I impose on others. Throughout our relationship, I did bring up that I had ""thought about"" doing an assessment because there were signs, but never did, simply because I just wanted to be me without labels, etc. To me, being a soon 30-year-old man who went through big life events with other partners, life journeys, graduate school, etc. without the label/diagnosis, I am ""proud"" of that in a way. Not feeling above others, but I see it as a badge of honour and difficult journey kind of framing. So, after experiencing a lot of the ASD stuff in this relationship, near the end I began to see it more in myself, read more, and so on, but whenever I brought it up she was very protective of it and basically said ""get diagnosed"" or she wasn't taking it seriously. Again, I understand how much it meant to her and why she would be protective of it especially if she thought I was mentioning it just because times got tough, but we just have two very different beliefs about diagnosis and whether some degree of ""learning"" or ""adapting"" is actually good for an Autistic person over time, although yes it can be seen as just ""masking"" which is like constantly acting. To me, as someone who (unofficially) has gone through it by learning, adapting, which was very hard work, learning from conversations/interactions where I was ridiculed but didn't understand why, failed relationships where I was too particular or analytical about things, and so on. I personally see learning/adapting to be more neurotypical as a positive thing, as long as I can still feel like my full self. If Autistic people are squares and Neurotypical people are circles, I personally think it is good to smooth the sharp corners of a square to be easier for circles to interact with, but without sanding off or completely removing the corners to make the square become a circle, if th"
,6,"like my full self. If Autistic people are squares and Neurotypical people are circles, I personally think it is good to smooth the sharp corners of a square to be easier for circles to interact with, but without sanding off or completely removing the corners to make the square become a circle, if that makes sense.

**tl;dr: My partner (25F) and I (29M) dated for about two years. Overall, I 100% know I was not perfect, but it feels like I owned my problems (either during relationship or at the break-up talk), reflected on them, and adjusted/accommodated to her needs and behaviours related to her Autism A LOT. We had one big discussion in the middle of our relationship where I listened and made commitments about her needs, she didn't seem to listen or care much about my needs. We had a big argument months later, after other stressful life events, hurtful things were said both ways but I threatened being ""done"", we reconciled the next day, but then a few days later she showed up, told me everything bad I did without listening to anything in return (basically), pinned everything on me, and left. I read books and other resources online which said it is not simply up to one individual to adapt to the Autistic person, but the Autistic person needs to at least understand the challenges, frustrations, etc. that their partner has due to some of their behaviours as well. I was so drained, putting in so much effort to adjust, and it just seems like she just didn't really ""see"" any of it and I feel just entirely chewed up and spit out, basically. The twist in the end is that I have also been (unofficially) diagnosed to be Autistic as well, but do not want the label, and I just see it differently than she did where I personally believe the Autistic person can benefit/grow and present as more neurotypical as long as they don't compromise themself, but I was told that I either had to get diagnosed for real or it wasn't taken seriously.**

If anyone has had a similar situation, how did you cope with this mentally?  
What things, people to talk to, or other approaches did you find helpful in trying to move on from a relationship like this? Or try to reconnect and fight the decision?  
I have talked about this nonstop in therapy since the breakup, spent hours discussing it with friends and family, even started new hobbies, but still do not feel much is ""resolved"" within me. Does it just get better with time? Have you found it impacted your other relationships?"
,0,"Child’s father died now she doesn’t want to see her grandma anymore

My 11 yo daughter lost her father unexpectedly two months ago. Her father and I were split up when he passed away and we had split custody. My daughter was with her grandmother when they found her dad’s body in his house. Her grandma tried to resuscitate him and my daughter was hearing (not seeing) everything from the other room. 

Her grandma has always been involved in her life and she has stayed the night with her on Tuesdays since she was a baby. Now she cries about having to leave me and stay with her grandma, days before she will actually be seeing her. It is consuming her thoughts. My daughter has always been relatively anxious, but since losing her father, her anxiety has gotten a lot worse.

Her grandma is obviously grieving the loss of her son and has not been doing well emotionally. My daughter is not ready to talk about her father’s death and has told her grandma that- but her grandma thinks it is good for her to see pictures and hear stories of her dad. My daughter says that her grandma is always in a bad mood and constantly crying, so she doesn’t like going there anymore but she’s too afraid to talk to her about it. 

Her grandma always tells me that she wouldn’t be able to live without my daughter in her life. So I am torn. Do I force my daughter to stay with her grandma on Tuesdays? I just dropped my daughter off at school and she was a mess because she has to stay with her grandma tonight. I feel horrible that she’s going through this much stress!

Sorry for the long post but any thoughts would be appreciated!! TIA

𝗘𝗗𝗜𝗧: 
My daughter has been going to weekly therapy sessions (online) and we are on the waitlist at 2 different places for grief/trauma therapy. I have Tricare for my daughter and we have had a hell of a time finding someone who will accept our insurance AND is accepting new patients.

I picked my daughter up from school today. She will not be staying with her grandma until my daughter is ready but I told her that she should still keep in contact with her grandma and that we will be going out to eat with her/ having her over for dinner at least once a week. 

Thank you all for your input and advice!"
,0,"I caught my husband with his best friend but I won't tell the I know

My husband (m28) is wealthy and he is providing me(f30) a great life while I'm studying.  I would never have afforded it otherwise. As a matter of a fact I was a barista before I met him and didn't even dare dreaming about starting college. Now I'm in engineering school. He pays for everything. We have a great house. I don't need to do nothing but study and have fun.

His best friend (f27) from college separated from her common law husband, after he cheated on her. She had no place to go and we have a guest house. I never had anything to worry about with them, because they have know each other for ages, I always thought if they wanted. it would have happened already. I was mistaken. I started having a hunch because of nothing in particular, just felt that they changed with each other so I snuck on them after pretending to go to my mom's.

Nobody knows that I know. I couldn't let him touch me for two month blaming it on stress from school start. Now we do have sex, because I don't want him to suspect me or get tired of me. I cried the first time he touched me after I found out and wanted to vomit but I blamed it on stress. Now I just let him. I try to think about other things and try to convince myself that it's just sex. I fake it sometimes when he notices me being absent-minded and starts saying ""baby come back to me"". I'm in a race with time to finish school before he throw me aside for her. I also had IUD in without telling him.

Nobody knows. Not even my closest friends. Everyone think I'm the luckiest woman on earth. So loved and cherished by an amazing successful husband. Nobody knows that I cry myself to sleep every night."
,0,"Stressed

I had a miscarriage in December last year.  I finally feel like I can talk about it without wanting to sob. I am doing okay. I feel good. Getting healthy again..

Now I’m about 9-10 days from my period and I am starting to feel the same symptoms when I found out I was pregnant last time. 

-swollen fingers 
-bloating 
-super tired 
-breast tenderness


I am scared. I am torn between the possibilities and the strsss of waiting to see if a test will be legit. If I’m not pregnant, I’m cool. If I’m pregnant, I will be happy but terrified of another miscarriage. 

Any advice on how to get through the next couple of days before I can take a legit test."
,0,"I broke into a bank-owned house and stole things ...

I used to live next to this really cool house that had been abandoned and foreclosed on.  I barely knew the people who used to live there, but I did know they'd left in a hurry and only took what they absolutely needed.  This was during the real estate crash and the bank had bigger fish to fry so they padlocked the doors and sat on the house for years.  Well I have to admit, my curiosity got the best of me.  It's not like I'm a criminal.  I've never even shoplifted or tried to lie my way out of a speeding ticket ... but the house was there, empty of humans, and full of nice things, and I had free reign of the connecting back yard and could come and go as I please without anyone ever knowing.  One day I took an old pair of bolt cutters and broke into the basement bulkhead, and my friend and I combed all through the house and took all kinds of stuff.  I got clothing, sports gear and kids' toys, decorations, tools ... I'll even admit to pantry items.  Those were lean times for my family as well.  Anyway, once we were done I closed the house back up again, but since the padlock was now broken, someone else ended up breaking in later and they weren't so good about closing back up again when they left.  The basement bulkhead was left standing open during winter and the pipes froze and burst, flooded the basement and first floor.  The bank eventually came around and found the situation.  They shut off the water and padlocked the doors again.  I never went back in and eventually the house sold at auction.  I still have some of the things I took from that house."
,0,"2 months after d&c

I had a miscarriage around two months ago, my baby was 9 weeks and they said my gestational sac measured 10 weeks. There was no heart beat and they sent me home to naturally miscarry but I had to go to the er for sever pain and fevers etc. they ended up doing the d&c. 
I stopped bleeding a week after the d&c and I noticed the strong smell of blood was still there, like a chemically blood smell not fishy at all, I also noticed pink/orange discharge. I then got my first normal cycle 2 and a half weeks later, I bled for three days it was again very strong iron blood chemical almost like bleach smell from my pads (no big clots) other than the smell it was a “normal” period. 
I went to follow up appointment and Gino said I had a very mild yeast infection and a uti, got treatment and other than that my cervix and uterus were perfect. 
I did notice more cramps and stronger stabbing pains than my usual.
It’s now my third regular cycle I noticed it’s shorter around 20-25 days and it’s around 2days long. But the damn smell is still there, it’s like a bloody smell mixed with a chemical even tho I’m not even close to getting my period. My husband noticed it smells more acidic and he kinda gets grossed out by the smell obviously because I’ve never smelled like this before and I feel dirty and gross.
I stay hydrated, try to drink cranberry juice once in a while I stay clean down there I take a full shower at night and just a body shower in the morning and I’m thinking could it be my diet? Or BV (never been diagnosed with that) Or is it because of the d&c? Because I’ve had a prior miscarriage from a year ago which passed naturally I didn’t get a d&c. 
Anyone else have this smell?"
,0,"Care Package for My Sister

Hello, my older sister sadly had a miscarriage this past Saturday. 

She is grieving and taking it quite hard which is completely understandable. 

I never experienced this, and I will never experience this since I have had a hysterectomy, but I want to be there to support her and to let her know she’s not alone. 

I want to make her a care package because she is the type of person that she’ll care about everybody else during this time rather than herself. 

Are there any items that you guys would recommend that I send to her? Any books that can help her process this? Anything that can help dull the pain she is feeling? 

Any help and advice would be greatly appreciated"
,0,"Is it normal to feel worse after realizing I was assaulted?

I was sexually assaulted when I was about 7 years old multiple times. I recently came to terms with what happened to me so many years ago (I’m 23f) and I am working with my therapist through this. I didn’t realize what happened to me until I was about 16. And after that I just kind of tried not to think much about it. It’s extremely painful to talk about and honestly, I haven’t even said the words out loud yet. But she knows. Anyways, it happened so long ago but I feel like I’m living through it right now. Is this normal? TIA"
,0,"Miscarriage - 1 Year Later

**\*Trigger Warning\***

My partner had a miscarriage in October last year, and only in the last week or so it has really hit me. I feel like I want to talk to her about how I'm feeling, and I know I should talk about it to *someone* even if not her, but I don't want to drag up feelings of hurt for her, and I don't want to talk to anyone else about it as I don't want people to think I'm attention seeking, nor do I like being fussed over.

I always imagined the baby we lost was a girl, because that's what I wanted the baby to be - although we didn't know the gender. I just didn't want to refer to the baby as 'it' so I have always referred to the baby as 'she'.

I think a combination of a few things - the anniversary, other people we know recently having babies, and for some reason my timeline on Social Media suddenly seems to be full of videos of people gushing over father/daughter relationships being so special - it all seems to be hitting me. I also didn't take enough time off work to process/grieve the loss - I had a couple of days after my partners operation, then went back to work. At work a couple of weeks ago we got an email saying the Parental Leave Policy had been updated, so I had a read through it just out of curiosity, and found that I should have been entitled to two weeks bereavement leave, but I didn't know so didn't take it. It's probably too late to take it now too!

We have agreed, since the loss of that baby, that we don't want to have another (we have a 3-year old boy already) - mostly because we don't want ***another*** baby, we wanted **THAT** baby. And though I haven't changed my mind, I do feel like I'm pining for that father/daughter relationship that I'm now never going to have. I know there are plenty of other people who will never have a Father/Daughter Relationship - but I feel like I potentially had it there, and it was taken away.

For work I manage a Student Accommodation, and in the last month or so we've had all the new students moving in - and so many of the lads just drive up on their own and move in. But the girls, more-often-than-not have their Dad with them - and the Dad is quizzing me on Security of the building, making sure the room is perfect on arrival for their daughter, taking them shopping for food etc. Just looking after their daughter, and its lovely but also killing me inside!

Sorry - I know it's a bit depressing, and I apologise if it has brought up similar feelings for other peo"
,1," of the building, making sure the room is perfect on arrival for their daughter, taking them shopping for food etc. Just looking after their daughter, and its lovely but also killing me inside!

Sorry - I know it's a bit depressing, and I apologise if it has brought up similar feelings for other people. I think I just wanted to anonymously jot down how I'm feeling just to get it off my chest! Now I just need to decide if I speak to her about it, or family, or just bottle it up and hope it passes!"
,0,"my denim day...

[removed]"
,0,"Blocked this memory but not I wonder

M49 now. When I was 14/15 I worked at a water park. So this was back in the 80s. I worked housekeeping there. The storage closest was a place to hide and take a break. My boss was a woman over 25, but I'm not sure. One day I'm sitting in a chair and she sits in front of me. She's telling me something, who knows what, but she places her hands on my thighs. Eventually her hand in up my shorts feeling me up. I didn't want this. I was in love with my girlfriend at the time. I grew up in a very conservative family. She did this 2 or 3 more times. Then she left, maybe fired, I don't know. But, after that I struggled with relationships. I lost interest in a lot of things. Now struggling with PTSD which I'm thinking this was the beginning event. Was this sexual assault or just something that happens growing up? I'm trying to find that point this so started so I can let it go."
,0,"missed miscarriage

Yesterday I went in for my 8 week scan, and the ultrasound techs told me there was no heart beat. 
Words literally cannot describe the pain and grief I feel for myself, my baby, and my husband. I would’ve been a first time mum. Please anyone if you’ve experienced this, give me hope. Because I don’t know how to get through this. I want my baby. I don’t want to be pregnant again, what if I have to go through this again? I’m so scared."
,0,"My favorite song in support of the meToo movement

I understand this world can be painful for women.  I think this song portrays a good feeling towards those that wish to find comfort:

&amp;#x200B;

[https://www.youtube.com/watch?v=cUfIKX5ReKQ](https://www.youtube.com/watch?v=cUfIKX5ReKQ)"
,0,"No heartbeat at 11+7 weeks

I lost my 1st child yesterday at 11+6 weeks. We went for 12weeks npt scan when doctor told us that its heart stopped at 10+3 weeks. She said it has some chromosomal defect for sure. 
It was my 1st pregnancy via ivf. 
We then met our obgyn and decided to get d&c done yesterday itself and send samples for chromosomal testing. I was dreaming of seeing my moving baby in our scan but instead got the bad news. I was also wearing the same dress I wore on my embryo transfer day. I brought him home wearing that dress and had to leave him back in the hospital wearing the same dress. 
I had severe nausea with 10-12 times vomiting a day. I also had to put in iv drip a few times. And today suddenly my nausea is gone. I can stand the smell of things I couldn’t till yesterday and start sobbing because of this. Everything reminds me of him. 
I saw my husband cry for the 1st time yesterday. I’ll put up with 10times worse nausea and vomiting if I could somehow bring my baby back. I wish I could see him and watch him grow. I wish we didn’t lose him.
I am sorry I just had to vent somewhere.

EDIT: Thank you everyone for the love and support. I am very fortunate to have a set of very understanding and supporting family and of course husband. I am trying to be strong for my husband especially which I find is extremely difficult. I am taking it one day at a time. I just hope this grief ends someday and I am blessed with a child again."
,0,"Obsessing over trying to conceive

So, I lost my baby around 5 weeks. Very early and was my first pregnancy. I cry and obsess over watching TikToks on the topic of miscarriage and trying to conceive. I feel like I am grieving by just trying to get pregnant again. I’m on the Flo app and obsessively testing. I feel like I have lost myself in this."
,0,"My [38f] SIL [32F] is upset that she named her son the same name as my dog.

My previous dog passed away last year. When I got him, I named him “Jasper” because he looked like a “Jasper”. When he passed away I was devastated. After several months, I got a new puppy and named him “Jasper”. I’ve grown attached to the name at this point. 


My SIL just had a baby and named him “Jasper” as well. When she found out my dog’s name is also Jasper, she got really angry and upset. I’m not sure if it’s the hormones, but she completely overreacted and called me names. I got my puppy first and named him first. She never told anyone of possible names she was planning on for her son, so how was I supposed to know she was going to name her son the same name as my dog? I’m not sure what to do right now. She went on Facebook and ranted about it so most of my family knows about this mess. One of my cousins called me and laughed about it. It’s ridiculous right? I’m not a mind reader. How was I supposed to know she was going to name her son that? My parents love to see my puppy and they know that I named my puppy “Jasper” so she must not have told my parents or they could have warned her in advance. 

I’m not sure what to do now. I won’t be changing my dog’s name as that name is significant to me so don’t suggest that. My brother hasn't visited me in the past year as we live 4 hours away from each other. So I don't think he knew that I named my new puppy ""Jasper"" again. Personally I also don't really see what's the big deal either. So what if they share the same name? It's not a big deal. 
  
**tl;dr**: SIL is upset that she named her son the same name I gave my dog."
,0,"Naming the lost baby

This might sound small, but it’s something I’ve been struggling with in my mind, and I wonder if anyone else has felt something similar or has advice.

A little over a month ago, I had a late miscarriage. We knew it was a girl. Even though we had a few names written down, in the last weeks we had almost settled on one that is very special to me a name I’ve always dreamed of using. It wasn’t fully decided, but in my heart I had already started imagining what it would be like to call her that once she was here.

When we lost her, we never used a name for her. Our LC calls her “lillasyster,” and that’s also how we speak about her. But I keep feeling torn. On one hand, I feel sad that we never gave her a real name. On the other hand, I would also feel sad if I couldn’t use my dream name in the future if we were to have another girl.

Has anyone been through something similar?"
,0,"“You’re only going to therapy so you can talk bad about us!”

When I was a child (around 9-10) I felt really depressed and angry, and I didn’t know why. At this point in my life, I had bought into the gaslighting. Everyone kept telling me how “great” my parents were (if you didn’t live in our home, I can see how you’d think my parents were okay. They kept us fed and clothed and bought toys and such for us often, but looking back I can see that it was all an act. They were, and still are, obsessed with looking like a happy, wholesome family in public, which is why I was actively discouraged from telling anyone anything about what I went through at home, especially school counselors, teachers, or other parents.)

My parents ignored how depressed I was for years. They tried to convince me that I was choosing to be sad, that I was lazy, that “depression doesn’t exist! You just need to learn how to cope!” My mom, having experienced panic attacks when she was in her 20’s, tried to tell me how my anxiety wasn’t even bad compared to hers (like she can experience my anxiety just by looking at me) and that I needed to just “be happy, get outside, and get off the video games!” This scared me, because video games were my only form of escapism as a kid. Whenever my parents started screaming at each other, my brother, or I, I would play Animal Crossing or Pokémon on my DSi and try to tune them out.

Eventually, my parents ended up seeing how bad my anxiety and depression actually was when I started biting my wrists and knees, and digging my nails into my arms whenever I got upset, causing them to bleed pretty badly. I’ve talked before in this subreddit about how I used to intentionally get hurt as a kid, but that was reserved for school sports and the occasional dramatic trip down the bottom two stairs with my friends. This was something else. Those things were planned out, but when I got upset, it’s like I blocked out any ability to think and hurting myself was the only thing I could do to relieve the anxiety and anger.

My mom sat me down, and explained to me that I was making her upset when I did that, since she had a friend in high school who used to cut herself, and that it was selfish of me to make her feel like that again. She told me that I was making them look bad when I went to school with all those marks in my body, and that people would start asking questions, and that I was “making them look like bad parents.”

I told her that I wanted to go to therapy. She"
,1," it was selfish of me to make her feel like that again. She told me that I was making them look bad when I went to school with all those marks in my body, and that people would start asking questions, and that I was “making them look like bad parents.”

I told her that I wanted to go to therapy. She was very hesitant, but eventually agreed to send me to therapy if I stopped being depressed(?). I agreed, managed to fake being happy around them for a couple weeks, and then eventually started going to a therapist.

My therapist was extremely soft-spoken. I don’t remember most of what we talked about, since I was too scared to get into any actual details about my home life, and just talked to her about how school was going and things like that. She let me draw when I was there, and said that when I get upset, I should try to draw how I’m feeling. I thought it was stupid advice at first. The kind of thing that my parents made fun of therapists for saying. But I started doing it and it really helped me. I eventually stopped hurting myself and picked up a sketchbook whenever I was upset. Sometimes I would draw myself crying, sometimes I would just maniacally scribble all over the paper. I credit that therapist with sparking my interest in art and drawing.

My parents were not happy about this. They saw my sketchbook, full of sad and angry pictures, and told me that it was making them upset and that I shouldn’t carry something like that around with me, because it would “make them look like bad parents.”

Then, they started getting angry whenever I got back from therapy. They would grill me about what I told my therapist. If I didn’t want to tell them, they would get even angrier and accuse me of talking bad about them to my therapist. I eventually told them that I didn’t want to go back to therapy anymore, and they told me how relieved they were that they didn’t have to pay for it anymore.

11 years later, and I’m considering going back to therapy. And this time, I WILL talk bad about my parents. I will not be scared to speak up about my abuse anymore. This subreddit has proven to me that there ARE people out there that believe me and want to hear my side of things. Who won’t shame me for what I went through. 

Thank you to everyone in this subreddit for helping me see that my situation deserves to be spoken about, and that I shouldn’t be scared or ashamed of seeking help."
,0,"Either a chemical miscarriage or false positive the day my best friend found out she was pregnant

I took a pregnancy test this morning and it was a faint positive. I was so excited! I had an early miscarriage last July, and was just so happy to see that double line again. I texted my best friend and she found out she was pregnant today too!!!! I was so excited by the idea of us being pregnant together. I couldn’t stop texting her. And then I went to the bathroom later that day, mid afternoon, only to find I had started my period. So this was either a chemical miscarriage or a false positive on the test. I am overwhelmed with sadness over the fact that my best friend and I won’t be pregnant together at the exact same time, and now I’m trying to be supportive and happy for her, but inside I am devastated. She is understandably excited and can’t stop talking about it. I just am crying inside faking a smile. Idk how to handle this rn."
,0,"Am I  wrong for wanting my teen to move out after he graduates ?

Should I feel bad about wanting my kid to move out when he graduates?
He is extremely lazy and disrespectful, I get teenage hormones but calling me a slut and a bitch are a solid no. He doesn’t like to help with chores and when he is asked to pull his weight he meets me with insults and disrespect. 


I’m a single mother and still would like to go on and get my masters and he doesn’t want to go to college or work really. His grades are never where they need to be, he doesn’t turn in work when it’s due because he rather be out with his friends or laying around on his phone.
I feel like he wants to mooch until he can because that is the example he got from his dad and his uncle. He doesn’t save money despite my best efforts to teach him financial literacy- adding him as an authorized user to my accounts and opening up investment accounts for him.


He got himself into a 700$ a month car last year (again- grandparents on his dads side did this without my permission, and when he couldn’t afford to pay I was made out to be the bad guy for not helping, I never agreed to help and I never even got the courtesy of a phone call from them letting me know what they were getting my kid into) the car eventually got repoed. Prior to this- I told my son I wasn’t ready to buy him a car until he was 17 as driving is a privilege – I was willing to save and buy him a new jetta- baseline, just so he wouldn’t struggle with a clunker- but being so rash he got himself into the expensive car and proved to me that he wasn’t responsible enough to even drive- he didn’t finish driver’s ed and completely disregarded my efforts to get him his learners permit.



I feel if I continue letting him live with me after he graduates he will continue down this road, despite all of my efforts to teach him good habits he is extremely defiant- his dad has so much negative influence on him- whenever I’ve called the dad so he can intervene when his kid calls me a POS he hangs up on me. I once had to call the police to intervene because he pushed me. I became a mom at 16 and gave up so much of my life, I don’t have any family in this state, I’ve only stayed here –my kid is close to his grandparents and I didn’t want to be selfish and take him to a city where we would be alone. My plan Is to rent my home ( a home I bought so my kid can inherit when I die) when he graduates and pursue my dream of living in  NYC as I’m a remote worker and"
,1,"I’ve only stayed here –my kid is close to his grandparents and I didn’t want to be selfish and take him to a city where we would be alone. My plan Is to rent my home ( a home I bought so my kid can inherit when I die) when he graduates and pursue my dream of living in  NYC as I’m a remote worker and eventually enroll in a masters program. However, I do not want to continue being verbally abused by an 18 year old . Am I wrong for this? I’ve lived a very hard life and feel that I owe it to myself to make this move. What do you all think?"
,0,"TW saw something I couldn’t handle

I took the abortion medication last night. I’m 25 with two children(6 & 1). Well while I was passing everything, I felt a clot come out so I went to change my pad. I saw the fetus. Completely intact. I started panicking and was in shock. I was home alone while my man was picking up my pain prescription. I literally couldn’t comprehend or admit to myself what I saw. I was hysterically crying pacing around my house. When he got home he confirmed I saw what I thought and man I feel like shit. I was crying for hours feeling like a monster. I’m having such a hard time now. I couldn’t sleep last night and I woke up immediately thinking about it again. I don’t know what I’m looking for posting this but I have to talk about it.. I’m not sure how it works on here but please keep any rude comments to yourself."
,0,"Started trying and crying again

So it's my first cycle past my MMC. My period just ended so we're starting to have unprotected sex again.

I read that a lot of women go through the first cycle post miscarriage with a lot of issues mental health wise. Maybe that's why the period occuring itself didn't cause me too many emotions. I was prepared for it in a way.
What I wasn't prepared for was the end of it and actual trying. Again.

Last couple of days I've been very low mentally, a lot of crying and thinking about the loss. The potential due date that won't happen. Thinking how far head you'd be now. Of course sprinkle some pregnancy annoucnements or pregnancy photoshoots here and there sneaking up unannounced.

We had sex yesterday for the first time that was unprotected.

And after it I just started crying. No, it didn't hurt, I wasn't in a physical pain by no means. But mentally I just I think lost it. 

All the BBT tracking, lhs strips, Cervical mucus checks, having 'intentional' sex, duphaston, waiting, pregnancy tests.

We're back to square one. And it hit me like a ton of bricks. 

This journey is nothing but brutal and difficult."
,0,"My dog killed our neighbors dog

For context the neighbor who’s renting the house next to me for a few years hasn’t gotten along with me due to petty little things, for example our car parked on the road. We don’t have an hoa, and we own our house (24 years). Now fast forward, we have a gated backyard with two German shepherds. They have free access to the back yard and can open the back door (house door) independently. So anyhow the neighbors dog who always barks and runs the fence line, one day it got in. Our dog killed it. The neighbors comes running over and saying she doesn’t know how it got in our back yard we have it on our front door camera, “Can you check your back yard we think our dog got into your back yard”. She called animal control and stated that our dog pulled her dog through the fence (no holes). Animal control comes they ticket me 1300 dollars for public nuisance, violation of potentially dangerous dog, and animal at large. I immediately stated these are incorrect as my dog was on my property in my gated backyard. They wanted me to cage him in a cage with a roof along with a muzzle on when he’s in his own back yard that’s already gated and secured with locks. Court date comes, I haven’t paid (refuse due to incorrect ticket). I take witnesses who include other neighbors, a new roommate, and a few family members who are grown out of the house who stated he’s a well trained dog who also gets tormented by the said neighbor through fence but poking with sticks, kicking fence ect. They have witnessed these actions with their own eyes although we don’t have footage. Judge asked if I pled guilty to tickets or if I’d like to attend trial. Of course I choose trial because my dog again was secured safely in my yard with beware dog sign and no trespassing sign. The day after first court date animal control placed an order to cease my dog with the state. However this time there is a new cause number and new judge as before (assumed new case). The state says they enforce the tickets and orders (collectors). Next day, after receiving the order to cease my secured dog I called animal control to speak with supervisor. Was told she refused to get on the line due to being on the other line for the rest of the day (hours before they close). I also contacted the city to get more information and they told me that they are separate entities and that they are just the collectors/enforcers. I also have been told throughout the case that I have not been cooperati"
,1,"e to being on the other line for the rest of the day (hours before they close). I also contacted the city to get more information and they told me that they are separate entities and that they are just the collectors/enforcers. I also have been told throughout the case that I have not been cooperative, but since it all started in April I have emailed the city, called and given them everything they have requested. Only thing I have not technically complied with is the improper containment of my German shepherd who needs to run and have space in his gated back yard, and not muzzled him on his property. Also I refused to pay the fines due to the improper ticketing. 

Now there is no evidence given, all hearsay, I haven’t received any information on what to do or how to resolve this. I don’t have anything to prepare for court due to refusal and lack of communication from the state and animal control. I only can go off of tickets and the few little information I have had to pull from bits and pieces from my extensive calls and questions. 

Also important information is the animal control guy that wrote and pushing all these tickets have since been fired (no idea why or what happened) 

So my question/questions are:
What can I do?
Can they take my dog? 
Can they question the whereabouts of my dog?
Do I have to surrender my dog? 
Do I have to pay the fees?
How do I appeal?
How do I get my copy of evidence submitted to court? 

Can they solely go off of hearsay like they have? 
Any advice would be great as we are all broken and love our family pet. (Our daughter has been in and out of hospitals for mental health and she relies on him)"
,0,"Sexual harassment-ish behavior at new job. How do I advice?

[removed]"
,0,"My Story

[removed]"
,0,"Tailbone Pain After D&C

I had my d&c on Friday, 6 days ago. 2 days ago I noticed this weird tailbone pain. I haven’t fallen or hit the area. Has anyone else experienced this from a d&c?"
,0,"My grandfather had a 4 year old daughter before he died. My whole family wants to send her to an orphanage. I said I’ll take her and now everything in my life is upside down.

Hi. I’m 23M, and this week my entire life changed.

Three days ago, my grandfather passed away. He was 78. He had two kids: my mom and my uncle. I’m the youngest in our family, or at least I thought I was.

My family is very big.

During the wake, a huge bomb dropped on all of us. It turns out my grandfather had a four year old daughter. With a cleaning lady who used to help him around the house. The woman is gone and no one knows where she went. The girl’s name is Lenka, and she’s tiny, quiet, and completely alone. And everyone in my family hates her.

At the funeral, nobody would even look at her. I saw her curled up in the corner of the room, like she was trying to disappear. And the only conversation anyone had was who’s NOT going to take her. They all agreed she should be sent to an orphanage.

I don’t know what happened to me at that moment, but I snapped. I walked over to her, knelt down, smiled, and asked, Would you like to live with me?  
She didn’t say anything. Just slowly nodded. And that was it.

That night, Lenka came home with me. She had been staying with my cousin for a few days, and Nika handed me her health card and basically said good luck. I’m a 23-year old guy living alone in a small apartment in eastern Slovakia. I work from home. I pay rent. I’m not rich. I’ve never raised a child. I’m still an external university student. I go to school on weekends. But she came with me. And she’s been here since.

That night she didn’t say a word on the car ride. I showed her my apartment, gave her food. She barely reacted. Later that night, while I was trying to sleep… I broke. It was 2 a.m. and I was crying like I haven’t cried in years.

I kept thinking: What the hell am I doing?  
How can I raise a child when I’m just a kid myself?  
My family won’t help. Everyone will judge me. She’s not even technically my niece she’s my aunt.

(Yeah. That part’s wild. She’s my mom’s half-sister. Which makes her my aunt. But she’s 4.)

I couldn’t sleep at all that night. Around 3am we had a little accident, she wet the bed. She didn’t cry. She just tried to hide the blanket like she didn’t want me to find out. My heart cracked in half. I told her everything’s okay and helped her clean up.

In the morning, I explained we needed to go shopping for her things. We walked to the store only "
,1,"little accident, she wet the bed. She didn’t cry. She just tried to hide the blanket like she didn’t want me to find out. My heart cracked in half. I told her everything’s okay and helped her clean up.

In the morning, I explained we needed to go shopping for her things. We walked to the store only 5 minutes away, but it took us 15. She was trying to be independent and didn’t want to hold my hand. But on the way back, she was so tired she almost collapsed on the sidewalk. I asked if I could carry her, and she said no at first but after a few more steps, I picked her up anyway. She looked annoyed, but didn’t resist. We made it home.

I made her breakfast (thank you to the friend who gave me ideas), then told her we had to go to some offices so I could become her guardian.

I thought I’d just drop off the papers. Instead, the whole process started immediately.

It was chaos. I brought every document I had, my ID, death certificate, her health card, a letter I wrote asking for emergency temporary custody. But when I got to the child services office (ÚPSVaR), one woman… tore me apart.

She was cold and cruel and basically called me a stupid boy to my face.  
You’re just a kid.  
You can’t raise another kid.  
You don’t even have rights to her.  
She’s better off with her mother.

And she said all of this in front of Lenka, who was sitting quietly in my lap.

I looked down and saw tears running down her face. At first, I didn’t even notice just felt her little body trembling. She was crying silently.

I gently apologized to the woman, stood up, and said we’d come back later. I took Lenka outside and walked her to a little ice cream shop nearby. We sat together in silence. I explained we’d have to go back and talk to the mean lady, but I promised I’d stay with her the whole time. She nodded.

Back inside, the woman didn’t get any nicer, but she did explain what would happen next. Basically exactly what I had read online: social workers will visit us. They'll try to contact her mother. If they find her, she may get legal priority. But I’m going to fight this. Because if that woman abandoned Lenka once, she’ll do it again. And I won’t let that happen.

Now it’s late again. I’m completely drained. And I need to say this somewhere: I love this kid.  
I’ve known her for three days and I’d do anything to protect her.  
But I’m falling apart inside.

I work from home, which is the only reason this is even possible. But on weekends I go to university, and I’ll probably "
,2,"in. I’m completely drained. And I need to say this somewhere: I love this kid.  
I’ve known her for three days and I’d do anything to protect her.  
But I’m falling apart inside.

I work from home, which is the only reason this is even possible. But on weekends I go to university, and I’ll probably have to give that up. There's no babysitting culture here in Slovakia, especially not in a small town like ours.

I’m selling my motorcycle so I’ll have more money for her.  
I’m terrified I’ll never find a girlfriend because what 23 year old wants a boyfriend with a 4 year old?

I feel like I traded everything I used to be… for someone who deserves a better life. And I don’t regret it.

But I’m scared. And tired. And trying not to break.  
I don’t even know why I’m posting this. I just needed to let it out.

If you read all this… thank you. Really.  
And if anyone’s been through something similar any advice would mean the world."
,0,"Still Testing Positive Anxiety

I am currently in the process of my first miscarriage (or chemical pregnancy, more accurately). I began bleeding exactly a month ago, at approximately 5.5 weeks gestation, and loss was confirmed via blood test a few days later. I'm still testing faintly positive, and while my HCG has been going down, it's making me anxious that it's going down so slowly considering that the loss was so early on in the pregnancy; my HCG was on the low end to begin with so it didn't have that far to fall. I had a ruptured ectopic pregnancy (strangely with zero symptoms other than moderate bleeding that I mistook for a miscarriage for nearly a month) a few months ago and lost a tube, so I have a lot of anxiety that it's happening again or that it's something else like a molar pregnancy. 

Has anyone else had a very early loss and still been testing positive a full month later? If so, when did it finally stop testing positive, or did it turn out to be a complication? I'd be grateful for any of your experiences, good or bad, if you are comfortable sharing. I'm currently under observation of an OB and getting blood tests weekly, so I'm not using this in place of medical care. Just seeking other people's experiences."
,0,"First period after second miscarriage

Hi guys! I want to start off by saying I'm really sorry if this comes off as confusing. I'm hiding in our spare bedroom at 4AM trying to not wake up my husband by my crying. 
I, 24f, recently had my second miscarriage. My first pregnancy ended in miscarrage mid June of this year, when me and my best friend found out we were both pregnant within the same week for Fast forward to mid/end August(i just don't remember anymore) and I find out I'm pregnant again. Just when I felt like i was going to be ok from the first one. I wrote my husband a note to tell him, telling him how excited I was, just for the same damn thing to happen again. Mid September I had the second miscarriage. I went to the Dr and they confirmed via ultrasound and labs that everything had been passed. Here i am now, October 16th, at 4 AM, and I have been having my period for a week now. It's had chunks in it, and has been extremely painful. Im not bleeding a lot, but normally my periods are about 4 days long. And I've had to take ibuprofen every 4 hours to function. I can't sleep. I haven't been able to sleep for a week. What is going on? Is this normal after miscarriage?
I'm sorry, I'm just exhausted. I feel broken. I feel irredeemable. I thought I was okay. Im sorry to go on and on, I'm just so sad."
,0,"I (36m) caught wife (32f) sending nudes to another guy.

TL;DR Wife caught sending nudes, I don't think I want a divorce. I'm asking for advise on how to proceed.

Throwaway of course.

Don't think I can speak to anyone I know about this (yet). So here goes internet;

Married 5 years, together 11, no kids. I thought we had no martial problems..

Yesterday I (36M) went on to my wifes (32F) phone and was looking through her photos. I found one took the day before of her nude.. I was super surprised as I hadn't seen it before so checked her messages. She had sent it to a customer from her work (she works in a gym), the pic was preceded by a text from him asking her to ""cheer me up"". There were more messages too but I didn't read them, except for seeing they all ended with lots of 'xxxx' kisses. I confronted her straight away, throwing her phone on the bed. She picked it up, deleted the conversation and was super apologetic telling me she loves me, etc and that she made a dumb mistake.

She said she has been texting him for around 1 month, and just got caught up with the attention. Apparently he has a girlfriend, has never sent my wife a nude, and this was the first one she had sent him. She told me that she hadn't met up with him outside of work, never physically cheated.

She's currently at work and is due back in a bit, where I plan to ask her to give me her phone, because I googled recovering iPhone messages and it says it can be done within 30 days. If she refuses this I think I will seriously consider divorce. Part of me doesn't want to read the messages between the two of them but I feel like I need to see exactly what was said before deciding what to do. I don't think I believe her that it was the first nude she sent.

Afaik she hasn't done anything like this before, except for around 1.5 years ago when I got jealous because she was sending messages on instagram to a gym training partner in the early hours in the morning whilst drinking with her sister. The conversation was deleted by the time I saw it but the pic I did see and was innocent. I just didn't like the fact that she was conversing/messaging a guy in the early hours of the morning, but we moved on from this.

I know its easy to say just get a divorce etc but life is complicated. I don't want to just end my marriage and myself behaved a bit shitty when I had a crush on her sister, around 2.5 years ago. I got quite close to her sending messages/snaps but never did or said anything inappropriat"
,1," from this.

I know its easy to say just get a divorce etc but life is complicated. I don't want to just end my marriage and myself behaved a bit shitty when I had a crush on her sister, around 2.5 years ago. I got quite close to her sending messages/snaps but never did or said anything inappropriate, and neither did her sister. My wife eventually got sick of how much we were messaging and blew up at me. I now keep a distance between myself and her sister.

I would like to move on from this but not sure how. I think I want a clear understanding of an open phone policy. I want to know who he is, because I currently have no idea. He has no social media (..shock). I train at my wife's gym and if I saw him my blood would boil but I think if he was talking to me and I didn't know it was him that would be worse. Not sure what else I can suggest. Maybe relationship counselling? I have actually mentioned this in the past and she didn't want to do it. Is there any coming back from this? Does anyone have advise who has been in similar situation, and if/what they did and changed to make it work?

Feeling sad. :("
,0,"3 months wait after MMC?

Me (F31) and my partner (M39) recently had a MMC (baby stopped developing at 6W2D, my body naturally miscarried at 9W5D), this was after a chemical pregnancy in May. At the US to confirm the MC had completed, the midwife mentioned they recommended 3 months before we try again. The thought of waiting 3 months has me panicking a little. I just wanted to hear if anyone else's medical practitioner recommended the same, I.e. is this a serious guideline that I would be silly to ignore? Thank you."
,0,"Feeling Lost

I had my miscarriage on July 16, 2025. It was so fast. I was in my house and just started bleeding; it didn\`t hurt at all. Then the sac just fell, like a blueberry. 

I cried for days; I couldn\`t process. I have PCOS, so I was so excited that my body finally started to work again, especially since I did everything myself, changed my lifestyle, and started taking vitamins. I was so proud! My HCG test was already negative 1 week later.

I tried to take things easy, and on August 28th, I started having some spotting, hoping it was my period, since it lasted for 5 days, it was super light, not enough to dirty a pad, but I was trusting the process. Now, on September 18, I started spotting again, this time heavier; now I believe it\`s my actual first period coming up. 

I don\`t know if I should be happy or not. I\`m just sad. I don\`t know if the body is recovering or not. I just feel lost.

  
Does anyone else felt/feels this way? Or have any tips?"
,0,"Chemical Pregnancy

Hi I had an ivf chemical pregnancy and started bleeding on 23rd September still ongoing.
It’s very light and I don’t need a pad for it but when should i expect it to end?It has been 16days already.
I don’t have any cramps and hcg is below 5."
,0,"Is this sexual harassment?

I (18) work at a grocery store. A guy (60) that works in the meat department is known for being a little creepy. he was demoted from his last position for being “creepy” and was moved to our store. 

today, he was standing behind me and fixed the tag that was hanging out of my shirt. he didn’t even ask he just did it. my shirt has definitely a lower neck line, not super low but a bit of upper back was exposed, not just neck. it felt super creepy because he is older than me by a lot, i barely talk to him unless i’m making his coffee, who just fixes someone’s tag without asking? 

last weekend he also made a comment calling me “his favorite”. mixed with this incident it gives me the heebies. 

i reported it to my store director and they’re taking it to HR which is nice. i can’t help but feeling embarrassed that this happened to me/ also feeling like i overreacted because it could seem totally innocent."
,0,"Me Too

[removed]"
,0,"Harsh reality of waiting

I lost my baby when I was 17 weeks and 6 days.
I had been allowed to go home on Friday the 26th and able to wait until Monday. I had avoided the hospital, doctors, I was in fight or flight. None of me wanted them to take my baby, I wanted to keep baby as long as I could. Which, now I regret. Yesterday on the 2nd I came into the hospital and they gave me two doses of misoprostol (vaginally). 

The cramping started within two hours, and after my second dose at 6pm an hour later my water broke. The pains weren’t too bad, I was able to sleep through them. I denied the third dose and midnight, and then at 3am I felt a hard pressure below. I could feel myself passing tissues. I ended up birthing baby and the placenta with no issues. But, due to me waiting, my baby had started a process that happens after life. TW!!! Graphic: my baby was born with no bones due to sitting in the amniotic fluid for so long, according to the nurse baby has “no identifiable features”. The only thing that was discernible was my baby’s small little hands. 

I wanted to be able to hold my baby, but my baby is nothing but…a mass? I’m honestly devastated. No one warned me that would happen, that my baby would start to essentially decay inside of me. As of right now I’m on two antibiotics. One for general infection and the other for sepsis just because of the fact baby was sitting like that inside of me. The funeral home is coming today to prepare baby for cremation and to run some tests on baby, try to find out cause of death, and determine baby’s gender. I am so mentally exhausted. I hate everything about this situation. I am angry at the world. I loved my baby so dearly. But now it’s time for them to rest. 


If you are going to choose to wait, just know that when you do eventually birth your baby…that baby might be nothing more than goo. No one told me that, they just told me baby would look “different.” Please, stay safe."
,0,"Mife/Miso tomorrow. Terrified of hemorrhaging and needing emergency D&C

Hi there.. 

I am 8+4 but measuring 6+2.. confirmed with 2 ultrasounds. Missed miscarriage. I also have ashermans so I was advised to do mife + miso. I'm devastated but mostly terrified I will hemorrhage and need an emergency D&C, resulting in making my ashermans syndrome even more severe. 

Is there anything I can do to prevent hemorrhaging? Is there anything I should look out for?"
,0,"Just found out I miscarried. First pregnancy. Don’t know what to do.

I thought I was 11w1d today. Went to get my second ultrasound. The tech was very quiet, baby wasn’t moving, and she said the baby was measuring 8 weeks 5 days and there is not heartbeat. I’m absolutely devastated. I’ve only had light brown spotting this past week. Only just started having cramps today. I was given the option of naturally passing the baby, taking medicine, or D&C. I genuinely don’t know what to do. My OB said I can try taking the medicine, but it might not work because of how far along I was. I’m leaning towards the D&C, but I’m very, very scared. I’ve only ever been put under to get my wisdom teeth out (and I actually woke up towards the ends of that which was traumatizing). I seriously don’t know what to do."
,0,"Scared of D&C - how long before stopping progesterone?

I'm on cyclogest and am going in on Thursday for a scan to confirm MMC. I'm looking for guidance - how long before your D&C did the doctors tell you to stop with progesterone? I'm freaking out that I could start miscarriage over the weekend if they want me to be off progesterone for a few days :("
,0,"How do I tell my wife (37F), who has BPD, that she is losing me (37M) and our 9 and 11 year old?

The basic backstory is my wife has BPD,, anxiety and depression. Over the last 3 to 4 years she's gotten progressively worse. She's at the point where she can hardly hold a job, doesn't help with any household tasks, doesn't interact with our kids, and has no interests except smoking weed and chatting with dudes on snap because ""it makes her feel better""

Big kicker, last July, she offered my minor neice weed AND sent her a link to a NSFW kink test. CPS obviously got involved, police, etc. I was cleared instantly, she admitted to everything had zero repercussions. It's like it gave her free reign to do whatever she wants. 

I held my daughter Monday night while she cried to me about how she wished her mom cared about her as much as her mom cares about her friends. My son straight up said he'd rather spend his holiday break with his grandparents if she's just going to sleep and not hang out with him. They're hurting, we all are.

When CPS came around, she took off, said she was moving back to west coast US. Her brother convinced her to turn around and come back here. I'd file for divorce, but I know she's sick, she goes to therapy (finally). I have a lawyer on retainer and papers have been ready since August to serve.

So twofold. How do I approach her with all of this. She needs an ultimatum at minimum, but she'll just shut down. I've read the books and talked with therapists and everything we've tried to do to get a conversation going fails. It's beyond time she hears how badly her kids and I are hurting. 

Or do I skip that and just file? CPS already failed them once, even the police were amazed she was cleared after admitting everything, and since she was cleared all they could do was a counter ticket for the weed. I cannot get sole custody as a male in my state, my lawyer has said as much. I can just imagine the hell they'd have, even limited time with her. 

It's all screwed up. Anyone else ever been in something like this? Or have anything? I'm at wits end. 

EDIT for readability and clarity

..................

Update : Went to talk with her when she got home. I didn't just come attack her with accusations, but chatted for a few minutes. Then asked if we could have a conversation about the kiddos, and some things they'd told me about how they're feeling. I said one thing: ""They said theyre confused about what's going on, and don't feel loved like they u"
,1,". I didn't just come attack her with accusations, but chatted for a few minutes. Then asked if we could have a conversation about the kiddos, and some things they'd told me about how they're feeling. I said one thing: ""They said theyre confused about what's going on, and don't feel loved like they used to."" She shut down instantly. Sat in silence for a few minutes, told her I'd really like to talk because im worried about them and got hit with ""you're just mr perfect. I might as well just go back home. None of you need me, obviously. Just leave me alone."" 

I'll be changing a few things on the papers tomorrow and have my lawyer file."
,0,"Christian and wanting abortion

Hello, 

I have no desire to be a parent and there are many other things I want to do in life before settling down with a child. I have no family support and child care is expensive. I want to be able to spend time with my partner and not work opposite shifts to support a child. I am 5 weeks pregnant 

Went to the abortion clinic yesterday and cried and walked out not deciding. 
I’m struggling because I’m a Christian I believe that Jesus has come and died on the cross for my sins and has mercy. Do certain sins bear weight or is sin a sin?

I really dont want to be a parent. I’m the oldest of 4 and was a parent growing up for my siblings. I enjoy freedom.

Do any other Christians struggle with this? Are there any Christian’s who have had an abortion and were happy with their choice?"
,0,"Anyone else’s husband not want to try again right after loss?

My husband and I were loosely trying for a baby after getting married- not to the point where we were tracking everything exactly, but just dropping all forms of preventative measures. We were so lucky and excited to get pregnant on the first try and I found out at what I thought was 13 weeks that the baby stopped growing at 8 and didn’t have a heartbeat anymore. This MMC has absolutely been devastating for us, and all I can think about is how badly I want to be pregnant again. My husband wants to wait until next year and I of course will be respectful of his wishes, just wondering if anyone has any advice on how to go on during this dreadful wait. I thought we might both be ready again and after thinking it over he isn’t. My hormones are still all over the place and I haven’t tested negative yet from my D&C weeks ago, so I am just way too emotional right now!"
,0,"UPDATE: I (20F) found explicit child pornography on my boyfriend’s (27M) phone.

It’s been a long night. Thank you all for staying patient. Also this will be an immensely long post, so buckle in.

First off I just want to say thank you for the massive outpouring of support and love. I’m still trying to work through all of your PM’s because I’d like to respond personally to each of you who were kind enough to send me loving words of support. I have been pretty overwhelmed by the amount of people who have commented and through reading every last one of your thoughts. I never imagined this post would gain nearly this level of traction and visibility and it’s my hope that if I can provide some description of the course of legal action taken and what advice I used from Reddit users, other unfortunate partners who stumble upon CP and find this thread (at least in Canada) will have some idea of what recourse they can take.

I also want to state that for anybody who doubts the validity of my claims, I understand. This is an absolutely fucking insane sequence of events and as much as I wish I had the energy to make something like this up for some arbitrary Karma, I don’t. To provide proof I have sent photographs of identifications and the related arrest paperwork to mods and have worked with them to verify all of what I have written.

Yesterday I was picked up by my best friend Alex around 2:30. We drove around and talked for a while. I went to school, discovered it was closed (my scatterbrain completely forgot about spring break) and then we went back to his house to discuss all of the comments you had been leaving and come up with a course of action. We drank, talked and after a few hours took a short break from staring at my phone to play some apex. 

Alex dropped me back off at my house around 930. David was home, in my room, and immediately I noticed how he was exceptionally quiet and distant. He said he had to admit something to me. I prepared for him to admit to possessing CP but instead he told me about how he had taken some photos of me sleeping; he felt really embarrassed about it but he just didn’t know how to bring it up. I feigned surprise and asked him if he had anything else on his phone he wanted to admit to me. He  said no. I asked him to look me in the eyes and tell me that, and he did. I don’t know why I was hoping so badly that he would be honest with me about the CP but I really thought he’d admit to it then and there. Instead he admitted he ha"
,1,"e had anything else on his phone he wanted to admit to me. He  said no. I asked him to look me in the eyes and tell me that, and he did. I don’t know why I was hoping so badly that he would be honest with me about the CP but I really thought he’d admit to it then and there. Instead he admitted he had been feeling suicidal the last few months but didn’t think he would act on it. He asked me if that changed my perception of him and I said no. He grew quiet again and I left to go shower. When I came back he was getting changed and said he was going to walk for a bit and grab some food. It was about 1030 at this point. When he left, I finally lost it and broke down. I grabbed my cat and hugged him and cried and cried and cried. I was so tired and wanted to shut my brain off so badly. 

I grabbed my phone and dialed the non emergency RCMP line for my city. Shaking and crying I explained to the lady on the phone that I had discovered CP on my boyfriend’s phone. She put me through to the report line and I spoke to another Constable who told me I would be contacted by another officer who would provide more details. I waited for around 10 minutes. The officer advised me that he would need me to come in and provide a recorded audio/video statement. I asked if I could do it over the phone and he said no, it must be done in person so that if this goes to court, Crown Counsel has clear evidence that I was not coerced into stating what I witnessed. I don’t have my full licence yet and because of the late time I wasn’t able to make it down there on my own via transit so the cons table said he would come pick me up, asked me if David was there and if I could safely leave without arousing suspicion. Luckily David knows about my close family-like relationship with my best friend, so I made up a lie about how my best friend got in a fight with his dad and he wanted to talk to me about it. David didn’t seem to question it and I waited for the officer to arrive. 

He called me from a blocked number and I walked outside and down the block to his SUV. The constable and another officer greeted me,  I got into the front seat and we drove to the station. During the ride I asked him about whether seizing the phone on my own was a good idea. He explained that I had done everything correctly; laying low and getting my thoughts together to take it to police without notifying David. He said if I had taken David’s phone on my own that it would not have been admissible as evidence in cour"
,2," whether seizing the phone on my own was a good idea. He explained that I had done everything correctly; laying low and getting my thoughts together to take it to police without notifying David. He said if I had taken David’s phone on my own that it would not have been admissible as evidence in court; they would have returned it back to him and he could have deleted all the evidence since suspicion had been roused. It was about 11:15 at this point. They placed me in an interview room and I sat and waiting for about twenty minutes. The officer came back in and explained the process of the interview, that it would take some time and to be as thorough as possible with my answers. He said we could take breaks and brought me some water.

 He started off by asking me details about my life, where I grew up, past employment etc. After that portion he asked me about David, what our relationship was like, whether he was nice and kind to me and anything else I knew about him. I told him he was sweet, that he had been nothing short of lovely in the time we’d been together but I did express that things had been moving very quickly. He agreed. He then got me to explain how I came upon the photos in question, so I did. Then came the worst part. He asked me to go through, one at a time, the photos I explicitly remembered details of seeing and to describe it in very, very graphic detail. ie positions of the children, their ethnicity, any identifying characteristics such as clothing, circumcision etc. It was intense but by some grace of God I was able to keep my composure and not burst into tears (mental/emotional exhaustion was fully setting in and I was almost thankful for not having energy to bawl) and provide a clear statement to the officer. He asked me if I would testify in court and I said I would. The officer left a few times during the interview to discuss with his supervisor more questions to ask during the interview and the legalities of the seizure they would attempt. The full interview took around three hours including all the sitting and waiting.

After I had been sitting for what felt like an eternity the officer came in and explained that they felt my interview provided enough reasonable cause to seize his phone and place him under arrest. They explained how the process would go and whether I wanted a no contact agreement.  I said yes initially but the officer asked me if it would be easier to not have one in regards to sorting out his belongings. That made "
,3,"ovided enough reasonable cause to seize his phone and place him under arrest. They explained how the process would go and whether I wanted a no contact agreement.  I said yes initially but the officer asked me if it would be easier to not have one in regards to sorting out his belongings. That made sense to me so I chose not to move forward with the no contact agreement. 

We got in the constable’s car and drove down to my house with 2 other officers in 2 different vehicles, 3 in total. I told them I was more comfortable in a squad car than standing outside (I didn’t want to face him) so they moved me to the back of the cop car. I’ve never felt so anxious in my life. I asked them to be mindful of my cats and not let them get outside; they promised they would make sure of that. About 15 minutes later I saw them bringing David out in handcuffs. My heart which had been dissolving in my stomach’s acid all day felt completely gone. I curled up in the fetal position in the back of the squad car and waited to be told I could go back inside. After another eternity (my phone had died by this point but I know it was well past 330) they came back and explained he was under arrest but being released with promise to appear in court at a later date. I was told by the officer I could go back in, and that they would help him find his way back to the place he had been staying previously. The officer gave me a victim services card and a hug and instructed me to snuggle my cats tightly, that I did a brave thing and to be well. 

I went back into my house, put Planet Earth on for background noise and called my other best friend Paige who had been keeping up with me about this since I sent her my reddit post. We were talking for almost 45 minutes when my door burst open. It was David. He was frantic, his eyes were wild and he was hyperventilating. My jaw dropped; officers said they would be escorting him back to his prior residence and I was not at all mentally prepared to see him again. Paige asked me if everything was okay and I told her David had walked through the door, I would call her back. Immediately David came to the bed where I was sitting, dropped to his knees and sobbed violently. He said he didn’t know I would be here, he just came to grab a couple more of his belongings. He asked me what the cops had asked myself or told me. I lied and said that they said they had only told me they had suspicions of possession of child pornography. He sobbed more and loudly said "
,4,"violently. He said he didn’t know I would be here, he just came to grab a couple more of his belongings. He asked me what the cops had asked myself or told me. I lied and said that they said they had only told me they had suspicions of possession of child pornography. He sobbed more and loudly said “That isn’t me, that isn’t me, this isn’t who I am” and cried more and more. His body was wracked with sobs and he apologized over and over again. It was immensely difficult to witness and I wish I could have told him to get the fuck out but I just sat there immobilized, in shock. It was well close to 5 in the morning and I hadn’t slept or eaten much in nearly 48 hours at this point so my body and brain felt like they were essentially non-functioning. 

David began and said that this had been something he struggled with after developing an intense porn addiction in his early 20s. I asked him if he had ever been abused sexually and he said no. He said he knew how horrible it was to seek these images out, but had no inclination or desire to ever touch any children, he had never acted on these thoughts and never would. I asked him why he had never sought treatment before, and he admitted that he was terrified of what people would think, he had no idea what resources to access and he felt ashamed. He said his previous suicide attempts in years prior were directly linked to the fact that he considered himself a pedophile. I nodded. I asked him if they would find anything on his phone that would incriminate him and he said yes, they were going to. He admitted they were very explicit photos and I asked how he even found them; I don’t recall we ever got to that. He promised me he didn’t use my internet to access it but I don’t really believe that. He apologized to me more times than I could count and asked if I hated him. I told him I wasn’t sure that I felt hatred for him but I was sure of being beyond disappointed in his actions; I told him how terribly I felt betrayed and hurt and violated. I expressed my sadness in what he had done, the innocence of these exploited children, how he had so much potential to do so much good in the world and how disappointed this was the route he chose.  

Then I heard a loud knock on the door and lights outside my windows. Three officers were outside, two of whom I recognized from earlier and they asked me if David was here. I said he was, and they said they were coming to perform a wellness check because Paige had called in. I realiz"
,5,"te he chose.  

Then I heard a loud knock on the door and lights outside my windows. Three officers were outside, two of whom I recognized from earlier and they asked me if David was here. I said he was, and they said they were coming to perform a wellness check because Paige had called in. I realized I had completely forgotten to text her back and let her know I was okay, bless her heart. The officers took David outside and they each asked him if they had any cause to worry about his actions tonight and he promised them they did not. I told them I was okay; that I would finish my discussion with him and if I had any issues I had them on speed dial. They nodded and left. 

David sobbed and sobbed for what felt like a millennium and I just sat and well, endured it. Tears just ran and ran and ran from him. He said he knew what he was saying was cliche; that he was sure I expected to hear this great big apology. He said if I thought he was being manipulative he could understand but assured me he was at his rock bottom and wanted me to know how horrible he felt about not only what he’d done, but what I had to go through. I just nodded. There was silence for a long time, I think by this point it was around 8 or 830 in the morning. I don’t know how long I stared at my TV screen that said “Are you still watching: Planet Earth?” but it could have been a lifetime. I had no concept of time or what to do or say or what was the right way to feel. I think David was either silent or had fallen asleep against my bed. I didn’t know or care, I was just numb. I would have probably sat like that until I died but two of my four cats descended on my bed and meowed for food. I got up, fed my little critters and cats and came back to my bed. My brain wasn’t capable of thought so I stared at my tv screen until I passed out sometime around 9. 

I didn’t sleep for long because when I woke up and checked my phone it said 11:30. David was awake and crying still. When he realized I was awake he sat up and looked at me immensely pained. I just stared at him. He started apologizing and apologizing more. He expressed his life was over, he had nobody and nothing and that I was his greatest light in life, how he never wanted to lose me. He expressed how much he cared about me and how he would do anything to win my affections back; to get me to give him a second chance. I shook my head and he sobbed, sobbed, sobbed,  apologizing non-stop. At this point I finally asked him to leave. I told h"
,6,"t in life, how he never wanted to lose me. He expressed how much he cared about me and how he would do anything to win my affections back; to get me to give him a second chance. I shook my head and he sobbed, sobbed, sobbed,  apologizing non-stop. At this point I finally asked him to leave. I told him I needed space to sort out my emotions, and I needed to get some sleep.  I asked him if he would be okay. He nodded and grabbed his things. He said he would get out of my life and not contact me if that’s what I wanted him to do. I said nothing. He expressed how much he loved me and again how sorry he was, and that if there was every any chance of anything happening between us ever again that he would be there. He said I love you about ten million times and grabbed his bag and stepped out of my door.

I’ve been laying in bed since then and writing this. I just want this to be over. I just want to move on and figure out how to sort the mess that remains. Also I think I forgot to add that his court date is set for June. As far as sentencing, if he’s found guilty of possession of child pornography I believe he could be sentenced to 18 months max and a minimum sentence of 90 days.  I will post updates again if I feel  they are important; otherwise I will update again in June when he has been sentenced and let you know what charges are laid.

Thank you all again for your support, kindness, and love. I have never in my life experienced such an outpouring of generosity and compassion and I would have been so lost without some of your advice. I’ll continue working on replying to your PM’s, but in the meantime I think I’m going to try and finally get some god damned sleep.

TLDR: Filed a secondary report over the phone, provided a audio/video interview to police and they arrested David and seized his phone. He signed a promise to appear in court in June. He awaits sentencing."
,0,"I can't forgive myself for the bad things I've done

I (19F) have/had a friend (19M) in high-school and did bad things to him that I'm ashamed about.
   Well, I never had a lot of friends, but the ones I do have had stick to me for at least 10 years and are girls like me. I was always a weird kid (probably undiagnosed autism) and since I was like 12 years-old I spoke a bunch about sexual things and was labeled as the pervert of my friend group, even if I till this day had never done anything sexual with anyone or even kissed before. The boys didn't like me, they didn't like me in a romantic or sexual way, but, most importantly, they never wanted to be friends with me.
   My first male friends for real were in high-school and I didn't know how to interact to them really, because when I interacted with them like I did with my girl friends they would get odd. I, like I always did, would do some sexual jokes, but the boys would react differently and I didn't know what to do. I tend to have exaggerated reactions when things don't go as planned and it makes everything worse.
   I had this one guy friend (he's an shy, nerd undiagnosed autistic boy) and I found him super sexually attractive. I am a straight to the point person so I asked if he would have sex with me since we were bith virgins, and first he said he did want to and we had several conversations about sex. 
   After some time of being friends, he didn't like that idea anymore and would be uncomfortable when I talked about sex, but I would push it and keep talking about it. Before that I would put my hand in his thigh and he would seem to like it but now he was uncomfortable with it, but I kept doing it.
    I would do these things every week and every week I felt bad and apologized and cried so much, but I kept doing it again afterwards. I don't know what is wrong with me.
   I guess I was so afraid of losing my friend that I would do these things to try to go back to the past where he liked me.
   Months after the high-school ended, I still felt really bad about it so I made an big apology and he forgave and told me it was in the past and I shouldn't worry, but I still feel really bad and honestly I don't know what to do do about it, I can't stop thinking about it and how bad of a person I am."
,0,"Bath After D&C

I feel like a complete idiot. I had my D&C 5 days ago. My mind has been a complete mess lately,  and I've just been really out of it, mentally. Before my miscarriage, I would take baths to calm my mind. Well, I just accidentally sat in a tub of just water, no soap or anything else, for literally less than 5 seconds. I immediately got out, and took a shower instead. I've already called the after hours line, and they weren't really that helpful. I plan on calling my doctor tomorrow morning, and in the meantime, I'll just keep an eye on things. Has anyone else done this? Please no harsh comments. I'm kicking myself enough on this one."
,0,"Looking for support and guidance after 3 losses

June 2024, I had my first pregnancy—and my first miscarriage. I was around 6–7 weeks along and hadn’t made it to my first prenatal appointment yet. I never ended up going to the doctor, which I now know I should have, but at the time I was scared and going through a difficult situation.
Exactly a year later, in June 2025, I had my second pregnancy. Again, around 6-7 weeks and this time, I did make it to my first appointment, but there was no heartbeat. I was diagnosed with a missed miscarriage and had a D&C.
Just last week, on September 27th, I found out I was pregnant again. We were really hopeful. I was put on progesterone right away and started taking it the same day I got a positive test. But at my first appointment yesterday (October 2nd), my HCG levels were only 9. I should be around 4 weeks 4 days pregnant, so that is very low and really concerned me. I took another test today, and the line was even fainter than before. An hour later, I started spotting. I believe I’m having a chemical pregnancy. I do have another appointment on Monday to check HCG levels again but at this point I know it’s a loss (I didn’t start bleeding till after I called my doctor and made an appointment) 
I have very regular cycles and no trouble getting pregnant—but my body doesn’t seem to be able to stay pregnant. I’m not asking for medical advice, but I really want to know:What kinds of tests should I ask for next? Has anyone else been through something similar?It’s heartbreaking and confusing, and I just feel so lost. I want answers, but I don’t even know where to begin."
,0,"AITA for going to the police immediately when I found out my parents took out debt in my name.

My parents took out credit cards and loans in my name. It was fine when they were paying the bills but they got behind. 

I don't have a key to the mailbox so I never saw the bills or anything. I just finished my third year of university and I was going to move out. That would require me to get a credit check and stuff. 

My parents freaked out and forbid me from moving out. They said it was stupid that I would waste money on moving out when I could save money living at home. 

They don't like my boyfriend so I thought that was their issue. But not was I wrong. 

Long story short I am about $60,000 in debt because of them. I cannot afford to pay that off. 

I told them that they needed to clear the debt immediately and change the house rules so my boyfriend could spend the night. 

They said that they didn't have the money to pay the debt and that I could not strong arm them into changing the rules of their house. 

I called my auntie and asked her if I could please come stay with her for a bit. She let me and asked a lot of questions. Then she showed me a dozen Reddit posts about parents screwing up their kids future and kids allowing it. 

I went to the police and reported it. 

My parents got arrested and charged. They are furious with me. 

I know they didn't spend the money on me. I do not know what they did spend it on. I don't care. I feel bad for them but I'm not letting them fuck up my future.  

AITA?"
,0,"Constant Dull Pain on the right side

Hi! I (30F) recently experienced a miscarriage at around 6 weeks. When I went to the hospital, my OB/GYN said everything looked fine and that I should let the miscarriage pass naturally at home. They prescribed some pain relief medication.

It’s now been a week since the bleeding stopped, but I’m still noticing a few symptoms that concern me. I have a constant pain in my lower abdomen (mainly on the right side, near my belly button), back pain, and I feel unusually fatigued—like I could fall asleep at any time.

Are these normal after-effects of a miscarriage, or should I be worried and get checked again?"
,0,"Just needed to say this somewhere safe

Not really asking anything just needed to say out loud. Last Friday I went in for an abortion it killed me to do but it was nessisary as the pregnancy was killing me I was maxed out everyday on nausea meds even the 0nes for cancer none helped. My body physically could not stand up to bringing another child in it I have two already 16,2. So we had to chose to abort or risk losing both of us. The operation was quick and easy and I felt fine after all weekend some pain but nothing major. 

Then today hit and its been wave after wave of emotion hitting me and I was good I managed to get past those without to much trouble then an hour ago I get hit so hard with emotion that I start not able to breathe and regret everything like I'm a failure as a mother for doing this path even though it was the only logical option to do for us. But as a mother my job is to protect my children and I feel like I failed that horribly all because my body couldn't handle it.

I just needed a safe place to say my words thank you"
,0,"Me Too, But Not Anymore.

I was sexually assaulted last year, by a family friend twice my age who I've known since childhood.
I never reported for a variety of reasons, mostly to protect my family as the man has assaulted people in the past and is violent.
I've always felt annoyed that I never got a moment of satisfaction of him being punished or suffering. A little while ago I found out he was caught committing a crime and was jailed.
It wasn't for what he did to me, but I'm so satisfied that he's actually being punished."
,0,"Emotionally confused for a pregnancy I didn’t know about

I (28f) recently learned I likely had a chemical pregnancy. I say likely because the clinic I went to gave me a ton of possibilities, but not a direct answer. 

In short, I have endometriosis and have been on the pill again for almost a year. While on my way to work one morning, I started bleeding unexpectedly and abnormally heavily. I went home, changed because I soaked through my jeans, and went to work thinking my cycle had just started early. Less than an hour later, I was still bleeding heavily and went to the bathroom where I’m pretty sure I miscarried. 

That night, I talked to one of my girl friends and she told me to take a test to rule it out. Next thing I knew, I had three positive pregnancy tests. I told my on again, off again bf (26m) who would have been the father about it and he FLIPPED because he started dating someone else the day he and I split. Let’s just say, at this point, I’m done with him. 

I’m just confused as to how I can feel so devastated about a loss that I didn’t even know I had. I knew I wanted to keep the baby as soon as I saw the tests, but it was obviously too late. I don’t have anyone to support me through this or navigate the conflicting emotions, so any advice is helpful."
,0,"Am I going about this the right way? Or am I being a bad friend?

&amp;#x200B;

&amp;#x200B;

Hi everyone. First of all, I want to start off by saying this is one of the roughest situations I've ever been in, because my friend came out with a story that is exactly similar to my own.

I have a friend- lets call her Jamie. Jamie is best friends with Lisa. They've been best friends for 7 years now, and I love them both. Jamie and I have been really close for the past few years, and I've grown to love them as a person. Lisa and I had a fling a few years back, so we aren't close anymore, but have recently built up a friendship.

As Lisa and I started to get closer, I started noticing them talking bad about Jamie and being mean to her. I wasn't really comfortable with this, as Jamie is one of my closest friends, so I confronted Lisa about it. Lisa told me there's more to this than I know, and confided in me about something that happened years ago.

According to Lisa, Jamie got her really drunk one night, and they had a threesome with Jamie's ex boyfriend who lived with Jamie. She feels like this was a rape, because Jamie should've known that she would've never been interested in having sex with either one of them sober.

According to Jamie, she was ALSO drunk, and they BOTH woke up her ex together with this idea.

Now a little about me :

I had a best friend in high school who was supposedly drunk, and sexually took advantage of me while I was black out drunk. Just like Lisa, I'm a super horny drunk, so I'm capable of making mistakes if someone allows me to, or leads me to it. This stands as the most traumatizing event of my life, so I'm very sensitive to this subject.

Lisa and Jamie have drunkenly made out many times before, but Lisa is in no way shape or form attracted to Jamie. I told Lisa that she needs to tell Jamie about this, because this is unhealthy and it's unhealthy to keep this fake friendship that hurts Jamie so much and triggers her so much.

Long story short, Lisa confronted Jamie, and now hates her. She cut her off from everything, all social media etc- they're no longer friends. Lisa didn't even give Jamie a chance to process.

Understandably, Jamie was taken aback and is dealing with the new information that the person she thought was her best friend has actually been feeling abused by her this whole time, and thinks she's a rapist.

Jamie acted correctly, in my opinion. She did not reach out to Lisa. She did not make excuses for herself. She "
,1,"was taken aback and is dealing with the new information that the person she thought was her best friend has actually been feeling abused by her this whole time, and thinks she's a rapist.

Jamie acted correctly, in my opinion. She did not reach out to Lisa. She did not make excuses for herself. She was disappointed in herself, and not invalidating Lisa at all. Even though she was also very drunk and feels like they spoke about it  as a drunken mistake in the past, she's not going to invalidate Lisa's feelings. She also agreed to never show up in any of Lisa's spaces, ever. She said she was going to try to be sober, since alcohol is the problem- but unfortunately, she hasn't been sober.....

Lisa is watching Jamie on social media (even though I told her not to do that to herself) and seeing how happy Jamie is and her rage is getting deeper.

She now wants to ruin Jamie's life. She wants to expose Jamie for being a rapist, and she wants her to have NOTHING. She doesn't care if Jamie dies.

It's hard for me, because even though I have been seriously distant from Jamie since all of this, I still care for Jamie deeply and feel like she isn't a bad person. I feel like she's made stupid mistakes, and that she has a drinking problem. She has a lot of work to do, and I want to help her do the work.

But Lisa is angry. Lisa is literally not going to stop until Jamie's life is ruined. I'm honestly scared that Jamie is going to kill herself, and Im scared it's all my fault for making Lisa recognize her feelings (there's more to this that I'm leaving out).

I have no idea what to do, because I want to support Lisa 100%, but I don't fully support cancel culture and I also don't believe in ruining peoples lives. I know Lisa is traumatized and deserves healing, but I don't think breaking Jamie down is the right thing to do. When I even briefly hinted at that, Lisa attacked me and I'm scared for my own well being at this point because I don't want to be exposed as a rape apologist either.

But I wish I could give Jamie a heads up. I wish I can tell her to talk to her boyfriend about it, before Lisa does, so that she has the upper hand, but I'm scared this will be messy.

I'm really torn, and I feel guilty and I feel scared and I'm taking on all of this emotional stress because I'm scared for my friend.

Any advice? You can be hard on me, too, by the way. I'm a very sensitive person and I'm also a Libra so I tend to see both sides, but I don't want to be a rape apologist. E"
,2,"lly torn, and I feel guilty and I feel scared and I'm taking on all of this emotional stress because I'm scared for my friend.

Any advice? You can be hard on me, too, by the way. I'm a very sensitive person and I'm also a Libra so I tend to see both sides, but I don't want to be a rape apologist. Especially because I know how much it  would kill me if I told my friends about what happened to me and they still decided to hang out with him.

I really just want to do whatever I can to support Lisa, but I also want to make sure Jamie is okay. I don't want her to hurt herself."
,0,"I had an abortion in January, just found out I’m expecting again.

Vent/ story… I had an abortion in January and found out I’m expecting again. I knew the exact time i got pregnant with both. The implantation bleeding gave it right away the first day. I’m pregnant by the same guy, who i broke up with 2 days before the abortion. He left and was in a new relationship almost right away. I was not keeping up with his life so i didnt find out until we ended up back together last month. Turns out he was still with the other chick and playing her with me on the side. Eventually he decided to stay with me and proposed and we were engaged for 1 night when i told him I actually didnt trust him at all after i found out he was on heavy drugs. Today I took the test but i already knew. I’m about 1 month along & my first reaction was, i cant go thru this again. I cant have another abortion. The last one messed me up mentally to the point i kept the babys lifeless body in my freezer for months. When i got back with my ex, i wanted to start trying right away. It felt like we picked up where we left off and it all felt right. Now that I have discovered all the disgusting things hes done, i am not sure on what to do next. I still have to get tested for STDs as he was messing with the most cracked out woman I have ever seen. Doing meth with her and who knows what else. This is not a man i feel safe having a child with anymore. What do i do now?"
,0,"California Requires Out of State Abortions to Stay For A Week?

I'm currently 5 weeks pregnant and in the process of scheduling an abortion in California. I'm coming from a state where its illegal. However, when scheduling for an abortion using the pill, I was told that I would need to sign agreement that I would stay in the state for 1 week. This requires me to check in every 3 days following the pill. I am unable to take that much time away from work, so now they're saying my only option is the more invasive procedure, which I wanted to avoid.   
  
Is this a law in california? I can find anything online about this. I'm hoping that this is just a practice imposed by the clinic I called."
,0,"My Parents Got Rid Of The Couch I Was Sexually Assaulted On

*Before reading please understand this is my first time opening up, my close friends know very little details. My family does not know what happened to me and I'm sure they would've burned the thing if they knew*

 Last halloween I was sexually assaulted by my ex boyfriend. We had broken up three weeks prior and because of mutual friends we ended up at the same house party. The night goes on and he gets increasingly intoxicated to the point where he flees the party and talks about killing himself. I had a friend who committed suicide by jumping off the overpass he was threatening to throw himself off of. He knew. I shouldve known better. He refuses to call someone to pick him up and flees once again. He goes to my house and begins screaming about how he wants to die. Its three am, and fearing for his safety I offer him to sleep on the couch. I got him water and sat on the opposite couch to make sure he didnt choke on his vomit. He asks me to come help him and pins me down. He wasnt as drunk as he pretended to be. He sexually assaulted me and physically restrained me until he was done. 

It has been months since and I've had an incredibly hard time. I still feel the weight of his body against mine. I get flashbacks and sometimes get physically sick. Panic attacks are a regular occurrence. I've been struggling with PTSD (was hospitalized a week after the assault). Luckily I've been lucky enough to meet someone who is super understanding and loves and supports me through it. 

The couch was a constant reminder. I completely avoided the back room where it was, going as far as lying to my parents as to why I dont want my PS4 hooked up to the back TV (I said it was small). 

The couch is now at the foot of my driveway waiting to be hauled off to the dump. I feel as if a piece that he took from me has come back. It gives me hope that one day all the pieces he stole will return. 

I want to scream and tell the world that the couch is finally fucking gone but I cant. So I thought I'd share it here. 

TL;DR: my ex boyfriend sexually assaulted me on my parents couch. They got rid of the couch today and I've never felt more free."
,0,"Please help. I don’t know what to do...

It’s very scary to put this out online, to a bunch of people, nonetheless, but I need help. 

I love my boyfriend, and I’m having trouble grasping the situation as I genuinely believe it was an accident. 

I gave my boyfriend a back massage. This is something somewhat normal of me to do. It wasn’t sexual in any nature. He had his shirt off and I was trying to get knots out of his shoulder. He seemed more love-y and relaxed than horny when I stopped massaging him. He said thank you. The vibe was very loving and not sexual. Then I asked for a massage, and he said ok. I took off my shirt, my back facing him. He sat on top of me (like on my legs). Initially it started out non-sexual, but then he started to lower my pants and stopped focusing on the parts of me he knew i needed the massage on (shoulders) and basically just kept rubbing my lower back and top of my butt. I started to get nervous. He knew my past of sexual assault and previously we had used verbal consent every-time one of us wanted to have sex. That stopped happening over a period of months (we were both into it, we just didn’t ask verbally). Then, he started to reach near my boobs (the side of them), and then back to the top of my butt. At this point it felt like it was more pleasurable for him than me. I was frozen and didn’t know what to say. Out of everyone I didn’t expect him to make me uncomfortable. Eventually I spit out a ‘you’re trying to be sneaky, aren’t you?’ And he said ‘maybe...’ and I nervous laughed. I think I asked it to just see if he was doing it on purpose, and that kinda confirmed it. ‘Can you rub near my shoulders?’ I asked. And he did. I gave out little happy moans (non-sexually, more like relaxed sighs) to kind of show that that was what I liked. I was too scared to say anything else. Then he started to kiss my neck. I think he went back to my butt and boobs again but I don’t remember. Kissing my neck and afraid it would get even worse, I turned to him and said ‘I don’t want anything sexual, okay?’. ‘Ok, of course baby’. Then he pulled up my pants back to where they normally were. I felt safer again and thought he would respect my boundaries. He kissed me on the shoulders and neck again but lighter and softer. I thought they were those ‘I love you’ kind of kisses as opposed to the ‘I want to fck’ kind of kisses. The combo of him verbally saying he’d respect that boundary and him pulling my pants back up made me think nothing sexual "
,1,"ies. He kissed me on the shoulders and neck again but lighter and softer. I thought they were those ‘I love you’ kind of kisses as opposed to the ‘I want to fck’ kind of kisses. The combo of him verbally saying he’d respect that boundary and him pulling my pants back up made me think nothing sexual of it. I brought my elbows up on the bed so I wasn’t flat on it. Then, out of nowhere he grabs my boob, full on. I grab his hand and take it away. I stop moving and he stops too. ‘You okay?’ He says. ‘Can you, I need you to get off.’. The rest was a blur. I asked for my t-shirt and I sat there kinda just dissociated. I had trouble saying what I needed to say at first because he was the first man I trusted sexually after having been verbally and physically sexually harassed in high school. Eventually I was able to spit it out and we talked about it. He was really really sorry and cried when I cried.  He said it was an accident.  He fell asleep after talking about it, and me, still taken aback, fell into more of a panic over the fact that he just could fall asleep after that, cried on the floor of his room. I woke him up to ask him how he could fall asleep so fast, and he said it must of been a stress response. 

I talked to my mom about it and she really didn’t help much, I think a lot of women her age that were harassed were kind of invalidated by the ‘boys will be boys’ thing, and projected it on to me a bit. My roommate told me flat out ‘that’s sexual assault’. 

I still love him. he is going to talk to his therapist about it. And he is now trying hard to mend what he thinks is mendable and make me feel comfortable. 

I wanted for someone to tell me it wasn’t sexual assault so I could put the blame on me, to get over it and still be with him, but I don’t think I should really ‘want’ that anymore. I just want the truth. 

Every night since then I’ve had nightmares that have woken me up. Either directly related to the event (me having to hold him down by the shoulders as he tells me “I’m gonna rape you!!! I’m gonna rape you!!!” With scary wild eyes and a grin) or just general nightmares of people trying to harm me or me being trapped. 

I developed some kind of flinch whenever he gets too close to my neck or shoulders. Initially I think I did it purposely to non-verbally tell him to back off, because I was scared to tell him, but now it’s less purposeful. it’s kind of like a shiver (like if you think ‘I’m going to stop shivering’, you stop shivering. It has to b"
,2," whenever he gets too close to my neck or shoulders. Initially I think I did it purposely to non-verbally tell him to back off, because I was scared to tell him, but now it’s less purposeful. it’s kind of like a shiver (like if you think ‘I’m going to stop shivering’, you stop shivering. It has to be a mental effort). Still sometimes it’s purposeful I think, but not all the time. ( I get anxiety shiver ticks normally too, but those aren’t related). 

Despite being physically scared of him, I can’t seem to separate myself from him when we both have the time. I spent almost every night after it still at his house when I could’ve spent it at my apartment. I think I was just searching for closure that I am now realizing that staying over there won’t solve. I’ve forced myself to be away from him for 3-4 days just so I can get a grip. 

I start to feel really panicked and trapped whenever we lay down beside each other and he puts his arm over me, and I can only hold his hand if we accidentally fall asleep beside each other (ex watching a movie) , we don’t cuddle anymore. We don’t kiss anymore. And we don’t purposely sleep beside each other anymore. 

Whenever I see photos of him and I before the event, I get an urge to cry. Even photos of me before it. I just feel like a different person. I cut my hair after it. I’ve been avoiding people. And in general I can just feel my trust in all men has almost completely dissipated. He was the one man I thought I was safe with. 

So yeah. I know by definition it was sexual assault, but he said it was an accident (the part after I said ‘I don’t want anything sexual’, he read me being okay with the kisses with me being okay with going further). Wether he misread the situation or not, it still hurts. Bad. I  don’t know what to do. I don’t want to leave him, because I do genuinely love him (and I don’t grow to love people easily). I want to heal from it and still be with him but at the same time I know I forgive people too easily in fear of losing them and their comfort. 

Please help."
,0,"Trouble getting rid of POC

At 14+5 weeks my twins were found without a heartbeat. Two weeks later I had a D&C, but afterwards the doctor said there was a bit of placenta left she couldn’t get, and sent me home with methylergonovine to hopefully get rid of it. I bled lightly for about 4 days, it stopped, and started back up 5 days later. Two weeks after the procedure at my follow-up she did an ultrasound and said she still sees the POC (products of conception) she couldn’t get and prescribed Misoprostol as a last ditch effort before another surgery. In addition to making me feel awful (literally felt like when I had covid with fever, chills, and stomach pains), the misoprostol resulted in literally no bleeding. Is there anything else this could be other than POC?"
,0,"i feel like i’ve made everything up but i promise i haven’t

two days ago i found out my closest friend had been telling people behind my back that she believed i had made everything that happened to me up for attention. now i am doubting myself. i recently reported a situation that had been going on for years that isn’t as awful  as it could have been, but still is considered grooming and sexual assault or gross misconduct from someone in a position of authority. whilst it had supposedly been going on for so long, i had become so accustomed to it over the years i blanked out what was  happening and accepted it as normal. over the past year things escalated and i suddenly awoke to the situation and began having flashbacks of stuff from the years before. i reported it all because it became too much and i realised i wasn’t doing okay and never had been. the police got involved and it hasn’t been great and then i was told it was considered grooming etc. i spoke to my friends a lot about it because they had seen stuff occur in the past year, knew i wasn’t doing well and i was just so shocked at how bad things apparently were.  my friend outright told me she didnt believe it was grooming and called me immature for not listening to her, but she later dropped it and i had so much going on i just needed her support really and i thought maybe she just didn’t understand. i ended up being given many resources for ptsd and told to think about seeing my doctor (not yet diagnosed) which my friend found out about and asked me more questions about what occured, i explained it all and she said ‘oh wow you really were groomed’ so i felt quite relieved. but as the post title says, two days ago i found out she had been going around telling people i had made it all up for attention, that i wouldn’t act the way i do if i had been groomed and that i didn’t have ‘trauma’ or anything and she would happily say this all to my face. now i can’t even believe myself. i felt so guilty anyway for reporting someone who used to be like my closest friend and my support, who has a family and i felt like i was ruining lives. having support from my friends made me feel like everything i was doing was justified, but now my closest friend says she doesn’t even believe me. i’m so scared i’m just delusional and made the whole thing up in my head. i know my other friend saw stuff that happened and told me to report it, but now i think maybe i over exaggerated and it’s all so much worse than how it "
,1,"s justified, but now my closest friend says she doesn’t even believe me. i’m so scared i’m just delusional and made the whole thing up in my head. i know my other friend saw stuff that happened and told me to report it, but now i think maybe i over exaggerated and it’s all so much worse than how it could have been. i do have flashbacks and nightmares but what if that’s just guilt and not trauma? what if i am so fully delusional i got this all wrong? the one quote that’s keeping me going is that ‘if it feels uncomfortable, there’s something wrong’ but now i’m replaying everything i can remember in my head and it feels so disjointed and wrong i feel so sick. i don’t know what to do how am i supposed to trust myself anymore."
,0,"3 Chemicals but first Due Date Day.

Due date week of my first chemical pregnancy. I was newly 19, in an amazing relationship, and had no idea the world would crash around me.

I'm glad I didn't do the Due dates in my calendar for the other two. It would break me."
,0,"Surgical abortion today - just my positive story

This is a throwaway so 99% I will not check nor care about any cruel messages I receive. Haters who stalk this sub may as well not waste their time on me.

Quick background info - 35, 2 kids (18 [yes, 18; was teen mom] and 8), married. No desire to have more children; there was 0 question in my mind that I was going to terminate this pregnancy. I have been charting my menstrual cycles for the past 3 years without fail but had an oops (which I pretty much knew immediately). Husband has had a vasectomy but it was just about 10 days after his procedure and we were not out of the woods yet. I knew that I was pregnant the day that my period didn’t show up because my cycles are very regular. I tested and called my ob/gyn immediately so that I could get in ASAP, knowing that the longer I waited, the harder it would be.

I would have been about 4 weeks when I tested (last menstrual period = May 7; tested positive June 7). I was told by my ob/gyn that they would not perform the procedure until 6 weeks and scheduled it for today (6w1d). Originally, I always assumed I would have a medical abortion because I didn’t want to do the whole speculum, dilation, etc. But after having an initial phone consult and having both explained to me, I changed my mind and chose the surgical option. Bleeding for what could have been weeks did not sound appealing to me especially since I already have iron deficient anemia.

I was prescribed an antibiotic, Valium, and norco. Norco makes me nauseous so I was most nervous to take it. The antibiotic was to be taken 2 hours prior to the procedure and was basically a precautionary to prevent infection. Once I arrived, they took my blood pressure, weight, and performed a quick ultrasound to confirm I was 6 weeks. What I didn’t know was that if I had measured under, they would have had me reschedule. Thankfully I was good and they had me take 1 norco, the Valium, and gave me an injection of toradol. They left me for 20 mins for the meds to kick in.

When they came back, they started the procedure. Obviously don’t know exactly what was going on but the only thing that seemed to hurt which was just a few sharp pinches was whatever they injected into the cervix. I didn’t even realize when they were actually performing the removal of the tissue and I was surprised when she said they were done. I feel like at some point there was a quick sucking sound. They did another quick ultrasound to confirm eve"
,1,"w sharp pinches was whatever they injected into the cervix. I didn’t even realize when they were actually performing the removal of the tissue and I was surprised when she said they were done. I feel like at some point there was a quick sucking sound. They did another quick ultrasound to confirm everything was gone and that was it.

It’s been about 1.5 hours and so far I have no bleeding or pain/cramping but still am feeling the affects of the pain meds so we’ll see how I feel in a few hours.

I don’t want to sound heartless but I feel no grief or upset; I was scared and anxious for the procedure, but it wasn’t the nature of the procedure - just that it was any procedure which makes me scared in general and also I hate taking any kind of pills. Honestly, the worst part was that I live in a state that mandates face coverings and had to have it on during the procedure. Also my husband could not come in the building at all - patient only - so I was alone. I feel great/fine right now and while I’ll take it easy the rest of the day, I plan to go back to work tomorrow and I’m very happy with my choice to go surgical instead of medical. Apart from the mental anguish, I feel like this was no worse than having a regular vaginal exam or an IUD insertion. Definitely not as painful as having a 3rd c-section! I don’t ever want to have to go through it again but all in all it was a positive experience.

Thankful for my right to choose."
,0,"Potentially another miscarriage

I’ve had two losses this year, a missed miscarriage at 9 weeks in April and a chemical pregnancy in July. After the July loss my OBGYN ordered some tests for me (karyotype, clotting, thyroid, carrier screening etc) and my husband went to a urologist who specializes in male infertility. Everything came back fine for me but my husband was diagnosed with bilateral varicocele which kind of seemed like good news because at least it meant we knew why things were going wrong rather than just “bad luck”. But he got his sperm analysis results recently and everything (count, motility) looked good, and we thought that the DNA fragmentation must be the issue. Then his DNA fragmentation results came back, and everything is basically fine. He’s under the threshold for DFI and borderline for oxidative stress and normal for high DNA stainability. This all sounds good except now we’re back at the start of wondering why we keep having losses. He has been taking more antioxidant supplements over the last few months which may have improved his results since he just did the sperm analysis recently.

Anyways while we were waiting on all this I got a positive pregnancy test and we were so excited, we were just trying to be hopeful that we got a healthy sperm this time. I had an ultrasound last week at 7w1d and baby was measuring on target and had a heart rate of 125 bpm. I had another appointment this week at 8w2d because of the previous missed miscarriage so my OBGYN wanted to keep a close eye on progression. Our baby again was measuring on target but the heart rate had decreased to 85 bpm… my doctor said it should be around 110 or higher by now. She said it’s still possible that this is a temporary blip and the heart rate could go up again but she also told me not to get my hopes up and this is not normal. I have a follow up ultrasound next week but now I have a feeling that I’ll have another miscarriage this time, which would be my third loss overall 😕 Now we’re not even sure if it’s related to sperm quality or just a random issue again. Our first miscarriage in April was due to a chromosomal abnormality (Turner syndrome). 

I’m really dreading the idea of having another loss, it feels like I’ve been pregnant or recovering from a miscarriage for so long now. 

I’m curious if anyone has been through something similar? Also curious about anyone who dealt with the varicocele situation, my husband has been taking CoQ10 since February and recently "
,1,"idea of having another loss, it feels like I’ve been pregnant or recovering from a miscarriage for so long now. 

I’m curious if anyone has been through something similar? Also curious about anyone who dealt with the varicocele situation, my husband has been taking CoQ10 since February and recently started NAC and L-carnitine in June, so I think these may have improved his results but not 100% sure."
,0,"Did my friend sexually harass me?

It's probably not, and I'm most likely overreacting, sorry to waste anyone's time =/

Also sorry about all the writing 

Hey, I am f14 and I used to have this friend (f14) and we had been friends since we were about 5. We were very close growing up and we eventually went to the same secondary school (UK) everything was fine for the first year, we were in some classes together and we were good friends still. Second year, we drifted apart a bit as we weren't in the same classes, but in third year we rekindled our friendship. I don't have a good memory on things, because I tend to block things out of my brain, but I often remember her being a bit touchy-feely with me, she'd try to touch my hand and she'd sit weirdly close with me touch me a lot. No genital touching or anything, just hands and back. I never really took notice of it at the time, because I just thought it was an accident or something each time. Overtime, I started to drift away from her, because I was uncomfortable with how close she got with me, and I eventually cut her off after we got in a massive argument over me essentially having other friends. That was a big thing with her, she never liked me having other friends, and she would get very jealous about it. Almost immediately after I stopped being friends with her, she got a girlfriend and would parade her around the school, and give me dirty looks. Just traditional immature teenager stuff, really. I couldn't care less, I was stress free and allowed to talk to my real friends in peace. 

Nowadays, around six months since we've cut ties, she still creates multiple accounts on social media's such as twitter and instagram to stalk me, and tried to use one of my friends to try and get to me. 

As I've gotten older and matured a bit, I'm starting to think that maybe it was something more than just accidental touching. I realise now how manipulative she was with me, and her incessant stalking makes me think something is up. I talked to a trusted friend about the stalking, and she also asked me if there was something up, like if she was attracted to me or something, and it got me wondering.

Was I sexually harassed by my friend?

Thanks."
,0,"Spouse is feeling major grief after my abortion.

I don't really know what I'm asking for...I guess just advice. 

My partner and I both knew and agreed that an abortion was the best thing right now. Logically, it made all the sense in the world. Emotionally though, we both struggled with it and wished we could keep it. 

He was okay before I took the pill, he communicated it was hard but that he knew it was what was right for us and down the road if this happened we could keep a baby, just not right now. However, after I took the pill, everyday has been very hard for him. Lots of breakdowns, struggle to sleep, he's worried he's going to hell (was raised by VERY judgemental and religious parents), he's worried he's a bad person for being okay with an abortion, etc. 

Has anybody else dealt with this? How can I help him? We both agreed therapy would be useful, but we aren't sure if that's affordable right now. Please help, I feel lost trying to make sure he's okay. 


Thank you all in advance."
,0,"Gloriously positive MA experience at 5 weeks 3 days (USA, in WV, went to MD for care)

I am a 41 year old, college educated, self employed straight ciswoman in a committed long term relationship. I am unmarried and do not own my home, but first and foremost I had no intention or desire to make a child. After my feelings on the matter comes a long list of supporting reasons and facts, but any of them could be different and I doubt it would change my decision. This was my first pregnancy, after 22 years of precautions always working, one slipped past my defenses. 10 days after my missed period I suspected what was up, but the doctor’s chipper assertion of the positive test repulsed me. I knew the moment the words were out of her mouth what I would have to do and was only concerned with how to get it done as fast as possible. I told her I wasn’t going to keep it and she informed me that due to the recent supreme court ruling, our state’s trigger ban prevented her from giving me the medical care I needed. I will never forget the image of her sitting ineptly in a chair while I made a phone call to the clinic in the neighboring state of Maryland , just 50 minutes away. Her repeated refrain of apologies sounded like a child caught going along with some questionable new friends— skipping school to throw rocks at cars off an overpass— instead of the trained and competent medical professional I needed. I pity her, inexorably trapped in a system and lifestyle that curtails her abilities to perform her chosen career. As I write this, I rejoice in my continued avoidance of such a sad fate.

For the three days I knew I was pregnant, I felt frantic. I experienced body dysmorphia and anxiety that could not be assuaged through my usual mix of legal and illegal methods. To cheer myself up I threw a small abortion party with some trusted friends, drank and smoked weed and made dead baby jokes with abandon. The first modicum of relief came when I finally arrived at the clinic, less than 48 hours after being turned away by doctors in West Virginia. I smiled ear to ear and flashed a peace sign as I walked past yelling protestors, I joked with the other ladies in the waiting room while slipping my hands behind the window blinds to give rude gestures to the people loudly praying and comically fake-crying on the pavement outside. (I know it was fake because they had no interest in discussion or emoting whenever one of us exited the building, the verbal assaults are only for when y"
,1,"e slipping my hands behind the window blinds to give rude gestures to the people loudly praying and comically fake-crying on the pavement outside. (I know it was fake because they had no interest in discussion or emoting whenever one of us exited the building, the verbal assaults are only for when you enter! They deflate, just like the spent phalluses that got us all into this building in the first place; a fitting set of bookends)

I experienced a rush of joy and impatience to take the first pill, followed by a spreading calm. This was only improved upon the next day when I opted to take the second dose vaginally, which started bleeding within a half hour of insertion. It was the best cramps of my life, the most fantastic crotch blood I’ve ever seen. Every plop of tissue and clotted blood was majestic in its dark, swirling perfection. There was no imagined baby, no human life, just a steady drip of worries ripping loose from my inside and sliding out via the pull of gravity. It was like a heavy period, only *so much better.*

I can say unequivocally that abortion is great, I love it and would do it again in a heartbeat, no matter what the circumstances. It is not— and doesn’t need to be— rare. if I could attach any moral judgement to it, it would be one of great reverence and celebration. What a wonderful trick— even better than the miracle of conception and childbirth— is the option to end the process with ease, whenever for whatever reason. A lifetime of servitude, obligation, and constraints sliding out my bottom like excrement. Within the structure of my body, I am a golden god, the alpha and omega, and I am far above the societal expectations and judgements lobbed at me from damaged and corrupt minds. I wish I could bottle this feeling and give it to the women who have internalized outside opinions that impede their confidence, their godlike power to create and destroy hampered by the deformed expectations of societies that worm their way into the psyche and tells them *they owe the world children*, that children equal love, that any of us *symbolize something* when we are literally each, on our own, a perfect unique universe. If only I could slip it into their systems as easily as I slipped these life-saving pills into mine. The world we could build…

throwaway account— but oh how I wish I didn’t think it was necessary."
,0,"I’ve called it sexual assault, and my counselor had told me it was, but I keep having doubts

(Please use he/him pronouns for me, but for context I presented as a cis girl during this)

So this was years ago but I remember pretty vividly. As a kid there was this guy who I had had a crush on for years. I suspected he liked me back but neither of us made a move and we didn’t see each other that often because we were two grades apart (keep in mind I was held back). 

Anyway in 6th grade (age 12-13) I dropped out of the regular elementary school that I was going to and started attending this small charter school glass that he also happened to transfer too a little while later. By now I didn’t really have feelings for him. 

But one day he came over to my house with his grandpa bc him and my parents were meeting. My mom encouraged me to take him to this spot up on a hill behind our house that I liked to hang out a lot. Like I said I didn’t have much feelings for him anymore but I still wanted to hang out with him. When we got to the top he suddenly confessed that he had liked me for years. I didn’t know what to say. How could I tell them that after years of liking him (and showing it) as a kid that I didn’t anymore?

(Warning: this next bit I’d gonna go into detail)

But yeah he prompted me to hug him and I don’t remember the order of events super well but he kissed me. He pulled away and asked why I wasn’t kissing him back so I started kissing him back. I kind of hated it tho, his mouth tasted gross and just yeah it was unpleasant. He put his hand under my shirt and idk why out I just put up with it. After we were done (or at some point at least, like I said I remember it vividly but order of events is fuzzy) he said like REALLY sexual things. He asked if I have ever seen a dick and then asked if I wanted to see his, I quickly said no. He also started asking if I ever fantasize about things and “play with myself.” At another point he kept trying to get me to sit on his lap and I kept shaking my head. He also stated licking my neck and rubbing his nose against my face at which point I was dissociating heavily and I could barely talk. The nose against the face thing actually became kind of a trigger too. One time my friend accidentally touched her nose to the side of my face when she went into the hug me and something just came over me and I pushed her away and said “that was weird” in shock. The order of events is even foggier now but we were standing up and he"
,1,"ctually became kind of a trigger too. One time my friend accidentally touched her nose to the side of my face when she went into the hug me and something just came over me and I pushed her away and said “that was weird” in shock. The order of events is even foggier now but we were standing up and he reached out and tried to touch my breasts and even said “you have amazing boobs” but i stepped away from him. By the end of this all he kept trying to convince me to date him. I kept telling him that I wasn’t ready to date but he kept trying to flatter me. It didn’t work but he didn’t make it easy. Eventually we were standing up and he had his arms around me and he asked if I trusted him and I said no. I also said I preferred to date a girl. That’s when he finally gave me space. 

(Details over)

He told me I had “led him on” because I kept looking at him in class. I don’t remember really looking at him a lot. Then he told me that we should keep this to ourselves and I agreed. I told my mom though and she just laughed about how badly that “poor boy” had messed up. I felt so gross tho. That night I laid awake in bed just feeling gross and violated. 

It wasn’t until a year later with a counselor that I realized that I might’ve been sexually assaulted. I didn’t know what to say. The realization was really sudden. But I’ve tried to talk to other ppl about it and not many people besides my partner and one of my friends had taken it seriously. And like when I look back on it I feel like “sexual assault” is an exaggeration and I’m making “false accusations” to ruin his reputation or something...."
,0,"Pelvic pain post medical miscarriage

I had a MMC at 10 weeks and ended up going the medication route. It was a challenging experience with lots of heavy bleeding but ultimately the worst was over in a few days. I am 2.5 weeks out and my latest hcg was 7 (so almost back to normal) except I have what I would call frequent moderate pelvic pain (something I’ve never had before). I am able to function and go on walks etc but I just feel not great and some moderate cramping that lasts maybe 30min at a time or so. I feel like providers are not taking me seriously because my hcg is looking good but something just feels “wrong” or “off”. 

I should add that I’ve had one healthy child before just to say that I didn’t experience this pelvic pain post partum. It’s an entirely new feeling to me. 

Anyone else with a similar experience? Did the pain eventually subside? 

Thank you in advance!"
,0,"AITA for telling my brother in law he's a walking advertisement for abortion?

My wife was more than five months pregnant when we learned that our daughter would not survive outside the womb. We were devastated, as this was a very wanted pregnancy. My wife made the difficult decision to have an induction abortion. The procedure itself went as expected, and she is physically fine. Emotionally, we are both still grieving. I was with her the whole time.

Yesterday, we had a family gathering. My family knew we were expecting, and I had the horrible job of telling them we had lost the baby. My parents and sister expressed their sympathies. However, bil, who is extremely pro-life, throughout the night told my wife repeatedly her that she was a murderer and that she killed her own daughter, and all sorts of other awful things that made her feel much worse. I was appalled when I caught him doing this, and my wife was on the verge of breaking down all over.

I yelled at him, pointing out how he had gotten a DUI in the past that put another person in the hospital, how he was working a low-paying job selling cigarettes that kill thousands of people every year at a convenience store, and how I had needed to bail him and my sister out financially more than once for medical reasons. Then I ended with ""If anything, you're a walking advertisement for abortion. Your mother probably wishes she had aborted you.""

I took my wife home, furious. Then later, I got a call from my sister. She apologized initially, saying she realized what her husband had said was out of line, but then tried to justify it by pointing out that he was raised to believe abortion was wrong. I should have been more understanding, and it was unfair of me to point out his past struggles when he had been doing better recently. I cussed her out and hung up, but now I'm wondering if I did go too far? AITA for basically telling my brother in law he should have been aborted?

Update: thank you all so much for the support. My sister called me a few hours ago, and we talked. It turns out she didn't know what he had actually said. He made it seem like he had just said he disagreed with abortion, which I would say is still unacceptable to tell grieving parents. But when I told her what he actually said, she was horrified. She apologized profusely and is now considering leaving him (there were a lot of other red flags in their relationship). She's now fully on our side and can't believe her husband could be so vile"
,0,"[UPDATE]I (14m) have no connection with my mother(29f). My mom was raped. I don't know how to handle this.

I posted yesterday about my issue with my mom. I finally had the courage to talk to my mom about our relationship and I wasn't prepared for it.

We were alone and I just asked if she loved me. I called her mom for first time in months. I wanted to know what her feelings for me really are. I just ranted to her without letting her speak. How I needed her attention and it's affecting me. I played sports just for her attention and so that she would be proud of my achievements. I asked her why she wouldn't attend my awards ceremonies or attend parents nights at school. I would stay out late just so that she would call me. I flipped and told her she should have never had me. I fucked up.

I made my mom cry that night.

She told me that she did love me. 

She revealed that she was raped by my dad. He was her boyfriend at the time but she didn't consent. She became depressed and carried me full term. She is still recovering from her depression. My grandparents wanted her and I to be raised as siblings, in order for her to continue with her life. At first she tried to be a mother but it was really difficult raising me. This is why she has been distant from me. She doesn't know if she wants to be my mom or act as my sister. In the end she just gave up. I remind her of her rapist but she knows that I am gentle and kind. I didn't know what to say, I just hugged her. It was a hard truth to swallow. I told her that I will always be there for her. She told she didn't know I was hurting inside. I told her we can start again from scratch.

My mom joked that I scare away her boyfriends and she loves my cooking. I cried as I went to sleep. I can't blame her anymore and I should make a better effort to be more involved with her. I want to support her. I'm not going to break off contact with her. I going to try and persuade her to join me in getting some family therapy. 

I'll try my best to be a good son. Thanks for the advice.

I wanted to ask if there was any advice on helping family members overcome depression.

Edit: Thank you for all the support. I will get my grandparents involved to search for a good therapist for my mom and myself."
,0,"So much blood

I had a miscarriage at 12 + 3 weeks before and that was carried out in the hospital and the cramps were horrendous. This time I'm 7 + 5 weeks and it was a blighted ovum so I thought this would be easier and there wouldn't be so much blood. Online everyone seemed to just speak of it as a heavy period and seeing as my periods are heavy anyway I thought I'd be fine. 
Oh my god. 
First off, the cramping started yesterday when I was halfway up a mountain which didn't help. There was a lot of blood, with a few decent clots in it. The cramping made me almost throw up so I figured that was it. Overnight there wasn't much blood, then today it was more like a ""normal"" period so I thought ""this must be the tail end."" 
Then I went out to an evening even thing and bled through a towel suddenly - and I mean suddenly. One moment it had a spot or two, the next it was like it had been dyed red. There wasn't a white patch on it. 
""Oh, that must be it!"" I thought. Changed, washed my hands, then jumped immediately back on the toilet again and felt actual lumps passing. The pain is low now. Cramping, but really nothing worth mentioning. 
""Phew, good job I was in a bathroom"" I thought, and texted my husband to let him know he might need to pick me up early. Less than 3mins later I texted him again in all caps because I felt the next handful of lumps drop out. He picked me up - it's less than 3mins by car and I'd walked in - and by the time we got home I'd soaked through my jeans. I needed to sit on a plastic bag in the car. 
It's still all just flowing out in bursts. I'm sat on the toilet with medium low cramps bit the surprising thing is the stinging. It feels like an open wound that hurts when the air or my urine gets on it. 
Maybe I shouldn't have been so naive as I have miscarried before, but no one warned me, and honestly I just figured as nothing ever grew, passing a tiny egg sac wouldn't be such a big deal! 
Anyway, if anyone else googled ""miscarriage stinging"" like I did and found this, you are not the only one. And I'm sorry you're going through it and I just hope you habe someone with you."
,0,"Am I a victim?

Here’s the story, I’ve been with this girl for 4 months now, in the past she’s been sexually assaulted and raped multiple times. She’s always saying how comforting I am during sex and after to make her feel like she’s not being used. We both came to an agreement that we wouldn’t ever have sex with eachother while we’re blackout drunk. One night I dropped her off and picked her up at on of her frat parties she went to with one of her sororities. I drive her home and she gets in the shower and offers me to come in, I refuse, I’m just waiting in her bed at this point waiting to sleep. She comes out the shower dripping wet as it she didn’t dry off at all. She gets dressed and comes on the bed and lays her head on my lap, in the mean time I’m struggling to put this towel around her head to stop her from soaking the bed and my clothes with my hair. One point we lay down to watch a movie and try to go to sleep. Next thing I know her hands are down my pants trying to take them off. I’m trying to stop her and asking her if she ok and she’s just begging me to let her. She gets on top of me and tries to put me inside her, she wasn’t wet at all at, that’s when I became insanely uncomfortable with the situation. She was way to drunk to realize that she wasn’t even capable of having sex at the moment. Keep in mind I’m not letting this happen, I’m telling her this isn’t okay and asking if she’s alright, she just ignores me and continues to beg me to fuck her. At this point now I just feel like I’m being pressured and that the only way out of it is to just give her what she wants. Luckily there was a loud bang somewhere outside her room, I think the cat knocked something over, she stops and asks if she should go check it out, I finally saw an out of this situation and said yes but let me go with you. Before I can even get my pants back on she left the room, but she didn’t even go checkout what the noise was, she went to the bathroom and put lube or something on her vagina. Now I fully have my pants on completely clothed. She’s now trying to take them off again, this is when I gave up, I just let her do whatever she wanted. I’m not even hard, she realizes this and asks me to just finger her, I agreed just to get it over with and put an end to it. She ends up falling asleep instantly after and I end up just laying there wondering wtf just happened. The next morning she tells me she doesn’t remember last night and I told her what happened but I left out the d"
,1,"d asks me to just finger her, I agreed just to get it over with and put an end to it. She ends up falling asleep instantly after and I end up just laying there wondering wtf just happened. The next morning she tells me she doesn’t remember last night and I told her what happened but I left out the details because I knew how much it would devastate her if she knew the choice she made last night, with everything that happened to her. She’s a good person she just made a bad decision. Fast forward a couple days later, she’s upset, I ask her why. She wants to know why I didn’t stop that night knowing she was blackout drunk... I’m telling her over and over that I tried to stop but she won’t listen. She keeps trying to justify what happened with that she was blackout drunk as if it makes it okay or her actions excusable. We’re meeting tomorrow to talk about this in person. I don’t feel like a victim, nor do i want to break up over this, I understand we all make bad choices. I don’t think with her past and what’s happened to her she’s gonna believe me, I don’t know what to do. What do you guys think about this? Anything I should say to her?"
,0,"They laughed at me when I told the truth

In middle school I was inappropriately grabbed several times by a girl, as well as several different boys. I first was walking in a crowd when a girl grabbed me inappropriately and made gross comments about the size of my private part. She said gross things about wanting to suck it and other nasty stuff. I reported it to the school, but nothing happened. Kids started calling me gay for reporting it saying that I should have liked it because the girl was hot, and trying to blame me for it. I was then grabbed by several boys over the next few weeks, and I felt humiliated. After none of the adults believed me the first time, I decided not to tell anybody about this situation. I felt horrible. It has been years, but the humiliation and bullying still effects me emotionally. I have never told anybody until now. I have severe depression now and it seems no one cares. I’m only 16 now, and I have since moved to a different area. I feel empty."
,0,"Miscarriage

Hello my wife (23f) and I (24m) have been together for 8 years married for one (I know I proposed late) anyways I need help. A little back story we have been actively trying to have a kid for 5 years She has PCOS. We were starting to lose hope and starting thinking that it just wasn’t going to happen to us. My wife took it extra hard because all she ever wanted was to be a mom. Well in August we got pregnant it was one of the best days of both our lives we were through the roof with excitement and happiness. Unfortunately that happiness was short lived because 2 days later we went to the ER and found out she had a miscarriage as you may be able to guess we were devastated. 

My wife has been in a depression ever since and I completely understand why. I’ve been pretty beat up myself about it. The problem is that she dosent feel like I can help her anymore I’ve tried to sit there and tell her it’s not her fault and that these things just happen. I know I could possibly do a better job at helping her and being there for her it’s just hard because the miscarriage has had an impact on us. I still love her an want to be with her so it’s not like my feeling for her have changed. My wife is a stay at home wife we have no other kids this would be our first and I am gone for 14 hrs a day for work. My wife stays home by her self with her thoughts and I can’t be there to help her. 

As much as I would love to sit in bed and cry with her all day it isn’t my reality I have to get up for work and be at a place where I hear my co workers talk about how good little Timmy did at the foot ball games and I feel like I was robbed of ever experiencing that. The only way I found to still be able to work and function at work is to shove the miscarriage down and trying and take it day by day because thinking about the what ifs really makes me depressed. I think that is what has in a way driven my wife away and I don’t know how to fix it anymore I’ve been off work for the past 3 days and every day we have argued about how she dosent think I’m there for her and like I said I know I can do better it’s just hard to because I feel like I have nothing else to say on the subject.

 I feel like that’s fucked up to think but I don’t know what else she wants from me. Obviously when it happened we talk about how we felt and I’ve already sat there and been mad at the world mad a god and sad at everything. My wife still wants to talk about it and I’m all for that I really am I jus"
,1,"
 I feel like that’s fucked up to think but I don’t know what else she wants from me. Obviously when it happened we talk about how we felt and I’ve already sat there and been mad at the world mad a god and sad at everything. My wife still wants to talk about it and I’m all for that I really am I just don’t know what to tell her. I love my wife and I want to help her through this and so I guess I’m getting in here to see if any one can help man or woman maybe you guys can talk about what helped you through this. I know it not something you ever forget or get over completely but I just want her to get through a day where she’s not completely depressed about it."
,0,"If you had a MMC (the closer to 9.5/10wks the more helpful) and waited for body to handle things: How long did your bleeding last after?

In about 6hrs it will be 2 weeks exactly from when my body finally went into labor and my miscarriage “completed”. I am still spotting which I know is normal but today I passed a clot. My midwife isn’t concerned but I’m curious how long others bled for, if you had surprise clots (on the bigger end of the scale but still smaller than a golf ball so not a worry) show up 2 weeks later, and when you would request another ultrasound if you were in my shoes. I just want this to end so I can heal, I feel like every day is just me putting on a happy face for my jobs sake and me just getting beaten to a pulp (mentally) every day. I can barely convince myself to go to bed at night because in the quiet of bed is when everything comes out."
,0,"Should I say anything?

In 2014/15 I was home alone. I lived with my aunt and her bff but they were out of town. Her bffs son came over to get something (5yrs older) but stayed to raid their alcohol cabinet. I was already in bed and doing school work-it was lateish- so I said just lick the door when you leave.

Instead he came into the room badgered be until I closed my laptop so we could play a card game. 
He said it wasn’t fun enough so when I lost he said I had to moon him. I said no but I need to finish working. He wouldn’t stop or let me work until I did it.
He then wouldn’t leave until I was fully undressed and he “massaged me” ending with him fingering me. He was going to take it further until he heard me crying.


It’s never been spoken of since. The next day at work (we had the same job) he acted like it was a normal night. 
He also had a gf at the time.

I’ve never forgotten. And it’s been eating away at me.We all consider each other family and I don’t want to cause a major family meltdown but I can’t hold it in any longer.
And I am scared to tell my aunt because I don’t want to hurt her for keeping this a secret for so long.

Please help me"
,0,"do I tell my significant other about my SA?

my friend of over 10 years took advantage of me literally last night. (we are both 19) I am wrestling with if it truly is considered sexual assault but all I know is it wasn’t okay; I’ve been in a relationship with my boyfriend for nearly four years, we’ve been long distance for 9 months since he moved

I don’t know where to go from this point which is why I came here looking for any kind of help. How do I tell my boyfriend? Do I even bother telling him? Do I wait until I can finally see him in person? I’m worried he’s going to think i cheated on him because I didn’t stop it  from happening, worried he won’t understand how freaked out I was 

Anything helps, thank you in advance"
,0,"My story: laminaria and D&E at 16 weeks

Wanted to write my experience out since I’ve found it helpful to read others. I had a missed miscarriage, diagnosed at 15 weeks. My boy stopped growing somewhere between 13-14 weeks, and I had a D&E a week later.

Yesterday (day before the D&E) I had two large laminaria sticks placed to help dilate my cervix. I asked for lidocaine because I read that it can be really painful, but to be honest the lidocaine shots hurt anyway. I’m not great with needles, and still not sure which kind of pain would have been better. I had cramping the rest of the day. Tried Advil, heat pad, and low dose edibles but was still pretty bad so asked for something stronger and my OB prescribed me naproxen (basically strong Aleve), which worked a little better and helped me sleep. By this morning the cramping was better. I was worried the laminaria would trigger labor or contractions but my OB said this doesn’t happen often in her experience and it didn’t with me- just some spotting the next morning. 

Today I got to the hospital and (sorry tmi) pooped and the gauze and laminaria sticks slid out into the toilet. I got checked in, and then the worst part of the experience happened- getting the damn IV put in! It took so long and the nurse kept talking about the process and I think that triggered my vasovagal response and after the IV started I could tell I was going to pass out (happens a lot). So I passed out, the anesthesiologist happened to be there and was insisting I had a petite mal seizure during it (my eyes rolled back and I was convulsing) and thought I should get a neurology consult. But in the end, with my history of passing out many times in my life and the fact that they already started the process with the laminaria, my OB thankfully decided to go ahead with the D&E that morning, seizure be damned. (Later I read that people who pass out have convulsions pretty frequently, so that made me feel better. I also got a work up for this decades ago and they couldn’t find anything.) 

Anyway - they put me under general for the D&E. I woke up and waited in bed a while until I was less groggy. The nurse had me pee and then I was discharged pretty soon with my husband. 

I feel so much better now. I had a long nap at home and haven’t felt this good physically since the early days of the pregnancy. No more nausea, no cramping, barely any bleeding yet. Feel like I can continue the emotional processing part of this without all the anticipation"
,1,"y soon with my husband. 

I feel so much better now. I had a long nap at home and haven’t felt this good physically since the early days of the pregnancy. No more nausea, no cramping, barely any bleeding yet. Feel like I can continue the emotional processing part of this without all the anticipation of the procedure, the feeling that my dead baby is inside me, or the pregnancy fatigue and nausea. I’ve had a D&C before and had some bleeding for weeks after, so thinking that might start in the next couple days. 

It’s pretty weird to just feel “normal” again physically, actually. Makes me feel a little disconnected from my baby. Ordered an embroidery project (the flowers of his due date month), so looking forward to working on that. 

Sorry for all of you going through the same thing - glad this community exists 💙"
,0,"had a abortion at 17 weeks

this might be a dumb question but idk i had a surgical abortion on the 6th i bled but i stopped then i did again but it was light pink an red so normal , now it’s js on an off like a dark color an id think the clots are normal but is it normal for it to be that dark an me basically leaking i can feel it coming out like liquid."
,0,"Husband Told People About My Abortion

Feeling very vulnerable and upset right now and not sure it is warranted.  Please don’t judge me.  My husband and I made some poor choices during the stress and weirdness of the pandemic.  We briefly had an open marriage and I was with another man.  My husband told me it turned him on.  I felt like a piece of meat, when all was said and done.  After a couple weeks with this person, I was pregnant.  At my husband’s insistence we did an expensive DNA test to determine that it was not my husband’s child.  Both men wanted me to have an abortion, though my husband didn’t come right out and say it, to his credit.  I was really on the fence but ultimately decided on an abortion because the other man was violent and angry.  While I am grateful for the choice and the medical care, mine was a traumatic abortion experience to say the least.  

I suffered depression for many months as my hormones got back to normal.  I am sure I was difficult to be around, but I was in a lot of mental and physical distress.  Eventually, my husband could not handle my emotions, and he left.  Told me he was divorcing me and believed I would “never recover” from the abortion.  He told me to “take responsibility” for my “mistake,” and that really hurt because, I DID take responsibility, and I am the only one who has to live with that choice every single day.

When he left, he turned on me completely.  He told his entire family and friends that the reason he left me was because I had an affair, got pregnant, and had an abortion.  It’s not the truth, the way he tells it.  He absolutely “got off” on this dumb open marriage experiment.  

His family and friends now think I’m a monster.  While I know that having an abortion does NOT mean I am a monster, I do not appreciate my husband taking control of MY story and my privacy.  I should choose who is worthy to hear my story and how they hear it. My husband told me that I’m wrong, that it’s HIS story, too, and he can tell whomever he wants.  This makes me feel so vulnerable.  Am I wrong to feel upset by this?"
,0,"Words of encouragement?

I’ve had 2 back to back MCs (chemical in april, missed in july), i finally got my first cycle back after a d&c, ovulated at a normal time, did all the things, and just got my period today at like 15 DPO. 

Feeling defeated, I know I can’t expect to quickly pregnant again but I just want it so badly. 🥺"
,0,"Thinking about it… already drowning with 3 kids. Not sure I can handle 4.

I have 3 kids. Age 5,4 and 15 months. dad is not the most helpful. My older two are a lot. I just found out I’m pregnant and I’m really considering an abortion. I always said idk how I would handle having another baby and I really feel like that. Even my husband just said idk how we are gonna do it. 

It’s not something I want but I don’t think it’s fair to my kids, or myself. Every day I feel like I’m throwing and barely surviving with these wild boys. We live in Florida. 

And money- we’d have to get a new car in order to fit 4 kids. I really don’t know what to do."
,0,"Was my miscarriage the drs fault?

So here’s the story and I’m sorry it’s a long one. Thanks for whoever reads it all. 

I have had high blood pressure for years. It was always managed with one medication. My PCP never really checked up on it. Would just write down whatever it was at my appt, renew my prescriptions and away I went. When we finally had embryos to work with, I started with a new fertility Dr.  She told me I needed to change to a beta blocker before my transfer since it was safer for the baby. Went to PCP, asked for a med change, he changed it and I left. I was taking said medication regularly and we prepped for my transfer.  I changed meds in Jan 2025 and transfer was May 2025. 

Transfer went great, I had my positive test on 9dpt and we were over the moon. Everything was perfect until 7w6d when I went for an ultrasound and the baby had no heart beat. I had been in the ER 3 days before for some bleeding and they said the baby was fine but my BP was high.  They just brushed it off and nerves of being in the hospital. So 3 days later we were devastated. So I went through the whole miscarriage, passed the tissue July 5. 

Fast forward to Sept 20 and I end up in the hospital under the diagnosis of congestive heart failure. After lots of testing and 3 day stay, they tell me my left ventricle was enlarged which was a sign my blood pressure had been high for a long time. Looking back at things, no one ever checked my BP. Not one time. Not during prep, not before transfer. Not before putting me under for a procedure. The fertility drs never checked it one time. My PCP never advised me to keep track of it. NO ONE TOLD ME to track my blood pressure. My cardiologist and my new PCP are 99% sure this is what caused my miscarriage since we had the tissue tested and I went through a crap ton of tests and all was normal. Why did none of my drs take this seriously and guide me properly?!  Am I looking at this wrong or did my drs have an obligation to make sure I was healthy before transfer?  

I have a whole new team of drs now that won’t even allow me to do another transfer until I have one solid month of good readings. Where was this before?!  I feel we wasted a perfectly good donated embryo and wasted a life. I am having a hard time coping with this."
,0,"Picture My Live Story No 6

Survived an abusive child marriage for years, now a Katswe Sistahood activist - Zimbabwean Women speak out   [\#MeToo](https://www.youtube.com/hashtag/metoo) [\#SexualViolence](https://www.youtube.com/hashtag/sexualviolence) [\#GBV](https://www.youtube.com/hashtag/gbv)"
,0,"Chances of miscarrying again?

I’m 32 and had a miscarriage last month at 5 weeks pregnant. I recently read that if you’ve had more than one pregnancy loss, your chances of miscarrying again go up by some percentage. When I was 25, I had an abortion. Long story, but I was basically coerced into thinking I had no other choice but to abort. Anyways, I’m just curious, does anyone know if that counts towards the “more than one loss” percentage or not?"
,0,"4 days post D&C

Hi all. Sending love. 🫶 I am 4 days post D&C and the cramping has really ramped up today. I felt fine with minimal bleeding and no cramps the last few days but today it feels like I am miscarrying all over again. No bleeding although I stupidly went to TikTok and saw all these videos that said the blood can come (full force) around day 4-5 so now I’m nervous about that. 
Anyone else experience this? I’m hoping it goes away without any troubles."
,0,"Going to hospital and need to tell mom

This is going to be a long post. Sorry for any TMI I'm 18 and 28 weeks pregnant. I haven't told anyone I'm pregnant. I got pregnant at a party where I lost my viriginity to some guy. I was drunk and don't remember it at all. I ahve felt shame ever since. I was set on getting an abortion but in my state parental consent and notification were a thing, as I was still 17. I didn't want this baby. So I kept it inside until I turn 18 at 11 weeks pregnant, before I finally seen a doctor. I've wanted to tell my mom, but I didnn't know how. I didn't want to tell her a bout what happened at the party I wasn't even allowed to go too because I was grounded. So I lied. Then I've been up and down on what to do about the baby. I feel sick. I feel no connection but shame and regret. But the last few weeks I've been starting to think about waht if I can't put her up for adoption. Two weeks ago I had my fourth prenatal appointment. My blood pressure was a bit elevated at 145/92. They tested my urine for protein and negative. I've been monitoring my blood pressure and it's been fluctuating around 135/80 to 140/95. Today it went up to 155/95, along with a really bad migraine, fatigue and nausea. I called the doctor and he told me to go to the ER. It's been three hours, when I took my blood pressure again and it was 160/100 so I called my mom at work to come home because I was really sick and need to go to the hospital. I know I need to tell her the truth. How do I tell her the truth? Why didn't I tell her? I'm not feeling well. I'm worried about the baby. Me? I don't know what to do. She'll be home in about twenty minutes. Baby still moving as normal. I'm not sure what to do. I'm freaking out.

Update: I'm seriously overwhelmed from all the responses. I honestly thought no one would care and judge me for being stupid. I'm in the hospital. Even after my mom came  home, it took until we were pulling up to the hospital to tell her. I was seriously so close to throwing up. I was shaking, saying I feel like I was going to pass out over and over again. It's when we were going into the ER when I just started crying and saying I was pregnant. It just all came out at once. She just kept telling me everything was going to be all right over and over again. My blood pressure was 172/101 so I was sent up to labor and delivery pretty much immedietly after I admitted I was 28 weeks. That shocked my mom. But then in the room, it happened so fast. I got"
,1," all came out at once. She just kept telling me everything was going to be all right over and over again. My blood pressure was 172/101 so I was sent up to labor and delivery pretty much immedietly after I admitted I was 28 weeks. That shocked my mom. But then in the room, it happened so fast. I got hooked up to fetal monitoring, then they took blood. Then there was fifteen minutes of my mom and I. I felt so bad for not telling her, but I told her what happened at the party, and how I didn't remember, and felt ashamed, and scared. That I had intially planned on abortion, then adoption. Then now I wasn't sure what I wanted. I knew she was dealing with a lot of shit after my dad just left her for another woman last year, then this shit happened and I've been dealing with it. It just had been a lot.  She just hugged me, and we both kind of cried. Blood work came back. Some elevated levels, I can't really remember what right now. My mind is a million miles an hour. BUt they gave me something to help with stablizing my blood pressure, gave me a steroid shot for baby. As of ten minutes ago blood pressure is 135/95. In two hours they are going to check my urine and blood again. My mom is going to go home to find somewhere for my sister tos tay tonight and grab some stuff and come back. I'm going to try and sleep now that I'm feeling a little bit more myself. I had intended for this to be a short update but I guess I just needed to unpack everything. Thanks everyone who have reached out. I'd reply individually if I wasn't so exhausted.

2nd Update: I didn't think posting about my experience to a bunch of strangers would actually make me feel better or I would have made an account when I first found out. Last night and overnight was a bit rough. My blood pressure kept going up and down. It went up to 160/105 I believe, but quickly came down with more fluids. I got diagnosed with pre eclampsia with moderate to severe effects. They did up the blood pressure medication, at in a few hours will give me a second steroid shot. It really honestly sounds like I'll be here until she is here. They are hoping to get me to 32 weeks but based on my lab results and urine results they suspect it could be as early as this weekend. I have been feeling more or less pretty tired, nausea and this headache that seems to be up and down. My mom has been good. I know she feels really sad I kept it from her and that I suffered alone. She wanted to call my dad to let him know what was going "
,2,"uspect it could be as early as this weekend. I have been feeling more or less pretty tired, nausea and this headache that seems to be up and down. My mom has been good. I know she feels really sad I kept it from her and that I suffered alone. She wanted to call my dad to let him know what was going on, and I got really upset at that. I really don't want to talk to him, let him know anything, because frankly most of the time I don't even think of him and treat him how he treated his family when he left to make a new one. I know how I reacted to her suggesting  it brought some old wounds up and I feel bad all over again. I'm honestly still feeling overwhelmed, surreal and not sure what the hell the next week, never mind few months are looking like. Just hoping to make it a few more weeks, because apremature baby that I'm not even sure what to do with, is daunting enough.  Thanks everyone.

3rd Update: Thanks for all the support. This will be quick. I haven't been feeling well. My blood pressure has been spiking and not coming down. Protein in urine, and blood work isn't great. Ultrasound is showing some problem with the placenta. I'm having the baby tonight. I'm exhausted. I'm terrified. This all feels overwhelmingly surreal.

4th Update: She was born at 7:23pm last night. I was originally scheduled for an induction, but it turned quickly into an emergency c-section. I'll post more later.

5th Update: This whole delivery and pregnancy has truly traumatized me. My blood pressure got up to 201/115 during the induction, and I got put under. I woke up with double vision, nausea, and just the worst sickness I've ever experienced. It took me until today to be able to muster the courage to see the baby. I am really struggling, emotionally. My mom has been handling this really well for someone who was kept in the dark. I can tell she is allready growing attached to the baby. She won't in so many words, but I know she wants me to keep the baby. I think I need a few more days, to really unpack what had happened this last week. But baby was offically born June 9th at 7:23pm 28 weeks 6 days, 2 pounds 2 oz.

6th Update: July 19/2024: It's been a while since I've updated. The first few weeks were really hard. I had a hard time connecting with the baby. I had to be readmitted two days after I was finally discharged becasue of elevated blood pressure and five days later released again, on blood pressure  medication which I'm still on. I didn't want to hold her. I found it h"
,3,"irst few weeks were really hard. I had a hard time connecting with the baby. I had to be readmitted two days after I was finally discharged becasue of elevated blood pressure and five days later released again, on blood pressure  medication which I'm still on. I didn't want to hold her. I found it hard to pump milk, and/or visit. It wasn't until she was almost 32 weeks and over three pounds where I started to come around. I started to visit out of want versus obligation. That sound really bad, but just the whole experience had been really hard. Now that she is 34w3d, 4lb 3oz, on the lowest setting on the CPAP. She hasn't got the concept of sucking from a bottle, but is taking in 22ml every 3 hours of breast milk fortified with something to give baby extra calories. All in all there hadn't been  many serious complications and accordingto staff her stay has been uneventful for the most part. For me the whole thing is and still continues to be traumatic. I did start up on antidepressents because it was clear as day I have PDD. It has helped a lot with feeling less overwhelmed and making bonding a lot easier. Things with my mom are good, and she has been supportive. I've reached out to my dad after I had time to process everything. He has came to see the baby once, but more or less things are tense and I'm not going to put  too much effort into staying connected at this time."
,0,"Silent MC still won’t pass naturally. Advice on expectant management

Just wondering how long it took your miscarriage to pass naturally. 

8+5 scan showed gestational sac with yolk sac measuring 6w+4d 
10 days later the scan showed measuring a week bigger but still no actual development (fetal pole or heartbeat) 

I’m now 12 weeks. Still not passed. I had what might be considered spotting every other day over the last week. More like a red/brown tinged discharge rather than blood spots.

Mostly now I’m just extremely bloated and very mild cramping. 

I understand the overwhelming majority in all my research recommends a D & C and most expectant management stories are horrific. 

I’d love to hear encouragement rather, and more positive stories so I’m not so afraid. 

I really don’t want a D & C due to risk of fertility issues or scarring after. My doc said 1-2% though small still seems risky to me and I’m just not comfortable gambling that.

No shame to those who chose D & C ! It’s still on the table. but I’d love to hear from those who waited for it to happen at home. 

Any tips or ideas ?"
,0,"This just feels like a cruel joke

This was my first pregnancy. I’m married to the love of my life, we are both turning 27 soon and been together for 8 years. We have a cute house, family close by, good jobs, everything seemed just right. We got pregnant on the very first try and I felt so lucky. We saw the heartbeat at 6w4d (thought I was 7w but baby measured a bit smaller) and we were so excited and told pretty much everyone. I knew the risks but hoped they wouldn’t apply to me. Haha. 

My next ultrasound was scheduled for October 6, when I was 11w1d. I was so excited to see the baby look like an actual baby. To hear the heartbeat. But, I had been spotting very lightly the week before the ultrasound and had a gut feeling something was not right. I chose to wait for my appointment rather than go to the ER since the spotting was so minimal. 

At the ultrasound, the tech was so quiet. We saw the baby. I knew something was wrong, because it was not moving at all. But it did look like a baby this time. When the tech finally spoke after what felt like an eon of silence, she asked me how long I had been spotting. Then she told me baby was measuring 8w5d. My brain did not process what she said at all and I just smiled at her like an idiot. Then she said “I’m so sorry, I can’t find a heartbeat”. I burst into tears and my husband and I went into the next room to discuss my options with the OB. I ultimately decided to do the d&c procedure, but I ended up passing everything at home later that night around 4 am. 

I can’t even explain how traumatic it was. I wanted the d&c because I DIDN’T want to go through this. I didn’t want to feel the contractions, I didn’t want to feel my baby come out, I didn’t want to go through that process. But it happened anyway. Most excruciating cramps of my life (which I learned was literally labor and contractions), and before I knew it, my tiny baby was in the toilet. I didn’t even get to see it because it disappeared. But I did see the placenta which was horrifying. 

I passed everything. Got an ultrasound today to confirm everything was gone. Seeing my baby just yesterday on the ultrasound, to seeing a completely black empty void on the ultrasound today, made me feel so numb inside. It all happened so fast. 

And now, as a cruel joke, I keep having these painful contraction-like cramps. A constant reminder of my uterus shrinking back down, when I was previously so excited about how much bigger it was getting. 

I wish this didn’t ha"
,1,"ltrasound today, made me feel so numb inside. It all happened so fast. 

And now, as a cruel joke, I keep having these painful contraction-like cramps. A constant reminder of my uterus shrinking back down, when I was previously so excited about how much bigger it was getting. 

I wish this didn’t happen to me. Everybody keeps telling me it’ll be okay, I’ll get pregnant in the future, miscarriages are soooo common, etc. I don’t care that they’re common. I don’t care that my mom and my MIL each had one. How come some women don’t? How come I had to be part of the 1-4 statistic? I am just feeling angry at the world and at my body. And boy, do I regret telling anyone. My thought process at the time was that it would be nice to have a support system. But now, I’m getting bombarded by text messages and calls, and I just want to be left alone. I just want to rot on my couch, watch tv, and cry. I don’t want to talk to anyone. I don’t want to see anyone. I understand their intentions are good, but there is nothing anybody can say to me to make this hurt any less."
,0,"My (21 F) experience &amp; current confusion with sexual abuse and date rape drugs: can long terms abuse involving date rape drugs cause permanent brain damage? What kind?

I was in an abusive relationship for a few years. One of the things my abuser somewhat regularly did was drug me \(with what kind of date rape drug, I am not sure\) so he could abuse me without my resistance. This happened about 1\-2 times a month for a period of around 6 months. This was a few years ago, but ever since, I feel my brain function just hasn't been the same. Does anyone have a similar experience, or have any insight on what kind of impact this might have had on my cognitive abilities?

I find myself just generally more easily confused than I ever was before. I also find myself having little to no memory of certain conversations or details or facts, even if they just happened. Like my memory \(both long term and short term\) has random gaps. Is this something that could be because of the abuse?"
,0,"End of the line

I want to be concise here. 31M USA.
Born into middle class, moved around a lot because my parents couldn’t sit still. The only help my parents gave for school was the same as our disciplining, a belt and some amount of punishment from fun activities or items. Your teacher should of told you that, I’ll give you something to cry about, this hurts me more than it does you. But my dad also would throw tantrums and beat my brother 8 years my senior and sister 1 year younger randomly, I either ran away from him or was left alone. Maybe it was that the Sweet tea was wrong, couldn’t find his tools, music too loud, and my poor mom was trapped too. I think he may have raped her at some point. He also cheated on her most of their marriage with some girl. I took a lot of my frustrations out on my sister, I regret it everyday because I know I should of been there for here and instead I was her first bully. My dad targeted my brother the most too but we all got some of that.

Once SS called them out over my sister having a breakdown in 4th grade they split, my mom wasn’t invested in me or my sister and my brother moved out. Mom stopped spanking us, but we were the house maids since she made the money. She left us alone and started her life, we were just kinda there. I don’t blame her for wanting to make friends and have a life again, bringing guys home, parties at the house, my brother even brought her home a couple times because they would party together occasionally. 
I got a job, she made me pay rent, kicked me out at 18 after HS graduation, and I lived with a friend till I went to college. Bro got addicted to alcohol and drugs, my sister was with a man older than our parents with no money for some reason. I was the golden child, full of myself. I wasn’t chubby anymore and started to feel confident with women. Had dates, got a car did ok in school. Full of myself.

Then my junior year I decided psychology was me searching for answers I didn’t know I was asking, I’m selfish I don’t wanna help anyone. I ate alfredo and watched X-files and failed out my senior year. Got big again, my hair started to recede. My body dysmorphia from hs was coming back. Got an apartment with an HS friend. We slowly started to aggravate each other. But it wasn’t too bad. Just not what we expected. More and more I hated work and being told what to do, it’s all I’ve ever known. You can’t just BE in this world you have to do something or disappear or die. I was still trying to"
,1,"partment with an HS friend. We slowly started to aggravate each other. But it wasn’t too bad. Just not what we expected. More and more I hated work and being told what to do, it’s all I’ve ever known. You can’t just BE in this world you have to do something or disappear or die. I was still trying to think of what I could do, what I could make and be left alone but have control over my life.

I got a girlfriend, we worked together, it was awesome, campfires, she got me on weed, hiking, we screwed like bunnies, but my insecurities ruined it all with paranoid conversations over a friend of hers, he’d be around all the time, they’re still together now. Got together 2 weeks after she dumped me. I was weak, and they were already good friends, sometimes I think she got with me to make him jealous. He dumped a nurse for my ex, and when he quit our job she did too. I still tried to date but at this point my hair was shot and my weight wasn’t great. I’m also short at 5’6. My confidence was plummeting. My roommate also had no job but was being funded, played games all day, he gets a girl friend via a mutual friends breakup and I was jealous because I had a job and was trying to find someone actively. Looks get you everything.

Later we all move in together work at the same place, I started going to the gym shaved my head started to feel better. They broke up and now me and this girl start hanging out a lot we all still lived together we wrestle in bed drunk and my dumbass starts to feel some kinda way. Then her and my roommate get back together and I get jealous and act like an asshole. I would make fun of their on again off again ness, how they were so secretive because of her racist parents, how he had no pull out game because she had to get an abortion. I’m an insecure dick. They start making fun of me behind my back but I can still hear them through the thin walls. I think I had a stroke and they never tolled me, my body started to slip, and they made fun of my lazy eye saying how I must masturbate a lot to be so hunched over and wobble, and just my general appearance against their beautiful tall slim selves.

My paranoia spike and I get worse. To the point of not being sure what’s real and what’s not because I’d confront them and they would deny saying anything. One day in my twisted thought process, while we were in a discord call with our gay friend, she made a joke about how our gay friend’s dad would take him out back and shoot him if he brought a black man "
,2,"g sure what’s real and what’s not because I’d confront them and they would deny saying anything. One day in my twisted thought process, while we were in a discord call with our gay friend, she made a joke about how our gay friend’s dad would take him out back and shoot him if he brought a black man home, gay friend didn’t know what to say, so I said you could rape her this was just after roe v wade, and I didn’t think it was funny I know it was stupid but I wanted them to know that we’re all just saying shit and it’s all aggravating, I was just full of negative emotions. No one really says anything, but it comes up later and now I’m told to move out, we lived together for 6-7 years. And I think o should of moved out sooner. Or just not in with them now at all. I stopped talking to them and moved out, avoided them at work as best I could, but then my ex roommate gets a promotion at that place in 2 years while I’ve been there for 10, I asked a girl out and got labeled a creep with all the gossip it comes with, couple years later I get fired for leaning into a man who was leaning into a coworker. Told myself I won’t work for anyone again, started making my own business. 

One year & a sold car later and now I’m broke, about to be homeless, hate myself for all the things I did or didn’t do, don’t believe in an after life, if there was one your being would transcend experience like that of an infant to adult because of the new way of existence, my mom never calls me, I still don’t have an interest in anyone beyond myself or what I could be to someone. I want everyone to succeed and achieve their wildest dreams as long as that doesn’t involve being better than me while I can see it or in competition with. 

I think I’m autistic, or maybe just a narcissist. I’ve felt numb my whole life to fun and hate gossip. I’ve acted and tried to impress and fail. With a helium gas mask combo I see a painless way out, Idm letting the landlords clean up. I ruined my life because I’m never satisfied or happy for others, and think too much about what others think, or care too much, too controlling & idk how else to be. Even now I’m still pushing my business along on flats. My mom could of lived on a lake house with my brother if she never met my dad.

TLDR

I think I was a mistake and I think it would be some kinda positive if I was gone. But hey at least I’m an asshole who knows it right? I want to do nothing, have nothing expected of me, and cuddle someone daily. I am alone and"
,3," of lived on a lake house with my brother if she never met my dad.

TLDR

I think I was a mistake and I think it would be some kinda positive if I was gone. But hey at least I’m an asshole who knows it right? I want to do nothing, have nothing expected of me, and cuddle someone daily. I am alone and bitchy while other people are being blown up or inspiring others while they have a melted face or something. I’m spoiled and privileged and still think back to when I would bully my sister, maybe this is my Comeuppance.

Hope you have a good day, make better choices than me."
,0,"Someone said something stupid after MC? Vent it here!

First, I'm so sorry we're all here.  I feel like pretty regularly there are posts here talking about the ridiculous things people have said to us after MC, and then we go, ""Am I being to sensitive?"" and I'm here to tell you, NO! You are not too sensitive! I feel like it's cathartic to talk about all the dumb things people have said to me since loss, with people here who understand.  So vent the things people have said here!

  
Here are some of mine, either stupid or just things that are unhelpful:

* ""At least you know you CAN get pregnant!""
* ""Don't worry, you're super fertile after miscarriage!"" (6 cycles past and still not pregnant again)
* ""This is God's/the universes plan/it's a sign that it wasn't the right time!""
* After telling a friend that I just got my first period after miscarriage, something we all know can be very sad and triggering, ""omg girl I'm also on my period! Our cycles are the same now!"" like girl WHAT read the room!!
* ""Your hormones must be out of whack! Take antihistamines!!"" different friend insists my hormones are out of whack when I tell her I'm feeling sad 6 months after miscarriage. Girl, my hormones are fine, I'm just SAD, this is normal!!"
,0,"My Assault Story

Here is my #metoo story.

This is a complicated, long, story that starts off in 2016. I will try my best to keep it short. 

In 2016 a girl in one my high school classes, Elise, said she needed to use someone's phone. I let her use mine. This continued daily. The reality of the situation, Elise was on probation, and the person she was texting was her 25 year old boyfriend, Matt, who she was not allowed to have contact with. Elise was 15 at the time. Eventually they stopped contacting each other over my phone.

Then, out of the blue I get a text from Matt asking for help. He said he was addicted to heroin, as was Elise, and I'm the only person he could think of who wasn't. I agreed to text. I was depressed, and didn't have many friends, so I knew what it was like to need somebody. We began texting every day, and it turned into what I thought was a friendship. 

Elise found out I was talking to Matt, and told me to stop. Matt told me to ignore her, so I did. Then she started getting more aggressive. One day she stole my phone when I wasn't looking, then later that day she confronted me in the library and said ""Matt says Hi"" and threw my phone across the room. Another time she saw me in a classroom alone, came in, and yelled something along the lines of ""Nobody would care if you died. Go get hit by a bus."" These occurrences kept happening to the point my principal went to the police and filed a harassment complaint on my behalf. I told the officer to drop the charges. I knew it would just cause more issues. 

One day Elise's PO officer pulled me out of class to talk to me. She wanted to know what I knew about Matt and Elise. Matt had always told me to lie if any questions were asked about him. I told her I didn't know their history. She said it's fine if I continue talking to Matt since there's a 10 year age difference allowed in Colorado. It's not 18+ like most places. She also said there was a gag order that was supposed to be placed on Elise's since now people at school were giving me a hard time because she made up a rumor that I was taking her to court. She was going to court, just reasons that didn't involve me. 
Obviously the gag order meant nothing to her and he still continued what she was doing. 

Over the next week or so my principal pulled me aside multiple times to ask for Matts's phone number. I don't remember who she said needed it. Matt was worried about the police tracking his phone or looking at his messages so he would sma"
,1,"t nothing to her and he still continued what she was doing. 

Over the next week or so my principal pulled me aside multiple times to ask for Matts's phone number. I don't remember who she said needed it. Matt was worried about the police tracking his phone or looking at his messages so he would smash phone after phone and tell me to give her wrong numbers. 

Eventually I met up with him. I had a friend of mine drop me off at his apartment. It was fine. We talked and cuddled. He asked if he could kiss me. I had never kissed a guy before. When his roommate got home he told me to hide my backpack. He said his roommate doesn't like it when he has high schoolers over. I met up with him a couple more times after this. 

One day he texted me saying -
""I can't go back to my apartment because of Elise's mom. I talked to my neighbor, and some blonde lady was pounding on her door and he told her nodoby was home. She told him ""Tell Matt to stay way from my 15 year old daughter."" I guess that was Elise's mom. I'm so glad that was before you and me got there.""

Apparently one day when he was picking me up, Elise's mom tracked him down and tried to confront him. We arrived to his house right after and missed the entire thing.

The next time I saw him, he picked me up from a friends house. We agreed I would tell my mom I was staying there for the night. He ended up taking me to a motel called Kings Court, it's known for not so great things. We spent the evening watching Family Guy. We even watched the episode where Quagmire sleeps with a high school girl, which is extremely ironic. Matt was supposed to get a tattoo that night, but it fell through? I dont know. We just ended up staying in that room. 

He started kissing me. That was fine. We had done that before. Then he wanted more. He started taking off my clothes as I got increasingly uncomfortable. My cargo jacket, my floral skirt, my stockings, my underwear. He asked me a few times, ""are you ready?"" And I always responded with ""maybe next time"" or ""I don't know."" Then he asked ""Can I put it in?"" and before I could answer, he had. All I remember is disbelief, pain, and not being able to move.
When he had enough, he got up, put his clothes on, slapped my ass and went to smoke a cigarette. I remember standing up, and looking down to blood.

I went into the bathroom and cleaned up the blood running down my legs. Then, I went back into the room and pulled the sheet to the top of the bed so the blood would be hidden. He ca"
,2,"put his clothes on, slapped my ass and went to smoke a cigarette. I remember standing up, and looking down to blood.

I went into the bathroom and cleaned up the blood running down my legs. Then, I went back into the room and pulled the sheet to the top of the bed so the blood would be hidden. He came back into the room, laid down and went to sleep for awhile. Then eventually he got up, went to the corner of the room, rummaged in his bag, and stayed there for awhile. Most likely using. 

He took me back to my friends house the next morning of the 7th. That day was prom. I went home, bleeding, clearly violated, and tried my best to block out what had happened the previous night. I thought if I pretended everything was okay, that I could change the ending of the story. I was not going to allow myself to be the the naive teenage girl who was raped. 

I continued seeing him like nothing happened. I just started drinking heavily. He asked me if I had a good time, I said yes. I even texted him a week later (drunk) to try and have sex. I thought if we did so, the first experience wouldn't be as significant. We tried, but I was still In pain and couldn't continue. 

Soon after this he went to rehab in Florida. He left me some gifts, and we wrote each other a few times. Then over time I spiraled and realized I can't pretend like nothing happened. 


Matt must have still been in contact with Elise, since she knew something happened between us. She told everyone that I slept with her boyfriend. I then got slut shamed at school from ""friends"" to acquaintances. I dropped out.

I called Matt after he was released from rehab. I confronted him. I asked him if he knew the definition of consent. He did. ""Then why did you enter my body without mine?"" I asked. He denied it. It was a long phone call, but I recorded it. He kept saying he was a new person now. Eventually he said ""I was high and I didn't care."" I thought I had him. 

I took this to the police, and the detective on my case couldn't be any less helpful. All he did was give Matt a call and leave a message saying ""I'd like to talk to you. Call me back if you want to."" He took the recording, but wasn't interested in Matt's pattern. In the texts I have of him manipulating me. Telling me not to tell anyone anything that can get him in trouble. Is that not evidence too? 
I told the detective about Elise. If you look up Colorado consent law, the 10 year age difference starts at 16, so surely I can get him on statutory sin"
,3,"pattern. In the texts I have of him manipulating me. Telling me not to tell anyone anything that can get him in trouble. Is that not evidence too? 
I told the detective about Elise. If you look up Colorado consent law, the 10 year age difference starts at 16, so surely I can get him on statutory since she was 15 and he was 25, right? They won't charge him on that either. 

The detective took what little evidence he had to the DA. They threw out my case. They said unless they are 100% positive they can win a case, they won't even attempt, and sexual assault cases are extremely hard to win.

I guess my point is nobody cares. I see why victims don't report. At least I had some hope before I went to the police.

Elise still makes multiple profiles on Facebook and messages me from time to time to taunt me.

Matt gets away with everything. He now lives in Florida producing music with his new girlfriend. 

I forever suffer because of his actions.

The end."
,0,"BLIGHTED OVUM AND AGE

Hello ladies, for anyone who has experienced a blighted ovum miscarriage, how old were you when it happened?
I had one in June 2024 and although i don’t track ovulation, i also don’t prevent and still not pregnant.

I am also worried it happened because of my age at 40."
,0,"I just want to feel like me again

I haven't posted about my story because its hard for me to talk about, but I can clearly tell that my personality has changed and I hate it. I used to be this happy, giddy and caring person, but now I find that I'm pretending to be any of these things to keep going, to maintain friendships that I enjoy. I struggle to not destroy myself, and I find that pretending to be like the me before keeps me going.

I'm tired of having flashbacks in the middle of an conversation and having to ask for a person to repeat themselves. I'm tired of waking up in the middle of the night because I saw their face in my dream. I'm tired of how I became this highly sexual person that I have no control over after what happened to me, because I don't enjoy it, I can't enjoy it. I don't know how else to say it, I just want to feel like me again."
,0,"My abortion might have saved my life, but that wasn’t why I got it. I got it because I didn’t want to have a child, and that’s a perfectly good reason.

This is my experience with abortion, and hopefully it can be helpful to others out there.

*Potential TW for violence or abuse.

**tldr:** I chose to have an abortion simply because I wasn’t ready to have a child, and that choice ended up helping me cut ties with a man who turned out to be violent and abusive.

It’s been about a year since my (23f) abortion and I’ve been endlessly grateful for not having to deal with pregnancy, childbirth or motherhood during a pandemic. I had my abortion on New Years last year, so even before the pandemic had started. I was in a new and casual relationship with a guy I had known for a few years. I never really knew him *well*, but we had casual dated for a time and remained friends after that. I knew he had some crazy relationship drama in the past, but I didn’t know the details or extent of it and he didn’t talk about it much.

The first few months of our relationship were rocky to say the least and I was insanely unhappy and had tried to break things off multiple times, only to be met with manipulation and dragged back into it. Obviously I was devastated when I found out I was pregnant. I didn’t know immediately if I would keep the baby or not, and from my partner I was met with doubt about wether I was actually pregnant or just attention seeking. I figured that no matter what I chose to do, I’d leave him once I made my decision. I found out around 4 weeks, and thought on it for a few weeks before deciding to get an abortion. I was lucky enough to find out so early and have such a good support system to even consider keeping it, but I’m glad I made the choice that I made. My partner made no effort to console me or anything during the process, and basically acted like it wasn’t really happening, just some thing that I made up for attention.

After the abortion, my partner changed immediately. He was more caring and talked to me about it and things seemed a lot better for us. Although things seemed a lot better, they also weren’t coming from a great place, so “a lot better” was still basically scraping the bottom of the barrel for what goes into a relationship at all, and things quickly started reverting. I basically hung on to him because I was afraid to be alone, during the pandemic and my abortion and all of the unrest in the US last year. I was incredibly unhappy, but"
,1," still basically scraping the bottom of the barrel for what goes into a relationship at all, and things quickly started reverting. I basically hung on to him because I was afraid to be alone, during the pandemic and my abortion and all of the unrest in the US last year. I was incredibly unhappy, but it was difficult to place if it was caused by stress/hormones or my garbage relationship (it was both), and I clung even tighter to what I thought was familiar.

I stayed in that relationship for six more months. It was a terribly emotionally/mentally abusive relationship, but I finally found the wherewithal to get out when he snapped on his dad and (TW) >!nearly killed him!< over a disagreement about mowing the lawn. I realized that while he may have only been emotionally abusive towards me, it was absolutely possible that he may have done the same to me someday, or worse. I left shortly after that and setting my ducks in a row, and learned a lot of things about him that I hadn’t known. I ran a background check on him, which I should have done sooner, and found restraining orders from every major relationship of his as well as the dissolution of a marriage that I had never heard about, followed by counts of stalking and adult abuse. He continued to harass me on all of my social media accounts, making endless fake accounts and things like that. I lived in fear, and honestly some paranoia, for a long time afterwards and just recently got over it.

I started seeing a lot of information about (TW) >!domestic violence and the amount of women in America who are killed by their partners (it’s a lot)!< and realized how lucky I was to get out when I did. Having my abortion helped me cut ties with a man that I was afraid of and would have been tied to for life, before I even knew about being in that kind of danger.

All of that said, I feel like it’s so important to mention that **I chose to have my abortion simply because I wasn’t ready for/didn’t want a child.** While it may have saved my life at the end of the day, I didn’t have/need some grandiose reason for my abortion, and that’s perfectly acceptable."
,0,"I don’t think I can trust anyone

Honestly, I don’t feel like I will ever be able to theta anyone with my body. I don’t feel like I can have a healthy sexual relationship.

My reluctance was ignored. I was ignored when I struggled, when I said no. This person said they loved me. They told me I wanted it. 

I don’t think I can ever be that vulnerable again. I don’t want to lose control again."
,0,"8 week appt no heartbeat found

I’m crushed. I did everything right today we found out the baby had no heartbeat. I had no pain or cramping. But a week ago I was really constipated. I was on the toilet 3 hours I took laxatives to get it out but was pushing hard. Then I started bleeding vaginally but it was such a small amount my dr said it was okay. I keep thinking was me pushing the cause of why my baby didn’t get to live ? Is that possible. Either way I heart broken and feeling so guilty I should have just let it pass naturally. My pregnancy was a miracle I wish this didn’t happen. Knowing why would comfort me."
,0,"I don't know if it would be considered sexual assault but it affected me for years

[removed]"
,0,"I recently found out I was raped, but I still question it....

Okay so first off let me say I have never spoken about this online but I want to get answers. I was with a guy for like 3 months.  We are gonna call him Terry. I had gotten out of a bad relationship before Terry. We were just friends at first and he was very supportive because I was really broken from my past relationship before him. He turned out to be a complete dick after we started dating. Whenever he would make me mad I wouldn’t talk to him and he would literally send people after me. We are both in high school so teachers, students, people I don’t even know would come up to me and say “what’s wrong with u and Terry? He asked me to come talk to you/ tell you to talk to him. “
And that wasn’t just a one time thing. This would be weekly. Also keep in mind that’s how I cope because I have never gotten help from anything that I have been through because my parents don’t believe in therapy. So I obviously had trouble with suicide and I’ve had ex’s in the past use it against me and threaten that they would kill themselves if I left etc. I’ve always told Terry to never use that against me and he promised he wouldn’t. He is a narcissist so whenever we would argue he would turn it on me, he was selfish and self centered. He would always try to turn everything on me bc he didn’t wanna take responsibility and looking back I was so dumb Fast forward we are getting more intimate. He would do stuff to me and I didn’t really like it but I pretended to. He would ask me to take my clothes off on ft or touch myself and I would tell him I don’t want to and he would beg and beg and beg until I did it. fast forward and we are about to have sex for the first time. He wore a condom and he asked if I wanted it and I said yea but I really didn’t. He would coerce me into doing other stuff and I honestly felt like there was no other way. It was his way or the highway. He would try to force himself on me at school.. But there was one time when we were not allowed to go to the back of the house (his room) because his mom said so and I respected that but he didn’t and he would literally pull me into the back and I would try to tell him “NO MOVE STOP” and he would keep doing it. He would try to force his hands down my pants or get me to meet his around the school to do stuff. I always felt completely disgusting after everything we did and I never enjoyed it. I talk to a therapist and she said it was rape. I explained to"
,1,to tell him “NO MOVE STOP” and he would keep doing it. He would try to force his hands down my pants or get me to meet his around the school to do stuff. I always felt completely disgusting after everything we did and I never enjoyed it. I talk to a therapist and she said it was rape. I explained to her the situation and she was still telling me it was rape. So is it rightful that I claim my virginity? I recently got into a relationship with the person I was dating before him. She and I have gotten a lot better and we have grown so much and we eventually were intimate. I would love to say that she took my virginity instead of saying that my ex did. So I guess my question is was I raped? And is it okay for my current girlfriend to claim my virginity? I really don’t wanna associate my first time with him.
,0,"First period

I can feel my period coming its been exactly a month since my medicated miscarriage and my body is IN SO MUCH PAIN my back hurts legs feel weak and hurt. Cramping decently etc. did anyone else have this?  Im just waiting for the actual bleeding to start but rn this pain is BAD"
,0,"struggling to regain control of my body

CW: misogyny, transphobia, mention of sex

so i’m not really used to asking for help with this stuff, i just opened up to my therapist about the assault even happening but she had to leave her practice and now i don’t even have that available because i have been unable to find a new therapist for the last month. i feel like i am grasping on to straws trying to hold myself together. 

for some context, i was assaulted when i was in high school. i am a trans person, and the person who assaulted me was also trans. he was very masc and based on a pattern of behavior where he assaulted multiple people i believe it was some sort of toxic way to assert his dominance as a masc person. he would regularly degrade women and reduce them to sexual objects and i guess he saw other trans people that way too. 

it’s been several years, close to 5, since this happened. it’s only been very recently i’ve even been able to admit it happened and access some (but not all) of the memories i had blocked out - i wasn’t sober when it happened. 

the problem i’m currently having, and that is kinda new-ish in that it’s never been this severe, is that i just don’t feel like i own my body anymore. it feels foreign. for example, sex just feels like nothing. not good or bad. i just don’t even experience it. it’s just some thing that’s happening and i don’t feel anything at all - even emotionally. and sometimes halfway through, but always after, i just feel an immense amount of shame and guilt and disgust. or even when i’m showering sometimes i just have to give up halfway through on my routine - i usually do a lot of skin care because i have sensitive skin - and just get out as quick as possible to put on clothes and pretend like my body doesn’t exist underneath because i get so uncomfortable. i know asking on reddit doesn’t replace therapy, and i’m really trying to find a therapist, but has anyone else experienced this? is there any advice anyone has that might help with me coping with this in the meantime? sometimes i genuinely feel like i don’t exist or like my body is just some weird foreign object i have to carry around. i can only assume it’s related to the assault because it’s usually accompanied by the same feelings and thoughts as when it was happening."
,0,"Any advise?

I had miscarriage at 18+5, I had to take the tablet and vaginal tablets to give birth 30/8/25

I had RPOC & had a huge huge huge bleed. I had a d&c, followed by a second d&c for a tiny bit left over.

Two weeks post birth I had another scan due to continuous bleeding & they said that my womb was empty & my hcg was declining (it was at 46 2 weeks post partum) and my womb lining was nice & thin

They’ve put me in the mini pill to help my iron increase due to the huge bleed, to stop my period.

I had 4 days with no
Blood. But 2/3 days ago it came back bright red & is worse upon movement and calms down while I lay down or sit down. I can’t find anything online? 

Called the ward & was told it could be a period,
No further advise. But it’s not heavy enough (yet) to signal a period& it’s only heavier while I move around/walk etc calms down to spotting while I’m not mobile.

I dunno what I’m expecting from posting here. But 25 days post d&c/28 days since birth; has anyone had a similiar experience?"
,0,"I just realized it wasn’t consensual, it was sexual assault

(Please use he/him and they/them pronouns for me; I identify as transmasc)


TW: semi-graphic description of sexual assault and sexual assault within a romantic relationship 

(The sexual assault took place while I was still in a romantic relationship with my ex)
I realized that almost all of the sexual things I had done with my ex weren’t consensual but me being stupid and 13-14 at the time thought it was. I thought it wasn’t sexual assault if my ex guilt tripped me and forced me to consent. I had given my consent, right? But I was forced to and guilt tripped to and I realized that it wasn’t true consent and I was sexually assaulted multiple times. I remember once my ex asked me for esex and I denied and said I wasn’t in the mood because I was too scared to say no and my ex kept on dirty talking to me and after awhile asked me if I was finally in the mood. I remember it was that time of month for me and my ex got mad at me because they wanted to finger me. Whenever I denied them consent they usually got upset, got mad, or kept on asking me why and kept on trying to negotiate around the consent. That’s why I was scared to deny them because it scared me whenever I said no or other variations of no and they didn’t respect that and it was just less scary to give “consent” even if I didn’t want to. But now, almost a year after our relationship broke off from my ex cheating on me, I’m realizing that almost everything was sexual assault and I figured it out after reading a post on Instagram saying that sexual assault wasn’t just saying no and being denied but it was also being guilt tripped and being forced into consenting and being too scared to say no. I feel so stupid even though I couldn’t have known any better at 13-14 years old. A part of me wants to deny that any of it was sexual assault but I can’t deny it. I feel so lost now"
,0,"Should I leave my pregnant partner and future child in hopes of a happy life?

It's a long one, stay with me, please.

Me (M26) and her (F26) met in summer. She was in my area for a summer of 'fun' camping in her van and making new friends without any commitments. By our 4/5th date, she told me she was all in with me and we proceeded to have the most beautiful and passionate honeymoon phase that I've ever experienced or seen. It was incredible, she was such a natural light of positivity and beauty in the world.

We spoke about after the summer and her travels continuing, we wanted to keep 'us', so we were going to go long distance until my flat tenancy ended in march. I then got fired from the job I moved to that flat for and we decided I'd try to end my tenancy early and start traveling with her. In this time period, she raised the topic of marriage a few times, even - we were blissfully in honeymoon phase+. 

In august, we found out she was pregnant(no doubt about it being mine) and everything sped up. She had a meltdown and wanted her family and network so I drove her 10 hours home and flew back to work 65 hour weeks(I found a new job) for 6 weeks to save money to move up with her and support her. 

In these 6 weeks, everything started to fall apart. I was struggling so much with not being able to support her in person at that time and she didn't want to talk at all. We had maybe 3/4 phone calls in those six weeks. I also needed support. I was clear from the start of the relationship that I don't want a child for years yet, she wanted one now and wouldn't even consider abortion. Fair enough, that's her choice. (I know I had a large part in this, not taking blame from myself for getting her pregnant). She refused to live in a flat and wanted to live with her parents and little brother. If I wanted to be with her, I was welcome to join but that's what she was doing. Okay, bad plan for the relationship but I got her pregnant, I have to support her. I moved my life and moved in with her family. 

Things continue to get worse and worse. I can't look at her, talk to her, touch her without being in trouble. She had set a separate bed up for me before I even moved up there. She was pushing me out and wouldn't hear me on anything. This continued with what felt like every two days, things got worse between us until a couple weeks ago where we seem to have plateaued, in a bad place.

We're now in December and I'm running out of energy for banging my head against a"
,1," there. She was pushing me out and wouldn't hear me on anything. This continued with what felt like every two days, things got worse between us until a couple weeks ago where we seem to have plateaued, in a bad place.

We're now in December and I'm running out of energy for banging my head against a brick wall since August. I quickly adjusted to the thought of becoming a dad and I'm all in. I want to change the nappies, make packed lunches, teach it to climb trees. I'm all in. She keeps on pushing and pushing and pushing me away so hard and during the whole time I've been doing everything I can to support her. Things from making meaningful gifts from wood that take like 40hours to make, offering to get her things so she doesn't have to get up, take her places in her schedule, get stuff from the shops that she's wanting, be willing to, and put so much effort into changing things about me that she wants me to change and more and more. 

She always has something to change about me, the person I am hasn't been good enough for her since August and she makes it abundantly clear. I speak wrong, I hold myself wrong, I shouldn't wear a hat, I shouldn't drink a can of relentless etc etc etc. There seems to be no part of her that is willing to put any effort into even being friends with the person I am. I'm actually happy with the person I am though! I feel like I'm a good person. 

It's very hard to talk to her about anything because she always runs out of energy for the conversation part way through and dismisses me. 

She won't tell me how her day goes, she won't tell me how she's feeling. I wasn't allowed to the first midwife appointment, I had to argue to be allowed to the second, wasn't allowed to the third, forth is next week. 

A couple of weeks ago I lost my shit, put all efforts on hold and was cold for a week. I was sleeping on the living room floor at that point. That week I broke. I didn't get loud with her or hurt her in any way, just went cold. Stopped trying. Gave in to her pushing. I went away for the weekend and came back with an, 'ill try and do everything her way and give in' attitude. The way that means trying to change everything about me that she wants changed, to see if she'd start to put any effort in. She didn't. 

The very last thing I can try to save this, is living with her, without her family. She changed her mind eventually, she didn't like being around as many people as in her family house so we found a flat. She went to the first view"
,2,"ts changed, to see if she'd start to put any effort in. She didn't. 

The very last thing I can try to save this, is living with her, without her family. She changed her mind eventually, she didn't like being around as many people as in her family house so we found a flat. She went to the first viewing without me and offered to the landlord for me to renovate the flat for two months rent and told me about it later. Fine. It's a good deal and gets us out of the family house. Currently, I'm living in in the flat downstairs whilst renovating the top flat in the evenings after work. She moves in next week sometime. 

I'm at a point now where I feel like I need her to prove that I have a reason to stay around. To prove that I can have a happy life if I stick around. I've done my part, I've fought hard enough for long enough to do the right thing. She knows this but is still being rude, dismissive and unaccepting of who I am. It's almost like she's desperate to be a single Mother, fuck my thoughts and feelings. 

My friends that I've been able to talk on the phone with say to walk. Say to think of myself like a sperm donor - she got what she wanted and I still have a chance at a happy life with someone else if I leave. I don't want to leave, I desperately want to have that happy life with the mother of my child but as each day goes by and each interaction goes by with her, I feel like I'm getting closer and closer to calling myself a donor and calling quits. 

What are your thoughts? I asked her that, like I'm asking you readers. She said she'd walk away and try and maintain contact if she could. 

If you've read all this, thank you! Any advice welcomed. 

I have endless energy to give, if I only get something in return.

Edit: we are in couples counselling and it doesn't seem to be helping that much, I'll stick with it though. 

TLDR: Summer love gone too far. She's pregnant with my child. I've stepped up, moved 600 miles away from friends and family to support her in her home town but all she's been doing is pushing me away as hard as she can. Should I call it quits, in hope of a happy life with someone else?"
,0,"I miscarried and my best friend is due around the same time I would've been due

I came to terms with my miscarriage with the understanding that some things are not in my control and if it wasn't meant to be, it isn't meant to be. 

A week ago my best friend announced that she is pregnant and given her due date, we would've gone through this pregnancy journey together for the first time. I am truly happy for her but I get moments of pangs of jealousy? Sadness? Wistfulness? And it makes me feel incredibly bad. How can I cope with this? What would help get out of that mindset? 

I want to be there for her and part of her journey as she goes through this."
,0,"First pregnancy, first loss

After 2 years of TTC, after getting told I required no fertility testing because I was “just too fat” to get pregnant.  We were in process of doing tests at a fertility clinic and were waiting for my period for the following tests to be done.

On August 19, took a pregnancy test, and it was positive.  We were beyond thrilled, it had happened naturally.

Yesterday we had a viability scan appointment, and I was supposed to be 9w3d.  Turns out there was no heartbeat.  Baby stopped growing at 6w1d.

My husband and I are both demolished.  This is the worst feeling.  I do not know how we will cope from this.  We have no other children, and I am turning 35 soon, I am scared."
,0,"When an Anti-Abortionist Tells Me That Abortion Should Be Treated the Same as Murder— I just ask them “How?”

I have unfortunately gotten into to many spats with people about abortion— both personally and in my field as I work in healthcare. And what I’ve found is that everyone I talk to knows *what* they want to happen (abortion=murder) and *why* (life beginning when sperm meets egg) but none of these people ever know *How* to do it.

So I ask them how they intend to enforce it. I usually get some iteration of “just like a murder” but then I pry more.

How do you investigate the difference between an abortion and miscarriage? Does this mean a woman who just suffered a traumatic miscarriage of a wanted baby will be interrogated like a murder suspect at the hospital? Will you go around interviewing her friends and family? What kind of science can you run to determine the difference?

And lastly, fertility clinics. I have never found anti-abortionist who has thought about fertility clinics. Fertility clinics and research institutes dispose of more fertilized embryos in half a decade than planned parenthood has throughout its entire history. Hell my sister had 20 on deck right now after her battle with infertility.

Not one anti-abortion person can tell me what to do with fertility clinics. Does my sister get charged? If she has 20 on deck but is already 36– she cannot possibly carry them all to term— do you forcefully implant them in other women? Do you force my sister to watch other parents raise her children?

So rather than argue with anti-abortionists, I act like the policy needs to be implemented the next day and they just have to give the executive order. I simply ask them “How” and watch as the reality of their beliefs unfolds into disarray."
,0,"I can still feel the assault (trigger warning ⚠️)

I have been assaulted by two different men. Once by an much older man, at 23. Then several times, by a partner when I was around 26. The initial shock was a lot easier to deal with than the lasting trauma. Right now I'm in the process of working with a local organization that supports survivors - I'll be able to get free individual and group therapy soon.

The last few months have been really hard for me... Things were a lot easier when I was lesa educated on assault (what counts as rape, how survivors cope with trauma, etc). I think all the knowledge I've acquired has made me realize how horrible thaw men are, how devastating their assaults have been in my life.

The olded man was, I believe a seasoned rapist. Long story short, I was lured to his apartment during a date - looking back, I know I was unwittingly lured because or was so unusual to be on a date that was continually interrupted by ""errands"" he needed to run. Every errand was introduced with an apology and every errand brought is closer to his condo, until he said that he needed to go up to drop off his things before our date. Looking back I felt so stupid, so naive for not recognizing the red flags. He's a well known European architect, in our area, and his apartment was really nice. I remember sitting on his couch, drinking water - when suddenly he sat very close to me. He began to fondle my breasts, and I asked him to stop repeatedly. He put his mouth on me, on my breast - it was so disgusting. I can still see his wrinkled mouth and tongue doing things that I repeatedly asked him to stop doing. I tried pushing away, but that just made him more aggressive and more physical. He asked if we could have sex, and I told him ""no."" I told him I wanted to leave, and he didn't make ignore me - I could tell that be was enjoying my discomfort; it amused him. He kept said ""Oh... poor you, I'm molesting you."" Then he would try to justify what he was doing by talking about how horny he was and how it was my fault. He kept asking if we could have sex, and I kept saying no - I kept asking to leave, and he wouldn't stop. No. No. No. No. No. Repeatedly, until finally I just wanted to go home. So we had sex. And asked me to do things I didn't want to do; some things he did anyway - other things I got to skip. Then, when it was over, he showed me that he had filmed the entire encounter. He told me that he would ""masturbate to it"". Then he snuck me out though the"
,1,"y I just wanted to go home. So we had sex. And asked me to do things I didn't want to do; some things he did anyway - other things I got to skip. Then, when it was over, he showed me that he had filmed the entire encounter. He told me that he would ""masturbate to it"". Then he snuck me out though the back exit of the building, where there was a loading dock.... Where the trash gets taken out. After countless ingnores texts, asking for him to delete the video (it felt like I was being blackmailed into silence), I finally went to my family for help. Because I was coerced into sleeping with him, I didn't realize that I was raped. It felt like everything was my fault. My dad is a retired fed agent, and he helped me to get the guy to delete the video by saying that he would call his work/immigration (more to scare him, I think). I remember the older man calling and repeatedly saying, ""you can't say I forced you. I didn't force you."" One of the most horrible things about what happened is that, when I told my parents that I believed I was raped - some week later, after doing my research, it was swept under the rug. Last year, when I confronted then about the lack of support, my dad wrote me an email questioning whether it was rape. The moment that haunts me is the initial assault, the feeling of his mouth on my breasts - the small of his saliva, the image of his wrinkled mouth on my body. It makes me recoil and want to hit someone.

When I was 26, I started dating a guy that that was a couple years older than me. I later found out that his mother was the founder of a major dating website; I had no idea becaue he seemed like an average dude. There were no issues with him until one night, I woke up to being assaulted. When I gained consciousness, I remember pushing him off me - in confusion. He rolled over and went back to sleep like nothing happened. This happened 2 more times, that I know of. And the same think happened everytime: he would emerge, with a wild look in his eyes, before rolling over and going to sleep as if nothing happened. When I tried to bring up the issue, he played it off as if nothing happened. I noticed slowly, that he was becoming more anxious and one day he admitted: he had done what he was going to me, to another woman, and she was angry. I left that relationship and, once again, started to do research on what had happened. I learned that sexual contact with a sleeping individual is assault because the individual cannot consent, and it does"
,2,"one day he admitted: he had done what he was going to me, to another woman, and she was angry. I left that relationship and, once again, started to do research on what had happened. I learned that sexual contact with a sleeping individual is assault because the individual cannot consent, and it doesn't matter if you are dating the attacker. I remember the worst night, when I work up to him assaulting me orally. The copious amount of slobber between my legs, the feeling of being violated, and the confusion of waming up to ""pleasure'"" that I didn't want. To this day, I cannot receive oral sex. I can still feel what he did to me, and it makes me feel trapped. My sleep is difficult on most nights too; I have to take a magnesium supplement so that I can relax and so I don't wake up in a panic. Looking back, I remember him expressing annoyance whenever I would go to bed wearing clothes. I feel so stupid. 

I've confronted him a few times, with each time being more aggresive and determined. The first time he attempted to say that he didn't remember while also to give me a vague apology. The most recent time, he said that he was in a loving relationship with lots of trust - that he showed her my message - that he won't ever do anything like that to her. I lost it. So looked up his company founding mother (they were in shark tank not to long ago - her is her CTO), and told her about what happened. She responded saying she was distressed by what I shared (I remembered to include his admittance to raping another woman in her sleep), that his actions are not okay, and that she's seeing it forward. They were obviously more concerned with their business reputation not being implicated, instead of what was done to me and the trauma I've experienced.

I shared what happened with my mom. She told me I need to try to move on; I told her I'm in the process of getting help and therapy. She hasn't asked me about it or checked in with how I'm doing since. I've decided to stop talking to my parents - because of this, among other things.

I hope that I can stop feeling the assaults; I really do think that therapy is going to help me. 

It really helps me to share after feeling so much shame and confusion. I now know that what happened to me is t my fault, and I'm trying to be kinder to myself while recovering. If I had enough evidence to prosecute both these men (maybe I would have if I had taken action immediately instead of being unsure or confused, it sucks) then I would expos"
,3,"shame and confusion. I now know that what happened to me is t my fault, and I'm trying to be kinder to myself while recovering. If I had enough evidence to prosecute both these men (maybe I would have if I had taken action immediately instead of being unsure or confused, it sucks) then I would expose them. I just hope that my inaction hasn't let to the assault of other women. 

Thanks for reading"
,0,"Abortion grief song…

Has anyone listened to “Bigger Than the Whole Sky” from Taylor Swifts new album? 
Some fans are speculating it’s about miscarriage but the lyrics speak to my abortion grief so much. 

“Goodbye, goodbye, goodbye
You were bigger than the whole sky
You were more than just a short time
And I've got a lot to pine about
I've got a lot to live without
I'm never gonna meet
What could've been, would've been
What should've been you
What could've been, would've been you”

Ugh I can’t stop crying. Just ranting to my safe space here😢"
,0,"i’m a little confused and i could use some input :(

this memory is kind of repressed and i just remembered it now but when i was younger, i spent a lot of time with my aunt (i’m a girl by the way) she herself sadly has been sexually assaulted in the past :( . there was this one evening we were in her room and she got on top of me, i had an uneasy feeling in my stomach but then my grandma walked in, she got off of me, i can’t help but wonder what would’ve happened if she hadn’t walked in . i know this isn’t sexual assault, and i know it doesn’t compare at all, but is that situation enough to cause me some trauma ? i just can’t stop thinking about it and i get a sick feeling when i do, please help :/ ."
,0,"He (27m) forced me (29f) to get an abortion but it failed.. should i tell him or let the court contact him?

I have never been pregnant.. when i found out i was, i was the happiest person on earth.

When i shared the news with him he pressured me for days explaining why “we” need to get this abortion for “us” .. when he knew every fiber in me didn’t want to do it.. 

He truly made me feel like i didn’t have a choice.. after the medical abortion was done, i told him “this is where we end”

I made the biggest mistake in my life.. cried all day hoping and praying it fails!! then realized the abortion didn’t actually work. I didn’t pass anything. 

I’ve seen a professional and they informed me the sack is still in place and I’m still pregnant. IM KEEPING MY BABY.. this was a miracle 

Is it worth even telling him? I’ve been informed to let the court contact him once the baby is born.."
,0,"Misoprostol-only experience

Warning: this is descriptive. 

As someone who obsessively researched others’ experiences with misoprostol, I figured I’d add my two cents now that I feel I’m on the tail end of things. Pregnancy stopped developing at 6 weeks and I opted for medication over D&C because my insurance is not great and I live in the US. My work was also kind enough to give me paid bereavement leave today. 

The day before, I picked up the drug from my local pharmacy. The tech asked me “is there any chance you could be pregnant?” And I was a bit.. taken aback. I said “well.. I mean I’m taking it for that” not really knowing what to say. He then grabbed the pharmacist, who was confused at first and I point blank told him “I’m having a miscarriage. That’s why I’m taking it.” And the tech said “so can I sell it to her then?” So that was severely uncomfortable. The pharmacist apologized but I literally had no idea what to say. 

Today I took a hot shower, got some to-go breakfast and coffee, then inserted the pills vaginally (four 200mg) and rested on the couch for awhile. I also took 800mg ibuprofen prophylactically. This was around 9am. 

After 1 hour I got the craziest chills and my teeth were chattering. I also had mild cramping but no bleeding. I got pretty nauseous so I took some ondansetron and felt significantly better afterwards. 

After four hours I felt a gush, but it was clear liquid, which I did not expect. I went to the bathroom and finally started bleeding. I took 1000mg acetaminophen to stay ahead of things and cramping slowly got more intense but still manageable. I started using my heating pad. 

From around 2pm-6pm I got waves of intense cramping and would go to the bathroom and pass lots of clots. Honestly that was the worst part for me - it wasn’t the pain, just an overall unpleasant feeling. I told my sister in law it felt like I was giving birth to a bunch of grapes. 

At 6pm I took some more ibuprofen to make sure the pain was still manageable. It’s now 8pm and I’m still bleeding in waves but with far fewer clots and more watery blood. 

I am absolutely wiped out but it hasn’t been as scary as I thought. I was grateful I’d done research and had meds on hand. The one thing I wish I’d bought is baby wipes. Blood kinda goes everywhere when you’re lying down and not expecting it. 

I find out if this was successful on Tuesday. Please don’t hesitate to ask me any questions!"
,0,"Burial for Miscarriage Minnesota

I recently experienced a missed miscarriage at 8 weeks, had a D&C, and now am looking into options for burial near the Twin Cities, but I am having a hard time finding cemeteries that have sections for miscarriage remains. 

Wondering if anyone has any recommendations on where to go?"
,0,"Terrible Club to be in

Hey guys,

Thought I was 7w5d yesterday with my first baby, went to an appointment for brown discharge to rule out ectopic and got told I was 6w3d with nothing in the sac. Started bleeding a little today and I’m crushed. Have an appointment for next week but I’ve known since yesterday, the doctor was being nice but I could tell I was screwed. 

This such a shitty club."
,0,"Conception after D&C

I know this question has been asked a bunch here, but maybe some new responses may help. I had my first pregnancy end with a blighted ovum, D&C 2-3 months ago. I started tracking my ovulation, and timing everything. My period has been regular, about 27 days. I finally hit 12 dpo today and everything is still negative. Im spotting. 

How long does it take you to conceive after a D&C? I feel like now Im just broken. Im so angry every month when my period hits. I know it hasn’t been long."
,0,"Is it.? Help

Hi, I'm 14 years old. This is smth about my dad and I don't know if I'm overreacting and I'm just dumb.My dad is not a good person.. He is manipulitave, my mum said he would hurt her alot, he keeps saying he hates women and just a bitch but that's not the point  basically my dad always used to touch me in my butt , grope it and sometimes even.. Bite it. And even do it in public. This was so normalized, my brother never got it and 20 years old now he still hasn't. My dad is most of the time outside working on another country and when he comes home he acts very perverted. And when he outside and can't get what he wants, he asks my brother to take pictures of me in my sleep and my brother doesn't notice a thing. It made me uncomfortable but I thought it was normal. But there was something still on my mind, I can't stop thinking, crying about it and I just feel abit weird about it. I was like 7 years old or something and he woke me up in the middle of the night, he was holding my pants and told me ""I accidentally took them off"" but they were leggings and I just can't take them off in my sleep. It's small, it is dumb I know but I can't help but get scared about.. What if he did someting while I was asleep,especially that I'm a deep sleeper. These days I'm just afraid and I have to keep myself distracted from all those thoughts or else I hurt myself.. What do you think? Could he have done smth that night or am I being a dumbass"
,0,"Feeling guilty after a traumatic tinder experience, parents claim they had to spend somewhere around $4,500 for my lawyer after I was gonna be charged with sexual assault for being accused of getting head (consensually) from a minor who was 16 years old, &amp; I had just turned 18 years old at that time

I later found out that this girl turned 17 a month later. but anyways does $4,500 seem realistic? I’m not 100% sure if my parents really wasted that much money on a lawyer. They told me without the lawyers, I would have probably gone to court &amp; had a major case but apparently lawyers got me out of all of that, after they talked to the district attorney. My parents told me that the lawyers and district attorney talked on the phone and it was all settled after that. Hmmm I just wish someone could try and explain what really happened. 

I have sort of have been getting PTSD but I’m not gonna be a pussy I just want a piece of mind that nothing else will happen. Is it possible the girl or her family can still try and press charges? Would it matter if they have printed copies of our messages from tinder talking dirty? I just need to hear someone’s voice cause you guys probably know more than me on this stuff than I do."
,0,"Miscarriage during first pregnancy at 7 weeks

I just found out about my miscarriage on Tuesday, and they sent me straight to get my bloodwork done. My HGC level was super low, 136. My results from Thursday had only dropped slightly, 127. I know I lost the baby but 136 seems super weird to me. Also only dropping a tiny bit in 2 days seems weird. Did anyone have anything similar happen? How long did it take to get your level back to zero?"
,0,"Development stopped right after ultrasound

Last year I experienced my first miscarriage. I went in early just to get booked with my midwife and surprisingly for me she said to do an ultrasound, I was 7week then, Two weeks later I had spotting and it resulted in a missed miscarriage, development has stopped right around the time of the ultra sound. 

I want to know how common this is. How many of you ladies have this experience... I just read a couple of articles ultra sounds are not completely safe. I plan to opt out of one for the first trimester my next pregnancy."
,0,"Forcing men to pay child support is a human rights violation.

If a woman doesn’t want her kid:

She gets to kill it...

If a man doesn’t want his kid:

He’s forced to pay for it regardless or he goes to prison...

I don’t even have to go into any further detail as to how this is complete and utter bullshit. The concept of “trapping” a man should not exist, its a human rights issue and should be outlawed.

No woman is ever actually “stuck w a child she cant afford” because adoption exists and furthermore, birth control and abortions exist.  Theres absolutely no excuse..."
,0,"I don't know what to think of it.

I actually don't have any idea how to feel about my first sexual experience. Mostly because it felt like I was dead inside. Not mad, not happy. Nothing.

It was my first date and 21year old me was excited as hell. 
I'm very insecure about my appearance and lack of experience. Never had a boyfriend, never kissed etc.
Well, here comes Mr. handesome, asking me out on a date per WhatsApp. 
We met at his, and he cooked for me. Maybe I was too naiive but, I trusted him and didn't think once that he wasn't really interested in dating me. Anyway, we went into his room and started talking. Well I did most of the talking, while he was watching me, smiling once in a while. 
And out of nowhere here crushes his lips on mine. Just like in the movies, and I was too shocked to do anything. 
But I let him and told myself that this is fine. Yeah, I mean he was good looking and smart; so why not? 
When he started groping me, trying to sneak his hand under my sweater, I pushed him timidly away. He was suprised and I started talking about how I'm not one of 'those girls' and that it feels rushed. He stepped back, and i was really glad that he did. I was so shaken by it, I didn't know if it was okay to leave now. I really didn't wanna ruin a chance to find Mr. Right. I was so blinded by my loneliness, fear of being judged, longing for love that I decided to stay. We watched a movie on his laptop. On his bed.
I was nervous to be close to him, but I wanted to be brave. Show myself that this is okay. 
It wasn't tho.
I really did enjoy movie until he started kissing my neck, I pushed him back. Playfully, shy. But I told him, that it would be cool if he stopped. He laid back, and started whining like a kicked puppy. 
A few mnutes later he started rubbing his hands up and down my leg, I gnored it and thought by now he should get the hint. He didn't tho, he was so persistent. 
So when he started again, I put my hand to his chest. Putting light pressure on it, this time he didn't stop tho. 
He kept kissing and licking my neck, and soon his hand started to roam my body. I always stopped his hand when he wanted to sneak under my clothes or touch my private parts. 
I didn't know how to handle this new situation. 
The film soon finished, I was about to get up... gathered enough courage to just leave, but he pushed me down on the mattress. He started kissing me, pulling me closer and closer. 
So when he got frustrated by my lack of particpating he stopped "
,1,"rts. 
I didn't know how to handle this new situation. 
The film soon finished, I was about to get up... gathered enough courage to just leave, but he pushed me down on the mattress. He started kissing me, pulling me closer and closer. 
So when he got frustrated by my lack of particpating he stopped and aksed me what's wrong. I told him that I don't feel comfortable and that I'm still a virgin. 
He tried to persuate me, telling me how he could help me loosen up and teach me. I barley registered what he said, I was super embrassed by the fact that I told him such private things. 
And when he kissed me again that time, removed his pants. I did stand up, but I was on the side against the wall and I really didn't want to pass over him. 
I was just so helpless, shocked, numb and stupid. 
He kissed me, started to force my hands down on his erection. I pulled back, again and again til I couldn't anymore. 
Just get it over with, you pansy. That's what I thought. Just get it over with, then you can leave without drama. 
I just stared out of the window, feeling dead inside. But everytime he tried to undress me or touch me down there, I slapped his hand away. I remeber how he hissed at me to not stop jerking him off, whenever I tried to get rid of his hands.
When he came, I was afraid. Would he push me out of his bed? 
I felt used. Of course I knew by that point that he never was my Mr. Right. 
We laid there a while. My head on his chest, him told me that he wasn't bofriend material, and I told him that I could never fall in love with him. We talked about my virginity a bit. 
Finally I found my courage again and told him, that I had to leave ('due to my parents calling me').
He kissed me goodbye...
We even wrote a few weeks later, he wanted to see me again. And all I could think about was how wrong it was to be nice to him. 
I was so mad at myself, even tho I didn't feel anything during it. Nothing. Which makes me question if I ever can love someone like that. 
Thing is, Yes I could have left. I don't understand why stayed myself now. Only thing is I know, how uncomfortable this made me feel. 
I never told anyone about. To embrassed. But I had to get it off my chest...

I sincerly apologize if this annoys you, because you think this doesn't belong in this subreddit
And I apologize in advance for my grammar mistakes, english is like my third language."
,0,"I need to know so I can move on. Was this assault?

*Possible Trigger Warning*

When I was 13/14 I was placed in an alternative school. I ended up meeting a boy there. We wouldn't talk in person as much but he would constantly message me on MySpace. It was friendly at first then he would message me things like ""I'm going to do things to you at school tomorrow."" It would always be sexual things he would say. I would shrug it off as a joke or just ignore it and not respond. I wouldn't show up at all sometimes because a part of me felt like he might actually act on it.

One of the days I actually did show up he caught me in the hallway and was like ""Yeah so and so are all upstairs in the old rooms they got open."" (Only half of this old school was being used for the alternative school so I thought a bunch of kids got an old room opened or something). We get up there, and he pulls me into a empty room, and starts fingering me. I completely froze. I didn't know what to do. I remember looking at the door and maybe 3 of his friends were like staring in awe and smiling through the glass. Almost like cheering him on. I felt completely humiliated and embarrassed. I juat froze and went along with it even though I didn't want too. This went on for maybe 4-5 minutes until I noticed the friends were gone from the door and I b-lined it to the door.

After I left the room I remember those kids that were at the door followed me through the halls saying things like ""Damn can I be next? When's my turn."" But they didn't try do anything besides taunt me. I kept walking until I got to the exit of the school and left right then and there. I'm 27 now and still feel as humiliated and embarrassed about it. Not sure how to feel about it. It still bothers me and I just need to know what happened to me or if it was my fault?"
,0,"Miscarriage right after early pregnancy scan

Hi everyone ❤️
Like many of you, I had a miscarriage today – or rather, it started three days ago. What I’m really struggling with, and also feel embarrassed about, is that even though people always say it’s never your fault, it’s so hard to believe. My miscarriage began right after my early pregnancy scan. I went home and, this might be too much information, but I masturbated — and soon after that, the bleeding started. It just got heavier and heavier, and now I’ve come back from the hospital where they confirmed it was a miscarriage.

I can’t stop wondering why it happened right after those things. How could it start like that? I don’t know if I’ll ever get over what happened.

I was just holding my ultra sound pics. I didn’t even get the time to enjoy the joy I felt. I’ll forever love you my lil bug."
,0,"I recently found out someone close to me who was sexually assaulted and had never said anything because of the stigma about male raping other males. Let’s talk about this issue and how society really believes it can only happen to women yet males go through it in silence every day..

[removed]"
,0,"Am I going insane?

When I(18F) met my ex(22M) online I was only 17 and he was 21. He had told me he had liked me, and when I asked to wait he said he would but ""he would get cold and probably leave."" So I gave in and dated him. 

It didn't really end there, since we were long-distance he would sometimes pressure me into doing sexual things on camera by guilt-tripping me. He would often tell me about how much better he would feel if we did things and how rough his life and week had been. I felt really bad since he had such a stressful job and although I was still 17 and felt uncomfortable doing that in my parent's house I gave in. He would then tell me to do things that would definitely risk my parent finding out like moaning or other things of that nature even if I was uncomfortable, but I did it because it made him feel good.

He was really possessive of my body and one time I was sexually assaulted by a friend and he was more upset with the fact that I kissed someone and when we broke up he sent me a letter from the day I told him and all it was about was how insecure he was. 

My friends have now become his friends through me and they are telling me that this wasn't abuse. he was just a guy who did bad things but didn't understand what he was doing, even if it did hurt me.

Is it sexual abuse?"
,0,"Was I in the wrong?

I know this is a long story, but it has to be if I want to tell it correctly. 

I’m a female. I was 21 at the time of this story. 23 now. 

So it was later in the year of 2019. One of my closest friends at the time had been in a pretty rocky relationship with a girl for a couple of years. I’ll call them John (21) and Mary (19). They were totally in love one minute and at each other’s throats the next. On and off again. I’d only really hung out with this girl a few times, so I honestly never really bonded with her. 

John ends up going off to basic training for the military. He gets discharged. Mary is suddenly pregnant within a couple of weeks of his return. Shortly after we all get the news, she breaks up with John because she met a guy at work. From what I understand, she’d only know the guy for a couple of days. I’ll refer to him as Paul. 

My friend was heartbroken over this. I have my suspicions that there had been some cheating going on while he was away and that the baby might’ve been someone else’s. But, there’s no evidence of that because the pregnancy was terminated. 

One night, I open up Snapchat and see Mary’s story. It’s her claiming that John had touched her in her sleep while they were together. My heart immediately sank, and I reached out to her. I told her I was sorry, and that I couldn’t believe this had happened. I told her to reach out if she needed anything. 

On this same night, I was also at a Halloween party where I had been drinking pretty heavily. I was in complete shock and confusion. The girl hosting the party noticed I was distressed, and I told her everything. I’ll refer to her as Jane (20). This turned out to be a huge mistake. She ran her mouth about it to several people in the span of minutes. 

I reached out to John after I had some time to think. I’d never been in a situation like this before so I wasn’t sure what to do. I told him what Mary was claiming and asked him if it was true. He admitted to me that there had been some confusion as to what was consensual and what wasn’t. I took this as a “Yes” and cut him off. I believed Mary from the start. I think I just needed to see him say it. 

I turned to another close friend of mine at the time about it. I’ll refer to him as Adam (21). He already knew because of Jane anyway. I told him I was struggling with the news and wasn’t quite sure how to handle it. He reassured me things would be okay. Told me not to worry. 

This is where things start to get bl"
