id,subreddit,title,selftext,created_utc,url,Tags,__dataset,__source_file,unique_key,score,num_comments,link_flair_text,over_18,strategy,label
1o3a9pf,miscarriage,"My friend miscarried, what do I do?","My friend lives a few hours away and had a miscarriage at 14 weeks. I want to be supportive but unsure how, other than texting and telling here I’m sorry & I’m here for her. Is sending flowers inappropriate? Any other suggestions? We’re not super close, but close enough that she told me about this. ",2025-10-10T19:19:59,https://www.reddit.com/r/Miscarriage/comments/1o3a9pf/my_friend_miscarried_what_do_i_do/,,miscarriage,miscarriage_related_posts.csv,1bbc312d8f9dca2d9d2d7ebefd4fb718be0465a7dd1e1492a8f6f962168a3052,6.0,20.0,support for someone who miscarried,False,new,miscarriage
1nrdmyk,miscarriage,Irregular bleeding after 3 weeks?,"I had my first miscarriage  on September 1st. The day of (obviously) and for about 2 weeks after I had what I'd say is a medium-to-heavy-flo with no residual clots. 
It tapered down to ultimately nothing and for almost a week I stopped bleeding and had VERY light spotting.
Within this last week, though, I've started bleeding again and passing blood clots varying in size from a pea to the diameter of a united state's quarter. 
Is it normal to stop bleeding and then randomly start again? Especially with clots?

Getting my betas tested again tomorrow. Two weeks ago they dropped from 21,000 to around 300. ",2025-09-26T21:32:51,https://www.reddit.com/r/Miscarriage/comments/1nrdmyk/irregular_bleeding_after_3_weeks/,,miscarriage,miscarriage_related_posts.csv,9612314557bcd75705d954856eadb67a071fa93c3697df5a9385f1b89ce0d44b,1.0,4.0,question/need help,False,new,miscarriage
1nutyvy,miscarriage,Heartbeat detected 4 days ago… gone?,"3 days ago (sept 27) I had my first ultrasound, heartbeat of 130 and measuring at 6w 6days, just sitting on the mid/lower uterine segment. Same day I had very light spotting which gradually got heavier but not enough to fill a panty liner. 

I started experiencing very light cramping so I took a trip to the ER to be sure everything was ok. Well, ultrasound today showed no heartbeat  and no yolk sac. The technician only took 2 minutes, and sent me off to the doctor who said I am most likely to miscarry, but cannot confirm. 

How did this all happen so fast? I was just so overjoyed 3 days ago… should I just assume it’s over? ",2025-10-01T00:29:25,https://www.reddit.com/r/Miscarriage/comments/1nutyvy/heartbeat_detected_4_days_ago_gone/,,miscarriage,miscarriage_related_posts.csv,4ee1a3396763f7dd00b868fe2c161fb0fe39d8dc7398718a63abb49faf882302,2.0,5.0,experience: first MC,False,new,miscarriage
1nye7aq,miscarriage,When will be normal again,"I just had a miscarriage 2 months ago (8 weeks). Had a three period this September and up until now, my 3rd period hasn’t stop. Went to my doctor last week since im panicking and anxious, but my doctor said im fine and this should be normal. Now I feel like im going crazy, I cry every time I see even a slightest blood on my underwear. When will it be normal again? When will I get monthly periods again, when will I see white to no discharge again? I feel depressed every time I bleed I just want it to end already im on my 10th day now!",2025-10-05T03:57:55,https://www.reddit.com/r/Miscarriage/comments/1nye7aq/when_will_be_normal_again/,,miscarriage,miscarriage_related_posts.csv,277fd65f5c3aaa898c952fab103e88c10269a60f726a5fb5c3a1994f29eca5dc,3.0,3.0,question/need help,False,new,miscarriage
1o62lfp,miscarriage,Post d&c fever?,"Hi everyone, I had a d&c Tuesday last week, almost 1 week ago today. Missed miscarriage, and after the procedure had a seamless physical experience.. no bleeding or cramping besides right after I woke up from the anesthesia minimal cramping then. 

Last night I bled heavily, passed large clots and had full body chills and shakes. Couldn’t warm up even in a heated blanket, after an hour finally calmed down and took my temp and had a 102 fever. Today no fever and feeling well physically besides the trauma left behind in my brain.. ha. 

Has anyone had this happen to them before? I had a pre procedure antibiotic and no sign of infection anymore or prior to last night.. and not bleeding anymore today. 

Doctor is not worried as the fever broke last night and things are better today. 
",2025-10-14T01:39:33,https://www.reddit.com/r/Miscarriage/comments/1o62lfp/post_dc_fever/,,miscarriage,miscarriage_related_posts.csv,17015c268f0c54310bcb238d933d31c076375ff0c72f229d1b6e1479d78cca1e,3.0,3.0,experience: D&C,False,new,miscarriage
1nnn3y9,miscarriage,Retained blood clot,"I experienced by first miscarriage at 8 weeks on September 14th. My doctor ordered an ultrasound for September 18th, which showed a 1.5cm blood clot remaining. Has anyone experienced this? What was the resolution? Time? D&C?

They are suggesting to repeat the ultrasound in 2 weeks. I’m feeling so discouraged and just want this to be over so that we can try again. ",2025-09-22T13:53:53,https://www.reddit.com/r/Miscarriage/comments/1nnn3y9/retained_blood_clot/,,miscarriage,miscarriage_related_posts.csv,53fb225515298dd4631ed653ff84688b8777db5973e6cc6bb126792d656c3c3a,1.0,3.0,experience: first MC,False,new,miscarriage
1o5tsuz,miscarriage,"After a blighted ovum and currently suffering a ectopic pregnancy, I am fucking done",It wasnt enough in July for me to have an ovum. Now my body has failed me once again and I am suffering from an ectopic pregnancy. ,2025-10-13T19:36:31,https://www.reddit.com/r/Miscarriage/comments/1o5tsuz/after_a_blighted_ovum_and_currently_suffering_a/,,miscarriage,miscarriage_related_posts.csv,e804937c74633ddfe379ac3a3a0eeaada75a8fefc9c1bc0812f82f3cc96409a8,25.0,24.0,vent,False,new,miscarriage
1nqq54c,miscarriage,What are the chances of scarring in D&C?,"I just did a D&C for my missed miscarriage at 8 weeks. I was told it was a Suction D&C but heard from the nurse scraping was also completed.

I’m scared of having scarring as I’m keen to TTC after I heal. Is scarring rare since this is my first D&C? 

I’m spotting/bleeding a little bit straight after surgery too.

Thank you",2025-09-26T02:48:20,https://www.reddit.com/r/Miscarriage/comments/1nqq54c/what_are_the_chances_of_scarring_in_dc/,,miscarriage,miscarriage_related_posts.csv,d36d03030b0e519a87cd60e4a2bd408c295237200d102410e799cde23380e487,1.0,15.0,experience: D&C,False,new,miscarriage
1nprcvk,miscarriage,Confusing Molar Pregnancy,"So I finally got pregnant for the first time; found out August 17. I am 27, never been pregnant before, was super excited we finally got it right. 

First OB appointment and ultrasound was on Aug 28. My OB said it looked like I was way too early as she only saw maybe a gestational sac on US but she didn’t even call it that. She just said due to my irregular period cycles (which do range from 28-45 days at time) it could be I ovulated later and i’m actually too early for anything to be seen. We did an HCG level which resulted 20,858. Progesterone 10.5. Labs looked good, I had pregnancy symptoms and my follow up ultrasound was scheduled for Sept 15. 

In between the time of the two ultrasounds I developed some brown spotting. Absolutely no cramps at all just on and off brown spotting when I would wipe. But never enough that I had to use a pad or even a liner. I would ask my mom and pregnant friends if I should worry and because I didn’t have cramps and it was brown discharge I was told it was common and not to worry. 

Monday Sept 8, I couldn’t wait any longer for my follow up and the anxiety of what the brown spotting was eating me alive so I called my OB office. Told them I was having brown spotting but no pain and they instructed me to go to the ER. 

I work as a nurse in the ICU at the hospital next to my house, and that’s the ER I went to so I was so embarrassed. They did treat me very well though. My HCG level here was 28,410. Went for an ultrasound and the result said there was no evidence of a well formed gestational sac. Just showed thick endometrium with cystic changes concerning for molar pregnancy. Super confusing at first, but then the OB on call told me i’d be going for a D&C in the morning as this seems molar and needs to get out immediately. They did a chest xray to check for metastasis and it was clear. I continued to have no pain and the spotting had even stopped while I waiting for the procedure. 

The next day, Sept 9, my 27th birthday, I went for a d&c. I honestly don’t like to say it ever happened on my birthday. I mentally haven’t processed that yet but it happened. I was taken care of by the best nurses and care team that knew me from working in the ICU. They honestly made me feel more comfortable and safe. Post procedure, my OB who did the procedure called me and said it did not appear to be a molar pregnancy, it was a miscarriage. But they sent the tissue for pathology and we’ll see. 

A week later my pathology resulted stating the tissue is consistent with a complete hydatidiform mole aka complete molar pregnancy…. at first I thought how could this be if my OB said it wasn’t??? To this day I still don’t know. 

Yesterday, I went for my post op follow up. At first my OB said I could return to regular activity including sex. I stopped her right there and I was like… didn’t the pathology say it was a molar pregnancy? She left the room to check the pathology results again and came back said yes it seems like it was molar but you didn’t have the major symptoms, so I shouldn’t worry. But she ordered an HCG level anyway and it was 194. 

I guess i’m just confused because 1) I feel like my OB is acting like it wasn’t a molar pregnancy when it was… maybe it wasn’t a big one but I think it should still be treated as such to be safe. 2) I heard usually molar pregnancy HCGs are much higher than mine like 100,000+. and mine wasn’t so high? on 28,000 max? 3) Also my HCG has already dropped so drastically idk 

i’m just confused. I have the answers but I still feel like I don’t know what happened or what it really is. 

im rechecking my HCG levels every 2 weeks then 1 month.

I just want it to go down back to normal <5 so I can just start over and forget this ever happened

So confusing. Just wanted to share my experience and hear anyone’s thoughts about it",2025-09-24T23:25:53,https://www.reddit.com/r/Miscarriage/comments/1nprcvk/confusing_molar_pregnancy/,,miscarriage,miscarriage_related_posts.csv,0802ae5d6a9825cc82bb8f51fd47b3f430a43944b9743680f5b6c8203340a701,1.0,6.0,vent,False,new,miscarriage
1nqlb8n,miscarriage,"Blighted Ovum, normal microarray","I have one LC and have had two blighted ovums this year. We get pregnant first try, every time. We just got the results back from the second BO, microarray is a normal male. Heartbreaking. Has anyone been in this situation?

Going to APS testing next.

I would like to look at endometritis but I’ve paid a ton of money to not have a baby this year already and am considering just doing a round of doxy without a biopsy. 

Has anyone else been here? Thanks for any thoughts.",2025-09-25T22:58:10,https://www.reddit.com/r/Miscarriage/comments/1nqlb8n/blighted_ovum_normal_microarray/,,miscarriage,miscarriage_related_posts.csv,2b4d49e43c3873aeb8fbd06308ae3dc12fd7527291fc89f1caedffb4d19e015f,1.0,3.0,testings after loss,False,new,miscarriage
1o2ry53,miscarriage,Crying spells,"Tomorrow will be one week since my D&C. This was my first pregnancy and obviously first miscarriage. 

I will have moments where I just ugly cry and it last maybe a few minutes. It will happen a few times a day. I am also quick to cry or often feel like it's just ""sitting there.""  

I was taking a workout class and when we did a stretch and the instructor said give yourself a hug - tears just came flowing. 

I am still getting through life, I have been to work, the gym, fullfilled basic adulting but damn this crying. It physically feels like I can't control it. 

I want to share I've had amazing support. 

Anyone else experienced crying spells? How long did last? What helped? ",2025-10-10T04:57:55,https://www.reddit.com/r/Miscarriage/comments/1o2ry53/crying_spells/,,miscarriage,miscarriage_related_posts.csv,ed2943de55782ee06bf00c605669ca284a39c4c98992f0ea4059c9d0522d9146,5.0,4.0,experience: first MC,False,new,miscarriage
1oaa9se,miscarriage,Miscarriage? 12w6d,"Im 12w6d and have experienced a miscarriage at 10 weeks in a prior pregnancy. 

I do not feel pregnant anymore. About 10 days ago my pregnancy symptoms disappeared and I started spotting and cramping. The spotting has been brown and consistently flowing. I have to wear a pad or my underwear gets wet. There has been a couple of days with more sticky stuff when I wiped as well. I’ve been having pretty bad cramps and back pain off and on in this time too. Even some shooting pain in my upper butt. 

I have no experience with a MMC but could this be that? And if so are there natural ways to help pass? Looking for any and all advice please! 

I have a dr appointment scheduled but it is 6 days out ",2025-10-18T23:09:04,https://www.reddit.com/r/Miscarriage/comments/1oaa9se/miscarriage_12w6d/,,miscarriage,miscarriage_related_posts.csv,00657000302116738aa7220c5681a94546e3093628618319d3886e419eee5a2d,2.0,5.0,question/need help,False,new,miscarriage
1o01x3h,miscarriage,The absolutely crazy thing that helped me most after my miscarriage,"This might seem insane and is definitely not advice for everyone. But what helped me move on and heal the most after my miscarriage of my first pregnancy at 13 weeks?
.
.
.
.
.
.
.
.
.
.
Getting a puppy. 

Caring for a very young puppy has felt somewhat like caring for a (human) child, and I’ve been so busy I’ve had a lot to distract me from my grief. Plus the unconditional love of my pup is wonderful. She’s just so silly and joyful! 

I realize many grieving people are not ready for the added stress and responsibility, but for me it was absolutely the right choice (and the puppy was actually planned before the child). Just sharing in case this helps anyone in a similar situation. 

",2025-10-07T01:45:13,https://www.reddit.com/r/Miscarriage/comments/1o01x3h/the_absolutely_crazy_thing_that_helped_me_most/,,miscarriage,miscarriage_related_posts.csv,279f83f9f7bf621b2333ec384b1652adefdabd3eca19d4542faece99a319ee9f,83.0,22.0,experience: first MC,False,new,miscarriage
1nodmh7,miscarriage,coping with grief after 2 losses,"Potential TW - discuss of loss and grief & brief mention of relatives living baby (& long post)

hi everybody, i am just posting to create a community space to talk with other people who’ve been through baby loss. 

i’m 22, it’s been 2 years since i lost my baby Mauro at 13 weeks, and my heart has never been the same since. The grief was so poignant and at times I truly felt as though I’d lost everything I had, despite my amazing support system and my gorgeous boyfriend being my rock, the hole in my heart for my much loved and wanted baby has never gone away. 

In december I fell pregnant with our rainbow baby, and everything was fantastic until the end of february. I had a subchorionic hematoma in the pregnancy but was reassured beyond belief that it would be okay, so I just went in due to some spotting (which i had a mental breakdown when i first seen) and we found out our baby, who we found out was a girl through blood test, died and we lost her at 10 weeks

I thought I was healing as I haven’t experienced the deep, deep grief i did the first time but I don’t think I have. my head is wrecked with the situation and none of my friends or family understand as much as you guys who’ve walked this path. We lost Mauro in September and Iris was due this September. My cousin found out she was pregnant 2 days before me, and has since had her baby girl and I haven’t even been able to look at pictures of any babies being born in our family since the loss of my first baby. My heart hurts and I am just craving some community 

Please share your experience, your thoughts, anything. I just need to talk with people who understand and I want to know I’m not alone even though I’m in a unique situation with my family and friends 🩷🤍🩵",2025-09-23T10:21:51,https://www.reddit.com/r/Miscarriage/comments/1nodmh7/coping_with_grief_after_2_losses/,,miscarriage,miscarriage_related_posts.csv,886d76633cf6f95dbdfb9716f74276a8809234cd0886c372a716c1829194642f,1.0,4.0,experience: more than one loss,False,new,miscarriage
1nsnhg9,miscarriage,No heartbeat on Ultrasound but no signs of spotting or bleeding. Waiting to let go naturally? Should i take a second opinion?,"We saw heartbeat on 8 weeks, baby measured 6 weeks 2 days. On follow-up visit after 2 weeks (last Thursday) we didn't see the heartbeat and baby.

I'm waiting for a natural miscarriage but I haven't seen any spotting or miscarriage. Will it take time or should i book an appointment for an ultrasound?",2025-09-28T12:47:40,https://www.reddit.com/r/Miscarriage/comments/1nsnhg9/no_heartbeat_on_ultrasound_but_no_signs_of/,,miscarriage,miscarriage_related_posts.csv,5b06872030508cde622b76481d1dc7e4ae3d576e9d387cf463f89a7d156dd3db,3.0,6.0,experience: first MC,False,new,miscarriage
1o8euq2,miscarriage,Did you get a new DR?,"It’s been 4 months since my miscarriage. I’ve been doing a lot better with the grief and we want to try again. 
I have absolutely no desire to go back to the same waiting room or lay on the same ultrasound table that I was on when I heard the news. I like my OB just fine. She did my D&C and delivered my first baby. We didn’t have the best chemistry but she is a good Dr. is it an over reaction to look for a new OB office? ",2025-10-16T18:55:16,https://www.reddit.com/r/Miscarriage/comments/1o8euq2/did_you_get_a_new_dr/,,miscarriage,miscarriage_related_posts.csv,9f018302390db52ce8528792499aae1dd7a99f091c7b4e33f62b73157b5b1fb8,4.0,13.0,question/need help,False,new,miscarriage
1nwer2i,miscarriage,Two MMCs in 6 Months,"Unfortunately found out today that I have had a missed miscarriage for the second time this year (first was in late April). Went in for an 11 week scan and learned that baby stopped growing a couple weeks ago. 

Our last loss was extremely hard, but we knew something was wrong from the beginning. This one feels extra devastating because nothing seemed wrong. I had all the symptoms with a confirmed heartbeat at 6.5 weeks and really felt like this was going to be our rainbow. We let ourselves get SO invested and excited.

To add insult to injury, we have several pregnant friends and family members right now, some of whom are VERY close to giving birth. I just don’t know how I can be excited for them right now.",2025-10-02T20:18:31,https://www.reddit.com/r/Miscarriage/comments/1nwer2i/two_mmcs_in_6_months/,,miscarriage,miscarriage_related_posts.csv,1323c75a0e1185ef8fc7be49daed7c60d2bdc496546b526806bf78663e215317,15.0,11.0,experience: more than one loss,False,new,miscarriage
1o4fdqg,miscarriage,Just miscarried yesterday morning.,"After spotting for 2 days, I went for an ultrasound and confirmed my tiny bud’s heart had had stopped beating and growth was 6W4D when I should have been 8W by now. 

Nothing prepared me for the what seemed like the longest and loneliest walk back from the clinic to my car. Fully broke down on the drive home. 

The physical pain of miscarriage and the emotionally draining realization that what was happening, is happening. 

Oddly, I felt a comforting relief after the tissued had passed. Seeing a gush of blood & all numbed me. My family cared for me like I had just given birth. And that is probably my biggest “what if”. I imaged this moment… but not without a baby in my arms.

I still get a good cry from imagining what could’ve been… and from the overwhelming love & support of family & friends.

Just hope I won’t get too traumatized to try again.

How did you guyys manage to heal your heart after going through this?",2025-10-12T04:01:36,https://www.reddit.com/r/Miscarriage/comments/1o4fdqg/just_miscarried_yesterday_morning/,,miscarriage,miscarriage_related_posts.csv,70d0790e0a3e73c0b1b00736019e62b389ae4453792a10333b4117d694f436c6,7.0,4.0,experience: first MC,False,new,miscarriage
1nvodri,miscarriage,"Is this a miscarriage or end of my ""period""?","So I've had 2 miscarriages before and i'm not sure if this was one or my period and I haven't gone to the Dr yet because everybody is full but before I got my ""period"" I was feeling nauseous and bloating and all the normal things and had ""pms"" signs way before I normally do for my period but my bf said it's probably just my period. When I got it, I had 2 large clots and was dizzy and had horrible cramps and it all felt the same way my other 2 miscarriages did. The bleeding has mostly subsided but I went to the bathroom tonight and some weird tissue came out and idk how to describe it but it didn't look normal and i'm starting to wonder if this was just my period or if it was an actual miscarriage and I just missed the signs. Is it too late to take a pregnancy test to see if it will show up positive?",2025-10-01T23:44:05,https://www.reddit.com/r/Miscarriage/comments/1nvodri/is_this_a_miscarriage_or_end_of_my_period/,,miscarriage,miscarriage_related_posts.csv,964f2c32aecbdac62f1a8f94106deae27e2a4dd34ad8a61ea91506c36b8623a2,0.0,3.0,trigger warning: graphic description,True,new,miscarriage
1no0e9y,miscarriage,Crazy anxiety spike four days after MVA,"I had an MVA for my missed miscarriage (8 weeks) on Thursday. It went fine and I was back at work on Friday.

Today (Monday) and I have been having a crazy anxiety spike. I barely slept and couldn't eat all day. Work was really hard. 

I have previously been medicated through the years on and off for generalised anxiety and depression, but this was the worst I've felt in years.

I suspect it's my hormones going back to normal,  perhaps some processing, and also me having GAD in the first place. But today was completely unexpected in terms of strength of feeling.

This was my second miscarriage this year and I didn't feel anxious like this in my first.  Tearful, yes, and down, but not like this. 

Anyone had anything similar? I'd love to hear and maybe feel a bit more normal!  

Edit two weeks later: I'm just updating this post in case it is useful for anyone: I continued to be very anxious and had to take four days off work.I started to feel less anxious after a couple of days but then experienced a few further spikes over the next two weeks, none as great as the first. I'm back on 10mg of Citalopram to see if I can get my sleep and appetite back but I am still very low and may look to up my dose. This anxiety spike caught me be surprise as my first miscarriage went fine. It has caught absolutely no one else, family or medical professional,by surprise. I'll update again if there are further developments.",2025-09-22T22:19:22,https://www.reddit.com/r/Miscarriage/comments/1no0e9y/crazy_anxiety_spike_four_days_after_mva/,,miscarriage,miscarriage_related_posts.csv,84e0489433fcf5db498467834a5c99b796b8d5285b5c8e6eb434821c97472a3e,1.0,2.0,question/need help,False,new,miscarriage
1nleipn,miscarriage,Finally some answers,"Hello friends, I am here to share some things I’ve learned after 2 back to back MCs that could perhaps help others.

For reference, I had my first missed MC back in April where I took pills to help pass the remains because they did not pass by themselves. The embryo stopped growing at 6.5 weeks and they found it on a scan at almost 9 weeks. The second MMC was more of the same, it also stopped at 6.5 weeks and was discovered at 9 weeks via ultrasound. I had a D&C to help pass the remains and another hospital thinks they may have left tissue in me because I only recently stopped testing positive on pregnancy tests and just started my period today after over 7 weeks post surgery.

After the second MC, I pushed for answers even though the hospital was reluctant to start testing. I got tested for: Thyroid levels and antibodies (I have medicated hypothyroidism and it’s still possible to have antibodies that disrupt pregnancy), Antiphospholipid syndrome (APS), Lupus, and my prolactin levels.

I also requested to have testing for the MTHR mutation, NK antibodies, and progesterone levels which my doctor denied because she said none of those make a difference with MCs.

I had the remains tested and finally got an answer back after almost 2 months of waiting and they discovered a chromosomal issue. The doctors are saying that they still think it’s just bad luck but my partner and I are going through parental Karyotyping just to make sure neither of us have balanced chromosomes.

I know it’s hard to advocate for yourself in a time of grief but I hope for others out there that have had multiple MCs and want answers can learn from the tests I’ve had so they can get some answers for themselves.

Hope we all get our rainbow babies soon🌈",2025-09-19T20:27:29,https://www.reddit.com/r/Miscarriage/comments/1nleipn/finally_some_answers/,,miscarriage,miscarriage_related_posts.csv,c1cf04e2c31c1baa7ce04855566b3a4bcd2164bbd8d0907a4be714b5da744487,3.0,5.0,coping,False,new,miscarriage
1o6hkdf,miscarriage,I'm starting to miscarry.,"I'm 11w5d and went for a private scan last week that showed a MMC. No heartbeat and baby stopped growing a few weeks ago. I went to my maternity hospital the next day as I was feeling unwell and they scanned me, advised no heartbeat and insisted on me coming back next week for another scan to confirm the miscarriage but it looks like I'm not going to need that appointment as I'm pretty sure I'm starting to miscarry right now. 

I'm worried how I'm going to handle the pain and of what I might see. Also one minute I'm ok and the next I'm balling. 
I have a rose quartz (yes Im one of them 🥰.), a hot water bottle and I'm looking for some kind of tv show to try and take my mind off. I'm kind of just looking for any advice on what to do while you're actively going through it to give comfort. ",2025-10-14T14:49:01,https://www.reddit.com/r/Miscarriage/comments/1o6hkdf/im_starting_to_miscarry/,,miscarriage,miscarriage_related_posts.csv,d48d625bf4b71cdff7f3ea20df9b45fbf02393d21c2b58ff95e89f32162b1d58,5.0,21.0,question/need help,False,new,miscarriage
1nsrvmc,miscarriage,First period post D&C,"I had my D&C a month ago and my period started on Thursday. The first two days it was so heavy. Its slowing down now. In one hand im grateful I got my period in a timely manner, but I cant stop thinking im no longer pregnant. Sometimes I think about how my body would look if I was still pregnant. I think about my babies due date in March. We where so excited. The hardest part for me is not knowing what will trigger a difficult moment, like starting and ending my first period post D&C after a MM. ",2025-09-28T15:55:53,https://www.reddit.com/r/Miscarriage/comments/1nsrvmc/first_period_post_dc/,,miscarriage,miscarriage_related_posts.csv,90896784f97c353a4cbf26c64790d76fa3128597c29f14267a04c30318bb67f0,3.0,10.0,coping,False,new,miscarriage
1nxiswp,miscarriage,Possible pregnancy? After mc,"How likely would it be to be pregnant again 3 weeks post medicated miscarriage. I tested today early response had a faint line (test 2 weeks ago was completely negative after miscarriage was done). But anyhow im not sure if its an evap or maybe line eyes i have hoping something is there. Im also having to pee alot again but again could just be my mind trying to cope and get myself excited, my question is how possible is it to conceive 2 weeks after miscarriage? Havent had a cycle etc",2025-10-04T02:55:55,https://www.reddit.com/r/Miscarriage/comments/1nxiswp/possible_pregnancy_after_mc/,,miscarriage,miscarriage_related_posts.csv,353bbadfadf8a581d70f98bdb781f37c516fa74dedf7296980af9a703f6f5042,2.0,7.0,trigger warning: PLEASE EDIT TO ADD DESCRIPTION,False,new,miscarriage
1njhsrq,miscarriage,Is there a chance I'll bleed & have a natural MC before a D&C,"Hi all, I'm so sorry to be here and for anyone struggling now. 

I'm supposed to be 7w4d today. My last scan (6w5d) was dicey and they couldn't find a HB, but my dr wanted to wait a week. Unfortunately since then my HCG (taken multiple times) has pretty much totally flattened (it wasn't doubling since the start so this isn't unexpected) and they called me yesterday diagnosing a MC based on that. I have my next scan appt tomorrow to confirm and per the nurse ""talk with doctor about my options."" 

  
I'll likely opt for a D&C and that will probably be next Tuesday (unfortunately I am aware from my last MC that they only do procedures on tuesdays). My question is...is there a chance/likelihood it will happen before then? Can my dr know that from blood or by dating the scan for when it stopped developing? 

  
I ask because I have plans to spend a full day this weekend with my mom and she has some activities booked that require 24hr cancellation. I really don't want to discuss with her my pregnancy or the MC. I disclosed my last MC to her and she pretty much had ZERO response, then eventually just said she was ""processing"" then said nothing else then literally never mentioned it again, but would be very aggressive with updating me on some of my cousins' pregnancies and births. I would just ignore her comments in texts and she'd follow up with ""DID YOU SEE WHAT I WROTE ABOUT JESSICA'S BABY?""). She has never acknowledged the experience i shared with her in any way, just pretend like it didn't happen and i never said that to her, and it's pretty hurtful to me. Soooo yeah I want to avoid having to say any of this to her, hence why I'm trying to figure out if i can go on life as usual until a D&C next week. 

  
i am on 200mg progesterone suppositories and my dr said to keep taking them until we discuss options so i hope that is enough. 

  
Welcome any shares on similar experiences regarding successfully waiting for D&C or complain about your emotionally dense boomer mother. ",2025-09-17T16:24:31,https://www.reddit.com/r/Miscarriage/comments/1njhsrq/is_there_a_chance_ill_bleed_have_a_natural_mc/,,miscarriage,miscarriage_related_posts.csv,d3b60c6e23af0de4a6fea4a127488f9adf6fe33af700e2518f3d2844ca2bebfe,1.0,7.0,question/need help,False,new,miscarriage
1npxa4o,miscarriage,Late miscarriage/stillbirth,"Its been about 2 weeks now. 
 I lost my baby boy at 19 weeks. Everything happen so fast on that day. I started cramping the day before but it wasn't until the morning I started bleeding and I knew something wasn't right. We went to hospital. Nothing could have prepared us for what was going to happen. I didnt even know I was going into labor already. Cervix break too early. Its too late. I give birth. I go into d&c to get placenta out, spinal i can't feel my legs but I start reacting twitching omg it hurts just thinking about it
 and now my baby is gone. This was so difficult to go thru and yet I still want to try again. It was already hard for me to conceive. Now is time for me to heal and recover. His name was miles and I just got his urn today ",2025-09-25T04:17:16,https://www.reddit.com/r/Miscarriage/comments/1npxa4o/late_miscarriagestillbirth/,,miscarriage,miscarriage_related_posts.csv,fce5abf4bf14675e7d268caedee58256faa43d06c538f5a5d74773975ac3c4c0,8.0,3.0,trigger warning: stillbirth,False,new,miscarriage
1o5558w,miscarriage,Struggling to be happy for pregnant people,"I had a d&c on Friday, around 8/9 weeks for a missed miscarriage.
Two of my SILs are pregnant, just a few weeks ahead of me. One had her gender reveal today and I didn’t go. I talked to her about it and she totally understood, there’s no drama or anything. She’s super sweet.
But I have some bitterness in my heart. I can’t comment on her social media post—I want to congratulate her, but I am just too sad. I am happy for her, but not all the time. I want to separate my sadness for my situation and my feelings towards her situation, but I’m struggling. The last thing I want to be is bitter—especially after she showed up for me after I got the news. She’s seriously been so sweet. I don’t know, I guess I’m just really sad, but I don’t want the sadness to seep into my relationships. How do yall cope?",2025-10-13T00:17:40,https://www.reddit.com/r/Miscarriage/comments/1o5558w/struggling_to_be_happy_for_pregnant_people/,,miscarriage,miscarriage_related_posts.csv,5f32e1b01904d8fad9a9e1fd067589b9e8587808b8031c8c002e64570991e04a,19.0,6.0,coping,False,new,miscarriage
1nlqwjr,miscarriage,Miscarriage after nearly two years of amenorrhea - Stabilizing Cycles,"I am wondering if anybody has some experiences with stabilizing cycles after dc who suffered from amenorrhea before getting pregnant? I had 4 regular cycles after dc, but now it is cycle day 41 and my period doesn´t come. My gyn says it ´s normal after dc, but since she told me 3 years ago  that 3 times of exercise a week wouldn´t cause amenorrhea and she was completely wrong, I unfortunately don´t trust her word completely. 

I totally wanna increase exercise cause I lost my fitness in order to get my period back, but without a stable cycle I am afraid that I can not react to changes of the length of my cycle fast enough. I have to admit that I didn't expect my cycle to get so long again since the first 3 ones after dc were nearly normal, except for lots of blood cloths one time, but period came on time. Does anybody have tips for stabilizing my cycle? I am planning to start seed cycling again, cause it helped me to get my period back, but maybe there´s something else I can do?",2025-09-20T06:32:27,https://www.reddit.com/r/Miscarriage/comments/1nlqwjr/miscarriage_after_nearly_two_years_of_amenorrhea/,,miscarriage,miscarriage_related_posts.csv,2d228534782445c5c2cc10b54409ad779603a125b34c7bb37a6f6651633e9bd4,1.0,0.0,question/need help,False,new,miscarriage
1o75htk,miscarriage,Did your doctor want to put you on the birth control pill to regulate your cycles after MC?,"My doctor told me that I should consider taking the birth control pill to regulate my cycles. I'm very scared that this will mess up my hormones even more and the thought of potentially delaying another pregnancy is excruciating. I've also never seen a post here were somebody was mentioning birth control pills. 

Backstory: I'm based in France. Took Miso and then had a D&C because the Miso didn't clear everything. My hcg was already pretty much zero before the D&C. 4 days after the surgery I got what I thought was my first period. Cramps for two days as usual but a bit stronger. However, it's ten days later now and I'm still spotting/lightly bleeding (brown blood). Doctor already mentioned birth control pill after the Miso and now reiterated that I should consider taking it. 

Did anyone's doctor recommend this and did you end up taking it? If so, what did it do and would you take it again? ",2025-10-15T08:32:57,https://www.reddit.com/r/Miscarriage/comments/1o75htk/did_your_doctor_want_to_put_you_on_the_birth/,,miscarriage,miscarriage_related_posts.csv,d1d3e0d5194f1df0526c5767bed89060e10b6fcd2458691697fca220114e6d00,2.0,19.0,question/need help,False,new,miscarriage
1nl61tx,miscarriage,One year since my first pregnancy/loss. I need support.,"Hi all,

I’ve read posts in this group on and off and just reading some had tremendously helped supported me. Now, I am at a point where I would like to share my story and ask for your support. Today is the anniversary of when I found out my pregnancy last year, and I just found out that I am not pregnant.

I’ve grown up as an only child and always wanted and longed for children. This time last year, I found I was pregnant. I was overjoyed because we got pregnant on our first try. At around week 8, I had a miscarriage; the HCG level had not been doubling for 2 weeks, and there was no heartbeat. My doctor printed a picture of my latest ultrasound. When I asked to please have it, he and his nurse had to go through their pile of trash to look for my baby’s last ultrasound. I was shocked and could not better advocate for myself.

The second day I was taking the ”abortion” pills (vs D&C), the act of taking the pills felt too final, and I didnt want to live any more. I felt like I had done something wrong to mis-carry the baby, and everything was my fault. I felt flawed and ashamed. I didnt know anyone who had a miscarriage (opposed to an abortion where you have a choice).

I took 3 days off from work after the miscarriage. When my colleagues asked me “how are you?”, I felt like I would burst into tears. I would sit at my desk at work and would start shaking. In hindsight, I should’ve taken more time off. I am feeling that I am already struggling this week to stay optimistic as I break into tears randomly when I smell the cold, autumn air or have annual events at work that remind me that “oh I was pregnant during last year’s event.”

When I shared my miscarriage experience, people kept telling me that miscarriages are “normal” and “common”. Those words have now become trigger words - normal/common are all relative. It does not feel normal for me that I have miscarried.

Then as many people wrote in this group, everyone was pregnant. I‘ve been staying off of social media full of baby and pregnancy announcement, didnt look at Christmas cards/baby shower invites and also purposely did not go to dinners with friends who recently had a newborn. I simulate in my head about catching up with them, but it feels too close to home to hear about a newborn that was born just 2 weeks before my supposed due date.

We saw a fertility specialist in late April - the doctor diagnosed me with PCO (lots of egg reserve) and my husband’s sperm are not as motile or healthy-looking as we had hoped. I have an autoimmune condition/high inflammation and tested positive for lupus anticoagulant, one of the anti-phospholipid. He recommended that we try IUI, but I am not sure how successful it would be. Doctor’s aftervisit notes indicated that I had an “abortion”, which now I understands to be a medical term and that we were xx months infertile. That word “infertility” pierced through me over and over and continues to make me feel hopeless.

Today marks one year since I surprisingly found out that I was pregnant. I feel hopeless that we are still not pregnant. I dont know how to grieve. I am not sure if I am feeling sad, angry, anxious, hopeless, frustrated, or all of the above. I want to break everything and just scream and cry. I still feel “ashamed” and “flawed” that I had a miscarriage. I dont know when I will feel like myself again. I dont know how helpful IUI would be. All I think about is “am I ever going to hold my own baby in my arms…?”",2025-09-19T15:05:21,https://www.reddit.com/r/Miscarriage/comments/1nl61tx/one_year_since_my_first_pregnancyloss_i_need/,,miscarriage,miscarriage_related_posts.csv,f136188fa83d7e079f6ce0390687eaa62a25152f66f735dffd71f66f338ebd1c,3.0,1.0,support for someone who miscarried,False,new,miscarriage
1nwdg9q,miscarriage,Why is it taking so long,"I’m pretty sure I had a chemical miscarriage. I conceived on September 5th. I got a faint positive at 14DPO. Started bleeding the next day. Started light and spotting. I thought it was normal pregnancy bleeding. It turned into bright red spotting with two penny sized clots. I was still in denial. I kept testing very faint positive but not getting darker. 
My hcg from yesterday came back less than 1. 

What I’m struggling with is why my BBT is still rising. Why my pregnancy symptoms are increasing and not going away. 
If I’m not pregnant anymore I want my cycle back. I want to be able to try again. I’m supposed to be ovulating soon but I never got my period and my BBT won’t drop. 
The bleeding I had was way lighter than a period and didn’t fill a pad and wasn’t as painful as a period. 

Is it stupid to get the blood test repeated? Or ask for an ultrasound? I’m fine to accept I lost my baby but this is not the first time. I don’t understand why my symptoms and BBT are increasing. I’m wondering if it could possibly be ectopic or molar or something. Obviously not viable but not fully gone. ",2025-10-02T19:30:26,https://www.reddit.com/r/Miscarriage/comments/1nwdg9q/why_is_it_taking_so_long/,,miscarriage,miscarriage_related_posts.csv,532b4fc684b52d7fcf45df0043395f2de3ae922602b0ddae3ff967631f3cc02c,6.0,1.0,question/need help,False,new,miscarriage
1ns595w,miscarriage,Misoprostol Experience (positive),"Hi all, 

I had an anembryonic missed miscarriage. First ultrasound at 7w1d they found a gestational sac but no yolk sac and no fetal pole. Waited 2 weeks to find the same thing in second ultrasound. 

I wanted to share my relatively easy* experience with mife/miso because when I was doing my research there were a lot of scary stories out there but not many that stopped developing as early as mine. *(of course it’s not positive or easy but I can’t find the right word)

Took mifepristone Wednesday followed by misoprostol around 4pm on Thursday. I passed large tissue sometime between 5 and 6 so I think it happened very quickly. 
I proceeded to have very bad cramping and heavy bleeding intermittently until about 11 when I went to sleep. I woke up with minor cramps and more bleeding every couple of hours but it was very manageable. 
Friday was mild cramping and continued bleeding but nothing too much more than my typical worst period day. 

Bleeding continued for the next week until my follow up appointment where we did an ultrasound and found my cervix was back to normal and everything had passed as expected. 

I share this because I was absolutely terrified of taking the medication over the D&C but ultimately decided to do it for cost purposes and I was pleasantly surprised. Of course it does not discount the extremely hard cases but I wanted to share in case it helps anyone in my situation. ",2025-09-27T20:20:30,https://www.reddit.com/r/Miscarriage/comments/1ns595w/misoprostol_experience_positive/,,miscarriage,miscarriage_related_posts.csv,1426efe7241963316b1bf0328cb492c7a707713e76f4ec252685cf315b96b123,7.0,3.0,experience: first MC,False,new,miscarriage
1nvlcyk,miscarriage,Drop in HCG,I had a miscarriage last month and was ecstatic to find a positive test this month. They had me do hcg testing since I just had a miscarriage and the first test was 57 . 48 hours the second test was 15. I know what that means but there is still this part of me that’s trying to hold on to hope that everything is okay. I still have pregnancy symptoms and my at home tests are still positive. I know that tests can be positive for a while after miscarriage but the timing of everything is the same as last month and I had negative tests at this point had no symptoms of pregnancy whatsoever. I’m just curious if there is anyone who has had a similar situation and it turned out okay? I am aware of all the negative outcomes and I have mentally prepared myself for them but I just am curious if someone has had a positive outcome. Any words of wisdom are much appreciated.,2025-10-01T21:37:34,https://www.reddit.com/r/Miscarriage/comments/1nvlcyk/drop_in_hcg/,,miscarriage,miscarriage_related_posts.csv,a94544a49f1350906261b4223d301a83655baae1fa2e157e43d2624c9f104a08,2.0,2.0,question/need help,False,new,miscarriage
1nvsiq1,miscarriage,It happened again,"Well, didn’t think I’d be posting in this chat again but I had another miscarriage. I have no baby. I’ve tried for over a year now. I feel so empty. Why is it that women who don’t even want children have healthy babies? My parents who abused me like crazy had two healthy kids, who they abused terribly. My mom nonchalantly told me that I could kill myself but not to do it at the house when I was suicidal. I’m fighting so hard to not end up in an institution again. That’s what happened with my first pregnancy loss. My husband and I are crushed.",2025-10-02T02:58:43,https://www.reddit.com/r/Miscarriage/comments/1nvsiq1/it_happened_again/,,miscarriage,miscarriage_related_posts.csv,8025c7a27a8ebba6af3f1ab6371100ae5dd98ab586c75ca1a23fc08383898bc5,3.0,4.0,experience: more than one loss,False,new,miscarriage
1npjlg6,miscarriage,Reoccurring Miscarriages,"I just had my third miscarriage. I switched OB’s and the new OB is asking me to do RM bloodwork. That is great. 
On my last miscarriage I was on vaginal progesterone. I’m wondering if I need more. Has anyone noticed a difference when taking a progesterone shot? Was there anything including taking baby aspiring that helped you succeed with a full term pregnancy? 
I do not have PCOS, Endometriosis, or any issues that I am aware of. My cycles are normal. My stress levels are very low. I’m healthy and haven’t not drank in 3 months in prep for pregnancy. Looking for ANY advice. ",2025-09-24T18:14:19,https://www.reddit.com/r/Miscarriage/comments/1npjlg6/reoccurring_miscarriages/,,miscarriage,miscarriage_related_posts.csv,4c52dcb865b9bd72ee57004b5215f111c88ea15c843ea761bb9dfc8605854654,3.0,4.0,experience: first MC,False,new,miscarriage
1njkl4h,miscarriage,Rainbow Baby Encouragement,"Just looking for some encouraging words that my rainbow baby will come…I just got my period and it has crushed me. This was only our first time trying since our miscarriage, and I know it doesn’t always happen right away, but I was a couple days late and was trying to not get my hopes up…but alas, I guess I did bc it feels like a loss all over again.",2025-09-17T18:05:52,https://www.reddit.com/r/Miscarriage/comments/1njkl4h/rainbow_baby_encouragement/,,miscarriage,miscarriage_related_posts.csv,6960b14406ad09bd9409797f796cef84256043f972fc113907bee8e0b6ba26da,19.0,9.0,coping,False,new,miscarriage
1nv7yf8,miscarriage,Anyone else just waiting to miscarry naturally?,"I went in last Thursday at 8w2d to see that my gestational sac was empty. Yet still my body hasn't processed it yet. WHO else is waiting for their body to miscarry? What kind of sick game is this. I just want my body back. 

This is my second miscarriage since July. ",2025-10-01T13:17:49,https://www.reddit.com/r/Miscarriage/comments/1nv7yf8/anyone_else_just_waiting_to_miscarry_naturally/,,miscarriage,miscarriage_related_posts.csv,a10c2f25c0cf2c5c49e7e80324f40a02989456e222d85f2156ddf88d1486f7d1,6.0,12.0,coping,False,new,miscarriage
1nqitlh,miscarriage,Miscarriage,"Just found out today that our baby stopped developing at 6 weeks , we were literally coming up with names last night, today was the day i was supposed to hear his or her heartbeat . I was supposed to be a dad idk how to process this, never was a thought in my mind im 20 idk where else to go to and idk how yall get through it , could just hear anything encouraging right now i am absolutely devestated and so is she are there any ways for this to be prevented or is there anyway we could contribute to it not happening again, idk what to do. I want too try soon again but idk i dont wanna go through this again . Anything would help right now",2025-09-25T21:13:31,https://www.reddit.com/r/Miscarriage/comments/1nqitlh/miscarriage/,,miscarriage,miscarriage_related_posts.csv,a7ce6b85c08c3bc8ae457d42a4c03f9e80c39eebbcc0c525b1ec66cbaa2a3247,11.0,10.0,experience: first MC,False,new,miscarriage
1o942lt,miscarriage,Physical recovery after natural miscarriage - feeling crappy,"I am wondering if others have experienced feeling worse physically during/after miscarrying than during the 1st trimester nausea/exhaustion. Medically, I'm keeping in touch with my providers and we are of course monitoring to make sure there is no infection, etc. But even without those warning signs, I just feel so crappy. The miscarriage passed five days ago. I immediately felt better after it passed, but then after 12 hours or so (hormone drop?) I started feeling just crappy. Days before we even knew that the baby had already stopped growing, my appetite has been zero, digestion is so messed up, and after the miscarriage I started some iron supplements because I was struggling to eat anything, much less iron-rich foods, and I feel kind of woozy or headachy if I overdo activity. Even during the height of the pregnancy nausea, I didn't have to rest so much. For those who have been through this before - and I'm so sorry that you have - how long did it take for you to feel better after natural (no meds, no D&C) miscarriage?",2025-10-17T15:15:09,https://www.reddit.com/r/Miscarriage/comments/1o942lt/physical_recovery_after_natural_miscarriage/,,miscarriage,miscarriage_related_posts.csv,fd5e517761b7de6deac899695a3a3c6eb382d3e64cf6d90f572dea9db24eb38c,4.0,4.0,information gathering,False,new,miscarriage
1ntl953,miscarriage,Need encouragement,"Hi, 
I am 37 years old and I have been trying for a baby since I’m early 34. over the course of 2.5 years we tried on and off natural until last year August we started fertility treatment with 3 failed rounds of IUI and 3 failed rounds of IVF. During IVf we were unable to create healthy normal embroys. Out of 4 embroys created 3 were abnormal, 1 was normal but average graded. We were told chances of natural conception is not good. However fast forward to August, we were on vacation and wanted to get scheduled for the 4th round but due to miracles we got naturally pregnant. However that one miscarried on week 7. i was reading a lot that people get pregnant right away after miscarriage but not sure if it’s in our cards. Anyone that experienced something similar and everything turned out fine? Thank you all! ",2025-09-29T15:35:00,https://www.reddit.com/r/Miscarriage/comments/1ntl953/need_encouragement/,,miscarriage,miscarriage_related_posts.csv,58c13f3c4c5c560a9ea49bbf792b628e4e067561554cbd80c9bad5fcfdf34894,2.0,2.0,experience: first MC,False,new,miscarriage
1nxk0mv,miscarriage,First period after MC,"MC was on August 10th, my first period started September 26th. Day 1 was a bit heavy with 1 large clot. Day 2-3 was normal flow. Day 4 I woke up to blood everywhere as if I had a heavy gush, there was also a large clot in the pad. The rest of the day was a normal flow. Day 5 it acted like it was slowing down. Day 6 there was some brown discharge. I douched and after that I had some bright red but went back to brown pretty quick after it started. Day 7 was more brown. Today day 8 there was nothing not brown or red. I assumed it was done until just a bit ago I had a gush of red blood again after a bit of stimulation but no O. Is this normal for it to stop and go, or normal for stimulation to cause it to start up again? How long is the first cycle supposed to last, what was your first cycle experience? Any information is appreciated. ",2025-10-04T03:59:57,https://www.reddit.com/r/Miscarriage/comments/1nxk0mv/first_period_after_mc/,,miscarriage,miscarriage_related_posts.csv,a7217ec59bfb932dbe312bb3a9ea31b89cd1d11458252b68b317acc81e74efdd,1.0,1.0,question/need help,False,new,miscarriage
1nnlutq,miscarriage,MMC at 12 week scan in UK,"Had a private scan at 8weeks and all was well. Today had our 12 week scan and found out it stopped growing at like 9weeks. 

My question is what is next. I am waiting for a call back from our local early pregnancy unit. I want it out of me as quickly as possible so I'm assuming I'll have to push for surgical removal. Anyone UK and has had it removed this way or do they push medical first? 

If you have had it surgically removed it that is done or is there more bleeding/ recovery afterwards? 


Update 1: Just in case it helps anyone else. The early pregnancy unit rang me about 4 hours after our scan. I am booked in for it to be surgically removed Thursday. They actually only offered me surgery. Due to the fact it was 9/10weeks. Also as I have not had any bleeding or cramping at all they did not suggest waiting to see if it would pass naturally. 

Update 2: Again just in case anyone stumbles upon this in the future and it helps. It is 4 days after having our scan I have had the surgery to remove the miscarriage. I cannot express in words how incredible every member of NHS staff was that we encountered. Receptionists, porters, nurses and doctors were all incredibly kind to us.

Might be TMI so please don't read unless details help!  I went in at 7am, in theatre about 10/11ish and left the hospital at 2. They do go through the surgery a handful of times with you as you have to give informed consent. You can have someone with you at pre op or ask for a chaperone of you need one, it is alot to take in. Since coming out of surgery I have not experienced any cramping yet. The first few trips to the bathroom were very red but now (5/6pm ish)  no blood in the toilet just some sanitary pads. No more bleeding than the last few days of my period. 

If you have read this far and you are going through your own nightmare, please know you are not alone and I am so sorry you are having to go through this. X ",2025-09-22T13:01:55,https://www.reddit.com/r/Miscarriage/comments/1nnlutq/mmc_at_12_week_scan_in_uk/,,miscarriage,miscarriage_related_posts.csv,7aec9b04e4aea15f4b69fd7f2f0b62ac469344d7e00e6827c444335e2a6f22cc,4.0,15.0,question/need help,False,new,miscarriage
1o3kxx1,miscarriage,Heartbroken,"I’m really struggling… 
I’ve been through 3 losses in the last 2 years. 
5 months ago, I had a late “miscarriage” I don’t really consider it a miscarriage since I had to give birth to them. 
Anyways, a few days ago I tested positive. Got my HCG tested it was at 13. Got it tested two days later and it was 14. I know I’m inevitably experiencing another loss and I’m just heartbroken I wasn’t even trying but it made me so happy to see the positive just for it to end up a loss. 
Anyways, just a vent post. This experience is so heartbreaking. ",2025-10-11T03:12:01,https://www.reddit.com/r/Miscarriage/comments/1o3kxx1/heartbroken/,,miscarriage,miscarriage_related_posts.csv,2ec7b8fc45578176d15255606e1a37e55208f9c73b7d6be47a4a456b37286500,4.0,2.0,experience: more than one loss,False,new,miscarriage
1nlgw52,miscarriage,Venting,"I have had a chemical loss at 5w3d, a d&c at 7w6d and a natural miscarriage at 8w3days all within a year. We have been doing oodles of testing and surgery for fibroids and so many ultrasounds trying to prevent a next time.
A girl I work with shared that she went off birth control and her and her s/o aren’t actively preventing pregnancy. She shared she had her period once and hasn’t had it since but tested negative 5 weeks in a row, but she feels like she might be because she’s done her research and she knows “it can take a while for hcg to show up.” She’s still drinking and smoking weed. 
She’s a super nice girl and I get along with her 99% of times but this news she shared, makes me want to fucking scream. She doesn’t know my past, it’s not fair for me to be as mad as I am. But I just have nothing but mean things floating through my mind. Oh and she said “if you and yours were thinking about getting pregnant wait till after we do so we’re not on maternity leave at the same time lol”… gutted 
All I told her is to please book an appt with her gyno cause if she’s not menstruating she’s not ovulating. 
It’s not fair to be upset with her, she doesn’t know. But I need to air it out.
Thank you 
",2025-09-19T22:05:33,https://www.reddit.com/r/Miscarriage/comments/1nlgw52/venting/,,miscarriage,miscarriage_related_posts.csv,1407bd44d7c95dd9d0123f9f399d6f3a8c84fc8e2f1ed7fb19fa7d4c0ab195bc,3.0,2.0,vent,False,new,miscarriage
1o7c22o,miscarriage,Completing the miscarriage,"I was confirmed to be miscarrying at 10 weeks yesterday, baby only measured about 6 weeks. I was referred to the early pregnancy assessment clinic and waiting for them to call today. I’m not sure if they’ll tell me to wait and see or if they’ll give me the other options but for those who went through this, how did you feel about the option you chose to complete the miscarriage (natural, d&c, pills)? I’m hoping to have an idea of what I want to do when I go into the clinic but this is my first miscarriage so I have no idea what’s best. ",2025-10-15T14:10:23,https://www.reddit.com/r/Miscarriage/comments/1o7c22o/completing_the_miscarriage/,,miscarriage,miscarriage_related_posts.csv,3d4e982347a9838f0fb24acca2f49bd24db29f87e9221fad19e690d4d28f7d63,4.0,15.0,information gathering,False,new,miscarriage
1nstcdw,miscarriage,Unexplained pregnancy losses- what next?,"Since march 2024, my partner and I have experienced 4 miscarriages in the first trimester. I have been under a recurrent miscarriage clinic in the UK and routine results are normal.

- Full blood count
- Thyroid function
- Antiphospholipid Syndrome (APS) and Lupus anticoagulant 
- Blood genetic testing for both me and partner
- TV and abdominal ultrasound

We have now been referred by our consultant for a second opinion at different hospital (2 hours away- not an issue) Tommy’s National Centre for Miscarriage Research centre. 

I would like to know if anyone else has been seen at one of the specialists centre’s and what other investigations are there likely to be? 

Thank you in advance. ",2025-09-28T16:55:28,https://www.reddit.com/r/Miscarriage/comments/1nstcdw/unexplained_pregnancy_losses_what_next/,,miscarriage,miscarriage_related_posts.csv,41f907deae6cca65646902f8fe3e5e90980f81aaa6a9d7338f97e624bad05d81,3.0,2.0,introduction post,False,new,miscarriage
1nq9ijy,miscarriage,Sneak peek test regret,"Tw: miscarriage
My missed miscarriage was 2 years ago at 9 weeks. It was the worst thing I have ever been through to go to an ultrasound all excited and leave completely broken. I passed it at home and I don’t know if my state insurance would have covered genetic testing I didn’t think about getting testing at the time and I was scared of surgery and I just wanted it over with so I could move forward and heal. Looking back now I wish I would have gotten at least the sneak peak tests done. The pregnancy was very wanted and planned so I knew at 4 weeks and had time to order one but I thought we had more time and would get to the 20 week anatomy scan. I often wonder who they would have been and feel like knowing the gender would have helped me have more closure. I also deleted the pictures of my bump progress and telling my sister we were pregnant instead of just putting them in a hidden album until I could look at them and decide if I wanted them. In the moment I thought I would never want to look back on that time. Hopefully this hindsight can help somebody going through their own grieving process. Even if you get the sneak peak just to have it in case and not look at it if you don’t want to maybe would help if the unimaginable were to happen. ",2025-09-25T15:16:11,https://www.reddit.com/r/Miscarriage/comments/1nq9ijy/sneak_peek_test_regret/,,miscarriage,miscarriage_related_posts.csv,10c43a7febd2198eec379e08dfc27da67a756dab8b4ba9893f6476f4c0bbd27c,5.0,2.0,experience: first MC,False,new,miscarriage
1nvsfco,miscarriage,Anyone experienced severe leg pain?,I don’t know who to ask honestly but did anyone experience severe leg pain during/after miscarriage? I stopped bleeding a few days ago. I still get some random cramps but my legs are killing me from the knees down. It’s like very painful bone pain or so like it’s very deep and pain killers aren’t working. They feel somewhat swollen ( usually normal with my hypertension medications). Anyone experienced anything similar due to miscarriage or is it probably unrelated? What causes this and any recommendations for getting better? I’ve mentioned in previous posts that unfortunately I cannot see a medical doctor so I’m just hoping this subreddit could help me through because I feel so lost and so alone. ,2025-10-02T02:54:07,https://www.reddit.com/r/Miscarriage/comments/1nvsfco/anyone_experienced_severe_leg_pain/,,miscarriage,miscarriage_related_posts.csv,92881c099ab178247f87563dabc04fc7d99324821b470a797394a7cb874c1325,1.0,5.0,question/need help,False,new,miscarriage
1o3mpze,miscarriage,How can I be there for my friend?,"I have a friend (AFAB) who just experienced a miscarriage, he didn’t know he was pregnant, and we haven’t had a chance to talk yet so I can’t even hope to try to imagine what he’s feeling right now. I know the pregnancy wasn’t on purpose. I want to be there for him bc I have experienced pregnancy loss but certainly not in the capacity he is experiencing… does anyone know how I can be there for him in a way that won’t make anything worse? ",2025-10-11T04:50:27,https://www.reddit.com/r/Miscarriage/comments/1o3mpze/how_can_i_be_there_for_my_friend/,,miscarriage,miscarriage_related_posts.csv,1cc404ebdce083d1e2a2fc75e92c839c4c87429ed5c8f5b75e4bc379b3648300,2.0,0.0,support for someone who miscarried,False,new,miscarriage
1ob272i,miscarriage,Miscarriage,"Hey I’m curious about if everyone miscarriage is different? So i found out i was pregnant August 18th and my bleeding started September 1st I had a miscarriage September 8th but I bleed for a whole week and after the miscarriage I stopped 4 days but prior to the miscarriage I didn’t have have cramps just light cramps, medium bleeding somewhat like a period and the day of it started I went straight to urgent care they couldn’t do much so they sent me to the er I got my blood done and ultrasound it was too early to tell but I was supposedly wasn’t confirmed 5 weeks pregnant and when I found out I was probably 3 to 4 weeks in and my HCG came out good it was rising they told me to follow up with my gynecologist and to get a obgyn appointment I did my gynecologist gave me a lab order my number had gone higher it was close to 2,323 I was so excited grateful knowing my baby was okay I had my days of crying praying my baby would continue to grow and it be no problem after I got the results I asked my gynecologist for blood work again and the ultrasound she did she wanted me to get it done that Friday or Monday I decided Monday so my results are better but Sunday at 10 something I went to eat with my brother I was idk if it was the cold I messed up in going to the restaurant in shorts and a long shorts but I felt I was bleeding I was getting a little stronger cramps it was cramps I was able to handle not that strong I didn’t like the feeling so I went to the bathroom to check I seen a big blood clot I called my boyfriend to let him know what was happening I was crying I knew in that moment it was not normal after we left I told my boyfriend Monday morning I was gonna get the ultrasound done to see what was going on but around 11 close to 12 I got even strong cramps cramps like my regular period it was a come and go feeling I told him I was gonna shower to see if it was gonna calm down and if it didn’t I needed to go to the ER while I showered my cramps got more bad so i ended going to the ER around 12 something or maybe before that I can’t remember the took 30 mins to triage me 30 mins after to do blood work which showed I was still pregnant my HCG was 3,065 after the results they took 30 more mins to give me my results I only found out cause I got notification from the app it calmed me down then it took another 30 mins for the nurse to tell me my results. And informed me that they were still waiting on a room for me but like I said it was a come and go it stopped for a few until I got keep in mind also they took forever to put me in a room I got a room till 3 something am I got into a room and it was really cold that when my cramps were starting again my cramps came in I felt bleeding more and 30 mines after my boyfriend told a nurse I was cramping when I was gonna get my ultrasound they disregard his request practically telling him they have several more urgent patients I was crying wanting a response when I got out of bed telling my boyfriend I was the urge to pee he showed me to the bathroom since he had gone to the bathroom there I go in pull my shorts down and there I saw my sack I automatically bursted out crying knowing I found out on my own I had a miscarriage. My boyfriend then called the nurse telling him I had a feeling I miscarried after 10 mins someone came to get me in a wheel chair to get the ultrasound done she did the exam I was crying cause I saw no point in doing it since I miscarried I felt so helpless I felt vulnerable as soon as the tech took out the stick to do a vaginal ultrasound I started crying more I seen the amount of blood I had on it and when I got out of the bed I dropped a blood clot they took me back to the room and the nurse took probably 15 mins or less to ask why do I feel I miscarried I really didn’t wanna talk I just pulled my shorts and showed her my pad and she saw my sack that’s why she told me of the results that the sack was no longer there that I had a miscarriage I was over it I couldn’t the hospital experience was terrible when I seen the doctor he came into my room while I was getting triaged to let me know I had a balance if I wanted to pay I straight up said no twice and he left I never wanna go back to that hospital I left the hospital at 5 close to 6am after we left i couldn’t stop crying I felt sad , numb, felt like it was my fault, embarrassed I blamed myself i blamed god i blamed my mom family members that had passed cause they didn’t protect me from it happening I still do. The next couple of days it was just me crying I was not able to sleep that more but my boyfriend forced me in not a bad way to sleep cause we hadn’t gotten any sleep but I just couldn’t sleep I kept crying, my head felt it wanted to explode but at the end I did end up sleeping. But I honestly didn’t wanna eat I had no appetite I was in no mood but my boyfriend made me eat something small which now thinking about it I appreciate it he gave me some what of a push sorry it’s too long but I just wanted to tell my story and rant. I’m 1 month after the miscarriage I’ve gotten alittle better but I still have my moments I wish I still had my baby growing ",2025-10-19T21:48:43,https://www.reddit.com/r/Miscarriage/comments/1ob272i/miscarriage/,,miscarriage,miscarriage_related_posts.csv,0287f2459665a01b8ebe8ede33e32aa4071da68654f36abb85712eef63841cbe,1.0,0.0,trigger warning: graphic description,False,new,miscarriage
1ntmtnl,miscarriage,I need to get back to work but I can't stop crying,"I am at work, sitting in the stairwell, sobbing. I have to go back to work soon.

I had a miscarriage in June. I work in a hospital and every time a baby is born, a lullaby tune plays overhead. It's starting to bother me less but some days it still feels like a knife to the gut. 

I work with many people in their 20s-30s, my age. It seems like someone is always talking about babies, pregnancy. The other day a nurse mentioned her friend's due date and it's the day before my baby was supposed to be due. It felt like someone knocked the wind out of me.

Just now a coworker of mine came to visit us although he's off to let us know his baby was just born, and showed us pictures. I was genuinely so happy and excited for him, the baby is beautiful and he says mom is recovering well. After he left, and things got quiet again, I felt the lump in my throat and now I'm sitting on the stairwell no one uses, crying.

Most days I'm fine. And I absolutely love my job, genuinely. But it's hard to grieve so silently when everything reminds me of what I've lost.

Thank you for reading this far. I'm scheduling another session with my therapist soon. I just feel so lonely and so heartbroken.

",2025-09-29T16:34:08,https://www.reddit.com/r/Miscarriage/comments/1ntmtnl/i_need_to_get_back_to_work_but_i_cant_stop_crying/,,miscarriage,miscarriage_related_posts.csv,5f34c3c1e69e262817ffdce9d6531bfd6e9a6a1c4f0c99da2115263788fe3f1c,23.0,8.0,trigger warning: other’s living child,False,new,miscarriage
1nldsz1,miscarriage,This just really sucks,"I’ve been experiencing symptoms for the past week but nurse and others were hopeful because they were so mild. Just spotting primarily brown and barely cramping. When my hcg only increased by 16 that was obviously concerning and today at 5 weeks and some change my OB confirmed PUL, potentially ectopic. There’s a potential mass on my ovary but that’s all we know. 

I’m relieved to no longer be waiting, but I still have to wait until Monday to find out if I’ll need methotrexate. I knew miscarriage was hard, but I had no idea that it would be constant unknown for so long.

I typically am a worst case scenario thinker and almost always everything turns out fine. It sucks that this isn’t one of those times. Really hoping we don’t have to intervene because I don’t want to wait 3 more months to start trying. But I also feel guilty for already thinking about that. ",2025-09-19T19:59:24,https://www.reddit.com/r/Miscarriage/comments/1nldsz1/this_just_really_sucks/,,miscarriage,miscarriage_related_posts.csv,7a419608d0d0eff6c99e2c3bd25f664d60afc825b83670bf1408c111bbc9b163,5.0,6.0,experience: first MC,False,new,miscarriage
1o517j5,miscarriage,Haven't cried since miscarriage - am I normal?,"I lost my baby at 9 weeks — diagnosed on Tuesday, D&C on Friday. It was my first pregnancy after 1.5 years of trying. I’m 34.

The whole pregnancy I felt something was off. I cried constantly, had nightmares, and was terrified every day. My husband didn't believe me and said I was just overly anxious. But once the miscarriage was confirmed, I just... stopped. I haven’t cried since it was confirmed.

I don’t understand what’s wrong with me.",2025-10-12T21:23:28,https://www.reddit.com/r/Miscarriage/comments/1o517j5/havent_cried_since_miscarriage_am_i_normal/,,miscarriage,miscarriage_related_posts.csv,aaf4cd84fac5792822a5a6b4dd935408663165932d449fba15848abf14ac529b,9.0,15.0,experience: first MC,False,new,miscarriage
1nvsty3,miscarriage,What do I do?,"I found out I had a missed miscarriage 2 weeks ago. I thought I was 11 weeks. My baby measured 8 weeks 4 days. I’ve just spent the last 2 weeks waiting. Not knowing what to expect. What do I do when it happens? My dr was giving me until Friday to see if I started having any cramping or bleeding on my own, if not she wanted me to take the medicine to get things going. I started having light bleeding, not enough for it to get on a pad but visible when I wipe and some cramping. It’s been maybe 3 hours? But the cramping has been pretty mild and it’s been on and off, nothing consistent. Is that normal? Is that how it starts? I’m sorry. I just don’t know what to expect and I’d be lying if I said I wasn’t scared. ",2025-10-02T03:14:00,https://www.reddit.com/r/Miscarriage/comments/1nvsty3/what_do_i_do/,,miscarriage,miscarriage_related_posts.csv,bacfeaf904ae80c2fdc1c139c0d8b6d62c7575fae1655122f05521860bff1c4f,3.0,7.0,experience: first MC,False,new,miscarriage
1nm00kr,miscarriage,Chemical Pregnancy Without Bleeding?,"I took a pregnancy test due to feeling nauseous a week ago, it wasn’t a strong positive but a positive was definitely there; that same day I experienced really bad cramping, and then yesterday I took another test just to make sure and it was negative.
I don’t know how far I would’ve been along if the first positive was correct, as I haven’t had a period in around 15 or 16 months (7 months pp) so I can’t workout when I roughly would’ve been ovulating or anything.

I tried searching what a positive to negative test could mean, but when people mention chemical pregnancies they say there is usually bleeding; is this always the case?
",2025-09-20T14:43:44,https://www.reddit.com/r/Miscarriage/comments/1nm00kr/chemical_pregnancy_without_bleeding/,,miscarriage,miscarriage_related_posts.csv,aac6e583a54f84aea4181387a285c0c13b01a7b495494490d9d989c20f49c67c,1.0,2.0,question/need help,False,new,miscarriage
1nt8lzq,miscarriage,Sorry this is graphic — Lime sized blood clot just hanging out of my vag 5 days post miscarriage,"Hi so sorry i realize how gross my header is.
Just wondering if anyone has experienced this.

I had a natural/unexpected miscarriage 5 days ago at 13+1. I went to the ER where they monitored my blood pressure but other than that did not really do much for me. I ended up delivering the baby and placenta in the toilet and no one checked up on me for hours.

I have an ultrasound scheduled tomorrow with my OB, and i REALLY don’t want to go to the ER again tonight. 
But i have a lime sized clot that has been hanging out of me for about an hour now. It feels rather firm.
I was bleeding quite a bit and clots were coming out for about an hour, but that has slowed down. Now there is just this freaking clot hanging out of me. 

UPDATE: my OB called me and i explained to her that I really would rather not have to go to the ER again unless I really had to, and that I just wanted to know what to do about this lime sized clot hanging out of me. She suggested that I clean my hands real well, hold onto the clot, and try coughing a bunch. If the clot released, I should put a pad on right away to be able to measure the amount of my bleeding. I was told to call her back in 30 min. If i bled more than 2 pads in an hour, I have to go to the ER. So far so good. Thought I would leave this here in case this happens to anyone else! I couldn’t find anything about this happening out there",2025-09-29T04:14:44,https://www.reddit.com/r/Miscarriage/comments/1nt8lzq/sorry_this_is_graphic_lime_sized_blood_clot_just/,,miscarriage,miscarriage_related_posts.csv,16c257f914f69cb1630803611ba9916ca012d6743e5effbd0ccf91fd2495b89c,4.0,11.0,trigger warning: graphic description,False,new,miscarriage
1ob9lv6,miscarriage,Trying first cycle after loss,"I had a d&c for my 8w4d MMC on 10/3 and I’m still testing positive, though the test line is faint. Is it still possible to ovulate with hCG in my system? I feeeel like I ovulated on 10/14 because I had high sex drive, ewcm, and had ovulation pain on the 14th, but I’ve read conflicting things about ovulating with hCG still in your system. Has anyone gotten pregnant the first cycle after a loss, with hCG still in your system?
This was my first loss and I just want to be pregnant again :(",2025-10-20T03:36:51,https://www.reddit.com/r/Miscarriage/comments/1ob9lv6/trying_first_cycle_after_loss/,,miscarriage,miscarriage_related_posts.csv,2e181a9411ca854bd6301471a8b531b77eae7346243136cc57d73740d6bbeddf,3.0,12.0,TTC,False,new,miscarriage
1nq1cjt,miscarriage,Chemical After D&C,Hey. Has anyone experienced a chemical after having a D&C? I’m on my first cycle since my surgery and am just going through a chemical. Just wanted to see if others have found the same please? Worried the D&C has caused an issue. ,2025-09-25T08:33:14,https://www.reddit.com/r/Miscarriage/comments/1nq1cjt/chemical_after_dc/,,miscarriage,miscarriage_related_posts.csv,9e13dd57d54ff0b55a6167306a77d4a884b4827ff59e5708f35781e71299ae00,2.0,4.0,testings after loss,False,new,miscarriage
1ns781d,miscarriage,Bad vibes in the OBGYN Office,"After spending months healing myself from my first miscarriage (and first time ever pregnant) back in late February, it’s happened again. I chose to do a D&C at 9W to try to put it past me. We got pregnant again this go around, and my OBGYN brought me in early for HCG betas and a 6W ultrasound. Bad news came quickly when my HCG levels were increasing but not “quick enough.” Confirmed recurrent miscarriage after naturally passing about two weeks ago. 

Anyone else get the worst vibes in the OBGYN office? Like borderline PTSD? Everytime I walk in, I immediately want to sob. I’m sad, jealous, angry, numb all at the same time as soon as I enter the waiting area. The ultrasound room is worse - 2 for 2 on techs panic asking “are you sure your dates are right?? Uh let’s wait for your doctor to chat with you” etc etc. I started shaking when I went in for my confirmation ultrasound post miscarriage knowing my baby was gone. Anyone else feel this way? I love my OB - she’s been so caring in all of this but how I do shake these bad vibes? ",2025-09-27T21:44:03,https://www.reddit.com/r/Miscarriage/comments/1ns781d/bad_vibes_in_the_obgyn_office/,,miscarriage,miscarriage_related_posts.csv,13d050b6657bbb9dbb8158607e4f00c56989dcc1483e0e202c5bce5b11a221a7,3.0,8.0,coping,False,new,miscarriage
1njs4xk,miscarriage,Period after miscarriage,"I’ve been trying to figure out when my period will return. I see so many people say “x amount of weeks after my miscarriage” but what date does everyone use as their “miscarriage” date?
My bleeding lasted about 2 weeks during my mc (I did take misoprostol) and it took 2.5 weeks after the bleeding ended for my hcg to return to 0. ",2025-09-17T23:03:14,https://www.reddit.com/r/Miscarriage/comments/1njs4xk/period_after_miscarriage/,,miscarriage,miscarriage_related_posts.csv,50bf01de3a50e148879a15322a4b038e0f146a2976c934209a9b7b48230face2,2.0,6.0,question/need help,False,new,miscarriage
1ntkxvk,miscarriage,"Back to back miscarriage with no cycle in between, when will my period come back?","I had back to back miscarriage - last July at 6 wks and this month September at 9 wks. Its hard and incredibly painful experience. My husband and I will try again early spring next year but Im thinking when will my period come back? My last period was late May and Im nervous since my hormones is up and down this past few months. 

",2025-09-29T15:23:24,https://www.reddit.com/r/Miscarriage/comments/1ntkxvk/back_to_back_miscarriage_with_no_cycle_in_between/,,miscarriage,miscarriage_related_posts.csv,854d99229ca10d37618c3cf6883ac0b9bf1d5c006d1654732939df2b26da3994,2.0,3.0,support for someone who miscarried,False,new,miscarriage
1nrxroy,miscarriage,HCG Drop at 6 weeks - Heartbroken,"I was having weekly hCG draws for reassurance. Things were doubling and rising nicely until 6 weeks. I noticed that my hCG did not rise enough from the previous draw at 6w3d. Had it checked 48 hours later and it decreased by about 25%.

Levels:
3w6d: 40
4w3d: 200 
5w3d: 3600
6w3d: 6600
6w5d: 5000

I went to the OB when I should have been 6w6d. Ultrasound showed a gestational sac measuring 5w5d and a yolk sac, but no fetal pole. I am sure of my dates/ovulation so I know the dates shouldn’t be this far off. I know this is a miscarriage even though my doctor didn’t outright say it was. I have to spend this next week just waiting for a recheck ultrasound, and likely D&C the same day. 

This is my second miscarriage; the first was a MMC discovered at 10 weeks after seeing a heartbeat at 7 weeks. I’m absolutely heartbroken and just want this to be over. 



",2025-09-27T15:15:39,https://www.reddit.com/r/Miscarriage/comments/1nrxroy/hcg_drop_at_6_weeks_heartbroken/,,miscarriage,miscarriage_related_posts.csv,4f514ee5549f57bf5791b785c16d8b803cf8c3abba92710ccdeaff46c920adca,2.0,3.0,vent,False,new,miscarriage
1nuqtcy,miscarriage,How to handle probable impending miscarriage,"TW; unconfirmed but expecting to miscarry 

Due to decreasing progesterone and not doubling HCG i predict I am experiencing some type of non viable pregnancy (blighted ovum, ectopic, missed miscarriage). Nothing has been confirmed because my doctor has refused to scan me (even to rule out ectopic) so I’ve just been living in limbo waiting everyday to either bleed or get closer to that 9 week appointment for closure. 

I have started spotting some light pink today. I am Not sure if this is the first step to a natural miscarriage. My question is; if it is, what do i do? If this starts tonight (or during any off hours or weekend) and I can’t reach my doctor (they do not have an after hours line) do i go To the hospital or can i just Ride it out until i call Them? ",2025-09-30T22:08:11,https://www.reddit.com/r/Miscarriage/comments/1nuqtcy/how_to_handle_probable_impending_miscarriage/,,miscarriage,miscarriage_related_posts.csv,2cb471e1aa4baaf94f9ccbbb642f810379730333fcefabc8c5408e9d78575006,2.0,2.0,trigger warning: PLEASE EDIT TO ADD DESCRIPTION,False,new,miscarriage
1o0dyhz,miscarriage,Receiving the gold medal in mental Olympics after miscarriage,"Hi, first time struggles long time rider of the struggle bus here. I’m about 3 weeks out from my d&c…things are finally starting to feel….normalish…in every aspect except my marriage. Prior to miscarrying we were happy, affectionate, so emotionally tuned in, but now I feel so disconnected and alone. My husband shows up for me daily in ways I appreciate so much. He makes sure I’m taking care of myself (I wasn’t), he reassures me that he loves me and it’s ok, but physically we are like a microwaved frozen burrito right now. Everything’s hot on the inside but the center is still cold. Physical touch is my love language, and LONG story short I come from a very long history of neglect and abandonment…so I can’t stop myself from worrying about it. He still loves on me, holds me and all that…but sex is much more few and far between. Granted we had to abstain for 2 weeks….but it’s so hard to not let myself feel like I’m undesirable. I suck at being vulnerable and explaining my feelings to him bc he’s the first partner I’ve had that hasn’t used my pain against me to control me…so of course I internalize a lot…idk what I’m hoping for here…solidarity maybe? Or comfort that it gets better? How do I get my mojo back bc right now…I don’t got it at all.",2025-10-07T12:53:48,https://www.reddit.com/r/Miscarriage/comments/1o0dyhz/receiving_the_gold_medal_in_mental_olympics_after/,,miscarriage,miscarriage_related_posts.csv,d23164c49dc5858c4b309de3f0aa87a9553ab3370843ea8b902fd48851f684f9,7.0,6.0,support for someone who miscarried,False,new,miscarriage
1nsdenf,miscarriage,Pains after D&C,"Almost a week after my D&C but I’ve had this pulling pain around my ovaries and pressure too. When I mentioned it to my doctor she said that all people heal differently so it could be normal for me. But it’s starting to affect me because I have to sit down or lay down after a while bc it hurts to stand. I have a follow up Wednesday so I’m sure they’ll look me over but I wanted to know if this is a normal pain others have felt. My bleeding has stopped, waiting for it to start up again.",2025-09-28T02:49:57,https://www.reddit.com/r/Miscarriage/comments/1nsdenf/pains_after_dc/,,miscarriage,miscarriage_related_posts.csv,681760679241bfc37722b95e43c3b6a3ea59a1e2cdeb53b7bd9bf9c8d38e9bd8,1.0,4.0,experience: D&C,False,new,miscarriage
1nm6cu9,miscarriage,What I wish I knew (w/recurrent miscarriages) - APS,"I have struggled with infertility and recurrent miscarriages for 7 years now. I had 2 surgeries to address the infertility aspect (to remove stage 3 endometriosis and a polyp at the entrance of my uterus), after that I still had miscarriages. 

I put a lot of pressure on my doctors throughout these last 7 years to test for any addition issues, especially blood clotting issues. My obgyn and fertility specialist both order a bunch of test multiple times and never found anything. 

But then I randomly went to the ophthalmologist because I was having some vision issues and she did a bunch of tests and realized that I had slow blood flow to my eyes. 

So she ordered a bunch of lab tests and one of those test was for Antiphospholipid syndrome or APS, which I had never heard of before. It’s an autoimmune blood clotting disorder. Sure enough I have it and when I read more about it, it said that it can cause miscarriages. I believe this is what caused all of my miscarriages.

I just wish someone had told me about this condition after crying and pleading with so many doctors to help me find answers. 

So i’m just posting this here because I wish I would’ve had this information earlier in my fertility journey and I don’t want others to have to go through what I did and not have answers.

Hope this is helpful!",2025-09-20T18:54:30,https://www.reddit.com/r/Miscarriage/comments/1nm6cu9/what_i_wish_i_knew_wrecurrent_miscarriages_aps/,,miscarriage,miscarriage_related_posts.csv,a9c54558eb1b43493abc343a14dde9f7f2176a641d476a69c0d09ce89fc5319f,21.0,10.0,experience: more than one loss,False,new,miscarriage
1njpsxq,miscarriage,mmc but bleeding,"I found out last week that I’ve had a silent miscarriage and in the process of waiting for all my testing and referrals to come back, I started spotting this past Monday. I tried to get in for an MVA tomorrow but they never called me back and it seems unlikely they have any appointments. The next day they have clinic is Monday next week. 
In your experience how long after spotting started did you pass the miscarriage naturally? I really didn’t want to do this at home but it seems I won’t have a choice. ",2025-09-17T21:26:43,https://www.reddit.com/r/Miscarriage/comments/1njpsxq/mmc_but_bleeding/,,miscarriage,miscarriage_related_posts.csv,c6df138fff21169e9a558a81940908f9ff413614a30af3f7a0ba33f0c3e102c8,1.0,4.0,question/need help,False,new,miscarriage
1o0kdu5,miscarriage,Waiting Game: Blighted Ovum?,"Not sure if I belong to this sub yet, but I feel very strongly that something is wrong and need to hear from people who have been in similar situations. I know that in a miscarriage sub, I'm largely going to get negative experiences, but I need realism to balance out my doctor's supposed optimism right now.

I had a 5 week HCG blood test that measured ~2000.

I had my first ultrasound at 7+2 (based on LMP) last Tuesday: empty gestational sac measuring 5 weeks. The tech brought up needing to adjust the date and also blighted ovum. I'm extremely regular with 25-28 day cycles and had a positive 10 dpo. I'm rescheduled for a second ultrasound this Friday (10 days later).

My own mother had a history of miscarriages so I talked to her. She found it weird that they hadn't scheduled me for blood tests to monitor my HCG levels. So I called in yesterday at 8+1 to request tesing.

The first nurse I spoke to was sympathetic. I explained that, if Friday was bad news, I'd like make a quick, informed decision about whether I'd want to miscarry naturally (if levels are decreasing) or request medical intervention for quicker resolution (if levels are steady/increasing). I was able to get blood testing same-day. I also verbally confirmed that I'd come in again on Wednesday for a second one.

Cut to today, Tuesday. Another nurse calls me with results. I have ~16,000 HCG at 8+1. She says to keep my appointment Friday. I asked to confirm the second blood test on Wednesday. She responded by saying that my doctor ""didn't even know why I requested testing"" as I'm clearly ""still pregnant"". I explained my concerns, especially about how my symptoms have evaporated. She said ""that doesn't have anything to do with anything"". So no second test on Wednesday. 

Why does it feel like I'm being brushed off? Am I being too pushy as a would-be FTM? What standard of care do you all expect/receive in the first trimester? 

Other things to note: I've been spotting brown every day since Thursday last week. Symptoms were nausea, food aversions, breast tenderness, fatigue. They've lessened. Breast tenderness is pretty much gone.

Update: Confirmed nonviable.",2025-10-07T16:57:10,https://www.reddit.com/r/Miscarriage/comments/1o0kdu5/waiting_game_blighted_ovum/,,miscarriage,miscarriage_related_posts.csv,9a5e6a9df5252122e1330ee66b5a45cda1791d65928094d7d2706ae9cc43fbae,2.0,14.0,introduction post,False,new,miscarriage
1nok1aj,miscarriage,18w Loss,"18w today and went in to have my OB check a few things because I had some very minor spotting over the weekend. I wasn’t concerned because baby was super active all day yesterday. But she had no heartbeat today, and no indication anything was wrong. Placenta, cervix, measurements all looked normal. I had high, doubling betas (IVF pregnancy), great 7w and NT scans, she always had a great HB at every appointment, and the NIPT came back low risk. 

Now we’re trying to decide whether to deliver or have a D&C. I have no idea what to do. 

I am completely blindsided and devastated. When you go through infertility and IVF, you’re kind of always waiting for the other shoe to drop, but I wasn’t anticipating this. ",2025-09-23T15:11:50,https://www.reddit.com/r/Miscarriage/comments/1nok1aj/18w_loss/,,miscarriage,miscarriage_related_posts.csv,47c3ffe86a3d436d4705b0479808ae91960ca5ed4cbe6e95b913bc8349e1569b,30.0,27.0,support for someone who miscarried,False,new,miscarriage
1o0si4w,miscarriage,"Just venting, why do MMC’s take SO LONG","Just a vent. 

Last week, OB measures “something” in my gestational sac at 5w6d when I’m supposed to be 7w6d. Cool (sarcasm), measuring behind and probably losing this pregnancy. HCG drops from 21K to 20K in 48 hours… cool.

Go to MFM clinic today for an ultrasound, empty sac. Did my sac just absorb whatever my OB saw? Maybe. But there’s no way it’s viable. 

The kicker? MFM won’t call it a miscarriage yet because they didn’t scan me the first time around, now I have to wait until this Monday (another week!!!) to do a follow up scan for confirmation with them. Basically two weeks of madness and ongoing nausea and pregnancy symptoms. 

I just want to move on with my life and enjoy coffee again 🥲 ",2025-10-07T21:53:16,https://www.reddit.com/r/Miscarriage/comments/1o0si4w/just_venting_why_do_mmcs_take_so_long/,,miscarriage,miscarriage_related_posts.csv,5c4f0cfddfdd30cedac234e190533533767c933b90b9af014e5d76ec28f2e153,6.0,11.0,vent,False,new,miscarriage
1nz1st5,miscarriage,Due date approaching,"I lost my first pregnancy at 6.5 weeks. This experience rocked my world; I was the happiest I’ve ever been for the short time I was pregnant. We are doing IVF because we are a queer couple, so to finally see a fertility treatment work felt like a miracle. We knew our baby was a girl and were able to see our embryo expand right before she was transferred to my uterus. 

The due date for my baby is coming up in December, and I’m having trouble coping with the fact that I’m not pregnant again yet-not to replace my first baby, of course, but to be moving forward toward my dream of becoming a parent. I have had a bad case of endometritis (either caused my miscarriage or was caused by the miscarriage… it’s so gutting to never know) and may not be able to try again until after my due date. 

How do others cope with their due dates? I feel so much pressure to honor my baby in some way, but also don’t know how to do her justice. I feel like it’s this loaded, looming date that’s staring me down now that I’m less than 2 months out. 

I’d love to hear how others cope with their due dates and find healthy relationships with them. And yes, I am in therapy for this but it would be helpful to hear from people with lived experiences in this. ",2025-10-05T22:14:20,https://www.reddit.com/r/Miscarriage/comments/1nz1st5/due_date_approaching/,,miscarriage,miscarriage_related_posts.csv,2a79326ac6d4e8b5daa281c2648d5c8f88a37f253a67d14b7841d8b4f7102d3c,4.0,9.0,coping,False,new,miscarriage
1nxr83m,miscarriage,First miscarriage & feeling it all,"[MINOR TRIGGER WARNING: mild description of blood loss] 

I guess I just need to word vomit somewhere. I don’t have a lot of support around me, other than my husband and it’s made the last 24/48 hours really challenging. 

I was 6 weeks pregnant and started spotting Friday morning. We had the first dating scan the Monday prior and for the first time in a while felt secure in the pregnancy (anxiety of course).  In the afternoon the spotting became more red, and so I headed to my local hospital which had a specialised pregnancy assessment unit. Long story short, HCG levels were in range and told it could be nothing, it’s too early to tell. 

Of course, 5 hours later I started bleeding heavy. I just kept feeling like I wet my pants. There was so much blood, and clots. I kept bleeding through pads and of course went back to the assessment unit. This resulted in me bleeding on and through everything. Every time I stood up more clots just fell out on the floor and I ended up with a D & C. 

It’s been hours since I left the hospital from observations and I don’t feel out-of-body so much but I can still feel the feeling of a blood clot or tissue falling out. 

This was my first and unexpected pregnancy. A month prior I didn’t even want to have a kid but once we found out I was so excited to be a mum and I feel like I’ve wasted the past 6 or so weeks. I told everyone like an idiot because we were so excited. 

I don’t know if I could ever go through this again but I really wanted to be a mum. 

Thanks for reading if you made it this far. I just needed to feel like someone hears me and gets it x ",2025-10-04T11:14:02,https://www.reddit.com/r/Miscarriage/comments/1nxr83m/first_miscarriage_feeling_it_all/,,miscarriage,miscarriage_related_posts.csv,7e1ebed6e90570b01da24f765da07aeb6a7655aaa986143f4f8878eb7e840934,10.0,2.0,experience: first MC,False,new,miscarriage
1npxchy,miscarriage,Terrible periods since miscarriage,"Hi all!
I had a miscarriage late May. I was 5, nearly 6 weeks pregnant.
My first period after that was seemingly ok, like all my previous periods.
However, my last 3 periods since have not been good!
Not so much painful, but severe nausea, diarrhoea, dizziness, just generally feeling really flat and also really anxious.
My periods before were not like this at all!
I also feel sick around ovulation too!
Has anyone else experienced this? Please tell me it gets better and my hormones just need to balance 😭",2025-09-25T04:20:53,https://www.reddit.com/r/Miscarriage/comments/1npxchy/terrible_periods_since_miscarriage/,,miscarriage,miscarriage_related_posts.csv,9b65322834e5cabc54b2c290a657cbff23939582cc7bc5c4a42bafcbcd9bae79,3.0,2.0,experience: first MC,False,new,miscarriage
1nkuh74,miscarriage,If you could talk to yourself right after your miscarriage — what would you say?,"I work in a genetic laboratory in Poland, where we support women after miscarriage - from genetic testing of the miscarriage tissue to parental tests like karyotyping, KIR/HLA-C or thrombophilia.  
We talk with women just days after their loss… and months later, when they’re ready to try again.

What I hear over and over is how one kind sentence can stay with them and make the pain feel a little lighter.

💛 If you could go back and talk to yourself right after your loss - what words would you say?  
What gave you hope, or helped you breathe again when it all felt impossible?

Maybe someone who’s hurting right now will read your words… and feel a little less alone. 💛",2025-09-19T04:52:38,https://www.reddit.com/r/Miscarriage/comments/1nkuh74/if_you_could_talk_to_yourself_right_after_your/,,miscarriage,miscarriage_related_posts.csv,341609030b1f8c8a2e87886278faa5b821122c338443c5ab348c0e51fe313946,28.0,40.0,information gathering,False,new,miscarriage
1nzru3s,miscarriage,Bleeding at 13dpo despite good line progression; following a chemical,"I had a chemical pregnancy at about 5 weeks two months ago after seeing no line progression after 11 dpo. Last month we decided to take a break to let everything heal and we tried again this month and were able to get pregnant again. I got my first positive at around 9dpo, super faint line, and it has continued to progress so well.  This morning I had very strong lines so I'm super surprised that I'm experiencing some bleeding and light cramping. Is this the beginning of another CP? Any advice/experience?",2025-10-06T18:55:12,https://www.reddit.com/r/Miscarriage/comments/1nzru3s/bleeding_at_13dpo_despite_good_line_progression/,,miscarriage,miscarriage_related_posts.csv,b905af0c42e4eae9f4899285da88b17fd0dc419ea61af6c3f481d5b55519ce6b,1.0,2.0,experience: more than one loss,False,new,miscarriage
1ob020s,miscarriage,How long did it take for your period to come back?,"I had a miscarriage at 5w1d on Sep 22. Not sure if that’s considered a chemical pregnancy or not. Bleeding finally stopped the following week on Sep 28.

I know it hasn’t been a full month yet, but I’m getting antsy waiting for my period to come back. I’ve heard it can take 4-6 weeks but I’ve heard for some people it came earlier or way later. Just wanna know some of y’all’s experiences please to help ease my nerves.

We did have sex a few times a week after I stopped bleeding, and so I’m feeling really nervous that I did the wrong thing?? Idk. I know my anxiety doesn’t make sense.",2025-10-19T20:22:49,https://www.reddit.com/r/Miscarriage/comments/1ob020s/how_long_did_it_take_for_your_period_to_come_back/,,miscarriage,miscarriage_related_posts.csv,3f2b881f3b2772bb21ca710c78278afe46a87564d31bf52214ecc63789892ab2,4.0,32.0,experience: first MC,False,new,miscarriage
1nsds3g,miscarriage,MTHFR gene mutation / Ashermans syndrome,"Hi, everyone! I’m looking for some insight and just support. I’m 26 years old and started trying to conceive last year when I was 25. I got pregnant in July and was so excited! I went to my first appointment, but found out I was having a missed miscarriage at about 11 weeks. I waited a few weeks to see if the process would start on its own, which it did not. So, I opted for a d&c because I wanted the process over and behind me. The healing process wasn’t bad at all and I actually got my period exactly a month after the procedure, along with ovulation. So, we started trying again shortly after and I have had 3 more early miscarriages in Feb, May, and August. I’ve had tons of testing done & found out I have the MTHFR gene mutation along with intrauterine adhesions, indicative of asherman’s syndrome. I can’t help but blame myself for opting for a d&c and causing myself so much more issues. Is this probably what it is from?I know I will have to have them removed before proceeding with treatment. They haven’t told me whether or not they’re severe or not. I was supposed to start IVF before the end of the year so it just feels like a huge bump in the road. A baby just feels so far away. Is there anyone who has similar experience or know what my timeline will look like now? Thank you to anyone who has any insight. Sending love to all 🥰🫶🏻",2025-09-28T03:09:46,https://www.reddit.com/r/Miscarriage/comments/1nsds3g/mthfr_gene_mutation_ashermans_syndrome/,,miscarriage,miscarriage_related_posts.csv,5b32bf66fac8956da8c9763addb4ead68418e1c0a172157cc18487c272918038,1.0,2.0,experience: more than one loss,False,new,miscarriage
1o2h3op,miscarriage,Am I just wrong about how much my body has changed?,"In May, I underwent a D&C after a miscarriage at 7w. It was incredibly stressful not just because it is already hard, but also because it was two weeks before my wedding. I felt like my body was totally out of control. My proportions changed so dramatically that my wedding dress didn’t fit. 

It’s now five months later and I still feel like my body is not my own. My boobs are always tender. I bloat at the drop of a hat, and my stomach sticks out so much. I never used to carry so much weight in my midsection. I also struggle so hard to lose weight, I feel like it’s impossible to shift a single pound. I can’t understand why - my periods have resumed and I had no further complications. I feel like I’m using this as an excuse, but it all feels so different now.

Has anyone felt like this?
",2025-10-09T20:35:26,https://www.reddit.com/r/Miscarriage/comments/1o2h3op/am_i_just_wrong_about_how_much_my_body_has_changed/,,miscarriage,miscarriage_related_posts.csv,edfe91d277fa485fbb3f1c55af454d4b3b83ade0c997256be63f904d936f88be,6.0,4.0,experience: D&C,False,new,miscarriage
1nqbs7a,miscarriage,Experiencing second miscarriage :(,"My husband and I lost our first pregnancy at 7w6d at the end of June. It was quite sad but my doctor said we had pretty good chances of things working out next time as we got pregnant really fast (2 months of trying) and my body flushed everything out on it's own. There also didn't seem to be anything I was doing wrong, diagnosis was a chromosomal abnormality.

I had a positive test Sat Sept 20 after feeling nauseous and tested again the 22nd to confirm. I feel the need to say now that I'm very pro-vaccine. I got the new covid vaccine on the morning of 24th and had a pretty strong immuno response with violent diarrhea in the afternoon/evening and a low fever of 100.4. Worried about the fever I took a Tylenol, worried about getting too dehydrated I tried to drink a lot of water. Slept for like 9hrs after not eating very much. 

This morning, I woke up to cramps similar to when I miscarried and fresh blood. It's so hard to be a woman trying to decipher want kind of stress your specific body can handle. Feeling sad and frustrated. ",2025-09-25T16:42:58,https://www.reddit.com/r/Miscarriage/comments/1nqbs7a/experiencing_second_miscarriage/,,miscarriage,miscarriage_related_posts.csv,fde28e72770b6cfd22ff9edd082bc364dfd251d9adbab00c2a80f9b2d07d9210,5.0,5.0,experience: natural MC,False,new,miscarriage
1nx727e,miscarriage,3-4 weeks,"Hello, I'm wondering if anyone has experienced a miscarriage 3-4 weeks along? My hcg suggests that im 3 weeks then it dropped almost in half within 48 hours, I haven't passed or had strong pains yet so I'm wondering if maybe it won't be as painful as being further along??",2025-10-03T18:26:05,https://www.reddit.com/r/Miscarriage/comments/1nx727e/34_weeks/,,miscarriage,miscarriage_related_posts.csv,71767502fb0e2276ce076d2fe03a4bd51cc8c9ce90db9d0254f3e65f71b0dc03,2.0,1.0,experience: first MC,False,new,miscarriage
1nz4t7y,miscarriage,I feel like miscarriage terminology puts the blame on women,"I recently experienced my first pregnancy loss. I was just shy of 13 weeks when I found out the baby didn’t have a heartbeat anymore (NIPT and scans had indicated likely T13 or T18). I’ve been struggling with the way I talk about my miscarriage because a lot of the language around losing a pregnancy feels like it puts the blame on me.

Saying “I had a miscarriage” or “we lost the baby” just feels so blame-y, like something was my fault. Saying “the baby died” which is how I talk about it to myself and with my husband and OB feels jarring to say to someone else. I am curious how you talk about your miscarriage, specifically what you say to other people in conversation when telling them what happened?

I’m seeing a few people over the next few weeks who I’m not super close with but did know I was pregnant so I’ve been thinking about how to talk about it considering it will be obvious I am very clearly not pregnant now.",2025-10-06T00:30:16,https://www.reddit.com/r/Miscarriage/comments/1nz4t7y/i_feel_like_miscarriage_terminology_puts_the/,,miscarriage,miscarriage_related_posts.csv,0ddaef69c7143cec9926793a25830e89d0da47f538e18483e8623b10eaf5424f,66.0,30.0,question/need help,False,new,miscarriage
1nmmi9d,miscarriage,Fairly certain my 2nd miscarriage in 3 months is starting.,"Everything was going so well then i just had a gut feeling something was up 2 days ago. I’m 6 weeks 3 days now. Started spotting that afternoon. It is still coming and going and very light, very different to my first loss in June. Had some dark red, some light pink and brown. I wouldn’t be as concerned if my symptoms weren’t also starting to taper off and my HCG didn’t quite double in 5 days. So i’m pretty sure it’s going to happen. More bloods booked tomorrow morning and a scan hopefully tomorrow afternoon to confirm. 

For any other mamas who have been through two or more losses, what was it that finally got a baby to stick? So far all my bloods have been fine, nothing to worry about. My husband will get testing done now so we can rule that out. I also have a feeling it’s progesterone related so my midwife wants to set up monitoring for my next cycle when we start trying again. 

Feeling pretty helpless and frankly, shit right now. Why again. ",2025-09-21T08:24:09,https://www.reddit.com/r/Miscarriage/comments/1nmmi9d/fairly_certain_my_2nd_miscarriage_in_3_months_is/,,miscarriage,miscarriage_related_posts.csv,4403b0b1f304e842d35bedb3d8ecfe01a301619b2256d3efd7f194c4acb37029,5.0,16.0,information gathering,False,new,miscarriage
1o6sj52,miscarriage,9 weeks and totally blind sided.,"1st pregnancy ever, figured out I was pregnant at 4 weeks went in for my 8 week super strong heart beat, everything was going textbook perfect. Went in for my 14 week appointment, Dr said there’s no heartbeat and the baby had stopped developing at 9 weeks. I haven’t had any spotting or cramping, at most a bit of darker discharge which I thought was normal. I was a mess when I got home. Why was I still having all the pregnancy symptoms. Dr said it wasn’t my fault but I feel like I failed my partner, he’s going to be such an amazing dad and I just wanted to be able to have him be one. Dr said I could let it pass naturally, which may take a month, go get the pill or the procedure. I’m not sure what I’m looking for from this post I’m still just so shocked, nothing felt or seemed wrong, how is there just nothing there anymore?",2025-10-14T21:34:12,https://www.reddit.com/r/Miscarriage/comments/1o6sj52/9_weeks_and_totally_blind_sided/,,miscarriage,miscarriage_related_posts.csv,c2bce21ea58e72e0fda670d766905f79a624f4225e2b4c0d1549f3b6b2fcb4c4,25.0,10.0,experience: first MC,False,new,miscarriage
1oazysz,miscarriage,My boobs hurt so so bad.,"Last week I had my 2nd miscarriage in 8 months. It’s been rough. This time round, I’ve had such sore and painful boobs, especially my left one. Is this normal? I just want to wallow in self pity and be sad I don’t want to worry about other health stuff.",2025-10-19T20:19:21,https://www.reddit.com/r/Miscarriage/comments/1oazysz/my_boobs_hurt_so_so_bad/,,miscarriage,miscarriage_related_posts.csv,d36e732db1eb86405c94e23f271a79f3d5a1b26e906942bb1270f37b674fa3a9,2.0,1.0,experience: more than one loss,False,new,miscarriage
1o70a33,miscarriage,Miscarriage,"Hey I’m curious about if everyone miscarriage is different? So i found out i was pregnant August 18th and my bleeding started September 1st I had a miscarriage September 8th but I bleed for a whole week and after the miscarriage I stopped 4 days but prior to the miscarriage I didn’t have have cramps just light cramps, medium bleeding somewhat like a period and the day of it started I went straight to urgent care they couldn’t do much so they sent me to the er I got my blood done and ultrasound it was too early to tell but I was supposedly wasn’t confirmed 5 weeks pregnant and when I found out I was probably 3 to 4 weeks in and my HCG came out good it was rising they told me to follow up with my gynecologist and to get a obgyn appointment I did my gynecologist gave me a lab order my number had gone higher it was close to 2,323 I was so excited grateful knowing my baby was okay I had my days of crying praying my baby would continue to grow and it be no problem after I got the results I asked my gynecologist for blood work again and the ultrasound she did she wanted me to get it done that Friday or Monday I decided Monday so my results are better but Sunday at 10 something I went to eat with my brother I was idk if it was the cold I messed up in going to the restaurant in shorts and a long shorts but I felt I was bleeding I was getting a little stronger cramps it was cramps I was able to handle not that strong I didn’t like the feeling so I went to the bathroom to check I seen a big blood clot I called my boyfriend to let him know what was happening I was crying I knew in that moment it was not normal after we left I told my boyfriend Monday morning I was gonna get the ultrasound done to see what was going on but around 11 close to 12 I got even strong cramps cramps like my regular period it was a come and go feeling I told him I was gonna shower to see if it was gonna calm down and if it didn’t I needed to go to the ER while I showered my cramps got more bad so i ended going to the ER around 12 something or maybe before that I can’t remember the took 30 mins to triage me 30 mins after to do blood work which showed I was still pregnant my HCG was 3,065 after the results they took 30 more mins to give me my results I only found out cause I got notification from the app it calmed me down then it took another 30 mins for the nurse to tell me my results. And informed me that they were still waiting on a room for me but like I said it was a come and go it stopped for a few until I got keep in mind also they took forever to put me in a room I got a room till 3 something am I got into a room and it was really cold that when my cramps were starting again my cramps came in I felt bleeding more and 30 mines after my boyfriend told a nurse I was cramping when I was gonna get my ultrasound they disregard his request practically telling him they have several more urgent patients I was crying wanting a response when I got out of bed telling my boyfriend I was the urge to pee he showed me to the bathroom since he had gone to the bathroom there I go in pull my shorts down and there I saw my sack I automatically bursted out crying knowing I found out on my own I had a miscarriage. My boyfriend then called the nurse telling him I had a feeling I miscarried after 10 mins someone came to get me in a wheel chair to get the ultrasound done she did the exam I was crying cause I saw no point in doing it since I miscarried I felt so helpless I felt vulnerable as soon as the tech took out the stick to do a vaginal ultrasound I started crying more I seen the amount of blood I had on it and when I got out of the bed I dropped a blood clot they took me back to the room and the nurse took probably 15 mins or less to ask why do I feel I miscarried I really didn’t wanna talk I just pulled my shorts and showed her my pad and she saw my sack that’s why she told me of the results that the sack was no longer there that I had a miscarriage I was over it I couldn’t the hospital experience was terrible when I seen the doctor he came into my room while I was getting triaged to let me know I had a balance if I wanted to pay I straight up said no twice and he left I never wanna go back to that hospital I left the hospital at 5 close to 6am after we left i couldn’t stop crying I felt sad , numb, felt like it was my fault, embarrassed I blamed myself i blamed god i blamed my mom family members that had passed cause they didn’t protect me from it happening I still do. The next couple of days it was just me crying I was not able to sleep that more but my boyfriend forced me in not a bad way to sleep cause we hadn’t gotten any sleep but I just couldn’t sleep I kept crying, my head felt it wanted to explode but at the end I did end up sleeping. But I honestly didn’t wanna eat I had no appetite I was in no mood but my boyfriend made me eat something small which now thinking about it I appreciate it he gave me some what of a push sorry it’s too long but I just wanted to tell my story and rant. I’m 1 month after the miscarriage I’ve gotten alittle better but I still have my moments I wish I still had my baby growing ",2025-10-15T03:21:45,https://www.reddit.com/r/Miscarriage/comments/1o70a33/miscarriage/,,miscarriage,miscarriage_related_posts.csv,445b3b5f64fcd921a05b4e817116d56a33deb8758a17ec7dafd3de4f586b4b3e,1.0,0.0,trigger warning: graphic description,False,new,miscarriage
1o948au,miscarriage,2 weeks since my D&C - no bleeding…is this normal?,"Went for my 8 week US and baby stopped growing at 6 weeks!! 

I’ve had hardly any bleeding since my D&C - I’ve been wearing panty liners and don’t really need them. I’ve lost some brownish blood. The first couple days after procedure there was spotting. 

I was expecting some heavy bleeding, kinda shocked to not have any pain or bleeding. I really want to try again but feel like it’s too soon I’m still get positive HCG, no signs of ovulation.

Has anyone experienced this, when did you ovulate after a D&C. I want to be pregnant again. The wait is so hard 🥺 TIA",2025-10-17T15:21:00,https://www.reddit.com/r/Miscarriage/comments/1o948au/2_weeks_since_my_dc_no_bleedingis_this_normal/,,miscarriage,miscarriage_related_posts.csv,82786fb08e7731fdcab7df1e4fade4acd0dce3d6adb4596ad4c54a0a780ca4f3,2.0,6.0,experience: D&C,False,new,miscarriage
1nnktem,miscarriage,Uterine Adhesions / Asherman Syndrome,"I'm technically in limbo awaiting my second US to confirm that I'm having my second consecutive  miscarriage (though my HCG tests and first US basically confirmed it). 

On my ultrasound, my husband and I thought it looked like I have a uterine adhesion. My OB didn't mention anything about it and I haven't talked to her since. I'm going to bring it up with her when I talk to her next.  

Anyone here diagnosed with adhesion/Asherman syndrome? How were you diagnosed? Did you treat them before trying again? 

*Question is cross-posted. ",2025-09-22T12:14:57,https://www.reddit.com/r/Miscarriage/comments/1nnktem/uterine_adhesions_asherman_syndrome/,,miscarriage,miscarriage_related_posts.csv,d22e8d411e37374c2c13579bf2ad1ad8caeb3c9231bc50d37a74a4b2844e2c7c,1.0,7.0,question/need help,False,new,miscarriage
1o0aw52,miscarriage,Help!,"So I’ve posted so much but everyone has been so helpful and I want to thank you all. I just want to know if anyone experienced anything similar like I need answers!

I had my second miscarriage this year in August, I was given misoprostol to help move it along, not everything was out a week later so I was given 4 more doses of misoprostol. In the end I ended up having a d&c because I had a blood clot stuck in my cervix. It’s been almost 2 months since the miscarriage started & believe it or not I’m still in excruciating pain! I’ve been in the ER so many times and no doctor can figure out what’s going on they just send me home with pain killers. Today I went to another hospital 30 minutes away from me in hopes that maybe someone can figure out why I’m still in so much pain (even my family doctor doesn’t know she has wants to order me a ct scan but the waitlist is 3 months long) the doctor at this ER accused me of being a drug addict! I said “no I just want to figure out what’s wrong with me. Why am I still in so much pain?” I swear I don’t even ask for pain killers they just give it to me as a fix but it’s a temporary fix & it ain’t fixing anything! But because these other drs give me pain killers it’s on the record and he told me I’m going to get flagged! I swear I’ve never asked for pain killers I just want to figure out why I’m still in so much pain! Is there something else wrong? Then in the same breath he tells me he can give me a shot of hydro morphine after accusing me of being a drug Addict. I’m so mad and hurt because that’s not what I want I want to know what’s going on! Has anyone experienced pain almost 2 months later?!! I’m so lost I just want to move on but how can I when I’m reminded daily of my miscarriage? ",2025-10-07T10:22:13,https://www.reddit.com/r/Miscarriage/comments/1o0aw52/help/,,miscarriage,miscarriage_related_posts.csv,0c68be15f0149b8e0446eb9b0474192c500db89380db697d69045c6c2879b273,1.0,1.0,vent,False,new,miscarriage
1nqm3vm,miscarriage,Horrible stomach pain after miscarriage,I was almost 6 weeks but started miscarrying yesterday afternoon. Im not bleeding heavy anymore but my stomach is in intense pain. It feels like somebody is squeezing it and twisting it. Is this pain normal? I've had 2 other miscarriages and didn't feel stomach pain this bad in either of them. ,2025-09-25T23:33:44,https://www.reddit.com/r/Miscarriage/comments/1nqm3vm/horrible_stomach_pain_after_miscarriage/,,miscarriage,miscarriage_related_posts.csv,8ebfa599265105569ade51293e1ad7515d19fcc57fa32bd6e504e2ca4ce1e330,1.0,4.0,experience: more than one loss,False,new,miscarriage
1nwy5o7,miscarriage,Second period after miscarriage very late - did this happen to anyone else?,"Hi everyone,

I'm just looking to see if anyone else has had a similar experience. Before my miscarriage, my cycles were very regular - about 30 days long, only ever varying by a day either side. After my miscarriage, my first period came exactly 30 days later and seemed pretty normal.

However, now I’m on cycle day 42 and there’s still no sign of my second period. I’ve never had a cycle this long before, and it’s thrown me off.

For some additional context - I did have complications after my miscarriage including RPOC and an infection. I also underwent both a D&C and took misoprostal tablets. So part of me is wondering if my body is just still recovering from all of that.

This cycle I used the Clearblue Advanced Digital Ovulation Predictor Kit as we’re trying to conceive again and got a static smiley on CD15. I also strongly felt my usual ovulation symptoms around that time, but I’m not tracking basal body temperature, so I know I can’t confirm ovulation for sure.

Has anyone else had a similar pattern - a fairly normal first period after miscarriage, followed by a second one that’s significantly delayed? Especially after complications like RPOC or infection? I'd really appreciate hearing from anyone who’s been through something similar. It helps to feel less alone in all of this.

Thanks so much 💛",2025-10-03T12:46:43,https://www.reddit.com/r/Miscarriage/comments/1nwy5o7/second_period_after_miscarriage_very_late_did/,,miscarriage,miscarriage_related_posts.csv,64a8e23a44157fa2af434b5d048f2d5ebd3fe95976ff2f9d3fb630156325fc3e,2.0,8.0,question/need help,False,new,miscarriage
1nwbr6l,miscarriage,still grieving after 5 months,"I should be around 28 weeks. But I miscarried at 9 weeks. We went for an ultrasound and found that the baby had stopped growing at 6 weeks. 

On Mother’s day, I started spotting. 1 week later, they were gone. 

I thought I was okay now. But I’ve been thinking of the baby I lost lately, and now I’m feeling all over the place again. 

On Tuesday, we received formula samples in the mail. 

And on the first day of infant/pregnancy loss awareness month, I got my period. 

This has all just feels like a cruel joke. 

Did I mention I also manage the lactation room and the new baby gifts for my work?",2025-10-02T18:26:44,https://www.reddit.com/r/Miscarriage/comments/1nwbr6l/still_grieving_after_5_months/,,miscarriage,miscarriage_related_posts.csv,7a59d9080a12564566f8a84169b4ab3151ee6ed0d5dbca5a936275b44c611216,5.0,2.0,experience: first MC,False,new,miscarriage
1obcww1,miscarriage,Ttc first cycle after miscarriage,"Hello, after ttc for about 10 months my first pregnancy ended in a mc in the beginning of septmeber aftet week 6+? 2 weeks prior our wedding. I was super sad but managed to focus on the upcoming wedding, was super sad after the celebration again but felt like i was doing ok after taking some time off and being away with my husband on our honeymoon. We ttc right away but didnt want to put too much pressure on ourselves so didnt use ovu-tests, only had sex regularly during our vacation. Cervical mucus indicated ovulation around october 6. Now - 14 days later - my body feels just like last time when i was pregnant including waking up at 5:30 with heart beatimg faster than usual, intensivied sense of smell, getting warm/cold and super sensitive breast. Except for the breasts these symptoms never occured during pms for me. Nonetheless tests are negativ. Am i getting crazy? Its so hard feeling pregnant and getting the tests back negative. Is it just wishful thinking that makes me feel pregnant again or how come i cant trust my body anymore? Any chance tests will turn out positiv in a few days? Or should i get used to not recognizing my symptoms for a few cycles till everything normalized again? ",2025-10-20T06:44:54,https://www.reddit.com/r/Miscarriage/comments/1obcww1/ttc_first_cycle_after_miscarriage/,,miscarriage,miscarriage_related_posts.csv,1290f8894593a978fdf5798ef1de6bfc8af4c1bf99119fa239f38752583928df,1.0,1.0,question/need help,False,new,miscarriage
1nwm6no,miscarriage,General anesthesia for a d&e ?,"i just found out today at a routine appointment that baby’s heart stopped beating and stopped growing at 15 weeks 5 days, when i should be at 17 weeks now. 

I am devastated and also terrified of what will happen next. I got sent home from radiology and they said my doctor would call me with next steps after viewing the whole ultrasound report. 

I am really scared of the d&e or d&c procedures. I don’t know if that is the route my doctor will want to go, or if i will be induced and give birth. 

If the call is a D&E , can i request to be put under? I was reading how some patients are completely put under with general anesthesia, but some are just given the epidural or local anesthesia where they are loopy but still awake. I do not want to be awake at all for this. I already have a terrible time with having my cervix examined and dealing with gynecological procedures (i have terrible phobia of the doctors touching me).  

Has anyone been put out/under completely unconscious for a D&E? Can i ask to do this? 

I am so scared and so shocked that the baby is no longer living. One month ago he/she had a strong heartbeat, all my bloodwork was normal. I am so shocked and i am so scared. ",2025-10-03T01:33:53,https://www.reddit.com/r/Miscarriage/comments/1nwm6no/general_anesthesia_for_a_de/,,miscarriage,miscarriage_related_posts.csv,8ede05c2e7cd0148abe37626e3c52611dd6864ba00475e090662756ab715b97b,7.0,31.0,experience: first MC,False,new,miscarriage
1nkl2f4,miscarriage,Symptoms After Chemical Pregnancy,"I just went through my first chemical pregnancy, and am finishing my period. My period symptoms were a little worse than normal, but unlike my period, I am still having a lot of these symptoms, post bleeding. I have been experiencing a lot of lower back pain, cramping, and vaginal pain, even though my period has stopped. Has anyone else who has gone through a chemical pregnancy had similar symptoms? If so, when did the subside? I have an appointment scheduled with my OB next week, but just hoping to get some advice the in meantime ",2025-09-18T21:33:06,https://www.reddit.com/r/Miscarriage/comments/1nkl2f4/symptoms_after_chemical_pregnancy/,,miscarriage,miscarriage_related_posts.csv,62ac03d5516956c791605e862ea1f38c28409f660e8c1a828d31798c891f0658,1.0,1.0,experience: first MC,False,new,miscarriage
1nn7bnf,miscarriage,Still having positive tests.,"I was 7w5d when I was told there was no heartbeat and had my D&C 2 days later making me 8 weeks if it counts. My d&c was on September 5th. It is now September 21st and I still have a faint positive on my pregnancy test (not early detection) and my ovulation test is still positive, however both are not as bright as when I was still pregnant. I was thinking they would be negative by now. I’m supposed to start a new cycle of letrozole again next week, however I don’t want to take the provera to induce my period if the pregnancy tests are still positive. Is this normal? ",2025-09-21T23:44:35,https://www.reddit.com/r/Miscarriage/comments/1nn7bnf/still_having_positive_tests/,,miscarriage,miscarriage_related_posts.csv,8b5835438c4a5c11ef2ff6c53d04fd42bc4dedc5a5674ef6f47d85a4ef5733b7,2.0,5.0,experience: first MC,False,new,miscarriage
1o8ab21,miscarriage,OBYGN started talking IVF after first miscarriage,"Hello everyone, I need advice since i am feeling lost. I had a missed miscarriage at 9weeks, end of May. 
After that i have done several tests which showed that i need to be medicated for my Hashimoto for which i wasn’t during or before pregnancy since my TSH was below 2 but after the miscarriage it got way above and second that i have the MTHFR mutation, so i am now put on aspirin.

My partner did a basic sperm analysts test in which all the parameters are in normal range but the sperm morphology is 6%, whereas normal border is above 4%. 
From all of this my gynecologist is mostly concerned about my partner’s sperm quality and instead of encouraging us to TTC naturally since we haven’t tried after the miscarriage, he started talking about how IVF would give us better chances, especially since we are both 33.

I am really confused why he thinks this is better than first trying naturally and wondering if anyone else got similar advice from their practitioner. 

Thank you",2025-10-16T16:08:40,https://www.reddit.com/r/Miscarriage/comments/1o8ab21/obygn_started_talking_ivf_after_first_miscarriage/,,miscarriage,miscarriage_related_posts.csv,3099f0a2c783cf10d7d43ba693b9d9682cca8927d71592fc48c38dcb16b268db,4.0,2.0,question/need help,False,new,miscarriage
1nmoj5z,miscarriage,When am I going to start bleeding? ( chemical pregnancy),"I got my very first positive pregnancy test, after 1 year and 7 months of trying and 2 fibroid removal surgeries, on 9/10 which was 13 dpo. I know 13 dpo was a little late, so I was apprehensive yet excited. The HCG test strips were progressing very slowly then at 21 dpo HCG strips started getting lighter and today the hCG is a squinter of a shadow. How long do I have to wait before I start to pass the pregnancy? I’m just tired and I want to get this over with so that we can try again. ",2025-09-21T10:30:27,https://www.reddit.com/r/Miscarriage/comments/1nmoj5z/when_am_i_going_to_start_bleeding_chemical/,,miscarriage,miscarriage_related_posts.csv,8449a32db0155e4f355e3a9787da789384f324f5b3851a708b0aadc66185a4cc,3.0,2.0,question/need help,False,new,miscarriage
1nkawia,miscarriage,How long to test negative after miscarriage?,No heartbeat found on 11W scan and showed baby stopped progressing at 7W1D. It’s been 3 weeks since the miscarriage started and I’m still producing a very strong positive at home pregnancy test. How long does it usually take to test negative?,2025-09-18T15:10:09,https://www.reddit.com/r/Miscarriage/comments/1nkawia/how_long_to_test_negative_after_miscarriage/,,miscarriage,miscarriage_related_posts.csv,1469aa745c7a78cd9b2b032c7139838515302b8a19baacb9f6e915f9ac7f80b3,1.0,6.0,experience: first MC,False,new,miscarriage
1o22ab6,miscarriage,I don’t know how to heal,"I had a MMC back in May after seeing the heartbeat on a scan and then three days later another scan showed no growth and that the heartbeat had stopped. I opted for the pill as my body was not passing naturally and then I did end up experiencing ‘retained products’. 

I get really bad periods anyway and my miscarriage was so like my periods that now for a week every month I feel like I’m reliving my miscarriage. I don’t know what to do and how to get past this. My partner and I have agreed we don’t want to try again until after we get married in May and I’m so worried I won’t feel well enough by then. ",2025-10-09T10:26:15,https://www.reddit.com/r/Miscarriage/comments/1o22ab6/i_dont_know_how_to_heal/,,miscarriage,miscarriage_related_posts.csv,7c50e3aef1e61e664521c63a23e09d4bcf6a183a40bfbcc6adb6e3500801a7fd,3.0,2.0,vent,False,new,miscarriage
1nxn99e,miscarriage,"Miscarriage, chemical or am I still pregnant",Hello everyone recently I seen very fainted positives on my test and was even 2-3 days late for my period but then all a sudden I woke up from a nap on the 3rd? Day or so of being late to horrible cramps then started bleeding but it was just light and pinkish with a mix of red and dark blood when I wiped .. and tiny blood clots idk what I should do but before this I did take a blood test at the doctors to confirm if I was pregnant or not I’m just stressing out right now I can’t tell a thing .,2025-10-04T07:07:27,https://www.reddit.com/r/Miscarriage/comments/1nxn99e/miscarriage_chemical_or_am_i_still_pregnant/,,miscarriage,miscarriage_related_posts.csv,d30a2788dfb24981e0c711d35e2cfc3ec4887dea4f0a4215c1c4a6c0a9270b62,1.0,2.0,introduction post,False,new,miscarriage
1o9xn82,miscarriage,14dpo no period and bfn,"I had a miscarriage September i ovulatated on 3rd October. Me and my husbands ttc on 2nd October and 5th October. 
Currently 18th October no period and neg on hcg strip. Dont wanna get my hopes up and dont wanna waste money. Where is my period? or is my hcg levels just super low rn? I cant find anything to help me

TIA ",2025-10-18T14:42:50,https://www.reddit.com/r/Miscarriage/comments/1o9xn82/14dpo_no_period_and_bfn/,,miscarriage,miscarriage_related_posts.csv,eabf650635739e035be5dfaec7e1a854e7c5aca941ce45f2ecb5db6496f08e26,1.0,5.0,experience: first MC,False,new,miscarriage
1nzggen,miscarriage,Strange fluttery feelings ‘down there’,"I had a miscarriage between 5-6 weeks 10 days ago. I’ve since completely stopped bleeding, but since my miscarriage I’ve felt this flutteriness or tightness in my vagina. It’s not painful but not comfortable either, quite difficult to describe. Has anyone experienced this perhaps? Does it go away? Am I able to have intercourse or should this be avoided?

Edit: to add, I’ve had a natural miscarriage ",2025-10-06T11:29:45,https://www.reddit.com/r/Miscarriage/comments/1nzggen/strange_fluttery_feelings_down_there/,,miscarriage,miscarriage_related_posts.csv,7edc393ce85cc41c426e3270302f20900ad2aaba99c8bef0e60fb7380cf019a1,4.0,2.0,trigger warning: graphic description,False,new,miscarriage
1oasbo6,miscarriage,Friend found out she’s pregnant at the same time as my miscarriage,"Title says it all. My friend, who knows what I’m going through, texted me yesterday asking how much coffee I drank when I was pregnant the first time and commented on her sister in law’s caffeine intake while pregnant. I know she’s been trying to get pregnant for about 8-9 months so I asked her if she’s pregnant and she said yes. She said she found out last weekend, the same time I was finding out that I was having a miscarriage. 

Does the universe really need to be this cruel? Could she not have gotten pregnant a month ago or a month from now? No, it has to be at the same time that I’m losing my baby. 

I’m also having a hard time not being completely angry with her as I feel like she was asking me a leading question that was really insensitive to my situation. I’ve already told her I’ve been blaming myself and questioning everything I did, including drinking too much coffee. ",2025-10-19T15:21:26,https://www.reddit.com/r/Miscarriage/comments/1oasbo6/friend_found_out_shes_pregnant_at_the_same_time/,,miscarriage,miscarriage_related_posts.csv,8043bb7b2d0706e1f43e2a83688335e635a705da64b8f70b9b52994a432129ee,17.0,6.0,vent,False,new,miscarriage
1nnwj78,miscarriage,My Experience with Misoprostol,"Hi,

If you’re reading this, just know you aren’t alone. You will get through this, you will heal, and you will be okay. 

Wanted to jump in here and share my experience with Misoprostol as it did not align with most stories I read online.

I had slow rising betas from the start and knew this one wouldn’t stick. I started to experience coffee ground like discharge, brown and spotty. I scheduled an ultrasound to be checked, but the morning of I had some very intense cramping. Immediately jumped into bed with my heating pad and yelled into a pillow with each cramp/contraction. They lasted maybe 45 minutes start to finish. I then went to my ultrasound appointment and 7w from my LMP, the gestational sac and fetal pole measured 6w1d.

Not only this, but the sac had moved from my uterus to my cervix (it was in my uterus measuring small the week before). I decided to take 800mcg of misoprostol vaginally that afternoon at 3:30. I read SO many horror stories and had myself worked up a bit. Took 800mg Motrin every 6-8 hours and stayed close to my heating pad. 

Woke up at 11pm somewhat crampy thinking it was just beginning, only to fall back asleep. I started to spot red the next morning, but very little. 24 hours from my first dose my OB advised I do the second dose of 800mcg, so I did. 

Inserted the second dose, laid for 30 minutes on my side waiting for the worst, but it never happened. I continued lightly spotting red and on the third day in the morning, I passed one clot maybe the size of a silver dollar. 

I was sure it wasn’t working. Where was all the blood? The cramping? I’d convinced myself I would need a D&C at this point.

6 days from the second dose I had a follow up ultrasound and sure enough, I had passed the sac. I’m still so surprised by the lack of side effects I encountered. I know this is NOT everyone’s experience, but I wanted to share mine in case somebody else found themselves in the same boat. 

I’m open to any questions if you have them. ",2025-09-22T19:46:54,https://www.reddit.com/r/Miscarriage/comments/1nnwj78/my_experience_with_misoprostol/,,miscarriage,miscarriage_related_posts.csv,8792772d0d93105493d2cc453a10fee5fa37772bcc89104583052c187942b8dd,4.0,0.0,experience: medicated MC,False,new,miscarriage
1o1xetv,miscarriage,D&C: what to expect?,"I woke up today to blood everywhere, full on crime scene. I rushed to the ER and was told that my water had broke and that a miscarriage is inevitable, after crying and weighing my options I decided to go with a D&C over being induced, does anyone have any experience with a D&C? I wanna know what to expect tomorrow ",2025-10-09T05:08:00,https://www.reddit.com/r/Miscarriage/comments/1o1xetv/dc_what_to_expect/,,miscarriage,miscarriage_related_posts.csv,0208386958032d6e8610511beef310daf96bafce71e7120e3ae16644b7a8256e,4.0,2.0,experience: first MC,False,new,miscarriage
1o3dsic,miscarriage,"I'm a psychiatrist, and like you all, have had a miscarriage.","I’m a psychiatrist with special interest in infertility, miscarriage and pregnancy loss.  Like you, I too suffered a miscarriage.   I was stunned by its potent psychological impact on me.  

We need to bring this more out into the open. Since my miscarriage,  I have written articles, both  to help others,  and also to help break **society's silence** **about miscarriage**.  I want people to understand its serious emotional impact on the mother (and often the father)  . I want to guide people to the too-few articles in the  **press and to the non-fiction and fiction books** about miscarriage, **to see and empathize with what it is really  like.** 

I also write on **how family and friends can best support someone** who has experienced this loss.  They don't really know how. 

We can all help in different ways when, in our journey,  we are ready: :  by supporting  each other and by also  helping educate the public,  who don't understand. .

",2025-10-10T21:35:55,https://www.reddit.com/r/Miscarriage/comments/1o3dsic/im_a_psychiatrist_and_like_you_all_have_had_a/,,miscarriage,miscarriage_related_posts.csv,d2752ff556310cdfaccb1de1769138ad0381f5ae398221f7e2f275b550eefafa,185.0,50.0,introduction post,False,new,miscarriage
1np4iol,miscarriage,I have a lot of resentment towards my spouse and life,I have so much going on. This last year has been rough. I lost my grandmother. I lost my job. I was unemployed for 8 months. Then I got a job about 100 miles away I travel to on the daily. My husband lost his job. He was able to find one pretty quickly. Things start looking up just a tiny bit. We have been trying to buy a home closer to work and ttc. I have a chemical pregnancy. I’ve been putting my body through a lot. And I don’t want to ttc until we can move. We’ve put offers on two homes and both owned by greedy investors who refuse to negotiate. I work so damn hard. My husband works so damn hard. We just can’t fucking get there. I just want a family. I’m tired. I’m angry. How is it everyone else seems to have the life that I want? Everyone else’s husband able to support their families? ,2025-09-24T06:01:35,https://www.reddit.com/r/Miscarriage/comments/1np4iol/i_have_a_lot_of_resentment_towards_my_spouse_and/,,miscarriage,miscarriage_related_posts.csv,c6b350b51546d3acd06c9af73702626b9b0e00f962856ee0d0cec0b62b1b4d3d,5.0,3.0,vent,False,new,miscarriage
1nvpa7a,miscarriage,How can someone send you a photo of their ultrasound letting you know they’ve conceived after you just told them you had miscarried 😭😭😭,"Currently crying at my desk at work, while another of my friends is pregnant three of them in the space of a month, after I’ve suffered my second miscarriage, I feel like I can’t breathe anymore with this news and I feel like it is a slap after I told them I had miscarried 😭😭🥺 ",2025-10-02T00:25:03,https://www.reddit.com/r/Miscarriage/comments/1nvpa7a/how_can_someone_send_you_a_photo_of_their/,,miscarriage,miscarriage_related_posts.csv,dbacf90105adeaa1f871927f4d22774703dd407957957fcf4c5095c09bf01249,47.0,40.0,vent,False,new,miscarriage
1nyi0vj,miscarriage,"“When one has too great a dread of what is impending, one feels some relief when the trouble has come”","When I got pregnant (in July) after my first miscarriage (in April) I was very anxious I’d miscarry again. To the point that when I actually miscarried, it was a bit like ‘I knew it! At least now, I can stop worrying every single time I go to the bathroom and wipe”. Don’t get me wrong, I was devastated; but I was also relieved I could stop worrying and just be sad, without the worry. I cried a lot; but at least I wasn’t checking my toilet paper like crazy every single time.

Has this ever happened to somebody else?

I can’t stop thinking of this quote by Joseph Joubert I heard in a podcast.

How have you found happiness with a positive pregnancy test after miscarriage? ",2025-10-05T07:40:54,https://www.reddit.com/r/Miscarriage/comments/1nyi0vj/when_one_has_too_great_a_dread_of_what_is/,,miscarriage,miscarriage_related_posts.csv,fe70bc32384dea05b94f6a4c1407e6019a4c30c852fa6aeef551e2529fb823e5,18.0,6.0,coping,False,new,miscarriage
1nukbg3,miscarriage,UK London - where to book fastest D&C?,"I went through a fertility clinic, so not GP, 8w. I'm based in SW London. I called up MSI Reproductive Choices but it's quite a process and can take 1-2 weeks to get a D&C appointment. Is there any place in London where I can get a D&C as quickly as possible on the NHS?",2025-09-30T18:00:08,https://www.reddit.com/r/Miscarriage/comments/1nukbg3/uk_london_where_to_book_fastest_dc/,,miscarriage,miscarriage_related_posts.csv,8243f8c3965869fef1651eed20d3c3d84fea8c60987163ab101aea69460713d6,1.0,3.0,question/need help,False,new,miscarriage
1nv8aps,miscarriage,8 weeks post D&C rant - spotting and still positive,"I was hoping to be one of the ladies that got pregnant right after a miscarriage but here I am still testing positive even after my period (or what I think was). I’ve had about 8 HCG draws now and while it’s trending down it’s exhaustingly slow. My starting number was 103,000. 

Today my HCG was at 83 (it was 92 one week ago) but according to the in office pregnancy test I’m “negative”. I came home and took an easy at home and am still getting a faint line. Not sure what they consider negative. 

I’m frustrated that my doctor had no answers for me and dismissed my spotting. I asked if there’s any chance of RPOC and she said “no, because you had a D&C!” I just looked at her in disbelief because of all of the stories in here about needing a repeat surgery. I don’t know why she won’t just do an ultrasound to check. I’m going to be so angry if I find out that’s the case because I’ve been patiently waiting this whole time thinking everything was fine. When I found out of was miscarrying the only thing keeping me positive was the fact we could TTC right away. It feels like my body is failing me. 

Do I get a second opinion? With how slow it’s dropping I feel like this could take 3 more months!",2025-10-01T13:31:51,https://www.reddit.com/r/Miscarriage/comments/1nv8aps/8_weeks_post_dc_rant_spotting_and_still_positive/,,miscarriage,miscarriage_related_posts.csv,6a021fd545d870f0d96fd5f3ddb8da59ba6b597eb1bb7e7f0c3648658e83cf74,1.0,4.0,experience: first MC,False,new,miscarriage
1no3y1f,miscarriage,Advice Needed: 6w twins d&c or miso,"Went in at 8w for my first US and discovered I was pregnant with twins but they were only measuring 6w (.34 in size) and no heartbeats. Went back in today (what would have been 9w) and still no heartbeats so confirmed miscarriage. I’ve had zero spotting or bleeding and am trying to decide which route to go: misoprostol or a d&c. 

This is my first pregnancy and Im heartbroken. I’m really worried about the pain and trauma of going through a miscarriage at home with the pills especially with two pregnancies but I’m not sure if a d&c at 6w is the right decision. Does anyone have any experience with either option with twins, especially at the 6w mark? Thank you in advance I’m really stressed and appreciate any advice. ",2025-09-23T01:02:15,https://www.reddit.com/r/Miscarriage/comments/1no3y1f/advice_needed_6w_twins_dc_or_miso/,,miscarriage,miscarriage_related_posts.csv,39b12caa22e9306e5d5dc61610738763bd890dd6b8c304ded6eb007ef987d7da,2.0,6.0,experience: first MC,False,new,miscarriage
1np1bbp,miscarriage,Relationship,"Does anyone else feel like their relationship isn’t the same after miscarriage? 

💔🥺",2025-09-24T03:02:14,https://www.reddit.com/r/Miscarriage/comments/1np1bbp/relationship/,,miscarriage,miscarriage_related_posts.csv,766d78e96ccde40971a7fe905d583ab3cc72c76519254ebdd5077dc31bc79b42,1.0,4.0,information gathering,False,new,miscarriage
1nzj29v,miscarriage,waiting,"Currently in the waiting room for my D&C.. 
only slightly nervous but extremely emotional. 
The wait is more nerve wracking than the procedure for me :( ",2025-10-06T13:28:10,https://www.reddit.com/r/Miscarriage/comments/1nzj29v/waiting/,,miscarriage,miscarriage_related_posts.csv,1d9160291f003eb9650ff2a862ee02f04d72fffff0653cc5573ff96e66b9b620,9.0,4.0,experience: D&C,False,new,miscarriage
1oa50l3,miscarriage,Did I start my period right after miscarriage bleeding?,"Hi friends. I miscarried three weeks ago at 16 weeks. At my stage in pregnancy I know bleeding can a bit longer than if it was first trimester. However, at my last OB appointment last week, my bleeding was tapering off. Mostly brown and light. Now it’s bright red, heavier than before (the same amount as a regular period), and has been going on over the last week. How can I tell if this still from my miscarriage or is it my regular menstruation now?",2025-10-18T19:33:18,https://www.reddit.com/r/Miscarriage/comments/1oa50l3/did_i_start_my_period_right_after_miscarriage/,,miscarriage,miscarriage_related_posts.csv,1f7cf8fcad7d0b69ba4c13786651ef278baecf6fdbb272babcf2776cb9a1258c,2.0,1.0,question/need help,False,new,miscarriage
1o0txpi,miscarriage,First US and was told no cardiac activity,"Absolutely devastated but I want to still be hopeful. Today I had my first US. According to my LMP I would be 8 wks and 5 days. Knew something was wrong bc the tech never played heart tones. Dr came in and said no heart beat at this point means missed miscarriage. I’ve had no symptoms whatsoever. No bleeding, cramping, discharge, etc. Per the measurements I’m at CRL 2.11 mm and YS of .67. That would estimate somewhere around 5.5-6ish wks where a heart beat is not always present. I know I didn’t conceive until after 8/14 and was ovulating around the 8/20 and could have conceived then too. It sounds like I’m reaching but has this happened to anyone else where they jump to miscarriage when it’s too early to tell ",2025-10-07T22:51:43,https://www.reddit.com/r/Miscarriage/comments/1o0txpi/first_us_and_was_told_no_cardiac_activity/,,miscarriage,miscarriage_related_posts.csv,0e5f3b6e26f0765648fb65d257448bb8fc28b28990fdda5ebf0536356f5dcfe2,3.0,6.0,experience: first MC,False,new,miscarriage
1o74s04,miscarriage,Frustration with doctor's lack of communication,"I need some advice here. Trying to see if communication with my doctor is normal or not.

Early last month, I had a natural miscarriage. Bled at work, panicked, went to ER two days in a row until I got the official unfortunate news. I ended up having to follow up with an OB so I could make sure I was okay such as ultrasound and HCG testing to make sure it went the way it's supposed to. Was advised to abstain from any intercourse, even with a condom until he says so and to wait a cycle before trying to conceive. Also said we would do weekly bloodwork to make sure HCG goes ""negative"". Not sure you can have less HCG than zero but fine, maybe that's his term.

 Had an ultrasound during the bleeding process and blood work the same day. HCG was 79.It took six business days for him to call me so I didn't do any blood work in-between. That's after calling the sort-of onboarding nurse for when you first become pregnant and she schedules you with whoever and after messages to the doctor. I had even asked the nurse if I could switch to someone else and was told since my care started with him, it's more thorough to stick with him until the end of the whole miscarriage business. Doctor did call back, said I'm not negative yet, and put in scripts for another set of blood work and another ultrasound. He apologized for the long wait and said he would definitely contact me sooner once he gets the results next time. 

I did the lab work and ultrasound as soon as I was able to with my work schedule. HCG is 1 and I'm hoping that's low enough. Ultrasound is complete and has some technical jargon that I would like him to hopefully say is okay after my first future period. But I don't know for sure. Because it's been seven business days and I had sent a message on Friday. I'm really used to my endocrinologist, who replies to my thyroid level tests the night of. I know that's not realistic so I do give time but.  Should I really be waiting a week and a half after pestering the doctor every time I want to hear from them? Or is this a normal length of time and I'm just impatient? I don't think so because why would he say blood work weekly and then skip half of them because he's not putting in the script until I ask him to?  All my info is in the charts. Surely, some other OB could look at my results in the network and finally tell me something. It's been slow getting a libido back but it is and waiting for doctor's orders to do anything is also frustrating. I also did an ovulation test at home and it was positive on the 2nd. 

TLDR: OB I was set up with for the miscarriage only tells me about my blood work and ultrasound stuff six or more business days later even if if I bug him a lot. Want to know if that's normal to wait a week and a half or more.",2025-10-15T07:45:09,https://www.reddit.com/r/Miscarriage/comments/1o74s04/frustration_with_doctors_lack_of_communication/,,miscarriage,miscarriage_related_posts.csv,7c235c9a2a90b4ece7249e0f557ea305e1a531b13befd2fe7b2e17e980179ddb,2.0,6.0,question/need help,False,new,miscarriage
1nph472,miscarriage,How long did recovery after D&C take?,"Miscarried on 9/10 at 10 weeks 3 days. After 2 rounds of misoprostol, there is still vascular tissue left and I was told I need a D&C. They scheduled it for next week, 10/2. I’m supposed to travel out of the country on 10/5. My doctor can’t do it sooner because she’s on vacation until then, and my trip can’t be rescheduled because I am attending & presenting at a conference with my university. I can’t miss it, it’s basically my life’s work. 

Is 3 days enough of a recovery to fly 9 hours and spend the next week on my feet? 

How long did your recovery take? What was it like? Could you socialize normally and spend a lot of time on your feet a few days after? ",2025-09-24T16:40:03,https://www.reddit.com/r/Miscarriage/comments/1nph472/how_long_did_recovery_after_dc_take/,,miscarriage,miscarriage_related_posts.csv,ddb6d0e3885afe736a680bed937951c893993cda895b3cc30fb668e55954b5cc,3.0,5.0,question/need help,False,new,miscarriage
1o2dbfg,miscarriage,How are we physically feeling after miscarriage?,"It’s been two weeks since the beginning of this hell I’m going through (when I found out about baby dying in me at my dating ultrasound), and a week exactly since my body recognized the loss and started the process of miscarriage. It finished on October 7. I thought mentally I would be feeling better but I feel it got worse.

Physically I am feeling better considering no pain and just bleeding now. I was in severe pain since last Thursday and didn’t leave the bed. 

But that said, I am now so physically tired. Not like first trimester fatigued, but just tired, like I’ve been hit by the truck 10 times in a row. I took a shower (yay) but couldn’t even stand there, had to sit on the floor the whole time. Now I need a week to recover from the shower activity :/ 

I know it might be related to mental health, I experienced depression before and I was physically tired. Is that it?

How are you all feeling? ",2025-10-09T18:10:09,https://www.reddit.com/r/Miscarriage/comments/1o2dbfg/how_are_we_physically_feeling_after_miscarriage/,,miscarriage,miscarriage_related_posts.csv,1d46a6b6ee831ef9c0723b2cba5c2cd8632107a705693e9065251c56c8e2954e,15.0,12.0,experience: first MC,False,new,miscarriage
1ntzrf8,miscarriage,How long before your miscarriage did your pregnancy symptoms disappear?,"I’m convinced my baby has passed. When did your pregnancy symptoms disappear?

Timeline of events:
Aug 23: positive pregnancy test
Aug 25: HCG 130
Aug 27: HCG 277
Sept 3: first transvaginal US nothing was seen except IUD
Sept 5: IUD removal; HCG 1,211
Sept 17: transvaginal US baby measuring 5 weeks with no heartbeat (I was at least 6 weeks at the time)
Sept 18: HCG 3,325; progesterone 5.85
Sept 19: started progesterone suppositories
Sept 27: I felt an overwhelming wave of sadness. I had to change my mental health meds due to the pregnancy so that could be the culprit. But I truly feel in my heart that something is wrong. 

From the morning of the 27th my pregnancy symptoms disappeared. My breasts don’t hurt anymore, I’m no longer fatigued, and my nausea is almost completely gone. I have another scan on Friday but I’m expecting bad news. I’m so stressed and anxious. If baby is gone I just want this to be over. The pregnancy was unexpected but not unwanted. I’ve suspected for a while that something was wrong. 

Hoping you ladies can give your insight. Thank you for reading my story


",2025-09-30T01:10:25,https://www.reddit.com/r/Miscarriage/comments/1ntzrf8/how_long_before_your_miscarriage_did_your/,,miscarriage,miscarriage_related_posts.csv,c9459872b22e13acdb35126fbbd1e8fe24e37f74b80a2aa5bf0b60af505765e8,1.0,6.0,question/need help,False,new,miscarriage
1o00db2,miscarriage,I need help making sense of it?,"   This past month I've had a lot of pregnancy symptoms that I had explained away because I was in denial. I was about to test to see if I was pregnant (hadn't missed a period yet, but had other symptoms especially morning sickness that made me suspicious). My ""period"" kicked in literally hours before I bought a pregnancy test. This period was not like others I've had. This one was super painful, brown, with HEAVY bleeding (soaking through multiple tampons per hour the first 3 days), and I was passing clumps of tissue not clots. 
   I was on vacation without my husband when this happened, and so when I came home I told him about my symptoms. He urged me to test and the first test came up a very faint positive line. After that all other tests have been negative. I'm fairly certain I miscarried. The first few days I felt horrible emotionally. My OB can't see me for another 3 weeks. So I won't know anything for certain until then.
    For my entire adult life I believed I was infertile because of family history and having PCOS. I made peace with never having a child. Now not only do I find out I can get pregnant but that I lost the pregnancy. It has been a lot to handle. My husband said he was glad I miscarried because we aren't ready for a child but that he's happy to know he can get me pregnant. My mom and sister have been equally relieved and unaffected by it. It makes me feel so alone. What are some ways that have helped you guys process this? I'm kind of devastated over this and conflicted. I know my major life event isn't important to others in the grand scheme, but jeez this is cold. ",2025-10-07T00:33:38,https://www.reddit.com/r/Miscarriage/comments/1o00db2/i_need_help_making_sense_of_it/,,miscarriage,miscarriage_related_posts.csv,11b2b45a5f0d960f336ed4d0d16f9d9b869b3e56f67757bf625fd9ae0eceddf8,1.0,2.0,experience: first MC,False,new,miscarriage
1nz5ogm,miscarriage,"I didn’t want to be pregnant, so why am I still feeling haunted?","Note: I don’t know if this is the right space for me to talk about this because I miscarried a pregnancy I didn’t want. If this isn’t the right space, hopefully someone can recommend a better subreddit. 
 
At the end of Spring last year, I found I was about 7-weeks pregnant (by my boyfriend, both of us at age 24). I had a lot of “classic” symptoms like swollen breasts, tightening clothes, and morning sickness. I also kept having dreams in which I was pregnant and/or a mother. Still, the pregnancy was a surprise because I had an IUD (my dr told me it was likely no longer effective because it was about to reach its expiration). A few *days* after I found out that I was pregnant, I started miscarrying. It was one of the most emotionally and physically excruciating series of days I’ve ever experienced. Almost a year and a half later, that experience and the “what-ifs” are still on my mind every day even though I would have gotten an abortion (which likely would have haunted me too, but in a different and more logical way). 

Has anyone else here had this experience? Only my boyfriend and best friend know, but I don’t want to keep talking about it to them (not because they don’t care or support me but because they just cannot understand what I’m feeling no matter how much they sympathise). I haven’t found anyone online talking about an experience like this, even in miscarriage-related spaces. My feelings are so complex and confusing and so very lonely. Why does it haunt me so much that I lost this pregnancy when I wouldn’t have stayed pregnant, if given the choice? If you’ve gone through this, what has helped you make sense of your feelings? ",2025-10-06T01:11:23,https://www.reddit.com/r/Miscarriage/comments/1nz5ogm/i_didnt_want_to_be_pregnant_so_why_am_i_still/,,miscarriage,miscarriage_related_posts.csv,2df70eba23745193862a8ae7adac4ccc7385f0a5db577ed83bb7e5035c1a04e3,8.0,9.0,support for someone who miscarried,False,new,miscarriage
1oba7iz,miscarriage,Miscarriage and no signs of pregnancy,"So my wife had a miscarriage at 30 weeks she showed no signs of previous this common?cause as of right now it's been a week and I can't help but wonder wtf happened,it hurts and while I do things in my own way I wanna now for my wife",2025-10-20T04:08:13,https://www.reddit.com/r/Miscarriage/comments/1oba7iz/miscarriage_and_no_signs_of_pregnancy/,,miscarriage,miscarriage_related_posts.csv,96e127b1a72d846f4d9a910d4a5d045968711f3102c20bdea88cfe29fcf99a24,1.0,1.0,introduction post,False,new,miscarriage
1nv8nen,miscarriage,How do I move on?,"I just had a natural miscarriage on Sunday after trying for almost a year. With PCOS, I’ve tried my best to get my body into shape and testing positive was the best news I’ve ever received. I spent two weeks excited and happy about what could be with our little grain of rice, only to be left devastated on Sunday. Since then I have no idea how to move forward. It feels like all my efforts were for nothing - what’s the point of trying so hard to be healthy and to be a mom only to miscarry before even completing 5 weeks? I’ve just been stuck to my sofa and I don’t know how to move forward or how to even start over. I’m just so drained and lost and alone.",2025-10-01T13:46:29,https://www.reddit.com/r/Miscarriage/comments/1nv8nen/how_do_i_move_on/,,miscarriage,miscarriage_related_posts.csv,1dd629640dd53eda65418d098a3ed747d237dc79779fd91f6016a785ad29d6eb,7.0,3.0,experience: first MC,False,new,miscarriage
1ntp176,miscarriage,She has her baby and I don't have mine,"My best friend and I were pregnant at the same time, just three weeks apart, me being behind, both first time moms. I had a D&C last Monday for a missed miscarriage at 6 weeks. Today she had her ultrasound where she got to finally see her baby. 

She handled it so gracefully and tactfully, but there's nothing she could have done to truly soften the blow. It's so, so painful. And I hate that a part of me wishes she didn't have that. Not because I want her to lose the baby, I love her and my nephew with all my heart, but a part of me wishes she didn't have the joy that was stolen from me. 

She had her moment of joy and I've been in a version of hell for weeks. And I'm so happy for her, but in so. Much. Pain. 

I want the relief of seeing my baby, I want the joy of seeing their face, the peace of knowing they're okay, but instead I'm here. Drowning in pain. 

The only thing that gives me comfort is the thought of trying again, of claiming back what was taken from me. And I'm so scared of finding out that it wasn't a fluke. 

I don't know what I'm looking for, with this post. I think I need a sense of community. We're in a really shitty club, at least maybe I can get something from the shared wisdom that that brings. ",2025-09-29T17:56:24,https://www.reddit.com/r/Miscarriage/comments/1ntp176/she_has_her_baby_and_i_dont_have_mine/,,miscarriage,miscarriage_related_posts.csv,91441fb6a627c968ef5cc025afb6e4ba11c510e88722350734a2644d3ca8ef44,62.0,21.0,trigger warning: other’s living child,False,new,miscarriage
1nr6zqt,miscarriage,Third miscarriage,"

Today it happened again. I once again went to the ob, concerned that something was wrong. Started the ultrasound and immediately saw there was no movement. This time I was 14 weeks, baby measured 13w2d. The first time I was nearly 11 weeks baby measured 8w. The ultrasound techs can't really say much but it was like deja vu. The worst feeling, again. The tearful drive home, again. 

After the first, we got a home fetal Doppler. I was using it again this pregnancy, and even though everyone says not to worry if you can't find the heartbeat, I'd found it every time I checked since 10w. This weekend I heard his little heart, but then checked again Wednesday after we learned it was a boy from the blood tests... And I couldn't find it. I tried not to panic. But I'm usually very patient and I can eventually find it. I tried multiple times Thursday, then today I tried again and decided to call the doctor. They kept asking if I had any symptoms and all I could say was I had a bad feeling. 

We were in the second trimester and thought we were okay. I was so nauseous the first trimester which they say is a good sign. We saw the genetic testing results and they looked good. I had started letting myself picture the baby this time. But I also didn't want to tell my work because I was scared something would go wrong. I kept international travel plans for when I would be 8 months and I thought I was being crazy because there was no way i could go, right? I constantly felt scared but everything I read kept saying another misscarriage was so unlikely. I was so far along already. I've been tested and found no problems. The baby had nipt testing that all came back negative. I let myself start picturing the future.... 

And now I just need to wait and for a d&c. I just wait with this dead baby inside me. I'm dreading having to get dressed in a few days and go to a hospital. I just want to crawl into a hole and don't disappear. 

I know it will eventually be okay. It was okay the last two times. But it was hard. It was dark. And I guess I will try again but I'm getting old. This pregnancy was hard. I'm just so sad. 

 ",2025-09-26T17:09:14,https://www.reddit.com/r/Miscarriage/comments/1nr6zqt/third_miscarriage/,,miscarriage,miscarriage_related_posts.csv,c6453237699c69daae4df62d9f9cba9afcb4391d325658d09c8ee376f2c9c103,34.0,11.0,experience: more than one loss,False,new,miscarriage
1nwqbe4,miscarriage,Natural Vs Medical MC - Informed Decision?,"Background: (you can skip this if you want) This is my first pregnancy and (well clearly would have to be) my first MC. We got pregnant our first cycle of trying. I would be 8w4d today and went in for my first ultrasound today with some concerns of some recently starting spotting that was worsening. We found no heartbeat and baby stopped growing at 5 weeks. I’d been tracking my hormones once a week using my Inito and everything was going well till week 6 when my progesterone and estrogen dropped. I got an HCG test and it was still raising, but OB said today HCG can take time to catch up to what’s actually happening. I already had a huge crash out at that point knowing I was gonna miscarry, but people were telling me not to lose hope. But I could already tell. I couldn’t “feel” my baby anymore and I feel like I’ve already half mourned this loss. 

Question: I’m currently in the process of natural miscarriage. I’m cramping pretty extreme, not bleeding too much, and experiencing some nausea. I want to know what medical MC is like. Is it manageable or is it just insanely intense? How long did it take? I’m unsure if it’s worth it if it’ll be even more traumatizing, but I also don’t know if I want to feel like this for 2 more weeks or longer… any stories are welcome. Honestly I’d rather make a well informed decision. ",2025-10-03T05:08:45,https://www.reddit.com/r/Miscarriage/comments/1nwqbe4/natural_vs_medical_mc_informed_decision/,,miscarriage,miscarriage_related_posts.csv,c3e2c36fcd3ee54b5d433b4a85fb80678e8948ed7f0947d9c13232a7c29fea89,2.0,14.0,experience: first MC,False,new,miscarriage
1nki7f0,miscarriage,HR professionals demeaning experience of miscarriage,"I posted in another community looking for support on how to approach a workplace issue around my miscarriage and am absolutely floored by the response from HR professionals completely demeaning the miscarriage experience. 

I was looking for feedback on how to handle my boss telling my team about my miscarriage. The conversation devolved into one where these “hr professionals”‘completely demeaned my experience and reinforced why I have chosen to be quiet about this experience. People really are horrible to people experiencing miscarriage. Being told I am being melodramatic or unwilling to listen to any response which doesn’t validate my emotions has been beyond shocking. The judgement on the grief experience ks exactly why so many women suffer with this in silence. ",2025-09-18T19:43:04,https://www.reddit.com/r/Miscarriage/comments/1nki7f0/hr_professionals_demeaning_experience_of/,,miscarriage,miscarriage_related_posts.csv,bc46981a987bc718c093091e2e9f69d1a831d267cb63f17ecdac4beb367cc551,15.0,6.0,vent,False,new,miscarriage
1nkpabf,miscarriage,Two weeks since it happened and still getting positive at-home tests,"I want to start this off by acknowledging that I may not be processing this grief and loss in a healthy fashion.

I (28F) had my  miscarriage at ~8wks on September 1st. I had a followup appointment with my OB on September 12th. My HCG dropped from 21,000 to 350ish. 

I have another appointment tomorrow morning to test my betas again. I was hoping that by taking this at-home tests it would come up as negative so I don't have to walk back in there and be reminded of what happened. 

The test still came back with a strong positive. I would assume that 7 days later my HCG would be at 0 or less than 5. 

How long before I can officially be done with this? ",2025-09-19T00:37:51,https://www.reddit.com/r/Miscarriage/comments/1nkpabf/two_weeks_since_it_happened_and_still_getting/,,miscarriage,miscarriage_related_posts.csv,c7feeea3ec54cc3e53782357ac25c72ea805f7bc2db09228c493552f0ae70293,2.0,10.0,experience: first MC,False,new,miscarriage
1nnapbe,miscarriage,My forget-me-not miracle flower,"Ive had three losses in a row now, a 10 week, 6 weeks and my third (a chemical) being just last week. Its been a brutal, heartbreaking journey. But I have a story of hope, a small miracle I want to share here. I had planted a whole patch of forget-me-not flowers (the symbol of  miscarriage) early this spring. I watered them every day, and nothing came up except clovers and foxtails. So I ended up forgetting about them and stopped watering them. August 2nd this year, the due date for the second baby I lost, I was feeling so alone and sad. I went outside and I couldn't believe it when I spotted a tiny patch of bright beautiful blue. Had not even looked over there for months. There it was, one single forget-me-not blooming on this day of grief. God saw me that day and knew that day was important to me, that flower was no coincidence. It's the only one, and it's blooming, TODAY. It was a miracle. God is taking care of our lost babies. ",2025-09-22T02:26:19,https://www.reddit.com/r/Miscarriage/comments/1nnapbe/my_forgetmenot_miracle_flower/,,miscarriage,miscarriage_related_posts.csv,e791aea6e86572a7636935f99502535075cbfec7b203f7acd6a18b03c950e664,43.0,3.0,support for someone who miscarried,False,new,miscarriage
1nwmcn8,miscarriage,First miscarriage,We’ve been TTC for 6 months and was about to go to a fertility clinic when I tested positive last week. I started bleeding today and went to the ER and my HCG was super low so I’m likely miscarrying. My MIL is coming tomorrow and has been very annoying about why we aren’t pregnant yet and tells us make baby tonight constantly. I don’t know how I’m going to deal with this since she is visiting for two weeks while also trying to process this. I don’t want to tell anyone what I’m going through so just wanted to vent here for some support. ,2025-10-03T01:42:06,https://www.reddit.com/r/Miscarriage/comments/1nwmcn8/first_miscarriage/,,miscarriage,miscarriage_related_posts.csv,7ad7562d0b848d26f1a84d655f42111b861d41e60d4bf58e03942d0f963df102,5.0,3.0,experience: first MC,False,new,miscarriage
1nov36p,miscarriage,Chemical Pregnancy,"On September 15 I took a pregnancy test , came back Postive VERY VERY faint. Tested again and did blood work Wednesday. Pregnancy test still very faint. Blood work came back 107. Then Wednesday or Thursday I can’t remember I started to bleed a bit like spotting barley enough to use a pad. Learnt I had a chemica pregnancy with followed up bloodwork. Monday I started to finally bleed heavy. Like this whole time I was confused on how I was having a miscarriage with little to no blood? 
But now it’s like a period. I’m changing pads frequently , bleeding with a normal to heavy flow nothing alarming.  I called my Dr on Monday to ask her if this is normal and she kinda jus brushed it off as it is. I had more questions but she quickly got me off the phone. My question is .. would this now be considered my “period”? 

Has anyone had a chemical pregnancy? Like I feel lost like there’s zero to no info about this at all and im tired  of aaking chat gpt ",2025-09-23T22:12:59,https://www.reddit.com/r/Miscarriage/comments/1nov36p/chemical_pregnancy/,,miscarriage,miscarriage_related_posts.csv,1bdeed4460b1144afd8fca78025847d3502e2d7b488dd65ff4613d1f516a313c,3.0,8.0,question/need help,False,new,miscarriage
1o90xm7,miscarriage,Bleeding after D&C,"I had a D&C for a missed miscarriage about 4 days ago and the bleeding was nothing more than spotting the first couple of days. Now it’s gotten much heavier. I’m not soaking a pad within an hour- more like within 2 or 3 hours but I am also mostly sitting or laying all day curled up with some pretty bad cramps. When I do get up to move around it all comes out pretty quick. When I go to the bathroom and wipe, it seems there is a ton on the tp and the toilet water literally turns red. I can sit there and watch blood drip into the toilet like a leaky faucet. Should I be concerned or is this pretty normal? I know the doctor told me to be concerned if I soak through a pad in an hour or less but it just seems like a lot of bleeding and cramping. My periods have always been light with minimum cramping so I feel like I have nothing to base it off of.",2025-10-17T13:11:37,https://www.reddit.com/r/Miscarriage/comments/1o90xm7/bleeding_after_dc/,,miscarriage,miscarriage_related_posts.csv,9a6b7fa3f082508464114bd3ae0b84a6a1c0834ae7d74f7748007f7a46652798,1.0,2.0,experience: D&C,False,new,miscarriage
1njkpi8,miscarriage,How to tell my friends I had a miscarriage when nobody knew we were pregnant?,I had my first miscarriage at 6 weeks in August 2025 and I'm struggling with how to even bring it up to our friends as nobody knew we were even trying to conceive let alone that we were pregnant. I've been really depressed for the last month. I know haven't been able to show up as a good friend to anyone and I can tell my friends are staring to distance themselves from us now. Does anyone have advice for how to bring up why we've been so distant as friends for the last month? Thank you for any advice you do have!!,2025-09-17T18:10:27,https://www.reddit.com/r/Miscarriage/comments/1njkpi8/how_to_tell_my_friends_i_had_a_miscarriage_when/,,miscarriage,miscarriage_related_posts.csv,b09e0152c0eb9461be564d04564b8e563be9759dca3a45a1e56f792ee6fd9f92,19.0,16.0,question/need help,False,new,miscarriage
1o6mcrl,miscarriage,Nervous for another miscarriage,"Hi all,

I just had my first pregnancy and miscarriage earlier this year.  My husband and I feel ready to start again. During my first pregnancy when I found out I was pregnant the first thing I thought was ""What if I miscarry,"" and since I ended up miscarring my anxiety for this upcoming pregnancy is even more. I find myself changing the wording from what if to ""when I miscarry,"" 

I am just wondering if I am alone in these thoughts. I want to try again but the fear is making my anxiety spiral. If I'm not alone what are some things you feel has helped you? ",2025-10-14T17:44:21,https://www.reddit.com/r/Miscarriage/comments/1o6mcrl/nervous_for_another_miscarriage/,,miscarriage,miscarriage_related_posts.csv,f85358e56d83ebbb8bf9038bb564e629fd62817196ceced2185aa9e74a707cf2,3.0,2.0,TTC,False,new,miscarriage
1o3tyiw,miscarriage,Pregnancy Loss,"I found out last Thursday I was pregnant.  (My first pregnancy) Monday I started bleeding, cramping really bad, and then passed a clot.  I had my husband take me to the emergency room immediately.  They worked me up and didn’t find anything alarming and just told me to have my HCG levels rechecked in 48-72 hours.  They also did a transvaginal ultrasound and normal ultrasound and told me they didn’t see anything in the uterus but it wasn’t uncommon as I was only about 4 weeks pregnant at this point.

So Thursday this week rolls around and I see my OB where they perform ANOTHER transvaginal ultrasound because they couldn’t see my results from the one in the ER because of some system issue.  So after the exam the ultrasound tech tells me “I’m so sorry I didn’t see anything” which although the ER told me wasn’t unusual, the way she said it just felt finite and I bawled my eyes out.  Then I had to go sit back in the lobby for 45 mins and wait to see the doctor.

So I see the doctor (I’ve never seen this doctor before this appointment) and she immediately is going over my ER results with me.  I was told in the ER I had a UTI and my glucose was elevated at 165.  (Im not diabetic, or so was never told I was) The OB immediately is telling me it doesn’t matter what I ate or drank that day, a single glucose reading of 165 automatically means I’m diabetic and I need to get that under control for the sake of the baby.  (I ate pizza before I went to the ER, I was stressed of course, and I had an infection which all affects blood glucose levels). She also told me I had high blood pressure (my pressures were running 120’s/80’s) but she said early pregnancy blood pressure should be low so I also need to get that under control for the baby.  I’m sitting there befuddled because I’m thinking I already had a miscarriage but she said no your HCG levels will tell us if you had a loss or not, the ultrasound doesn’t matter because you won’t see anything this early anyway. But yet they had to do another one that day??

So I’m sitting on the exam table confused, more stressed that she’s now diagnosing me with diabetes and telling me I need to check my sugar regularly and see a diabetes educator and now I have high blood pressure too.  So she sends me to get my labs done and says she’ll call me with results.  I wait around all day to not hear anything until the next day.  (I’m also a night shift worker so they just left a voicemail at 1:30 stating their office will be closed at 2pm that day but the doctor would like to have my levels checked again next Thursday because they’re on a downward trend).

I was able to see my labs in the patient portal and my A1C was 4.8 NORMAL and Glucose serum 85 NORMAL. It was irritating to me that she jumped to conclusions so quick.  And placed more stress on me.

I also had my HCG level rechecked which went from 829 in the ER to 131 which is sign of loss pretty much.  I wish I didn’t have to go through such a rollercoaster of emotions to get to where I am now.  I’m wondering if anyone has experienced anything similar.  I feel like I need to see a different OB at this point because I don’t think the ultrasound tech should have really said anything to me about not seeing anything and I feel like this OB is just out here diagnosing things without having all the information she needs.

It’s just so crazy to go from so happy and excited to absolutely devastated and to not have accurate information relayed to you about so many life changing things at once.",2025-10-11T12:07:48,https://www.reddit.com/r/Miscarriage/comments/1o3tyiw/pregnancy_loss/,,miscarriage,miscarriage_related_posts.csv,570a7c6a75623cef5598b70a162a7769491a2bfa3d402d96e9dac35d4da6b17c,1.0,1.0,vent,False,new,miscarriage
1o6edxs,miscarriage,Anyone experienced prolonged bleeding?,"My doctor confirmed my anembryonic pregnancy last week when I started bleeding on Tuesday at 8w3d. I've have moderate cramping and bleeding most days and one heavy day of severe contraction-like cramping and passing of clots and tissue Saturday. I was hoping that would be the worst of it but now I'm back to moderate cramping, bleeding, and still passing clots over a week later. I have chosen a natural miscarriage. Has anyone had this experience? How long did it take for everything to slow down and eventually stop? Sending everyone love and support while we go through these losses. 💕",2025-10-14T12:40:04,https://www.reddit.com/r/Miscarriage/comments/1o6edxs/anyone_experienced_prolonged_bleeding/,,miscarriage,miscarriage_related_posts.csv,220fe13420ef08b1f0044e1f317a82c34960d5c5a2c11b6565aa8ed402021153,3.0,1.0,question/need help,False,new,miscarriage
1nlozgv,miscarriage,Nothing feels the same afterwards,"There was no growth after 6 weeks and had a D&C last week. Nothing feels the same anymore. My husband and parents are being as supportive as they can and I am trying to return to normalcy too.

But all that I can think about is the fact that I am no longer pregnant, my baby left me and that uncertainty about the future. My work involves travelling so that complicates the TTC journey even more. It may be that my future ovulation dates clash with travel. I both want to be pregnant but don’t want to go through the waiting. Also if I do conceive again, the happiness of it is going to be masked by severe anxiety of numerous what ifs.

The biggest what if- What if I never conceive?! All I wanna do is shut myself in a dark room and cry and nit talk to anybody. That isn’t an option so I have to face the world (including people I wouldn’t see ever again if given the choice) and try and act normal. When I am literally dying from the inside.

I know my husband is hurting equally and want to support him through. But here I am, drowning in my own grief!

There is barely any physical pain, apart from mild bleeding and some cramping but the emotional pain is too much to take. Does it ever pass?",2025-09-20T04:41:34,https://www.reddit.com/r/Miscarriage/comments/1nlozgv/nothing_feels_the_same_afterwards/,,miscarriage,miscarriage_related_posts.csv,51e872014ec0554553f86a623239e40d63892eef8af4a555165e5315e93e608e,8.0,7.0,vent,False,new,miscarriage
1o5673f,miscarriage,My husbands leaving me and i’m having a miscarriage,"Pretty much what the title is, I found out I was pregnant on Sunday 28th September in the morning. My husband was already gone for work and I wasn’t entirely sure if the test would turn positive as i’m 9 months postpartum. 

That evening my husband told me he did not
love me and he no longer wants to be with me and he’s set in that decision. He only married me because he felt obligated to as I fell pregnant with our first child. I love him so I agreed to getting married but this was only In july we actually got married. 

So I think quite naturally I did not tell him I was pregnant as he also told me he didn’t want more kids with me (we’d originally planned for another two kids after our first) and if I wanted more kids “I needed to get them from someone else” 

The Tuesday september 30th I have been having serve cramping and bleeding and have been bleeding and in pain ever since. I haven’t mentioned anything because he has became incredibly cruel and mean towards me since deciding he no longer loves me but should I tell him? Would it change anything? I’ve also been pretty severely struggling with post partum depression and it only became heightened when he told me he didn’t want more kids with me, i’ve never wanted just one and he’s known this ever since we fell pregnant with our first. 

Any advice would be really appreciated as I have no idea what I should do in this situation 

Tia x ",2025-10-13T01:09:43,https://www.reddit.com/r/Miscarriage/comments/1o5673f/my_husbands_leaving_me_and_im_having_a_miscarriage/,,miscarriage,miscarriage_related_posts.csv,fbbe8385b3f068b836d412ef221e59e488f1d990ef0db50302dcf4e126a336f4,32.0,10.0,trigger warning: PLEASE EDIT TO ADD DESCRIPTION,False,new,miscarriage
1o9ew0m,miscarriage,Miscarriage followed by Ectopic Pregnancy,"Last year my husband (M36) & I (F30) were ready to start a family, all was well and our first attempt was successful. Although I've always imagined my life with kids, when I actually fell pregnant I was pleasantly surprised by my own reaction. I thought I'd be scared, worried and stressed out but in fact I felt ready and really excited for this next chapter in our lives. Sadly, upon our six week scan, the Dr informed us that there was no heartbeat. Further testing confirmed that the pregnancy stopped developing. We were devastated and I was especially heartbroken. After some time I accepted the situation, it was an unfortunate event that happened and there was nothing we could've done to prevent it. About 6 months later, we decided to give it another go. This time round, it wasn't so easy. 6 more months went by and finally we tested positive. I couldn't be happy or excited about it until I could see a heartbeat. Unfortunately, after some testing, my dr confirmed that I had an ectopic pregnancy. By that point I couldn't think about the pregnancy loss, I was terrified of possibly having surgery and of the risks that come with it. Thankfully, it was very early days and I was given a dose of methotrexate which stopped it developing. Now that I know that I'll physically be ok, mentally I'm struggling. I've dived into work to distract myself. My husband has been the best support but he will never fully understand what I've been/going through. I can talk about it casually as I've accepted the situation, but deep down I feel cursed. Our second attempt another failure. I can't even begin to think of trying again because I just think it will be a waste of time & money, and emotionally I can't handle another loss. I'm even considering giving up on the whole idea of motherhood because I can't go through this again. I'm not looking for sympathy or hope. I'm just wondering if anyone else has been through a similar situation.",2025-10-17T22:15:08,https://www.reddit.com/r/Miscarriage/comments/1o9ew0m/miscarriage_followed_by_ectopic_pregnancy/,,miscarriage,miscarriage_related_posts.csv,9286acc53800c2fed3eb221639ece8fdcf275ec8128e01b239b666f76746b94c,1.0,1.0,experience: more than one loss,False,new,miscarriage
1oabixg,miscarriage,"I think I'm currently miscarrying (first time, 6+ weeks along)","Bit of a disclaimer: I'm new to all of this and really not very informed about pregnancy/miscarriage, despite being 42yo. I have been reading more since finding out I was, but now that I believe I'm miscarrying, my education is having to shift to that. Would appreciate any words of wisdom from others who have also unfortunately experienced a very early first term miscarriage.

What has happened so far:
I had had a little spotting when my period was supposed to come 3 weeks ago, then nothing. I took a test just over a week ago which was positive. During this time, I've had lots of bloating and random pains, but am also currently dealing with kidney stones and a possible gastric ulcer (owwww). So lots of discomfort honestly.

Today, I started what seems very much like a period. As in, needing-a-pad type period, not just spotting. I'm guessing this is it?

I had only just made an appointment to see my family doctor next Wednesday, so I didn't even have an OB yet (they need a referral from family doc).

Is there anything I can ask my doctor to check to give clues as to what happened (like hormone levels or something)? I know there's probably no chance of really finding out, but was just curious if there might be something to look into for the next attempt. 

Thanks to anyone who's read this far, and I'm sorry we're all in this group 💜",2025-10-19T00:07:11,https://www.reddit.com/r/Miscarriage/comments/1oabixg/i_think_im_currently_miscarrying_first_time_6/,,miscarriage,miscarriage_related_posts.csv,7e705c0864e4d5107cc5582b6ebbbdb7ef736c1ec779f5d7af4ca3f48ed29adb,7.0,11.0,experience: first MC,False,new,miscarriage
1o47y73,miscarriage,Chemical Pregnancy loss,"I'm (28afab) in the middle of a very early miscarriage, 4w3d. We've been TTC for about 4 months now, and this was our first ""success."" I had two days of positive urine tests, and was supposed to go in for my blood test confirmation yesterday, Friday. Woke up so nauseous I ended up throwing up in the tub for about an hour. Well that's part of it, right? Called off work and crawled back into bed. We had to run some errands later that day and I was starting to feel some mild cramping, ended up noticing light pink spotting. Okay, still fine. But by the time we're at our final stop my husband whispered in my ear that there was a large bloodstain forming on my pants. I think its the closest I've ever felt to being verbally gut-punched. I called my mom and she came over to help me, but she'd never experienced a MC before. Nobody in my family has except my great-grandmother who passed when I was 12. I was expecting a more period-like situation, but this was SO MUCH incredibly bright red liquid blood and intense localized cramping. I'm used to brutal periods but this was like nothing I've ever felt. Every time i had to pee, which was often, it looked like I was pouring cranberry juice in the toilet, which would make me burst into furious tears all over again.
Spent the night in the ER and of course someone in the waiting room had their newborn. It felt so damn cruel to watch that while I was soaking through an overnight pad. Blood draw made me pass out, so everyone in the waiting room got to see me lay on the cool tile floor. An older lady called me melodramatic and said I was just trying to get seen quicker. It confirmed that my hcg was higher than average but wouldn't trigger a positive result anymore. Felt horrible about the nurse and bed getting all bloody when she performed the vaginal ultrasound, even though she told me she didnt care. 
I had two days of the best secret of my life, and now I have to live with knowing it wasn't compatible with life. It was so wanted that I immediately got excited, calling them ""my little grain of salt."" If I hadn't tested so soon I might not have even known there was the beginnings of a pregnancy at all, and I don't think it would feel as devastating. Almost like in my desperation to be pregnant I set myself up for this feeling of loss. A part of me is saying it was just a blastocyst, not a baby yet, but I know I'd never in a million years say that to someone who just told me she'd had a chemical pregnancy.
I'm still experiencing the emotional whiplash since I'm still bleeding. I guess I'm seeking any comfort or advice or just what you went through if you've experienced a loss this early on.",2025-10-11T21:55:04,https://www.reddit.com/r/Miscarriage/comments/1o47y73/chemical_pregnancy_loss/,,miscarriage,miscarriage_related_posts.csv,456a87664858dc3766df30617608db521cbe17f266e65dcd5236b07fd6fd83e1,1.0,1.0,trigger warning: graphic description,False,new,miscarriage
1o98j1j,miscarriage,Mixed emotions,"1. Just finished my first period post D&C. It makes me relieved that we can soon start trying again but also serves as a reminder that I lost my little one. 

2. Got our path report back, there is no aneuploidy, the report is normal. If so, then why did I have to lose my baby that I was looking forward to so much?! Now I think it’s something I did. I didn’t exactly follow a proper diet and had loads of mental stress to deal with.

Husband is super supportive but he is the kind who hides his emotions well. He also seems a bit better at accepting things the way they are, so I don’t want to bother him with my negativity.",2025-10-17T18:03:35,https://www.reddit.com/r/Miscarriage/comments/1o98j1j/mixed_emotions/,,miscarriage,miscarriage_related_posts.csv,5e4f9f173d268fede15dd4b6d4e220a77851e11590f79628b6b501ee12c8c1e7,3.0,2.0,vent,False,new,miscarriage
1o6x5tr,miscarriage,Second time around,"Welp, I am officially miscarrying again. I started spotting a bit yesterday. Called my provider today as it got worse overnight, I was sent in for labs today and am supposed to go in again for more labs later this week. The nurse on the phone this morning was trying to reassure me that it could just be implantation bleeding, but there is just so much blood I know exactly what’s happening. 

I just went through all of this in July, and I don’t know why I thought it would work this time, but I really did. I hardly have any PTO left for the year because of my last miscarriage, but I just don’t know how in the world I’m going to work tomorrow…or the rest of this week for that matter. I don’t really want to tell anyone at work what’s going on because I don’t want people to think I’m just trying to bend rules or get sympathy. No one at work knows exactly why I was out in July, just that I had a medical emergency. 

I just don’t know what to do at this point. I was considering FMLA, but then I was thinking if my body is ever able to get a pregnancy to stick I’d potentially be cutting into future maternity leave if it’s in the same calendar year. I’m a mess right now. I just don’t know.",2025-10-15T00:53:45,https://www.reddit.com/r/Miscarriage/comments/1o6x5tr/second_time_around/,,miscarriage,miscarriage_related_posts.csv,cae03a0ff78995b4fc6a1fd4ed04ce077d4018f18e134fb3d78398b3f7b46193,2.0,2.0,coping,False,new,miscarriage
1o0z49e,miscarriage,post complete molar HCGs,"was surprisingly diagnosed with a complete molar pregnancy post d&c last month. my first pregnancy….

i’ve been doing my weekly hcgs and god my arm hurts…. anyway, wanted to share my HCGs because 1. I want to track them and 2. share and get some motivation:

Sept 8: HCG 28,000
Sept 9: D&C for complete molar pregnancy
Sept 23: hCG 194
Oct 1: hCG 32
Oct 7: hCG 12

really was hopeful this week i’d reach <5 but unfortunately I still probably have one more week to go. 

I really just want it to be zero already so I can see the end of this. I also want my period to come so I can just feel a step closer to trying again. 

I know I still have to wait to be negative for months but I just want to be at zero already. it’s the first step in feeling “normal“ again for me",2025-10-08T02:50:35,https://www.reddit.com/r/Miscarriage/comments/1o0z49e/post_complete_molar_hcgs/,,miscarriage,miscarriage_related_posts.csv,0005a3ad33fcd23edf52ee9845cccdc4d8e31896c90807b7c2bffff191cdf520,2.0,1.0,testings after loss,False,new,miscarriage
1o26ede,miscarriage,Miscarriage Grief,"Hi everyone,

Never thought I'd be here but the world is cruel. 
Found out I was pregnant just days after my birthday when I got what I thought was a period. I tested just on the off chance as nausea hadn't shifted and it was positive. When I say shocked, that was an understatement. I was hysterical because I didn't know if I wanted a child at the age of 35. Had to go through BPAS to get a scan because I had a strong feeling I was miscarrying and my GP just did not give a shit. This isn't my first pregnancy as I had a chemical pregnancy 18 months ago but didn't realise what it was until someone else I know had one. This pregnancy hit different though. The hormones were out of control, I stopped eating and drinking due to no appetite, sore boobs as the weeks went on. BPAS were truly awful, like I was wasting their time but where I live you can't use the EPU unless you're referred there. The BPAS midwife refused to give me my scans or any answers. The day before, I had been told to go to a&e for the bleeding but was met with zero answers after being referred to the EPU. What did follow was blood tests, labour like cramping and depression. My partner didn't react the best to the pregnancy and he's ashamed of it now and trying to look after me better post-miscarriage. 

My body made my choice for me. I carried this baby for 8 weeks, dead inside me for nearly 3. No one seems to understand. When I told people this happened, I was met with ""well you didn't want kids anyway"". No one had a kind word to say, just as I thought they wouldn't. I didn't get a chance to announce it, I didn't get that happy moment. What I did get though, was how I pictured it in my head: everyone I know being disgusted and supportive followed by me having to fish my dead baby out of the toilet. I can't even delete the pregnancy tracker app off my phone.

My body feels empty. I feel completely alone. This has completely devastated me and no one wants to hear it. ",2025-10-09T13:47:44,https://www.reddit.com/r/Miscarriage/comments/1o26ede/miscarriage_grief/,,miscarriage,miscarriage_related_posts.csv,41349e325e65cd0ff274f90dde89932b6540572586823c6c16a62160cbe6aee2,6.0,3.0,experience: natural MC,False,new,miscarriage
1nzgu86,miscarriage,Concerned about blood colour,"Hi everyone, I just wanted to find out if anyone has experienced brown blood a week after the miscarriage? I took the pills since i had a missed miscarriage. My blood has been brown but like a dark brown colour. Is this normal? I don’t want to stress over nothing.

Any advice would help. 
",2025-10-06T11:49:28,https://www.reddit.com/r/Miscarriage/comments/1nzgu86/concerned_about_blood_colour/,,miscarriage,miscarriage_related_posts.csv,5b1464d081d0c4f8accfdddb440f050edb1a27f7bfd575076bf5a8a3836b27b4,2.0,4.0,question/need help,False,new,miscarriage
1o3e31s,miscarriage,No one talks about loss at a young age,"You see so many people talking about their loss as adults, yet I’ve never seen someone talking about loss at a young age. It happens, we know it does. I know it’s rarer, but it’s still more common than it deserves to be. The lack of awareness and people talking about losses at a young age makes those of us who go through it feel so much more alone and ashamed. Not trying to say it matters how old you were bc it doesn’t, but it’s just isolating never hearing about the sad reality that so many of us go through, and never reading about anyone we can relate to. Sure, we’ve got spaces like this but so many people here are older than us, and we’ve got no one our own age or around there to relate to or lean on for support in certain situations. This is more of a rant than anything as I deal with my own loss and the issues thatve come after it, but I felt like it needed to be said as well that more awareness needs to be brought to pregnancy loss at a young age. Because it happens, we’re just too ashamed to talk about it. ",2025-10-10T21:47:47,https://www.reddit.com/r/Miscarriage/comments/1o3e31s/no_one_talks_about_loss_at_a_young_age/,,miscarriage,miscarriage_related_posts.csv,e8f704681ac604282e4782472af2aa4411a6b62f5f440dd93034d2a4384e7040,1.0,1.0,vent,False,new,miscarriage
1nmnyq0,miscarriage,1-2 weeks.,"Hello 
So I’ve done a test and it came up positive. 1-2 week pregnant but I have a period to week before normal slightly more cramping. ( this point I didn’t know ) 
Anyway.  The piriod gets lighter but still bleeding Day 10-11 I start bleeding more again even though the bleeding hasn’t stopped it just got lighter which I thought my piriod was coming to and end as it only lasts generally about 5 days at most   I immidiatly go to doctors tell them they suggest it may have been a early miscarriage, but can’t check as I’m far to early and my bleeding wasn’t enough at the time of me going. Now today I am passing quite large blood clots , cramps but okay enough to stand and walk and I’m experiencing usual diarrhoea. 

I’m worried because my iron levels are low enough as it is anyway. I’m passing blood every single day and clots. Using tampons and pads for bed. I am worried about my self. What should I do? The doctors to me if I’m not in a lot of pain I just have to let nature takes its course. I am upset but I am dealing with it. Has anyone experienced this before please let me know. 



",2025-09-21T09:55:37,https://www.reddit.com/r/Miscarriage/comments/1nmnyq0/12_weeks/,,miscarriage,miscarriage_related_posts.csv,c44634f30c76991e0c645c7fbc0ec1f5451e804c6aa9d7cc8aa9cd1c7a48f2cb,1.0,1.0,experience: first MC,True,new,miscarriage
1nvosmg,miscarriage,First period post D&C lasting 2 weeks and not sure if it this is normal,"I had a D&C 8 weeks ago today. Bleed for about 8 days with very mild cramping. Had red and brown spotting off and on for about 5 weeks before starting my first period. I am currently on day 13 of active bleeding. My biggest concern is that I have passed decent sized dark red clots 2 different days now. One a few days ago which I didn’t think much of, and one today, which made me more concerned cause I had bad cramping this morning. We have been active so there is a small chance I immediately conceived again, but I’m honestly scared to take a pregnancy test. I’m scared it will say positive and that I lost a second pregnancy so close to my first. Would it even still say positive if I was? I just don’t know if this is normal or if I should try to schedule an appointment with my doctor.",2025-10-02T00:02:37,https://www.reddit.com/r/Miscarriage/comments/1nvosmg/first_period_post_dc_lasting_2_weeks_and_not_sure/,,miscarriage,miscarriage_related_posts.csv,f8c89d6210b961624bb36082556ee577debcc5b12a2559c6f4181c047e064d18,2.0,1.0,question/need help,False,new,miscarriage
1nvqh0s,miscarriage,Scared of trying again,"I had my first miscarriage a couple of weeks ago. I was 9 weeks pregnant and it was an excruciatingly painful experience both physically and mentally.

I have a complex gynaecological medical background and have had numerous surgeries to address stage  4 endometriosis (it’s spread to my bowel and lung), huge fibroids and adenomyosis lesions as well as experiencing a mirena coil getting lodged and having to be surgically removed.

I keep seeing people saying they tried again very quickly and my relatives have told me I’m at my most fertile right now.

The thing is, I am terrified. I am now so scared of both pregnancy and loss. The miscarriage was the most painful thing I have ever experienced and I can’t face the possibility of that happening again.

I don’t think I realised until this happened that I am very traumatised by my medical history and not as resilient as I once was 

I do want a child but I just am so scared.
",2025-10-02T01:21:08,https://www.reddit.com/r/Miscarriage/comments/1nvqh0s/scared_of_trying_again/,,miscarriage,miscarriage_related_posts.csv,99a0e31aec3afe9628eb0416948e6517c80d869e4572e325d8a362907ff3fff3,9.0,4.0,support for someone who miscarried,False,new,miscarriage
1npt36t,miscarriage,Giving up with natural conception,"It was my first time pregnancy and I was beyond happy. Emotionally attached to my baby. Since the news broke, I am shattered. 
I have no motivation to keep trying naturally. I am scared. I give up. 

I am 32. Want to go with IUI or IVF purely because there are less chances of things going wrong. Is it fine to opt for these procedures with just first attempt and miscarriage? If yes, what does timelines look like? If not, why not? ",2025-09-25T00:47:18,https://www.reddit.com/r/Miscarriage/comments/1npt36t/giving_up_with_natural_conception/,,miscarriage,miscarriage_related_posts.csv,8ddc9e23f9a097bd16ddb7dfc493573614af73d9467d68a8f678e322fc085f02,0.0,2.0,question/need help,False,new,miscarriage
1o65n2n,miscarriage,Back again - when can I expect to miscarry?,"Experiencing my second miscarriage (first was in June) at 10 weeks. Didn’t know until we had the ultrasound. 

My options are to let it pass naturally, take medication or a d&c. I would prefer to let it pass but have no idea when it will start. 

Any insight would be so appreciated ♥️",2025-10-14T04:08:26,https://www.reddit.com/r/Miscarriage/comments/1o65n2n/back_again_when_can_i_expect_to_miscarry/,,miscarriage,miscarriage_related_posts.csv,b8d002570a829ce71490f1546490ef27aaecf33b65e2785e07eafd5c3faa1b95,5.0,13.0,question/need help,False,new,miscarriage
1o0dtze,miscarriage,Spotting,"So I’m currently 5w3d with my first pregnancy. I’ve had brown spotting and abdominal cramping the last 24 hours. It’s only gotten on my underwear once every other time is just when I wipe when using the bathroom. Do we think I’m having a miscarriage? Sorry this first pregnancy has me so anxious.

I reached out to my doctor and they wanted me to get labs done but I’m unfortunately out of town until next week so would be unable to until then. ",2025-10-07T12:48:22,https://www.reddit.com/r/Miscarriage/comments/1o0dtze/spotting/,,miscarriage,miscarriage_related_posts.csv,78c87a6eb353ae88aea1102403cc99c26ad2d7429116d45f5e34d65073af6a09,2.0,3.0,question/need help,False,new,miscarriage
1o6vvu0,miscarriage,Soreness 5 days after taking Misoprostol,"I took misoprostol on the 10th to complete my 10 week miscarriage. I had intense cramping in that day, but after that I’d get a couple mild waves but not much. Last night I felt a sharp pain on one side of my lower abdomen and today I’ve felt a dull soreness on the other side. Has anyone else experienced this? I just wasn’t sure if it’s to be expected. I still have some dark red/brown stringy discharge but only when I wipe. Bleeding stopped completely the day after I took the medicine. ",2025-10-14T23:55:12,https://www.reddit.com/r/Miscarriage/comments/1o6vvu0/soreness_5_days_after_taking_misoprostol/,,miscarriage,miscarriage_related_posts.csv,aef2657f07bc9e3605d3c403da1b120a823ddca32ad154b0a646c40eec66d96d,1.0,0.0,question/need help,False,new,miscarriage
1o7ftw4,miscarriage,I wrote this after my miscarriage… maybe someone can relate,"                Summer of hope and loss 
Ever since I was a little girl, I dreamed of being a mother. My baby dolls were always tucked in as if they were real, my Barbies weren’t just dressed up—they were mothers too. I played house again and again, stepping into the role of caretaker, always imagining tiny hands that would one day hold mine. Motherhood was stitched into me long before I even understood the word.

And then, one day, I grew up. I met and married the man of my dreams. Suddenly, those childhood visions weren’t make-believe anymore. They were close—close enough to reach out and touch. I could almost see a tiny face, half him and half me. We whispered names we had carried in our hearts for years, afraid that saying them too loud might tempt fate to take them away.

We decided it was time. We were ready. That summer, two pink lines appeared—a signal flare of joy. It felt like a sunrise inside me, flooding my world with light. I imagined tiny clothes hanging in the closet, the first wobbly steps across the living room, birthdays filled with balloons and laughter. I planned how we’d carve out time for bedtime stories, and which books we’d read over and over. I built a nursery in my mind, filled online carts with things we didn’t need yet but would someday. Every small moment felt electric: the way he smiled across the table, the sound of his laugh, the warmth of him holding my hand as we whispered our secret.

But joy did not come alone. It came hand in hand with fear. Then the bleeding started. The bright, luminous feeling—the sun shining inside me—vanished. My world seemed to gray around me. Hands shook holding the test—proof of life and loss at the same time. I wanted to cling to hope, to hold onto that tiny spark, but every part of me knew the truth before my heart could.

Blood draws came every forty-eight hours. Numbers climbed too slowly, never high enough. Each result stretched time thinner, every phone call a cliffhanger. I found myself rereading emails, imagining all the possibilities, then recoiling in panic when hope threatened to grow too large. Some mornings I couldn’t face the world; other days I forced myself to smile at friends, laugh at work, plan small things, even meals, while inside I was unraveling. Every sound, every laugh, every piece of ordinary life reminded me of what was slipping through my fingers.

Then the words came: “You’re having a miscarriage.” My throat tightened, my eyes burned. The doctor pressed a tissue into my hand—as if grief could be contained in something so small. She said “I’m sorry,” and that was it. The dream collapsed.

Loss was not a single moment. It was a slow unraveling. Weeks of blood tests. Weeks of waiting for numbers to fall. Weeks of pretending to laugh at dinners, planning vacations, smiling through ordinary days while inside I was crumbling. No one could see what I was losing—no one but me.

My husband grieved too, but our griefs lived in different rooms of the same house. It was like he was watching me through a window—close enough to see the pain written across my face, but unable to reach me. He grieved for me, for the sight of me breaking apart, for the emptiness he couldn’t fix. I grieved for something the world never got to see, something that existed only inside me. The only proof it had ever been real were those numbers that never climbed high enough, that fell too quickly, marking time in a language only I could feel. His sorrow lived on the outside, pressing against the glass, while mine bled through my veins, carving itself into my bones. I felt utterly alone. No one could ever understand what this felt like unless they had walked through it themselves.

When it finally ended, nothing prepared me. Not for the silence where a heartbeat should have been. Not for the storm that raged through the quietest corners of me. I thought I understood heartbreak before, but this was different. This was losing something that was both him and me, something that lived long enough to carve itself into my soul.

That summer, joy and sorrow lived side by side. And when sorrow stayed, it carved deep lines into me that will never fade. I will never forget the weight of carrying hope and devastation together, both alive inside, and how even now, the memory lingers like a live wire beneath the skin—sharp, electric, impossible to ignore. ",2025-10-15T16:30:34,https://www.reddit.com/r/Miscarriage/comments/1o7ftw4/i_wrote_this_after_my_miscarriage_maybe_someone/,,miscarriage,miscarriage_related_posts.csv,eeefc379d5c69c49d28c3257f409abf070debedea28c5408079fa21d998aec09,12.0,3.0,experience: first MC,False,new,miscarriage
1nrv3sl,miscarriage,How long did it take you to start bleeding after a chemical pregnancy?,"Hello all. I could really use your advice. 

I’m currently going through my first chemical pregnancy. I had an inkling that I was pregnant just a few days past ovulation as I always have very specific symptoms during the TWW in pregnant cycles. So imagine my surprise when at 11DPO, I finally got a faint, but very clear, BFP. My husband and I were elated. But then, when I went to test the next day, the line was ever so faint- hardly there. My heart broke. On 13dpo I tested a few more times… only the faintest lines you could ever imagine until that evening, they were negative- and have been since. 

I’m now 15dpo- two days late for my period with no period in sight. Confirmed ovulation dates as well, and my luteal phase is 13 days. I’m very confused. I’ve read that once your tests are negative (and I was testing with First Response, so a super low HCG threshold) bleeding happens quickly. 

I can tell my hormones crashed yesterday. I can always feel the estrogen and progesterone surge very well in pregnant cycles and when I woke up yesterday, all of my symptoms were gone and I’ve felt very… flat since. It almost feels like a mini postpartum emotionally for lack of a better word. I have PMDD, so very sensitive to hormone shifts. 

Anyway, how long did it take for bleeding to begin with your chemical? Thanks in advance!",2025-09-27T13:21:25,https://www.reddit.com/r/Miscarriage/comments/1nrv3sl/how_long_did_it_take_you_to_start_bleeding_after/,,miscarriage,miscarriage_related_posts.csv,eb2f4c2bd35fbe5a365bf3c5faea7aeb85df983463c826f065882beac314dbad,1.0,9.0,experience: first MC,False,new,miscarriage
1nlk1xg,miscarriage,Ovulation post miscarriage,"I had a natural miscarriage on September 1 at 6 weeks. I was heartbroken as this was a very much wanted pregnancy and baby. I bled for about 10 days and a few days ago I noticed ewcm which I ignored as I don’t know if I’m ready to try again. It stopped. And then yesterday it came again - I’ve never experienced this. My husband and I did the BD not really thinking much of it but after I realized i might be ovulating - took the clear blue OPK and lo and behold, a solid smiley face.

I know pregnancy is often not as easy as were led to believe in sex ed at school, but I’m wondering if anyone had had a similar experience (ie multiple ewcm post miscarriage pre period) and got pregnant? 

I’m feeling all sorts of emotions - anxiety and fearfulness and not sure really how to prepare myself for the next two weeks. 

TIA.",2025-09-20T00:25:45,https://www.reddit.com/r/Miscarriage/comments/1nlk1xg/ovulation_post_miscarriage/,,miscarriage,miscarriage_related_posts.csv,ad2544504837524927931f341eb631abd6aa6d2fbc51f496c5964a42ff5bfa53,1.0,1.0,information gathering,False,new,miscarriage
1nkdlvs,miscarriage,Miscarriage,"I’m truly spiraling. The ER told me I was miscarrying, I saw the ultrasound, fetal sac but no fetus. I’m bleeding so heavy, bad cramping, and passed some crazy clots. I’m still bleeding. It started last Friday. I have my next appointment on the 20th, this next Tuesday. I feel nauseous today. I just don’t believe I’m not pregnant? I’m googling and hyper fixated on it. This is my second pregnancy. My first baby is healthy. What if they’re wrong? What if it was subchorionic hematoma and they were mistaken ",2025-09-18T16:50:32,https://www.reddit.com/r/Miscarriage/comments/1nkdlvs/miscarriage/,,miscarriage,miscarriage_related_posts.csv,46209a254e173c325605befd06c275f6e6b607c408b97ed5ac021df79c8030ea,4.0,6.0,experience: first MC,False,new,miscarriage
1o2aey0,miscarriage,I believe I started miscarrying,"Last week I was told my baby was behind in growth but there was a faint heart beat. Later that week I started spotting brown blood and was booked for an emergency ultrasound, where I was told there was no heartbeat and I would likely miscarry. 
Fast forward a day and I started bleeding red blood when I went to the bathroom twice both time passing clots but then the bleeding stopped. I haven’t had any bleeding or cramps since and even when I was bleeding before it wasn’t painful. Has anyone experienced something similar? I have a follow up appointment tomorrow. ",2025-10-09T16:21:04,https://www.reddit.com/r/Miscarriage/comments/1o2aey0/i_believe_i_started_miscarrying/,,miscarriage,miscarriage_related_posts.csv,ae1c471737235390e0b31f129053d580044c128dd70dadb7c1095c2b9f94de15,3.0,1.0,experience: first MC,False,new,miscarriage
1nlp1q3,miscarriage,Baby’s Due Date Would Have Been Next Week,"I don’t really have anything much to say… just mourning my baby’s due date that would have been next week. I had a miscarriage back in February at 7.5 weeks pregnant. While the sadness comes and goes rather than constantly lingering, it’s still such a difficult loss to bear. 

I will spend my entire life missing you, baby Indigo 💙",2025-09-20T04:45:18,https://www.reddit.com/r/Miscarriage/comments/1nlp1q3/babys_due_date_would_have_been_next_week/,,miscarriage,miscarriage_related_posts.csv,f832210491e66f7e4d32c1a05511acb2c18126e633af0f1db7f95de2cfc9649a,20.0,2.0,vent,False,new,miscarriage
1o12l3a,miscarriage,Sexual activity after a miscarriage,"Hello everyone! 
I’ve had a miscarriage last week (1st October), I’ve been bleeding continuously for the past week but these last two days no more bleeding. 
Already saw the OB who said everything is okay and that my body did the big cleaning part and she gave me some antibiotics to prevent any infection. 
My question is, when can I go back to my sexual activity with my husband ? Should I wait until I’m done with the antibiotics ? 
Thank you everyone 🙏🏻",2025-10-08T06:01:31,https://www.reddit.com/r/Miscarriage/comments/1o12l3a/sexual_activity_after_a_miscarriage/,,miscarriage,miscarriage_related_posts.csv,31b153f9a510ee5b2bd555beb45d80392ffd2eabadffa242f00b31edd87e251d,2.0,16.0,question/need help,False,new,miscarriage
1o66s6i,miscarriage,"Anyone else feel they cant go through this again, and its ruining their marriage?","Hello. I miscarried my first pregnancy a week ago, and am only now starting to feel more like myself after the inital hormone crash. I have been an absolute monster of a human the past few days.

I found out at my 8 week ultrasojnd that baby was measuring 6 weeks in size. Blood tests showed decreasing hgc levels. My OB prepped me on what to expect with the physical aspect of the miscarriage, but it wasnt enough. This was the worst physical, mentla, and emotional thing i have ever experienced. Im still not fully myself.

I am currently of rhe mind that I cannot physically, mentally, or emotionally go throigh this again. I've told my husband that i dont want to try again, and he is devestated. I know that its really soon to make that call and that i might just be the trauma talking, but Im so scared that I am ruining my marriage by feeling this way. I feel like a failure as a himan being for miscarrying, and for not wanting to experience this again. I feel like I've stolen years from my husband that he should have spent with someone stronger emotionally who wouldnt let this stop them from trying again. I feel like I have robbed him of ever having the chance to have the children he so despretaly wants, and deserves to have. I don't feel deserving of his love and affection anymore. I just feel shattered mentally and emotionally, I don't know what to do. I've never felt so ruined from having disappointed someone before. 
",2025-10-14T05:11:48,https://www.reddit.com/r/Miscarriage/comments/1o66s6i/anyone_else_feel_they_cant_go_through_this_again/,,miscarriage,miscarriage_related_posts.csv,67c4f63da759a7d41bae4fe6741e8884760fdfad1315ed34a25ac750f8a8a8d9,7.0,8.0,vent,False,new,miscarriage
1njlz2i,miscarriage,Resident doing d&c?!,"I feel like I can’t wake up from this nightmare. I have to get my D&C done for a missed miscarriage at a stupid teaching teaching hospital and not even done by a Dr. or a trending but by a resident?!? So my motherhood is in the hands of a freaking student?! 

Has anyone else experienced this? I’m about to cancel and just wait it out and hope and pray I don’t get an infection. ",2025-09-17T18:57:37,https://www.reddit.com/r/Miscarriage/comments/1njlz2i/resident_doing_dc/,,miscarriage,miscarriage_related_posts.csv,32ceb59ea8591f74ef65507208f413ede0314eb41cf7789cfed344efcad8648d,0.0,28.0,experience: D&C,False,new,miscarriage
1o19qiy,miscarriage,Guilt of feeling only anxiety not love,"I had a missed miscarriage confirmed yesterday at 9 weeks - the heartbeat had stopped, and my D&C is scheduled for Friday. My husband and I (both 34) have been trying to conceive for almost two years, and this was our first pregnancy, helped through a fertility clinic.

The truth is, I felt miserable and anxious the entire time. It was high risk from the start, and the baby always measured behind. I don’t think I’ve ever felt more anxiety in my life. I kept wishing I could just feel like myself again. People now tell me “all your baby felt was your love,” but honestly, that doesn’t feel true. All I remember feeling was fear, crying, and constant worry.

I feel so guilty, because this baby deserved so much more – to be loved and cherished, not surrounded by waves of daily anxiety. To make it worse, I had the flu during the first few weeks, so I felt awful physically too. And now that the baby’s gone, my body suddenly feels better – which makes me feel even worse emotionally. I’m struggling to process all of this and don’t know how to cope.",2025-10-08T12:56:47,https://www.reddit.com/r/Miscarriage/comments/1o19qiy/guilt_of_feeling_only_anxiety_not_love/,,miscarriage,miscarriage_related_posts.csv,59ab6481382069412bc7bdbb54780873e6c773edd5f187366fb9e09f08bea925,6.0,8.0,experience: first MC,False,new,miscarriage
1njo2fy,miscarriage,How do you know when you have a missed miscarriage?,What would the signs of an MMC be? How common is an MMC vs a regular miscarriage? ,2025-09-17T20:18:00,https://www.reddit.com/r/Miscarriage/comments/1njo2fy/how_do_you_know_when_you_have_a_missed_miscarriage/,,miscarriage,miscarriage_related_posts.csv,9399d36a218db3b6c7663c44730672238a99c212fe9c4d985d6b82cd7cdbc61b,2.0,40.0,question/need help,False,new,miscarriage
