row_uid,chunk_id,text
968,0,"My husband purposefully woke me up this morning!

I was in a dead sleep at 6:30am this morning when my husband came around yto my side of the bed and cleared his throat loudly waking me up. He didn't say anything and just walked away. I was laying there wondering why I was woken up and debating falling back to sleep when a glorious smell hit me...

My husband had surprised me with bacon, eggs, toast, and coffee for breakfast before he had to leave for work! ❤️ I have so much appreciation for my husband's support during the pregnancy. To all the partners of pregnant people out there: keep up the hard work supporting us during our potato state! You're more important than you probably know!"
969,0,"I [22M] just learned that my sister [29F] had an abortion to be able to donate me part of her liver. It caused her divorce. I can't stop hating myself.

What really happened: I was very sick four years ago and was in need of a liver transplant. My situation was that it was very unlikely that I would get one in time. At that time my sister was pregnant. I didn't know as it was early (less than two months). My situation was getting worse and my sister decided to do an abortion and then two months later we did the transplant surgery.

I never knew about the pregnancy. All I knew was that she gave me half of her liver. My sister and her husband divorced a year later. I didn't know the truth until yesterday when my mom slipped up about an abortion that my sister had. I asked her about it and she told me everything. She told me that my sister made her promise not to tell me and she failed that promise.

My sister was very happy. My brother in law was a very decent guy. I knew they were looking forward to having children. They were great together. She always told us about how lucky she is to have found him.

Apparently at the time of their decision, my sister and her husband had great disagreement. He didn't want her to have the abortion and risk the transplant surgery and was hopeful that my situation might sort itself out without my sister's help. The chance was very small but it was there. My sister didn't agree. They couldn't convince one another and my sister did things anyway without his blessing. They tried working things out after the surgery, they went to counseling, they even tried to have another baby but they couldn't get themselves to do it. He couldn't forgive my sister and she wasn't all that apologetic so they ended up separating and eventually divorcing.

My sister isn't happy now. Hasn't been since the surgery. She never told me the real reason for her divorce. She told me that they were after different things. I just learned things from my mom. I asked my mom if my sister still thinks that she did the right thing. She said ""she's not sure"".

I can't stop feeling guilty. My sister saved my life but destroyed her own life doing it. She had to abort the baby she definitely loved and looked forward to and did that knowing that it will probably end her marriage as well. I was ready to go at that time. I had accepted my fate and I was at peace. She should have just let me. Shit. My brother in law should have told me so I would have talked her out of "
969,1," baby she definitely loved and looked forward to and did that knowing that it will probably end her marriage as well. I was ready to go at that time. I had accepted my fate and I was at peace. She should have just let me. Shit. My brother in law should have told me so I would have talked her out of it. I'm surprised he didn't. I can't feel anything but to hate myself.

I don't know what to do. Should I talk to my sister? What should I tell her? Should I keep my mouth shut and pretend that I don't know? I'm not sure if I'll even be able to look into her eyes and not show that I know. I just don't know what the fuck I should do.

Please please help me.

**tl;dr**: My sister did an abortion be able to give me part of her liver and saved my life, but it costed her marriage."
970,0,"My (47f) oldest child (28m) is choosing his girlfriend over our family

A bit of a back story on their relationship, my son has been very best friends with his girlfriend (26f) since he was 14 or 15. They dated for years in high school, and then broke up for a few years and dated other people. My son never wanted to talk about the breakup but recently I asked the girlfriend what happened to them just staying friends and she told me (copy and pasting the text from my phone) ""We weren't working anymore all those years ago, and forcing it was hurting both of us. We agreed to stay best friends. We grew up and matured and came to the relationship and honestly I think we are stronger because of it."" I didnt like this answer because instead of being with my son through hard times she thought it was okay to just break up when times get tough. They have been together for a little under 2 years this time around, they were together for 5 or 6 before.

I don't particularly like her because she was a rowdy teenager and she is constantly trying to undermine me as a mother. For example, I make coffee in the morning for everyone while I do last nights dishes. If she wakes up before me, she will make the coffee and do the dishes. Or when my sons are sick, they call her asking for her to cook them her 'sickness soup', and she will come over and play mom to whichever one of my kids is sick. She has a fulltime job though, which is nice because I know she doesnt financially really on my son. She lives at home and takes care of her sick father. 

A year ago my youngest son (23, always lived with me) lost his job and I couldnt make rent. My oldest gave up his apartment to move in with me and help me pay the bills. 

I dont like the house we live in so recently I talked to him about moving. He was very very reluctant to move to the house I had picked out because it is far away from his girlfriend (45m drive) and she cannot drive because she has epilepsy. After hours of convincing he agreed to go look at the house. That night he went out to his friends for beers with his girlfriend, slept in, and didn't get to see the house when I went. But i came home with the lease agreement. He wouldn't sign it until he talked to his girlfriend. I think it maybe caused some issues because I didn't see her for a few days after that.

My youngest son still hasn't found work so I really needed my oldest to agree and help pay the bills. I brought the lease agreement to his room and asked him again "
970,1,"n't sign it until he talked to his girlfriend. I think it maybe caused some issues because I didn't see her for a few days after that.

My youngest son still hasn't found work so I really needed my oldest to agree and help pay the bills. I brought the lease agreement to his room and asked him again if he wanted to do this or not. He seemed so unhappy? But the new house is beautiful and much bigger and there is even a backyard for his dog! I sat there for almost an hour before he agreed to sign it. Finally. All he thinks about is his girlfriend will feel and not me or his brother.

I did something I should not have. I went through the girlfriends messages on her laptop because she left it out when she was out with my son. The things I read were crazy!!! I think the messages were to another girl. She was disappointed because my son was moving away with his family, and said that my son promised her that they would look for a place next year when the new lease is up. So he signed the lease agreement but is going to bail on this house after a year to move somewhere with her and I will have to move again.
 There was also talking about how my son and her are not exactly being careful in terms of sleeping together, and that they want children VERY soon. She said something along the lines of 'we arent trying but we arent avoiding it'. Which is crazy, my son isn't even married to her and he wants kids with her?? She was also very critical of the fact that me and my oldest pay for everything and that I dont put any pressure on my youngest to find a job but there is a pandemic!!! Finding work is hard right now.

I want to bring up the fact that he plans on screwing me over and leaving the new place in a year and that me and his brother will have to move again. But I cant do that without telling him I went snooping through his girlfriends things. I think i would also like to have a conversation with him about having children with her. I know they think they are meant to be but I am not so sure.

I didnt raise my son to be so selfish and I dont know why this is happening.

Tldr: my son signed a lease but is going to leave after a year to move somewhere with his girlfriend which puts me in a bad situation, he also doesn't know that I know"
971,0,"how do I get over this ?

Ok so my story isn’t as severe as a lot of the others I have read. I was in a really bad place when these things happened to me and I think that’s why it’s affected me so much. 
2016- I was 17 he was 19 and he was my first real kiss, little communication since we were on a tour bus with 40+ other people. I thought I was comfortable with him so we made out and he kept moving his hand up my leg and I kept pushing it away but he kept at it. all night long. and the only way I could distract him was to keep kissing him. it was a long night. 
2017- this girl I absolutely hated and she hated me. I had a feeling that this group of people that I was stuck with didn’t like me so I kinda felt on edge all of the time. she wanted to stand where I was standing (I guess) and she backed herself into me and stood there. Basically rubbing her back and butt into my boobs and pelvic area. Idk if this is dominance or what ? 
I thought I have gotten over these instances but I guess I’m not. It takes me a long time to be able to trust guys and every single time a new one approaches me I go into a state of internal panic? And I have tried to be in relationships but fear always wins and I chicken out. I’m afraid that all they want is sex and that nothing will last if I can’t give them what they need. I feel like I’m a freak because I’m 19 i have a really good job but I’ve never been in a relationship, don’t actively seek one, but I want to have kids and have a family and meet someone who will be my everything and my best friend. It’s impossible if I can’t get over my fears."
972,0,"Sad about baby #2 sex, need reassurance

Just found out today at my 12 week ultrasound that baby #2 is male. Our first is already a boy. My husband and I always dreamed of having a little girl, and we also always knew we’d only have two kids for both emotional and financial reasons. We knew that it was always a 50/50 chance, but having to come to terms with never having a girl is, honestly, crushing. 

Listen, I get it. Gender is a construct and I know I’ve been conditioned to feel this way, but all in all, it still really hurts and I’d be lying if I said it didn’t. I’m a girl’s girls. I’m close with my girlfriends, look up to my mom, and I consider myself a strong, independent woman, and I’m proud of that. I’ve always dreamt of raising a strong, independent little girl to follow in my footsteps, and now I know I’ll likely never have that. Among that, I will be in a house full of boys who can’t physically relate to the things I go through as a woman.

I love my son, and I know I’ll love #2 just as much. I wouldn’t trade them for the world, and I am so grateful to even have healthy babies, given that I’ve had fertility issues in the past. My husband and I are just in a bit of a depressive funk right now, mourning what we’ll likely never have. To those who have experienced the disappointment of not getting the sex of the baby they wanted, I’d love to hear some uplifting stories to help us get through these feelings 🙏🏼

EDIT UPDATE: 
Hi everyone, sorry to be so late to respond. I'm overwhelmed by the kind words of support you all have offered, and I'm definitely feeling some relief reading your thoughts, experiences and validation. I know my husband and I will get to a point where the disappointment will wither away, and that will be helped by the positive imagery you all have offered in your responses. I noticed some folks came in here saying that I should be happy just to even be pregnant, and I just want to note that I have had miscarriages and fertility issues for a long time. My first baby, along with this one, were conceived with a lot of help from a reproductive endocrinologist (both were not easy journeys); all this to say, without a doubt, I'm beyond grateful to even get to make it to baby #2, as I know this isn't realistic for many folks, as I thought it might not be for me at one point. A big reason for the gender disappointment is that I really can't try anymore to have a third and hope it's female (my clinic and insurance don't cover gender selec"
972,1,"ful to even get to make it to baby #2, as I know this isn't realistic for many folks, as I thought it might not be for me at one point. A big reason for the gender disappointment is that I really can't try anymore to have a third and hope it's female (my clinic and insurance don't cover gender selection, nor could we afford that). I don't have the physical, emotional and (honestly) financial capacity to do this one more time, and I'm okay with this, even if it means I won't likely get to experience what it's like to have a daughter. I know I will love this boy beyond words, and I know the silver lining here is that I will have the opportunity to raise two feminist boys who respect women as their social, economic equals and are vocal allies. And of course, I now hope one of them wants have a long term relationship or marry a woman so I can have a DIL (and of course it's okay if they don't, but perhaps a new dream to hold onto?). Anyway, thank you all again for your kind words of support. You don't know how much I needed this community, and how much it's pulled me out of my depressive funk ❤️‍🩹"
973,0,"Serious question

I’ve been believing I’m 13 weeks pregnant. Some things happened yesterday, and I went to the er. After an ultrasound that I wasn’t allowed to see or hear at all, they told me that there is no heart beat and I am 8 weeks along and that it’s all looking like a miscarriage bc of my other symptoms too. Is it possible to be told that there’s no heart beat and that you’re having a miscarriage, but actually there is a heart beat it just wasn’t detected and your baby is fine?"
974,0,"i thought you were my friend

You invite me over to bbq, and relax. You called because you know I battle severe depression. I trusted in you. I drank a little too much and you suggested I should not drive home. You show me to the guest room where I think you are going to leave me. Instead you crawl into bed next to me. You continue to make advances even though I continue to say no, also aware I am gay.
Even though I was fucked up, I felt you. You started to masterbate while I tried to sleep. I called you out.
Even though I should not drive I'm no longer safe in your house - so I drive.

It took me two days to understand and start processing what you did. I lost a friend.
Realizing you never were."
975,0,"(Some of) My Husband’s Family Sucks.

TW: miscarriage 



Yesterday I miscarried our sweet babe. Should’ve been 7 weeks today. I have been a mess all week. Decided to let our family know what was going on. My husband’s grandma sent this to me today and I. Am. Fucking. LIVID.

“____, it’s a bad time for everyone right now, find out why and what causes it so we don’t have to go through this again. Love you grandma.” 

EXCUSE ME??? WHO the fuck says this to someone who just lost their first baby?? Trust me, I wish I could have prevented this so my husband and I don’t have to endure this pain. And I would LOVE to never experience this again!!! 🙃 fucking old people, I swear. 

Oh and the day we told her I was pregnant, she called me by my husband’s ex girlfriend’s name. We’ve been together just shy of 6 years. They were together for 2. 🥲 so yeah. Safe to say she’s not my favorite. And I told my husband she’s the last to find out whenever we get our rainbow babe."
976,0,"How to tell friends?

I recently experienced an early pregnancy loss and we had not yet told anyone I was even pregnant. I recently was catching up with some old friends and had planned to share my loss with them, but before I could bring it up, one of my friends shared that she is pregnant (and she’s actually due around the time I would have been). It stings, but I am of course really happy for her, however it didn’t feel right to damper the day by sharing my own news, so I just didn’t tell them. However I still want to tell them at some point, should I text about it, just wait till we see each other again and bring it up then? I don’t want my friend to feel uncomfortable talking about her pregnancy with me, but I don’t want to keep this from my closest friends. Any suggestions?"
977,0,"I’m terrified. If anyone is there, please listen.

Tomorrow morning I take the second pregnancy test to figure out if I’m pregnant. The first was negative but it may have been too early to tell, so I’m not sure. I’m not in a place to have a child. Neither is my partner. I have a plan in place to call planned parenthood as soon as I know if it’s positive, and to schedule a surgical abortion. But I’m terrified. My family is strictly catholic and would never look at me the same way if they found out. I’m absolutely petrified that I’m going to bleed way more than I should and have to go to the hospital and end up with hefty bills that I can’t afford. I feel like all I’ve heard are horror stories about what can go wrong, and I feel like I’m about to go through something traumatic. If anybody is there, please message me or comment. Anything. I’m scared out of my mind and I have no one to talk to.

Edit: thank you all so, so much for your reassurance and helpful information. I never expected to get as many kind strangers in my inbox as I did and I’m so grateful for all of you. I apologize if I didn’t get the chance to respond, but know that I did read every reply and not a single one went unappreciated. My heart is touched by your support. Thank you, truly."
978,0,"Im (28f) pregnant by a recently married man (28m) Should I tell his wife (30f)?

Ive been friends with him since we were 19. We both were instantly attracted to each other but his friend had a crush on me so he never acted on it. Earlier this year we reconnected and began sleeping together. At first I did not know he was engaged. I found out through a mutual friend and confronted him about it and he did admit he was getting married. I tried to cut him off cold turkey but he came sniffing back around and i allowed myself to get caught up again. I found out i was pregnant a few weeks before the wedding. He says if i keep the baby his life will be over but he's willing to man up if thats the choice i make. i do think the baby deserves a chance to live and wanted to give up the baby for adoption to a better family but he refuses to even entertain the idea. we both have children already and he says it wouldn't be fair to this one to give it away. He's fine with me having an abortion although i really don't want to since I've had one already and again, i think the child deserves a chance at life. despite all that I'm still willing to go through with the abortion because i don't want to ruin his life. I have a lot on my plate right now financially and cannot afford the $600 for the procedure or the time i would have to take off work to recover. now he's refusing to help me financially take time off to recover or even pay for the abortion at a minimum. I am an exotic dancer and he told me to ask one of my customers for the money. Im really at a loss for what to do. Their wedding was a week ago and they are currently on their honeymoon. I never planned on telling the wife anything even though I feel bad that she married him without knowing he has me pregnant. But time is running out I'm already 8 weeks along. Should I see if she can talk some sense into him?"
979,0,"Pregnancy; toilet seat??

I am feeling really anxious about this and could use some help. So I’ve heard about the pregnancy toilet seat thing, and I realised that yesterday I used the bathrooms on the airplanes and realised that they r unisex. I’m feeling really worried I could get pregnant from this. I mean my actual “part” never touched or rubbed onto the seat only my thighs did, but I’m still having some fears. It is also good to mention that the people who went before me were two younger looking girls probably around 8-10, I’m 15 btw. I was on my period yesterday when I used the restroom I’m just feeling really worried that somehow I could get pregnant from this. I’m scared something was on the seat and I didn’t notice. I think there was some pee residue from someone else maybe I didn’t see. But I’m feeling rlly worried and could use some advice. Please help."
980,0,"3rd miscarriage in 12 months

My husband and I found out I was pregnant on 6/8. We had only been TTC 1 cycle after not since a blighted ovum in October. We got an HCG/Progedterone result back of 1498 and 11.5. I’m not prepared to go through this again."
981,0,"Being regularly low-key disrespected for being unemployed due to ptsd and covid is destroying me. I feel weak for even complaining about it.

Anytime I say I'm having a hard time, my friends tell me that they're pulling double and triple shifts while I ""sit around."" They can't see how I could possibly be hurting when I don't work right now. Some pople have stopped respecting me, even suggesting that my struggles with ptsd as an excuse for laziness. 

It seems like either people see me as a disabled loser, or a lazy layabout. People treat me like I'm entitled for not wanting to be pushed to my breaking point at a job. I know I can't possible do what it takes to be employed in this economy right now, and even 40 hours was too much before; it was barely sustainable for me.

Maybe that means I'm weak and disabled, I don't know. It's making me start to doubt myself and feel really insecure, like a parasite on society. 
I feel like a loser, a failure, and a broken person when people talk to me as if I'm an inferior or weak for being unemployed.

It's rare that anyone comes right out and says it, although it does happen, but mostly the tension is under the surface; I feel it often.

Honestly, it makes me want to fucking give up."
982,0,"Idk if I should go to the er im getting a little worried

Idrk what to do I live in a state where abortion is illegal and im scared me going to the ER is gonna get me in trouble. I took the first pill on Monday and the second set of pills a little after and after talking to the MA hotline they said to take another dose the following day since I was only experiencing mild cramps. 
The cramps increased in pain and it wasn’t until today that I started bleeding but it went from 0 to 100 super fast. I’m soaking through my regular pads way too fast- (TMI) blood comes out as if it were urine- I even had to change clothes twice today, but I read it was somewhat normal at first…thing is it had calmed down earlier today then picked up all over again. I’m also passing somewhat large clots so idrk anymore. I’m trying to give it some time but im just worried a bit. Anyone got any advice? Did yall go through anything similar?"
983,0,"When did your nausea and vomiting ease up?

I’m about 11 weeks pregnant. This is my second pregnancy. I had a chemical pregnancy in between (three days of positive tests, then negative and had my period). 

With my first pregnancy (girl), I had severe nausea and vomiting with weight loss. They gave me Diclegis to take until the third trimester. So I’m not sure when or if my vomiting would have naturally waned. 

This time, I just found out we’re having a boy. I had the severe nausea and vomiting from 6 weeks up until 10 weeks 3 days. I didn’t lose any weight so I haven’t been prescribed any meds. 

Now it’s just random bouts of nausea, sometimes evening vomiting but not as much. Yesterday I barely felt nauseous and didn’t throw up for the first time in weeks. 

Does 10-11 weeks seem too early for symptoms to ease up? 

I’ve had two healthy ultrasounds (heart rate was 158) and a healthy genetic test. I have medical anxiety so that doesn’t help."
984,0,"I could be your student: The Retail Chronicles ~Lotus(17)

[removed]"
985,0,"My 3 year old daughter found my sex toy stash

I have a sparkly pink vibrator along with some other things in my nightstand drawer. My 3 year old found it and was carrying it around and calling it her princess wand. I took it away and told her that is mommy's princess wand and not to get into my things anymore. She has a sparkly pink light up princess sceptor (non-vibrating). She now stores it in her top drawer since that's where mommy keeps her princess wand. I just wanted to share the silly since this isn't exactly something I want to post up on Facebook 😂"
986,0,"help

i just got sexually assaulted, i am a minor. 14 years old. i am a female. i got sexually assaulted by an old man in my home i am too afraid to tell my parents yet but i want to tell the police and get him locked away. 

if anyone could help me that would be great tbis is really hard"
987,0,"I need some rape advice

My bad, didn’t realize this was meant for victims"
988,0,"Please help- was I sexually assaulted?

(I know I have been assaulted before this when I was 15 and get flashbacks to it)

This guy and i had been talking for about a week. We went over to his house and had began making out on his bed. He started to touch me and I got a flashback to my previous attack. I wasnt even fully calmed down when he asked me if I wanted to have casual sex. I felt uncomfortable with that question bc I was still mid panic attack. I said ""not today"" to which he suggested we turn the lights out. I said ""maybe."" He immediately sprung off the bed, turned the lights out, and stripped naked. I told him ""fine"" and told him that because I have a medical condition he NEEDED to go slow or else it WILL 100% cause me pain. He went hard and rough and fast. I was in pain so I wanted him to stop. I said ""stop"" and he didnt. I tried to move out from under him but I was trapped by his body weight. I became numb and i froze. I waited for him to finish. 
After, he watched me walk down the stairs in pain, didnt offer to help, and then drove me home. 

Was this rape? I'm having a hard time processing this"
989,0,"Am I overreacting? Could my mind be making this up?

Is this really a big deal? Am I overthinking things?

This might be a long post so I will get straight into it.

When I was a child I was quite close with my uncle, or atleast I think i thought I was? He has always lived at my Nan and Pops house (my pop passed away when I was 11 and I’m 26 now) and I spent a lot of time there as a child. 
I was very close with my dads side of the family and was pretty spoilt by them, but what I didn’t realise until I was older was that my uncle’s behaviour towards me was definitely inappropriate (I think?). 
He would refer to me as his ‘girlfriend’ (I was only a child) and I’m pretty sure most of my dads side of the family had heard him say this numerous times. 
I also remember that I would stay over at my grandparents often (my parents were separated for 5 years and my dad started work very early so when I was with him it was often easier to stay over here so he didn’t have to drop me off at 5am) and even though I had my own bedroom to sleep in I would often end up sleeping in my uncles room. Sometimes in a sleeping bag on the floor and other times in his single bed with him. I don’t remember feeling like there was anything wrong or inappropriate about that so it happened often. I do remember when my grandfather was alive he would sometimes yell out that I shouldn’t be in his room or bed (something along those lines?) and I use to wonder why but now I can see that he was probably aware that his son couldn’t be trusted.
I remember him sleeping in only underwear and I think I vaguely remember him touching me inappropriately and maybe him putting my hand on his genitals for a second once but I don’t know if I can trust my memory because my thoughts are so vague. I’ve never told anyone because when I was a child I didn’t realise this wasn’t normal and by the time I was old enough to understand these things I didn’t know if I could trust my thoughts on what happened and how far things went? I don’t know if he raped me? I don’t think he did because I don’t know for sure, I can’t really remember, I feel like it’s possible but if it happened surely I would remember?

His inappropriate behaviour towards me continued until I got older. Once when I was a teenager I stayed over and he offered me $70 to show him my breasts and that my family does know about. He apologised for that and said he felt guilty but I think that’s only because my nan heard him from her bedroom so there was "
989,1,"e behaviour towards me continued until I got older. Once when I was a teenager I stayed over and he offered me $70 to show him my breasts and that my family does know about. He apologised for that and said he felt guilty but I think that’s only because my nan heard him from her bedroom so there was no denying it.

He used to comment on my clothes and even now when I’m near him I feel him looking me up and down. I don’t feel comfortable around him at all.
He is also an alcoholic and his health is so detioriated that I don’t even know if he would remember now (if he did there’s no way he would admit it).

This has been something I’ve thought about regularly for the past few years and even with the amount of thought I’ve put into it I don’t think I’m any closer to remembering with 100% certainty what happened.

What’s worse is that I’ve just returned from living in another state for 1 year with my 8 year old son and I’m currently 22 weeks pregnant and we have to stay at my nans house with him here until we find a house which is hard because of COVID. He is always drunk, still a pervert and my nan and I caught him snooping inside the door of my room earlier this morning while we were having breakfast and now I feel very uneasy and emotional. 

I don’t know what to do or if I should tell anyone about this? My partner won’t be moving down here until early next year and even though he doesn’t know anything it’s hard not having someone who I feel like would 100% believe me here. I feel like my mum would but would wonder why I never said anything but my nan and the rest of my dads family would probably be skeptical. How would I even go about it?

Am I just making a big deal out of nothing/overreacting?"
990,0,"When do things affect the womb?

So I think I conceived between June 16th and 18th. My period is due friday. Took a test and got a faint positive yesterday. My BBT raised from 98.58 to 98.68 so yea. Anyway

  
I am wondering how late is too late to cut off things? Because I hear different things. I am craving sushi today and found out I may be pregnant. I know there are women who don't find out until weeks later. I had a miscarriage before (mainly probably due to fibroids) but I am trying to be extra careful. Been taking prenatals and other supplements for months on end.

  
I almost want to have it now because I will not be able to have it later on. LOL it is my favorite food!! Would appreciate your advice on this."
991,0,"When will I feel like myself again

Tw to this post as I am suicidal 
I had a miscarriage 2 weeks ago and I can’t deal with it anymore I’ve tried everything to cope but I find that I have no will to live anymore I just want it to end when will I be myself again"
992,0,"Missed Misscarriage

I miss my period and May and I instantly knew that I was pregnant. I took a pregnancy test shortly after that and all four of the pregnancy test came out positive. I went for the ultrasound and found out that I was five weeks pregnant, the only thing I saw was the gestational sac that showed nothing. I was told to come back in two weeks to take another ultrasound in which I did so around seven weeks. It appears as if I’ve experienced a missed miscarriage because there was no signs of a heartbeat showing the little fetal pole. My gynecologist inserted the miso medication that Wednesday and within four hours, I experienced severe cramping, bleeding, and blood clots, which was expected to happen. The bleeding slowed down on Thursday, but there was still cramping. It is now Sunday of the same week and the bleeding started back up and extreme cramping! I am taking Motrin 800 because the baralgin is not working for me. How long post miscarriage did anybody bleed and have cramping for because this pain is sending me crazy and I’m in tears due to the pain, thankfully I have a heating pad which helps but the cramping and clots still continues. Should I go back to my gynecologist? I don’t think I can show up for work tomorrow if I don’t feel better 😭"
993,0,"Is it sexual assault if I didn’t actually say No?

Last year I (16f) went to a state wrestling tournament with my team. It was around 1 after a long morning of matches and my team, me, and the cheerleaders were all hanging out in the guys hotel room (I had my own because since I’m the only girl and can’t share with the guys). I was sitting on the bed with one of my teammates Gaje (18m) and we both ended up falling asleep and that is when it happened. Almost everyone had left the room so nobody saw, but I felt him trying to put his hand down my shirt. I don’t remember it super well because it barely woke me up but i do remember pushing his hand away but he wouldn’t move it and kept trying to put his hand in my sports bra to touch my boobs. I don’t really remember anything else other than waking up like an hour later and his hand was laying next to me but not trying to touch me. I guess I’m just wondering if that counts as sexual assault since I didn’t really “tell” him no, I just tried to push him away?"
994,0,"I (35F) feel resentment towards my sister (36F) due to an old crush that still haunts my dreams

My sister and I never had a strong sisterly bond growing up. It didn't help that my mom's whole world seemed to revolve around her. Leaving me feeling alone. But over the years we've managed to mend things and are slowly becoming closer. 

Recently, we talked about how we met our current boyfriends. I've been in an on off relationship with the same man for close to 20 years. I can say we are finally in a good place. This recent chat brought up buried emotions and memories. 

When I was about 15 or 16 I met this guy in an arcade. He seemed to be about 20 or 21 years old. Upon laying eyes on him it was love at first sight for me. I developed a big crush on him and used to admire him from afar. Until one day I gathered up the courage to talk to him. We chatted for about 2 hours or so before my sister interrupted us to let me know it was time to go home. Before I left he gave me a cd and collectible item to hold on to until next week when we would meet up again. 

Once my sister and I got home she told our parents that I was talking to an older guy who looked like a devil worshipper. (For context, I've always dressed in gothic clothing as did the guy from the arcade.) My parents response was to ground me so I couldn't see him again. I can't remember how long I was grounded, maybe for about a month or two. Once I was able to go out I went to the arcade during the usual time he'd visit but he wasn’t there. I was crushed and occasionally visited it from time to time but he was never there. At this time I started dating my current boyfriend. 

From time to time I dream of this guy I met at the arcade. Usually when I'm going through a tough time. He appears in my dreams and let's me know things will be okay,he's like my beacon of hope. I never did see him again. I always hoped to run into him but it never happened. I also didn't know his real name so I couldn't look him up in social media apps or anything. 

It's been a week since I had the conversation with my sister and I just feel strong resentment towards her for keeping me from ever seeing this guy again. It feels like she ruined the life I dreamed of having, in my eyes he was my dream guy. I understand nothing could have happened between us since I was young but in my mind I thought we'd be good friends as we had a lot in common and maybe over the years we could eventually date. Maybe it seems cringe or sad but I'"
994,1,"he ruined the life I dreamed of having, in my eyes he was my dream guy. I understand nothing could have happened between us since I was young but in my mind I thought we'd be good friends as we had a lot in common and maybe over the years we could eventually date. Maybe it seems cringe or sad but I've always seen life through rose colored glasses and wanted my fairy tale ending. 

I don't know how to move forward feeling this way. Any advice. 

**TL;DR;** : I feel resentment towards my sister for ruining any possible relationship I could have had with a guy that still haunts my dreams after 20 years. I can't help but imagine if my life would be better if I kept in contact with that person. What could have been?"
995,0,"PMS makes me feel like ending my relationship every month. Are those feelings valid, or just hormonal exaggeration?

I(29f) am in a happy, stable relationship with my boyfriend(25m) of 4.5 years, and most of the month I feel loved and content. But during PMS,like clockwork,everything flips emotionally. I get incredibly sensitive, overthink everything, and start questioning the whole relationship.

Suddenly, I feel unloved if my boyfriend doesn’t compliment me when I get dressed, or if he doesn’t initiate cuddles, kisses, or little gestures of affection. I start feeling like I’m the only one putting effort into closeness, and it spirals into thoughts like, maybe this isn’t enough for me or maybe he doesn’t love me the way I need him to.

Then the moment my period starts, it all swings in the opposite direction. I feel incredibly affectionate, obsessed with him (in a cute way), and totally in love. It’s like going from one extreme to the other within days.

I’m trying to figure out: are those PMS feelings revealing real, deeper needs that I usually suppress or “cope” with better? Or are they just hormonally fueled distortions of things I’d otherwise accept without pain?

Has anyone else had similar thoughts -that your PMS feelings might actually reflect valid emotional needs, just amplified during that time? I’m struggling to understand how much weight to give these feelings when they only show up so intensely once a month.

TL;DR: PMS makes me feel unloved and question my relationship, even though I’m normally very happy. After my period starts, I feel euphoric and totally in love again. Could the PMS feelings be pointing to real needs I’m just more sensitive to? How do you make sense of that?

Any input is appreciated."
996,0,"CW Ab**tion

Im currently about 6 weeks pregnant and have to get an abortion... I don't want to get one, but I have a million solid reasons to get one and no logical/practical reasons to keep the baby. I know it's for the best, I'm not going to make my current child's life difficult because birth control failed, but I didn't realize how much this would hurt, especially since I never wanted another kid. 

I'm very depressed about this and I guess just needed somewhere to vent because I have nobody to talk to..  Idk.. It just sucks. 

If anyone knows any get rich quick schemes, I'm all ears."
997,0,"Failed Abortion Need Advice

Hi, so i recently took both the mife and miso pills at around 2.5 weeks from the date of conception, i found out super early at 2 weeks exactly because my period didn't come and it's usually very regular and has been for years. Anyways i ordered the pills immediately and took them at 2.5 weeks, i did started bleeding and cramping but i wasn't too bad, i bleed for 4 days i figured i had completed the abortion, I'm in a red state so i told my primary care doctor i was bleeding and pregnant she told me to go to the ER so i went 2 days after i took the pills and i was still bleeding, we  did a ultrasound and took my hcg levels, ultrasound showed no sac and hcg were at 1700. They told me to come back three days later to see if my hcg levels were rising or lowering. So three days later i go back they take my blood to check the hcg levels and they are now at 3800, meaning the pregnancy is still there.. we also did a ultrasound and they can now see the sac and pole.

So now I'm wondering what my best route is... i still have 4 pills left the miso... i figured i took the pills too early and there wasn't anything to get rid of at that point. Has anyone been there something similar? I don't want to go thru a D&C unless absolutely necessary. Should i just order new pills and try in a week? Very unsure at this point, i definitely don't want to be pregnant."
998,0,"I think I was sexually assaulted but I don’t feel upset about it (cw some details)

(I am 22F) I’ve known my fwb (22M) for 7 months and he’s always been incredibly respectful of my boundaries, sexual and non-sexual. I went to my fwb’s house last night when he was really drunk. I had a few drinks and some weed but I wasn’t nearly as intoxicated as he was. He could still speak coherently and everything though. 

We had sex for a while and it was good, and then I wanted to stop and he ended up physically forcing me into sex by moving my body and pinning me down etc. Even when I told him stop and no and told him it hurt. He asked me why I was shaking and if I was scared and I said yes I’m scared please stop, but he didn’t stop. After a while I participated again because I just wanted him to cum and for it to be over. He didn’t even cum he just went to sleep after I told him that we had been fucking for like 2 hours. Then we had sex again in the morning but it was consensual. It seemed so out of character like it wasn’t even him it was fucked. 

When he drove me home the next day I told him what happened and he said he didn’t remember. And he said he was really sorry and apologized a few times. He said he wasn’t his normal self and that wasn’t him. I know he’s technically still responsible even if he was heavily intoxicated. I’m sick of thinking the next guy is different and then the same thing happens again. 

I know logically it meets the criteria for sexual assault but I don’t feel traumatized. I just want to forget it happened and keep seeing him. I have feelings for him and I don’t want to stop talking to him. 

Maybe I’m just used to it because 5/7 of the men I’ve had sex with in my life have coerced me into sex or physically forced me in some way, and most of them did it multiple times while we were dating. I also have BPD so I’m terrified of abandonment. 

Am I allowed to just not care that it happened to me and continue talking to him?"
999,0,"I learned a lesson from my divorced female boss that a man can't do.

I loved the job but, in only 9 weeks, it was over, the overturn rate there was huge.

If she keeps putting her hands on you, it's okay, she just being friendly and a people pleaser.

If she makes suggestive comments it's okay, she just being friendly and a people pleaser.

If she asks you to dance at work, it's okay, she just being friendly and a people pleaser.

I found out this is all appropriate for my female boss and had to quit my job but, I keep ripping myself up inside about why she kept doing it, WHY, WHY, WHY ?                                                           I didn't even know her and she gained nothing with all this and i keep saying to myself, I couldn't of put my hands on her neck, back, and thigh five different times with suggestive comments and got away with it.

I reported it to the temp agency H.R. and the contracted company H.R. departments and hand wrote the five incidents down and comments in detail but, i couldn't remember the dates and times, It was a cluster F\*\*\* of a situation and i even got mocked by the company H.R. person which just reinforced my decision to walk out and quit.

If your a guy, just let her do what she wants, so you can keep your job because, all i did was hurt myself worse, by making myself look weak for not wanting this wacko boss to keep putting her hands on me."
1000,0,"I don't know how to get over mourning my pregnancy

I'm not sure where to post this so I thought here might be a good start.

I(28f) and my husband (31m) had twins over a year ago, but I can't get over the resentment I have for my husband. For some context we live in a small 2 bedroom house, and already have an older son(stepson). We got together when his son was 2 and they were operated over a year. We didn't get married until about 5 years later(COVID delayed), and got pregnant a year after marriage. This was a planned pregnancy though still a surprise when we found out it was twins. We had planned to share our room with the baby for the first 2 years. While we looked for a bigger home, but with two babies those plans became a bit harder. I had an extremely easy pregnancy and yet it makes me sad even thinking about it. I would love to feel pregnant again, but would never want to be with my husband.

Through out my pregnancy I carried extremely well, and even looked most of the time like I was only carrying one baby. The first trimester I was extremely tired and could hardly eat while also feeling like I was starving. Thankfully my husband never complained about the house becoming messy and dinner not made with me having no energy. I did always made sure our son was fed, but those were usually quick meals when I couldn't be up for long. 2nd trimester came and I hadn't really gained any weight. I barely saw my actual OB and a lot of step in doctor's didn't even read my chart to see that I was carrying twins! Which surprise you need a specialized doctor for twin pregnancies. You can't just see a normal delivery doctor. The twins were gaining really well, and I could finally eat a bit more. Sadly though since both placentas were at the front I could hardly ever feel the babies move. This made me feel like I wasn't really pregnant at times because nothing was happening.I got more energy, and worked until a week before birth. Which was sadly a C-Section because I got very early signs of Preeclampsia at 36weeks. I did thankfully change my OB a little over half way through my pregnancy though. Which lifted some stress.

So the part that I'm upset about is the entire time I was pregnant I felt like a single mom. I was taking care of my eldest like I usually do, but at that time he was going through a lot to where he was hospitalized and put into therapy. I ran around trying to take care of everything he needed which was fine, but it add to my feelings of feeling "
1000,1,"ime I was pregnant I felt like a single mom. I was taking care of my eldest like I usually do, but at that time he was going through a lot to where he was hospitalized and put into therapy. I ran around trying to take care of everything he needed which was fine, but it add to my feelings of feeling alone? My husband leaves most days before we even get up(630am), and doesn't get home until 8pm. He has his own construction business, and makes decent money working alone. He works about 6 days a week, and barely spent time with the family on Sundays. 

Now comes what really upset me. While I was pregnant he refused to touch my belly. He thought it was creepy when I'd asked him too, and that by me asking made him feel I was forcing him into doing something he didn't want to do. Side note I had and still have no stretch marks. My belly was beautiful, but he made me feel gross. This didn't stop him from wanting sex though that wasn't a problem, and when I wasnt in the mood he'd make he feel bad for not wanting to even give him a blowjob let alone a hand job. He never wanted to talk to them, and again if I asked I was forcing him. He didn't even want to feel when they randomly moved. It was my first pregnancy and I felt like I was living with a roommate and had a son who hated me for becoming pregnant. The first time the moved I was so excited and I barely got him to feel. He was so unexcited and just said ""yea....they do that"" and walked away. I barely had any photos of myself while pregnan, because I felt that selfies were very cringey. I even asked my husband could take photos of me one day, and even asked in advance (days before) to make sure I didn't get all dressed up for nothing. He got mad at me still because he was busy with paperwork and when he finally wanted to take the photos it was dark outside. Mind you I was pregnant in the summer time and it didn't get dark till like 9-10pm. I also had gotten into PJs by then! He said he'd take photos another day, but that day never came. I didn't dare ask or remind him, because I didn't want to be let down again. I knew I was upset by this and it's just been clinging to me and won't go away. I didn't realize how much this hurt until I broke down bawling my eyes out over a reddit story about a husband who's wife wouldn't let him touch or even talk to her pregnant belly. To hear how much he loved her and she pushed him away broke me. It made me feel like my husband truly only married me to take care of his son, tha"
1000,2,"his hurt until I broke down bawling my eyes out over a reddit story about a husband who's wife wouldn't let him touch or even talk to her pregnant belly. To hear how much he loved her and she pushed him away broke me. It made me feel like my husband truly only married me to take care of his son, that I was just a fuck nanny he tied down by getting her pregnant so she wouldnt leave him. I've talked to him about how I feel and he's tried to be more present. Even after birthday he barely held and took care of the twins. Which made me question more if he even wanted them! Thankfully my mom was here to help and he didn't complain, but it didn't mean I didn't pass out from sleep depravation while breastfeeding, pumping, folding clothes, or sitting and rocking a twin to sleep. They didn't stop needing to be fed every 2 hours until almost 3 months old. 

It's been over a year and I just don't know how to move pass this. We're trying to stay together, because if we did separate I would move back to my parents in another state. Which means our kids would never see their father. I married a man who I thought was an amazingly caring father who loves his eldest, but now I don't even know why I'm married to a man who for a while felt like he tolerated having more kids. If I had known what I do now I would have never married this man.

We can't afford therapy (I'm a stay at home mom because daycare for 2 babies was over 2k a month and even as 1 year olds it's just under 2k)

TLDR It's been over a year and I(28f) still can't forgive my husband(31) for our pregnancy. I felt like a single mom, a nanny, and had a husband who showed no love while I was pregnant. To the point I didn't even feel like I was pregnant. I'm now trying to move forward and find a way to forgive him."
1001,0,"I (26M) am not sure how to approach my wife (24F) about getting a vasectomy after our second baby.

So I met my wife at twenty-one years old and she was nineteen. We both worked at the same bar and restaurant and became friends then we started dating. About a six months into our relationship she got pregnant, she was on birth control but it seems we just got unlucky. I told her that whatever she decided I would support her. Initially, she chose to terminate and I made the appointment when we pulled up to the clinic parking lot the day of the procedure, she decided she couldn't go through with it. I respected her wishes and told her we'd figure it out. It wasn't easy but I managed to get an associate degree in biotech while working at the bar and she worked as a server while our parents supported us. They were pissed at first but decided that they'd just deal with the situation as is. Nine months later my daughter is born and we love her to the moon and back.

Here things really looked up I got a job as a BMA I after an old friend from high school put in a good word for me at a pharma company so I started to make some decent money. Then I struck gold when my aunt moved to Arizona to retire and gifted my wife and me her house. It's a very nice three-bedroom two two-bathroom property with a backyard. My wife and I decided to get married and we had a small wedding with close friends and family with my daughter as the flower girl. My wife has started an online business and has a decent following on Instagram and TikTok so that's an upside because she can work from home and be with our daughter while I'm working.

I'm doing well at my job I got promoted to a BMA II after working there for three years and I'm hoping to make it to a senior position eventually. Those of of you who work in Biotech production know you have to deal with crazy hours so I've occasionally had trouble balancing family life and work in combination with taking care of my daughter and the house. My wife and I floated the idea of having another baby but we never made any firm decisions. Even though we're stable we're not rolling in money. I told her I was pretty content with what we had and she sorta felt the same. Well...fate had other plans we found out my wife was pregnant. Sometimes lightning strikes twice so the birth control fails yet again. I told her the same I told her when she got pregnant with our daughter, that ultimately it was up to her and I'd support her either way. She said t"
1001,1,"ta felt the same. Well...fate had other plans we found out my wife was pregnant. Sometimes lightning strikes twice so the birth control fails yet again. I told her the same I told her when she got pregnant with our daughter, that ultimately it was up to her and I'd support her either way. She said that we weren't in the same dire straights we were with our daughter and we were more prepared this time and we had a spare room in the house. Was sad to say goodbye to my man cave but it's for a good cause.

We found out we're having a boy who is due next month. Recently I broached the subject of getting a vasectomy because given how we had two unplanned pregnancies in a row I'm not willing to risk a third. Don't get me wrong I love my daughter and I'm so excited to meet my son but I'm confident to say that I probably don't want more kids after my son is born, practically and financially speaking. My wife said to hold off because she wants to keep our options open. I mean I get what she's saying but unless I win the lottery a third baby would be a very poor decision. I explained that we have just enough room in the house we're not outnumbered and we have we'll have a boy and girl balance. I also said that given how her birth control failed twice getting a vasectomy means she could get off it and not worry about getting pregnant again. Ultimately we agreed to shelve the discussion until our son is born. I'm not inherently opposed to a third baby but I'm just speaking in terms of financial and time commitments. It was already hard enough to work a demanding job with one kid and we'll be at our limits with two. My wife is not opposed to abortion or anything but she is uncomfortable with it so it would be hard for her if we had a third unplanned pregnancy. I'm keen to get the vasectomy done but I want my wife to be on board as well. How do I approach this properly?

UPDATE: Thank you all for the feedback. I didn't really consider there might be other reasons of holding off on a vasectomy other than wanting a third baby. Anyway, I just suggested we used condoms as a second layer of protection after baby boy is born and my wife is ok with that. She also said she's gonna look into alternative forms of birth control with our doctor.

UPDATE 2: Little man was born 6 pounds and 3 ounces on May 24th, 2024 (right on the due date). Mom and baby are doing just fine and recovering. I'm absolutely over the moon right now and my daughter can't wait until we bring her little bro "
1001,2,"k into alternative forms of birth control with our doctor.

UPDATE 2: Little man was born 6 pounds and 3 ounces on May 24th, 2024 (right on the due date). Mom and baby are doing just fine and recovering. I'm absolutely over the moon right now and my daughter can't wait until we bring her little bro home. I'm thankful for my little family and am looking forward to my eight weeks of paternity leave so I can just live in our little love bubble.

\*\*TL;DR;\*\*: After two unplanned pregnancies I want a vasectomy but my wife is not sure."
1002,0,"Not bleeding after taking misoprostol

Hi everyone, just a little background I took Mifepristone yesterday, June 6, at 1:14. Today, June 7, my doctor instructed me to take nausea medicine at 12:30, ibuprofen at 1, then misoprostol at 1:30. Around 1ish, I had really heavy bleeding suddenly and maybe 3 blood clots come out. It’s currently 4:30 (it’s already been 3 hours since I took misoprostol in my cheeks), and I have very light bleeding and watery diarrhea. I also have bad cramps and feel a little dizzy, but I am scared at the lack of bleeding. Should I be concerned or is this a normal time frame, and will the bleeding start later? Thank you in advance"
1003,0,"What is a legitimate reason to NEED to abort at 8 weeks? I need an excuse to tell coworkers.

This may be against the rules but I'm getting my job back soon and someone let the cat out of the bag that I am (was) pregnant. I'm really afraid of the negative reaction telling my coworkers I had an abortion willingly, it's not a safe place and people there are really judgemental so if anyone knows a reason why someone would NEED to abort at 8 weeks so I can have a lie to tell them, so they would think it was unwilling. I live in a state where you don't a reason to fire someone and my manager is really really conservative and I'm afraid if he gets a wind of it, it'll end with me losing my job. Thank you 🥰."
1004,0,"The Answer to The Question, ""When Was Your Last Period?""

""Fuck the fascists. I'm not telling."" 

I take birth control continuously, and do not have a period. When healthcare providers ask ""When was your last period,"" they will not accept the answer ""I don't know/I don't have periods."" They insist on putting down a date and will make one up if I don't give them one (I know they are just checking boxes and are required to do this). This has admittedly been a minor annoyance, but with the [judge in Texas repealing privacy protections for women's reproductive health information](https://news.bloomberglaw.com/litigation/biden-reproductive-privacy-rule-halted-by-federal-judge-in-texas?utm_source=substack&utm_medium=email), I think it's time that we put our foot down and refuse to self-report this information. 

Hey, I get that providers have to protect themselves from liability and may need to do a pregnancy test or have you sign a release. But, in light of these exculpatory tools that protect them, they absolutely do not need to endanger us by requiring the date of our last period, unless amenorrhea is a concern during diagnostics, or it is actually relevant to the reason for the visit.

Let's say the date of your last period can be used in a criminal trial to estimate if: you could have been pregnant; how far along you could have been; or whether you engaged in activities which could have harmed a fetus between the time of pregnancy loss and the date of your last period--according to the health records they can subpoena. If that is the case--which it is looking more and more like it might be--then healthcare providers are literally aiding the prosecution of their patients by routinely requesting and recording that information, knowing that they can't block a court from accessing it (and many times handing it over voluntarily when not required by law, because they are afraid--as reported by Jessica Valenti in her Jun. 19, 2025 newsletter).

I am not going to be rude to healthcare workers just doing their job, but the answer to that question should no longer be expected from us. It is endangering us."
1005,0,"My boss is overstepping

I (F24) am pregnant with my first child. I work  an office job and sit all day. My boss (F30's) has been obsessed with diagnosing me with pregnancy ever since I got married, she'd give the you're gaining weight comments. Last week I missed work on Wednesday not because I  was sick but I actually had personal things to do, just said I was sick. When I got back to work on Thursday she started commenting about what I was having for lunch, how I should actually tell her what's up because she is a woman and she has been through it, she went as far as saying I should come to her office and talk about it. She said that infront of all my co workers. I didn't go then on Friday she starts asking about a report I normally do and she says ooh can you do it in your condition. Then again goes on and on about how I should come to her and talk about it. Like please respect me I don't want to talk about it why are you announcing my pregnancy to the world. I'm having a healthy pregnancy I don't throw up, I'm not sickly I deliver results. WTH, people need to respect boundaries.

Ps: I have had a miscarriage before and I'm anxious so I don't want to talk about my baby to people I'm not close to in case something happens 

I live in an African country and announcing pregnancy is not a thing.  We believe a bump will eventually pop so you don't need to tell everyone. Plus not everyone is happy for you"
1006,0,"Was I sexually assulted by my mother?

Im a 14 year old female with a history of self harm and sexual assult by other family members, im just not sure if this counts as sexual assult.

Eariler today I flinched away from my mother when she got to close, like I always do with people. She got mad amd got up close to me and said, 

""Youv'e never been abused or assaulted, so you shouldnt flinch."" when she said assulted she pushed herself against me repeaditly to immediate it and continued talking while i tried to push her away. I was cooking and had my device in my hand so I couldnt do much. She has never laid off when i told her to stop touching me or when i moved away from good night kisses. She has told me that i didnt have a choice in the matter before as well. Im not sure if i was sexually assulted or not but it didnt feel okay. I havent felt comfortable since. I lost my appatite after what happened and now feel absolutely awful. I dont feel safe in my own bed.

I just want to know what happened, becuase thoughts of self harm have started to come up more often the normal after the incident."
1007,0,"I’ve been sexually assaulted and harassed several times. I’m genuinely afraid of most men at this point.

I guess i just need someone to talk to and vent to. I figure if i share my story, i hope it can raise a bit more awareness to the stories that we are blind to and do not see. The thing is I’ve never told any authority or parent. Today was the day i sat by myself and realized how often it’s happened. I’m in the rated second worst states in the US for women and it’s devastating to think that maybe if i was somewhere else things would be better. the men here treat women so horribly. 

When i was 12, i had my first boyfriend who was over a year older. he didnt let me see my friends and eventually tried to get me to turn on my family. he forced me to perform oral. he’d threaten to kill himself if i didn’t do it. being so young, i didn’t know any better. i thought this boy would actually kill himself over me. 

When i was 13, i was raped by a 16 year old. it was my first time to have intercourse. i didn’t know his name.

i became increasingly hypersexual after middle school.

High school was much better besides the constant pain that i had when i wanted to have sex. i’d have sexually intrusive thoughts about classmates and teachers. It got so uncomfortable that i’d have to leave my class and sit in the bathroom and cry. i thought my past trauma would just be that: in the past. i thought i’d be able to move on and cope. 

There was one experience i had at 16 though when i was jogging outside my neighborhood. a group of college-aged men drove outside of the entrance and rolled the window down and yelled to me “i’d fuck the shit out of you.” i was so uncomfortable that i just turned around and walked home and cried. 

I had another experience when i was about 14 where my cousin had tried to get nudes from me and that was extremely terrifying and disgusting for me. my family does not tolerate that shit at all and my uncle definitely did a mark on him after that, rightfully so. 

in college, things got bad. it started at parties freshman year. my first ever frat party, i got so drunk i couldn’t even walk. a guy took me home and i just remember him holding my hair when i threw up and i remember him snapping it and sending it to his friends. i don’t know what happened that night but i woke up with my clothes on so i assumed nothing and i hope that assumption is still correct. i just left his place while he was asleep and walked home. 

at another party, i was stand"
1007,1,"i threw up and i remember him snapping it and sending it to his friends. i don’t know what happened that night but i woke up with my clothes on so i assumed nothing and i hope that assumption is still correct. i just left his place while he was asleep and walked home. 

at another party, i was standing with my friends and they had informed me that a guy sitting behind me was pretending to bite my ass and he grabbed it. i was drunk and didnt even notice.

i hadn’t had another bad experience until recently. like many of my other college stories, i was drunk and went home with a guy i casually hook up with. we smoked when we got to his place and i blacked out after that. apparently we had sex and i told him to stop because i was going to fall asleep and he did. i’m thankful he did that, but it’s terrifying to me that i didnt remember any second after i smoked. i’m sure he didn’t know that i couldn’t make sense of what was happening and i personally don’t have any blame or hatred towards him. but i felt like it’s worth including because i think it’s important for people to know that consent needs to be given in a state of mind where you know what decision you are making. i’ve had tipsy and even drunk sex that i was completely okay with. it’s a thing that happens. but i wasn’t ever drunk enough to not articulate what was okay. and that’s what i think needs to have more awareness.

last summer, my cousin who i’ve met once in my life came to visit. he is about 40. he was drunk and was hitting on me. he kept making comments about how hot i was. he told me when he first met me (i was 7) that he knew i’d grow up to be a beautiful woman. on its own, that comment isn’t bad. but with the other things he said, it just was even worse. it got to the point where my brother pulled me aside and asked me if i thought our cousin was acting weird towards me. he just told me to be careful. 

now we get to here. i’m 20. i recently went to jail for reasons i dont feel comfortable telling. (nobody or nothing was damaged. it was just a irresponsible mistake on my end). i was put on suicide watch and stripped completely naked, which was traumatic as hell for me considering the past. i was left naked for 8 hours in a room. as much i hate what they did to me, i know why they did it. the male detention officers would look at me through the door window and sometimes stare. i understand that they have to check on you every 15 minutes for suicide watch, but considering the past, i just fel"
1007,2,"left naked for 8 hours in a room. as much i hate what they did to me, i know why they did it. the male detention officers would look at me through the door window and sometimes stare. i understand that they have to check on you every 15 minutes for suicide watch, but considering the past, i just felt so uncomfortable and i could not stop crying and i had a full on panic attack. i had a blanket that i kept wrapped around me at all times. 

I spoke to an attorney today for my offense. he wasn’t my attorney but just stepped in to explain the details. he was a very powerful one in my state. he started off being kind to me. but as he kept talking he started making comments on how attractive i was. my parents were outside the room. i just brushed it off thinking he was trying to make me feel better until he talked about how i should be careful at college parties and then made a comment about how he’d go after me if he was younger. he also asked my about my mental health and past traumatic experiences because it would help me case in some instances. i told him my status and what happened to me when i was in middle school. he then asked me if i’m “promiscuous” because of it. i got extremely uncomfortable after that comment. he also gave me his cell phone number and told me to call him any time, even at 1 am. 

after all of this, i just can’t help but feel like i’ve been targeted and preyed upon my whole life. i feel like nothing but an object. i just want to feel pure and instead i feel dirty. i feel like part of my childhood was stripped away from me.

i’m going to talk to a counselor about everything. i just don’t know where to begin. this seems like so much that it seems unreal. the minor unwanted sexual comments and acts don’t have as much weight as the bigger acts, but it just all adds up. i’m just so tired. i feel like i’d never have any kind of mental illness had i not had to experience all this. i could be wrong about that but i definitely find myself disassociating all the time when i’m around men. it hurts because i know there’s good men out there, but i’m too scared to talk to them anymore. and it hurts that i have all this baggage to carry around with me. 

and the worst part is it’s happened so many times, i don’t think anyone would truly believe me."
1008,0,"I was so blind

I’m half asleep typing this so sorry if it doesn’t make sense. The amount of infatuation I had for this person has blinded me to his actions and true intentions. Mind you, I’ve hardly ever had any intimate interaction with anyone in my life. This was my first kiss. Before we met up for the first time I told him that I wanted to hold hands, kiss, and cuddle. And so we did. And now that the infatuation is gone I now realize what actually happened. He did more than that without my consent but I didn’t think much of it until now. There were holes in my jeans in my very inner thigh (where chub rub happens, very close to the private area) and he teasingly shoved his fingers in my pant holes. He also placed his hand on my inner thigh without asking. And at one point we were just looking at each other, and then he randomly put his hand on my neck. And after that interaction he’d constantly harass me in subtle ways, trying to get me to send him nudes even after I explained to him that I don’t enjoy doing that."
1009,0,"You are a mom.

I just saw a post in AITAH asking if it's ridiculous for a woman who experienced miscarriages to celebrate Mother's Day. I was ASTONISHED at the responses saying she wasn't a mom.

If you've had miscarriages and you identify as a mom - you're a mom. You birthed your babies, just far too soon. Your babies are real and were made with your DNA and EXISTED. I'm celebrating all of you this Mother's Day - including those moms whose babies aren't with us any longer."
1010,0,"Update: My (f22) best friend (f21) is moving in with me, but has now gotten pregnant and wants us to raise the baby together

Original post [here](https://www.reddit.com/r/relationship_advice/comments/hptbzd/one_of_my_f22_best_friends_f21_is_supposed_to/?utm_medium=android_app&utm_source=share)

So this was not a big post at all, but one or two people asked for an update if there were any and so here I am again. 

For a quick recap: I am possibly going to rent the entire 4 bedroom apartment I currently sublet a room in sometime around September/October and two of my best friends are moving in. My friend Layla has gotten pregnant and were planning to move in with me and have the three of us taking care of the baby, as physically and financially. 

I took the advice someone gave to talk to my other future roommate Indy about it, and we both agreed that it was not something we wanted to do at all, and we decided to confront her about it together so she could understand it wasn't going to happen.

We got together at my place on Tuesday and had some tea. We just sat down and said that basically we were very worried about her and the scenario that she had in her head about us raising the baby together is just completely irresponsible and we don't want that at all. We decided to not lay out the whole thing about her mental health, job situation and all that because we didn't want it to feel like an attack on her but more just us setting some boundaries. 
She got really emotional and told us that she knew it was ridiculous but she was scared and in shock and really didn't know how to react or think straight. Apparently it wasn't even her idea to begin with but some of her other friends we don't know very well who came up with it and sorta pressured her to feel a certain way because they were extremely excited for her. 
She just said that she has been crying every day since she found out and she's so scared for the future and really just want everything to go back to normal. At that point we just said that we totally understand and we of course will be there for her no matter what she decides to do, but we really also felt that it would be a lot for her to be a mom under these circumstances. 

So yeah. She decided getting an abortion would be the best thing for her. She said her initial reaction was to terminate the pregnancy but she had a lot if guilt associated with that as she has been brought up in a very conservative family
I'd rather not hear anything about t"
1010,1," these circumstances. 

So yeah. She decided getting an abortion would be the best thing for her. She said her initial reaction was to terminate the pregnancy but she had a lot if guilt associated with that as she has been brought up in a very conservative family
I'd rather not hear anything about the morals of that decision, as I don't think that would really be helpful to the conversation. We told her that we would be with her every step of the way if she needed it, and so we both went with her to the doctors on Thursday to confirm she was pregnant and to find out the options. Since she is only 6 weeks pregnant she could get some pills to take over a 48 hour period and that would make the embryo detach. She got the first one at the hospital on Friday where we were there with her too, and then they both stayed over at my place the whole weekend for the rest of it since her parents still doesn't know and she didn't want to tell them. 
My roommate is conveniently on holiday with some of her friends for the rest of the week so we had the whole place to ourselves and nothing to explain to anyone. 
She took the other pill yesterday and everything seems to be going smoothly, she just has a heavy period basically, which coincidentally ligned up with both Indys and mine (TMI sorry) so we have all been laying in my bed with heating pads and Netflix being a little miserable together, but things are going well and the pain have not been too much for just regular painkillers. 
There has been some crying, lots of hugs and long talks and walks in the forrest and I feel like things are going to be okay. They're both staying here until my roommate gets back so she can get through this in a comfy environment without having to pretend nothing is wrong. 

So yeah, it seems like the plan of moving in together is back on as originally planned, and everything will be okay. Layla was offered some counseling at the hospital about getting through an abortion and the feelings about it which she is starting some time next week.

Thank you so so much for the people who gave me advice when I needed it. This outcome is better than I could have imagined and I wouldn't have thought of doing it this way if it wasn't for you guys so thank you ❤❤


Edit: 

This got a lot more attention than I thought it would, given that my original post had 7 upvotes and 9 comments, so a bit of an overwhelming read this morning, but thank you to everyone for commenting, I've read them all and I'm very mov"
1010,2,"t this way if it wasn't for you guys so thank you ❤❤


Edit: 

This got a lot more attention than I thought it would, given that my original post had 7 upvotes and 9 comments, so a bit of an overwhelming read this morning, but thank you to everyone for commenting, I've read them all and I'm very moved by the overwhelming positivity! It feels really nice to know that you guys think we made the right call in going about it this way, and it means a lot to me that you think we are good friends ❤

I figured I'd just respond to some of the main comments/questions that I've received a lot so its all just here at the top.

So first off about getting an STI test; she already had that as part of the initial examination and she was all clear thank God!

Second about getting birth control, then she was apparently using condoms, which I didn't know when I made the original post, so correction there. Birth control pills are not an option as they don't react well with the particular type of medication she is already on. 

About her other friends, the ones who came up with the idea of us raising the baby together; a lot of people commented on how shitty friends they are, and I agree which is why they aren't my friends. Layla still likes them but she wants some distance. They have all grown up in the same church environment so I think she excuses their behavior because of that. They don't see abortion as an option so I think they were just trying to comfort her and look for a solution, though out of touch with reality. A lot of people suggested to tell them she had a miscarriage but we decided that telling them it was just a false pregnancy would be better because knowing them I would be worried that they might throw a memorial party or something of the sort for her and I just don't think that would be helpful at all. We've written a draft for the group text she has with them but I think she will wait a bit to send it out. Indy and I are just staying silent on the matter, I don't feel like it is my story to tell or not tell and I wouldn't be comfortable lying about it, so as far as we are concerned, she just had a false positive pregnancy test and that's all we know.

Someone brought up about health insurance and if it would be possible that her parents could find out that way, but we live in a country with a free health care system so that was thankfully not a concern. 

And lastly; some people brought up that she shouldn't move in because she sounds unreliable and irresp"
1010,3,"ought up about health insurance and if it would be possible that her parents could find out that way, but we live in a country with a free health care system so that was thankfully not a concern. 

And lastly; some people brought up that she shouldn't move in because she sounds unreliable and irresponsible. I will definitely agree that she was out of touch with reality for a while there but seeing how difficult of a time this has been for her I really don't blame her at all. I would probably have done something equally crazy if I was in that position. I have probably also made her sound a bit worse than she is because I was pretty annoyed with her when I wrote the first post. She is normally a very responsible and reliable and I trust her completely with moving in as I wouldn't have asked her in the first place if I didn't think she could find a job and pay rent, just I did not think she would be able to do that with a child too. 

On just a final note; I didn't really want to have the morals of the decision to terminate the pregnancy discussed but I guess that's inevitable. I'm surprised by the number of people being supportive and finding comfort in the way we went about it and talking about their own experiences. That makes me happy to see. 
To the people who disagree then I'm not going to have that discussion. It's not my choice to make or to decide between right and wrong and if you want to judge me or my friends for making the choices we thought to be right then you can just go ahead and do that.

To everyone wishing us the best I wish you the best right back and I'll make sure to give her hugs from all of you ❤"
1011,0,"My teen daughter is pregnant

So I had my first born(16F) when I was 17 years old and STUPID. Her bio dad refused to be in her life and my parents kicked me out when I was six months pregnant. So I’ve been on my own ever since. When she was 5 I met my husband and her stepdad… we had three children of our own all boys🥹🥰🥳 cause that’s what I wanted I wanted to be a boy mom but I was so happy with my daughter didn’t treat her any wrong loved her just the same and her step daddy did as well they have a great relationship and she even calls him daddy now. But our kids are (16f, 6M, 4M, and 2M) yea we know 10 year difference but they love each other to death.

About last Halloween my daughter told me she like this boy at school he is (17) and I was okay with the ages, and he was a nice, sweet, loving, respectful guy. So they started being around more often then around thanksgiving they officially started dating and me and my husband was okay with that because they were old enough and mature enough on our book. Around February time I started to see her acting different and she wanted to be less around us, also wearing baggy clothes I didn’t care o just thought it was something teens were doing these days. Back in June I found a pregnancy test and it was positive now I’m not gonna lie my brain exploded because I thought my baby was gonna be a mommy. But I asked her and she said yes it was hers so I went in my room and cried and cried and cried. 

I was walking to her room and overheard her boyfriend talking and he said “Don’t worry baby, I’m right here with you. I promise no matter what I will love you and this baby. Our baby” that melted my heart because I’ve never met a boy that age willingly to give up his life for a child. I told her I was there no matter what. But how do I be there for her? I don’t know how my parents weren’t there for me? So I do I do something I never done or thought I would have to do?

Edit: this is a different account, the old post was my nieces but this I mine"
1012,0,"My (23f) bf (22m) said he would tell his family if I had an abortion and I'm not happy about it

My bf and i were talking about what would happen if i had to get an abortion one day. We are both in agreement that i wouldnt be going through with the pregnancy, but a big conflict has arisin. 

I have asked that if it happened that he not tell any of his family and keep it a secret. He doesn't agree and thinks that because his family is his main support network he should be able to confide in them if he needs to. My opinion is that although it might affect him, his feelings about the hypothetical abortion are not as important as mine.

For context, he is very close to his family and usually confides in them, but I am not particularly close with any of them. His family is catholic and i believe i would be judged for it, though not necessarily openly. 

Do you think im being unreasonable?

Edit: Can you please stop telling me how awful my bf is, we have a very loving relationship and i just wanted some perpectives on a disagreement we had. These comments are unproductive and unhelpful.

Edit 2: to clear up some confusion, his family are not fanatically religious, just a bit catholic. Eg. They dont go to church unless its easter/christmas. Bf was born catholic but he doesnt practice in any way and doesnt believe. 

Both of us are strongly pro choice and neither of us want a child."
1013,0,"Baby? What baby??

Went to grab some donuts this morning for me and my mom. Heres how the conversation went: 

Me to cashier: 6 donuts and one croissant please. 


Old man behind me: That baby sure is hungry huh! I’m afraid you can’t grow no more! 


Me: What? 


Old man: Talkin’ bout that big ol’ baby!  You feedin em’ right this morning! 


Me: Baby? 


Old man: *stares emptily at my humongous 36 wk belly* 


Me: I’m not sure what you mean, but I hope to have a baby some day. 

Watching the color drain from his face was hilarious. I know he meant no harm, most usually don’t, and it’s very obvious I’m pregnant. But idk how many times pregnant women have to tell you NOT to comment on their bodies please!

ETA since I have some grouchy grannies in the comments: I laughed afterwards and we had small talk about my pregnancy and about what I was having. I didn’t just leave him hanging. But even if I did, it’s NOT polite to make comments about how big somebody is or how much they are eating. A lot of women struggle with ED or just insecurities in general about how big they have gotten during their pregnancy and those harmless comments can do a lot of damage to women who aren’t prepared to hear them. What doesn’t bother you may bother others; please keep that in mind. So, y’all can kiss my behind.

Another ETA after I’ve read through all of these comments: 

MORE reasons as to why you should NOT comment on a pregnant woman’s stomach: There are women who have suffered stillbirths and still look pregnant after delivering their child, so comments about “oh how big you are!” can be INCREDIBLY damaging and possibly spiral them in a whirlpool of depression or self harm. 

Also, take into account rape victims who are carrying the child to term to give the baby up for adoption and have no emotional connection to the child. They don’t need to be reminded that they are growing a child that they do not want due to circumstances that were not up to them - because once AGAIN… it. can. be. DAMAGING. 

Women who actually AREN’T pregnant who are experiencing health issues or *actually* are growing a cancerous tumor fit into this as well. Wouldn’t you feel like such an asshole if you told a woman her *tumor* was oh so big? Yeah. Thats why you simply… *shut the fuck up and say nothing.* ✨

These are all VERY real scenarios. 

But I’m starting to see that these are big words for some of you guys and all logical has left the building, so just please try to keep any of this in mind n"
1013,1,"old a woman her *tumor* was oh so big? Yeah. Thats why you simply… *shut the fuck up and say nothing.* ✨

These are all VERY real scenarios. 

But I’m starting to see that these are big words for some of you guys and all logical has left the building, so just please try to keep any of this in mind next time you “harmlessly” decide to comment on somebody’s body. :-)"
1014,0,"I [34f] found out my now husband [m32] cursed up an abortion pill in my drink when we first started dating.

Well… I found out my now husband been married 5 months ordered an abortion pill from HeyJane when I was 3 months pregnant. 

It all started when he had to back up his phone and all his old deleted text messages came in. I saw a text to his best friends sister asking her to order it, and he said “ I’m just going to crush it up and put it in her drink.” At this time I was 3 months pregnant. 
Shortly after a month after those texts were sent ( April 12) from him, I had what I thought was a miscarriage (May 31st).

Fast forward to today, I know the truth. All throughout our relationship I wondered why I saw a HeyJane order on his text for verification. I asked him about it a while ago and he said he ordered it for his friends sister. We had just started dating when I found out I was pregnant. Now that we’re married I am in disbelief! 

I’m crushed! I don’t feel safe at all around him now. I’m at loss for words. He said he’ll take a lie detector test? I told him  to stop being manipulative and he know what he did! He’s on a flight back to NY tonight and I can’t even think straight. I’m still in shock.. heartbroken and ruined by it."
1015,0,"My Mom Snooped Through My Room, Found Out I’m Pregnant, and Now I Have to Hide My Abortion Plans

Yesterday, I went to a concert, and when I got home, I was almost certain my mom had gone through my stuff. I’m almost 21 (F), yet she still pressures me to stay on birth control, even though it’s caused me all kinds of health issues in the past. That’s why I’ve decided to switch to an IUD.

To complicate things, I recently found out I’m pregnant and have decided to get an abortion while also getting the IUD. But here’s the thing—I have to hide all of this from her because she’s the least comforting or supportive person I know.

When she came home, she insisted we talk in my room, cornering me, which felt off to me immediately. I refused, sensing something wasn’t right and she said I don’t care I’m your mother I’m going in your room. I refused and we went into my sister room where she then pretended to be interested in my day only to end the conversation with, “Youre going to go into your room and show me your birth control pills so I know you’re taking them.” That’s when it hit me—she’d gone through my drawers and figured out I wasn’t using them.

I’m also sure she saw the positive pregnancy test I had hidden there. Instead of asking me how I’m doing or offering any kind of support, she just coldly said, “Abortion isn’t a form of birth control.” 

I feel completely violated and alone. Am I wrong for feeling this way? And how do I navigate this situation while keeping my plans private? Is this something to move out cause of?"
1016,0,"I don’t know if it was sexual assault ? (TW/SA)

When I was approx 8-10, my friend (who was also the same age) introduced me the porn for the first time. 
Obviously this was a scary experience and is still engraved in my mind today. 

This then led to oral sex between us - this being confusing and unpleasant as I was the only one to be on the receiving end  
 
For years this has given me severe guilt and even led to me thinking what I thought was suic1de ( pre-teen me found out that you can’t die from holding your breath). 

I often find myself thinking about this experience, never seeing myself as a survivor of anything but always (in some way) relating to survivors. 
I’ve also come to realise that maybe this has also subconsciously affected me through to my teenage years ?

I was wondering if anyone else who has experienced something similar to me could provide me with advice on how you came to terms with it. 

Thank you🙏"
1017,0,"SIX. MONTHS. to get rid of retained tissue: what I would do differently next time

First time posting - wanted to share my story because of all the hours I spent combing through Reddit as I went through this experience over the past 6 months.

Jan 1: positive pregnancy test
Mid Feb: confirmation of pregnancy appt revealed blighted ovum (~9.5 weeks). HCG level was 268,000.
End Feb: took misoprostol and passed a LOT of tissue. Took pregnancy tests at home for the next month or so and never went negative. Started going in for weekly blood tests and HCG was slowly going down, until it plateaued around Mid May so I went for an ultrasound that showed retained pregnancy tissue.
End May: went in for d&c, then 3 weeks later before post-op appt I took a pregnancy test just to see if my HCG levels were still high (totally thought it would be negative - ‘twas NOT). Asked for ultrasound and the retained tissue was the SAME SIZE. Scheduled a second d&c and pretty much demanded that it be ultrasound-guided to absolutely confirm the tissue was gone. Procedure was done yesterday (end of June…so six months later. Unreal.) and the OB said that she had to do several sweeps and was about to do a hysteroscopy, tried one more sweep and finally got all the tissue out, it was super fibrous and calcified. 

If you are reading this in a similar situation, please learn from my mistakes. If you have a retroverted uterus, PLEASE ask if your d&c can be guided by ultrasound. If I have a miscarriage again I am not doing cytotec, I am RIGHT off the bat going to ask for an US-guided d&c. Thankful for this community and all I have learned from it - here’s to effective self-advocacy!!!"
1018,0,"I am about to have abortion. I am scared.

I am about to have abortion now. I have taken the pills and waiting. I am scared.need support"
1019,0,"40 week stillbirth. No answers.

I was here throughout my first pregnancy 3 years ago, and I loved this community. 

On June 28th I went into labor with my second son at 40+5.  I was attempting vbac after a hard recovery from an unexpected c section with my first child. My labor was unremarkable. No emergencies. Pushed for 2.5 hours. My son was born on June 29th. I reached out for him, the nurse said congratulations. But something was wrong and they whisked him to the other side of the room. As far as we know, he was alive until the moment he was born. He kicked throughout labor. His heart monitor wasn’t alarming. I reached for my son and they took him aside instead. They worked for 45 minutes to get a heartbeat back, and recovered a low heartbeat that was only sustained with life support. 

I got to hold him in the NICU for a short time with my husband before they took out the tubes and he died in my arms. I said hello and then he was gone. He never took a breath on his own. I never heard his cries. He never saw my face. And he is just gone. 

We had an autopsy done. It showed signs of infection and his death certificate says hat he suffocated. Our OB maintains there was no emergency moment. No signs of infection and  that she was as shocked as we were. I was there and I saw her face and I know this is true. 

He was 8lbs 12oz. He was perfectly healthy. This shouldn’t have happened. He had brown hair and his report says that he had blue eyes just like his big brother. 

No one talks about this sort of thing. I was so fearless and determined during my labor and delivery and it never even crossed my mind that my baby could die this late, and for an unexplained reason. Feeling like that makes you think you’re the unluckiest people in the entire world and no one could ever understand your pain. 

So many of my friends are pregnant or have had their babies (all boys, too) since we lost him in June. Being alive feels like incredible torture and everyone else seems so happy. 

We need to be honest about risks. Complications. To not be so naive during pregnancies to think everything will be perfect can be harmful when it’s you who experiences something like this - I’m not saying we shouldn’t try to enjoy that time being pregnant and instead just be a ball of fear - but I think it would have made a difference for me if I’d ever even HEARD of something like this happening. 

I want to honor my son and scream his name from every mountain. That’s all I’m doing. Thank"
1019,1,"not saying we shouldn’t try to enjoy that time being pregnant and instead just be a ball of fear - but I think it would have made a difference for me if I’d ever even HEARD of something like this happening. 

I want to honor my son and scream his name from every mountain. That’s all I’m doing. Thanks for listening. 

His name was Miles."
1020,0,"No! Men DO NOT and SHOULD NOT have a say in a woman's abortion! Jesus Christ that we even need to talk about!

Just been back from a guy who said exactly that.

""If the woman wants an abortion, the man usually has no say in it at all, which makes him a lesser parent automatically. I'm not sure how to do that differently but I think it's kind of messed up that it is that way.""

Honestly; while the topic of abortion is very complicated (and I'm not going to start a debate on it, because that'll only end in war) -why the fuck do some men still jump around this topic?

""Oh hey. I know that the woman I fucked will carry all responsibilities, health issues, changes for 9months and has to risk her life in a painful labour that could -even today! - kill her, but hey, I just want a kid y'know""

You're not discriminated because you can't get a spawn you can ignore for 18years. You don't get a say because you don't have to go through the shit a woman has to go through!

In general: WHY THE FUCK are some men so eager to fuck with a woman's health?

""I want a say in abortion""

""I want a say if she can get her tubes tied""

""I want a say in if she's really sick or just paranoid.""

""I know rape's bad, but I don't like the idea of  devices like Rape-aXe, because I think it's still too cruel for the rapist to get his peepee hurt""(no joke! Had a guy say this in a thread about the thing)

# EDIT 2.0 PLEASE READ THIS SHIT BEFORE YOU SPAM MY INBOX FULL OF THE SAME 3 OPINIONS!

So, I had a lot of people confide in me, that the reason I have this war in the comments is because I phrased it bad. Which...yes, I see how this happened. Therefore, I made a final re-edited list of all the things I have to say. If you answer anything after that I'm not going to respond anymore. 

1.) When I said ""men SHOULD NOT have a say in a woman's abortion!"" I don't mean you can't issue your opinion/ concerns or values as the father of the child/bystander.

What I meant was: You cannot & should not be able FORCE a woman to carry your child.  
Women already have big problems with wanting their tubes tied, because ""what would your (future) bf/husband say"", or getting rejected from doctors because of sexism (for those stories, just browse the rest of this sub).  
They shouldn't also need to collect a form of ""stamp of approval"" before getting one. Y'know, like ""you must have this item to pass the gate"" style.

If you are in a relationship which is not abusive -of course, talk to your partner. Women hav"
1020,1,"(for those stories, just browse the rest of this sub).  
They shouldn't also need to collect a form of ""stamp of approval"" before getting one. Y'know, like ""you must have this item to pass the gate"" style.

If you are in a relationship which is not abusive -of course, talk to your partner. Women have the final say, because they carry most of the burden physically & mentally, but getting an abortion behind your partner's back is still an asshole move.

On the opposite: You can't force a girl to get an abortion, if she doesn't want to.

2.) On the topic of child support:

I mostly agree that men should be able to walk away from it all, if they don't want to raise a child.  
There are commenters who rightfully pointed out that there are places where child support is necessary (aka woman has no access to safe abortions & generally gets screwed over more), but regarding I did this with a...okay, there are also places in the west where women have no access to safe abortions. So let's...ehm...let's rather focus on getting more legal Planned Parenthoods & co.

3.) On the topic of abortion per se:

As much as I aimed for it with such a title; this is not a place to discuss the ethics of abortion. It always boils down to your personal subjective opinion, your religion and otherwise. Please.

4.) Same goes for meandering topics like military, politics & co.  
Let's at LEAST keep it on topic.

5.) Though more rare; yes. I KNOW that transmen & nb people can get pregnant too. But please. This is not a ""woke"" debate. It was a rant I had over a guy and I'm not a person that likes to get into meander territory, because I already have a tendency to meander.  
However, same rules apply to you of course.

6.) Guys, these ""if a woman don't want to get pregnant, she just shouldn't have sex"" comments are so bad American sex-ed tapes.  
We all know that there is something that can go wrong during sex & pregnancy. Birth control can fail. Sex is not ""just"" for making kids (it's designed for it, but you also don't use a spoon to eat soup, right?), a fetus can become deformed, a woman could have been pressured into sex, doesn't have the recourses...there are a lot of reasons.

Of course, abortion is not a ""quick fix"". And most women don't use it as a ""second birth control"" to ""whore around"" -get this shit out of your system please.  
However, we can all agree that abortions won't stop when make it illegal. We'd only stop SAFE abortions. So let's do the most objectivley progressive th"
1020,2,"bortion is not a ""quick fix"". And most women don't use it as a ""second birth control"" to ""whore around"" -get this shit out of your system please.  
However, we can all agree that abortions won't stop when make it illegal. We'd only stop SAFE abortions. So let's do the most objectivley progressive thing and try to create better circumstances for young women to get & raise their babies, while also allowing them to terminate them. Call it a ""necessary evil""if you must.

And lastly:

7.)Thanks but...no. I don't ""hate men"".  
Yes, this was a very aggressive rant, but no, I did not ""sexist"" against anyone on purpose (cookie for the user who gets the reference).  
With ""You're not discriminated because you can't get a spawn you can ignore for 18years"" I made a reference to all the stories of men that -unintentionally or not - leave child raising mostly to the mother, or think doing the bare minimum makes them a good Dad.   
These Dads/ in general; a lot of men often don't see the other side -the side of the mother - and therefore have a bit of an watered-down perspective on pregnancy & labour.  
Stuff like ""it's just 9months"" or ""yeah, labour is bad, but have you ever got a kick into the balls?"" (not opening a pain-olympics here).

Again: Thank y'all for the awards! I'm very grateful for them! And hope ya all have a nice day!"
1021,0,"Vasectomy failed.

My husband got a vasectomy last March and his sample had came back negative after the procedure, so we thought we were in the clear. I got off the pill and my OBGYN warned me my periods may become sporadic and that we can just put me back on the pill if they do. Well they were normal (monthly) until they weren’t.

I didn’t think much of it at first because of what the OBGYN said. It wasn’t until TODAY I decided I better take a pregnancy test *just* to rule it out, since my breasts had been achey. Again, I thought it could be my hormones out of whack after being on the pill for so many years prior. Well, two tests later and they’re both positive. 

My husband and I are beside ourselves and were not expecting this AT ALL. We have two kids ages 6 and 4 and do not want another one. Not to mention I was living life like I *wasn’t* pregnant, so there was some drinking. Not every night, but enough that I’m scared about the baby’s health if we proceeded with the pregnancy. 

We decided on an abortion. I’m freaking out. I’m so far along (I’m guessing 15 weeks or so) and it’s not until May 4th. I am just feeling like shit about the whole situation. 

Anyone have any words or encouragement to help me get through this? We aren’t telling our families, they are are all very much anti abortion. Thanks"
1022,0,"how do i cope with assault + sobriety?

today is my second day sober since i was raped two months ago. i’m really struggling, does anyone have any advice? now that i’m sober all i can think about is the assault. it’s like i can still feel his hands on me and still see the bruises. how do i keep these intrusive thoughts at bay?"
1023,0,"I don’t know what I went through and I feel like I can’t speak to anyone about it. Please help me figure this out if this makes sense to you ......

So I don’t really know what I’m about to write because I’ve never explained my story in the way I see it now I’m more grown up. 
I liked to think I was a slightly rebellious 15 year old and that I was mature enough to hang around with older guys. I always craved attention from males because I thought it was validation to me that I was special. 
This is where is gets complicated. I used to want to go out with these men. Me and my friend (same age as me) would go out with these two men, (i couldn’t tell you their ages as they lied about names, ages etc, but I know they were older than 19) and we would be picked up by them in a car and they would drive us around selling drugs and they would buy us alcohol which we would drink and get extremely drunk and then we would have sex with these men on multiple occasions, and after they would take us home. At the age we were at the time we just considered it as sex and we would tell people and we would always be slut shamed and no one would ever mention that we were in a bad situation and that it wasn’t our faults. 
We grew attachments to these men, but they were just using us and deep down we knew it, but would always be there to meet them or sneak out in the middle of the night for them. 
Me and my friend became distant and I started meeting one of the men on their own and then he started bringing another friend out as the other one who I was ‘sleeping’ with didn’t want anything to do with me anymore and threatened me if I contacted him again. Anyway, I started seeing this other mans friend and I felt like I was in love with him. He also avoided to tell me his real name and age and would contact me on different numbers and social media accounts. Little old me just craved attention and wanted to be loved as I was going through personal things at home at the time. I was basically used by him as well but in a more emotionally manipulative way that hurt me more than the first man. I knew all these men were seedy characters, but that made it more exciting for me at the time because I felt special, when infact I was just a young girl they could manipulate and get anything out of me. 
At this point I’ve just turned 16 and I’ve been pushed away by this man and he seems to not be that into anymore. I was then contacted by another one of their friends at Christmas time and me bei"
1023,1,"e I felt special, when infact I was just a young girl they could manipulate and get anything out of me. 
At this point I’ve just turned 16 and I’ve been pushed away by this man and he seems to not be that into anymore. I was then contacted by another one of their friends at Christmas time and me being the slut I thought I was, liked his attention and then I planned to meet him on New Year’s Day. I was at my friends and at this point in my life I was very much into drugs and the drug of choice on this New Year’s Eve was Xanax, now if you’re from the UK you know Xanax in this country are fake as hell. Filled with all different chemicals. I took about 4 and then decided I wanted to see this man now. I left my friends in the early hours and walked to this guys house on my own and I don’t remember a single thing after getting into his home. I woke up naked and confused. He told me what had gone down and that we had sex most of the night. I don’t remember and he knew I was fucked up because he was laughing about it the next day. I thought it was weird but funny and I shrugged it off. He had sex with me that morning too and I left. I felt dirty but I didn’t feel like I’d been assaulted because even tho I couldn’t remember a thing he said I was agreeing to what was going on. All my friends just considered it to be sex and all labeled me a whore behind my back. I thought that about myself too. I would go and see this man a few times after thinking maybe I liked him. But I was scared of him and I wanted to know what his friends (the two other men I slept with) were up to because I “missed” them. The reason I was scared of him is because I found out he had got a girl from my school (a year before I knew him) and pushed her into havinf sex with him (she was a virgin) and then he got his mate to come round and told her to have sex with them both. He then threatened her saying he recorded her and would post it on Facebook. Shocker alert, he threatened me too when I didn’t want to see him anymore  by saying he recorded me when I was fucked up wnd he was going to post it on my Facebook. He didn’t end up doing so but I was scarred because of it. 
There’s more to my stories but I’ve missed the time lines from when other events occurred, but these are the main situations that I have been thinking about today. 

I’m not sure what it was I went through, but now I’m a few years older I feel sad and angry. I’ve only now realised it’s caused me a lot of anxiety and depression. I "
1023,2,"’ve missed the time lines from when other events occurred, but these are the main situations that I have been thinking about today. 

I’m not sure what it was I went through, but now I’m a few years older I feel sad and angry. I’ve only now realised it’s caused me a lot of anxiety and depression. I don’t know what I’d label it because people in my life just think it’s another sex story. But now I’m feeling like it’s more than that.......

I just don’t know how to feel anymore and how to come to terms with it. It’s not the average story and I’ve always thought it was my own fault and that I always agreed to sex or sexual acts but I was always under the influence.....
Please I need help and advice because I can never move on if I don’t know what happened to me. It’s taken a lot from me and I’ve suffered from my mistakes as a younger teen, I felt like I grew up a lot at a young age and I lost a lot of my young teen years.
I’m hoping by putting this down in writing anonymously will bring me a feeling of empowerment and freedom. Thanks for reading x"
1024,0,"Remembering my Repressed Sexual Assault

Hi everyone. I didn’t know where else to post this. Yesterday, I was listening to a podcast on sexual assault when i began remembering events from my childhood. When I was around 10, my cousin sexually assaulted me over the course of three months. I hurt so much. I never realized it was sexual assault until now. I’ve always felt an uneasy sense around my abuser and this explains everything. This is so hard."
1025,0,"Advice on my sister’s assault

today my sister (age 17) and i were fighting over the phone about something somewhat work related (we work at a restaurant together) and she said something about working with a rapist while she was screaming at me, talking about this other kid we work with (age 18). i asked her what she meant and she said he didn’t rape her but he made her do things she didn’t want to do but wouldn’t talk anymore about it. i have no idea when it happened or what happened. i don’t expect her to tell anyone because i have been sexually assaulted and raped throughout my high school years (she just graduated last week and so did he) and i never told anyone except a few friends and my now partner. i do feel as though something should be done in her case because we work with him. i know how it feels seeing someone who sexually assaulted you and having to interact with them afterwards and i don’t want my sister to have to go through that, no matter how much she tells me she’s “fine” (is anyone fine after that? it’s been 5 years since the last time this happened to me and i still wouldn’t say i’m “fine”, especially if i had to see him). not to mention my sister is the most emotionally unstable person i know, and my parents and i think she is bipolar but nothing has been done about it. i just don’t know what to do, i don’t want her to work with him and i sure as hell don’t want to work with him. i don’t want to make anything worse for her by telling someone but this really just feels like a conflict of interest i guess?"
1026,0,"Having an abortion is not that big of a deal to me, everyone is just acting like it should be?

I know everyone reacts to things differently I just see all these posts about how serious people take their abortions, their loss of pregnancy. Personally I don’t see a difference from those people that do IVF and trash all their excess embryos or the women that just spontaneously have miscarriages. There is no moral right or wrong for this disposal, just because it’s in my body and I choose what I want to happen to
it?

I was scared because of the lack of access and the amount of time I’d need to take off to go to another city, but if the abortion clinic was accessible and didn’t have crazies outside it I don’t think I’d be worried at all?  I really tried to give myself space to mourn if needed, but I felt
nothing. I’d have passed that egg with my period if my birth control didn’t fail. This time it just so happened that there was a sperm in there as well. I feel absolutely zero guilt.

I hope me saying this helps some other people realize it is morally neutral action to alter you body as you see fit and you don’t need to perform grief to justify your choices."
1027,0,"Surgical abortion at 6 weeks 1 day Planned Parenthood in Kansas

I wanted to share my surgical abortion experience at Planned Parenthood because I really wanted to know what to expect before I went in, but couldn't quite find what I hoped to find, so I'm hoping this helps put someone at ease or answer some questions.

I was 1 day late and tested positive. The next day I contacted my Dr and got 3 doses of misoprostal which is the 2nd set of pills for a medical abortion. Nowhere near me can you obtain the 1st pill which blocks progesterone (and happens to be a big part of the success rate).  After about 9 hours I did bleed and pass some tissue. I had cramps but I took ibuprofen and used a heating pad. 

I got a sonogram the following week and measured 5 weeks and 5 days. A yolk sack was present, so the pills did not work. I'm not exactly shocked as the success rate is much lower without the mifepristone AND it also turns out it may have been a tad too early.

At 6 weeks and 1 day I had my appointment at Planned Parenthood. Being early in the pregnancy, the total cost was $750 (the further along, the more expensive). They have an email you can reach out to in hopes to get some financial assistance if you need it. 

Here's what that day looked like:

Protesters were standing at the entrance to the parking lot, but I didn't realize that's who they were. They had reflective vests on and tried to wave me in which I felt weird about so I went to the other side where there was no one. As I was walking in, the same people hollered at me ""hey, ma'am!"", and waved me over. I ignored them and was let into the building by a security guard. You cannot bring in a phone, you need an ID and you have to wear a mask. 

Check in was easy. They have you pay what you owe. You watch two 5 minute videos about sedation options and the procedure options. Then you read through paperwork in a packet. You sit in the main waiting room. FYI, If you don't have a ride home, you can't get sedation. Also, this location didn't offer heavy sedation (I think there's a better term I just can't remember).
 I didn't have a ride home so I planned to only have the shots to numb the cervix. 

Next was the sonogram. I was asked if I wanted to see the monitor, if I wanted pictures and if I wanted to know how many babies they see. Then on to a different waiting room. 

After a short wait I was called back to education where they prick your finger, take blood pressure and oxygen. Then you sign to acknowle"
1027,1,"onogram. I was asked if I wanted to see the monitor, if I wanted pictures and if I wanted to know how many babies they see. Then on to a different waiting room. 

After a short wait I was called back to education where they prick your finger, take blood pressure and oxygen. Then you sign to acknowledge the paperwork you just read through earlier. She offered to answer any questions about the procedure and reviewed birth control options, which you can get for an additional fee. After this, she led me to what is the recovery room. This room has about 8 chairs separated by curtains, each has blood pressure monitors, chairs, trash cans. All of the staff is in that room separated by a glass wall so it was a bit uncomfortable because you're basically facing them from across the room as you wait in your little section. 

A nurse came in and gave me ibuprofen, an antibiotic and anti-nausea pill- she checked my vitals and asked me if I had questions. A Dr came and introduced herself and told me she'd be in the room. A different nurse came in and guided me to the procedure room. She would end up being a support person during the procedure. She had me get set up on the table (legs up in stirrups, bottom at the end of the table, just like a pap, but these stirrups were more comfortable) she explained the laughing gas option which I guess is a new option for those that don't have a drive home, but it offers some relief and wears off quick- the idea is for it to help take your mind off of the procedure as it doesn't necessarily offer pain relief. This is patient guided so you can breathe it in as needed. She was sweet. Offered to hold my hand if I needed. 

A sonographer came in and introduced herself. She would monitor the uterus before and during the process to ensure the process was complete. The Dr from earlier, and another Dr (a man) came in and introduced themselves and instantly got started. I opted for a pap so they did that, then the pinches from the cervix numbing shots. The whole process was quick and had some painful parts, but it was over before I knew it. The shots stung, and then I feel like they instantly started the suction which was pressure and a pinch. They did that what seemed like 2x. The sonographers pressure on the belly helped take my attention away for a second.  And the nurse/guide was taking me through it the whole time, telling me I was doing great, deep breaths and let me cry once I realized it was all done. This is when I bawled. The Drs a"
1027,2,"y did that what seemed like 2x. The sonographers pressure on the belly helped take my attention away for a second.  And the nurse/guide was taking me through it the whole time, telling me I was doing great, deep breaths and let me cry once I realized it was all done. This is when I bawled. The Drs and the sonographer were all out quickly after it was done so it was just the nurse and I. She helped me put on these weird underwear and a pad. She kept telling me that the right choice isn't always an easy choice. 

After this, I was taken back to recovery. My vitals were taken, I was given a heat pack and offered a snack. My pad was checked after 15 minutes and since I wasn't bleeding a ton, I was able to leave. 

I was walked to the front waiting room and able to leave. 

This must have been a lucky day because from check in to departure, I was there for 2 hours, that's it. 

The decision to have an abortion is hard. Abortion isn't fun, and the right choice isn't always an easy choice. I'm just so thankful we have places like Planned Parenthood"
1028,0,"My experience with Medical Abortion- Australia

On Saturday the 7th of June, I had my first abortion. I was 6 weeks and 5 days pregnant and I found out at 4 weeks. As soon as I took the first test and it was positive I booked a doctors appointment for 3 days later as it was the only appointment I could get with a Woman at my local clinic. She explained to me and my partner our options and said that she would not be able to prescribe the medication as she is not trained and I would have to see another doctor in the clinic. She gave me a blood test referral and said I would have to wait till I was 6 weeks to get an ultrasound to confirm that the pregnancy was ectopic. I was extremely frustrated that I would have to wait so long, the day of my appointment I spent in bed crying to my boyfriend. I was not feeling regret or second guessing my decision but I felt very out of control both physically and mentally. I did not feel like myself, I was defeated and felt like there was a parasite inside me. 

The next week I had an appointment with the doctor who would prescribe me the medication. She was supportive and went over the steps and how I would feel physically. After an excruciating 2 weeks of waiting I had my ultrasound ($152 out of pocket but got $57 back with Medicare at Queensland Xray) I asked her not to show me the screen and she was fine with that, my boyfriend saw the screen and said it was just a blob which I knew that’s all it would be. I did also have to get an internal ultrasound as it was still early. I ended up with some pretty nasty morning sickness during my sixth week and couldn’t go to work. I had my 3rd doctor appointment so I could be prescribed all of the medication and she went through the instructions again. I was prescribed the MS2 Step, Ondansetron 8mg and Oxycodone 5mg. I was very adamant that I wanted stronger pain meds than Paracetamol and ibuprofen as I had read a few horror stories on here. 

At 4:30pm on the 5th of June I took the first pill, and I took the second step (4pills) on the 7th at 12:30pm as that is when I was instructed to take them. I took the Ondansetron at 11:30am and took paracetamol and ibuprofen at 12pm. I left the 2nd step in my mouth for 30mins as instructed. By 1:30 I started feeling cramps and felt extremely nauseas but tried to not vomit as I didn’t want to redo the whole process. By 2:30 the cramps had definitely started getting worse so I took the oxycodone I could feel bleeding but was in too much pain t"
1028,1,"d step in my mouth for 30mins as instructed. By 1:30 I started feeling cramps and felt extremely nauseas but tried to not vomit as I didn’t want to redo the whole process. By 2:30 the cramps had definitely started getting worse so I took the oxycodone I could feel bleeding but was in too much pain to move. I used extra sized bedtime pads, had a towel underneath me on my couch and still bled through but I think I left it too long in between pad changes. After the oxycodone I felt a lot better but was still squeezing my boyfriends hand when I needed too, he had to walk me to the toilet at around 3:30 and a large clot came out and I changed my pad. I had more paracetamol and ibuprofen at 4:30. I went back to the couch and didn’t change my pad again till 5:30 which is when I bled through the pad, a towel and onto my couch. I went to the toilet and another even larger clot came out, I was in a decent amount of pain again and wanted to take more oxycodone but it hadn’t been long enough between pills. I had an electric blanket and a wheat pack on me and they helped heaps. By around 7:30 I was feeling a lot better but still in pain. I had some toast and got myself in the shower for a quick rinse. By 8:30 I took more ibuprofen, Panadol and another oxycodone. I fell asleep on my couch with my boyfriend and we eventually got to bed but I put another towel underneath me incase I leaked. I used an adult nappy as the bleeding had dropped off heaps and no longer had to monitor the blood as closely. 

Sunday morning I felt like myself, I took an Ondansetron and Paracetamol but I felt 1000x better and was barely in any pain. My boyfriend and I went to the shops got some food and went home. I did some cleaning but by lunchtime I started feeling some cramps again and knew I had overdone myself and made my way back to the couch. This morning (Monday) I felt some cramps the night and into the morning, I went to the toilet and had to do my first poop since Saturday. I was super intense, I went cold, pale and nearly vomited again. The cramps were painful while I was on the toilet, it lasted for about 10–15mins but was a crazy feeling.

To the ladies that have gone through or going through it you are so strong and if you weren’t given decent painkillers I’m sorry the medical system is so dismissive of women’s pain. 

For my Australian women who are currently in the process of getting a medical abortion and are unsure on costs I went to Terry White Chemist and for the MS2 step, ox"
1028,2,"ough it you are so strong and if you weren’t given decent painkillers I’m sorry the medical system is so dismissive of women’s pain. 

For my Australian women who are currently in the process of getting a medical abortion and are unsure on costs I went to Terry White Chemist and for the MS2 step, oxycodone and Ondansetron I paid $62. I have heard that other girls have paid over $300 just for the MS2 step but not sure what chemist they went to. If you are concerned about costs I’d call the chemist and ask about pricing before you go. 

Overall, my experience was not traumatic but I can understand how I could’ve been. I am very lucky to have a supportive partner and friends who are nurses that have worked in abortion clinics to help if I wasn’t sure what was normal or not. 
Edit- I’m 21 and my boyfriend is 22. We both are not in the financial position to be raising a child, we are also not sure if we want kids in the future either so this decision was not a hard one."
1029,0,"Best friend who is TTC said she needed to distance herself from me when I found out I was pregnant. I have now miscarried. How to tell her

I told my best friend early on that I was pregnant as it felt like the honest thing to do as she is open with me about her TTC journey. She has been trying since the start of the year. Since I told her she hasnt messaged or called as she usually does and hasnt once asked how I am. I have checked in but have got short responses with no follow up questions. I am currently going through a missed miscarriage and take miso tomorrow (side note -wish me luck, im scared!) She doesnt know any of this (as she hasnt checked in). She has just text me a long message saying she cares about me but cant support me at the moment in the way she would like as it is too triggering for her whilst TTC and she needs to protect herself. Within the message, she still hasnt asked how I am so there is no follow up question. Not really sure how to respond here. I am torn between understanding how delicate a topic and heartbreaking fertility issues can be, but also expecting the bare minimum from a friend. What do I do? My head is so mixed up from this miscarriage that I cant think clearly."
1030,0,"Legal Action Advice

About three/four weeks ago I went through an incident of sexual harassment/assault at work from a customer. He was black out drunk (I work at a pub) and the way it was handled by my work wasn’t very professional. He was kicked out and told he wasn’t allowed to come back in to pay his tab without talking to my boss or my male coworker first since I made it clear I did not want to have contact with him. 

Well my boss allowed him to come into work yesterday without informing me. And not just to pay his tab, he was allowed to stay and drink. Thankfully I had someone else covering the opening part of my shift but was planning on coming in earlier to help with the bar since there was an event so I knew the restaurant was super busy. I was notified by my male coworker that he showed up so I had to wait till he was gone to come in for my shift. 

One of my regulars is a state trooper and he pulled me aside to tell me that from a professional view, I could take it further if the incident made me this uncomfortable (he wasn’t informed much on what happened). I didn’t have intent to pursue anything legal cause I thought he’d be barred on the days i work, but now I’m not sure what I want to do. 

The statie told me that the guy admits he doesn’t remember what happened but takes full accountability for it and that he wants to apologize to me in person but on my terms. My boss also has talked about him coming in to apologize and I’ve expressed very clearly before that I don’t want to talk to him or hear an “I’m sorry for sexually assaulting you” apology, even if he has owned up to what happened. 

I just wanted to not have him in when I’m working or still be there when I’m into work. He’s been very drunk/overserved numerous times before this incident, and now dealing with that, i don’t want to deal with what could happen if he got blacked out drunk again (if he didn’t remember what he did, he could just as well do it again). But now since he’s just allowed back I’m not sure what legal action I could take if i chose to do that. What would be the options I could take? Cause honestly my biggest option is just quitting my job and working at a different place since it’s not the first sexual harassment incident I’ve gone through and it’s definitely not the last, and it’s clear my boss can’t handle dealing with situations properly."
1031,0,"Was I assaulted or....

Two: I'm pretty explicit about my encounter here

So this happened back in November. For context I was very sexually frustrated and stressed and I really didn't wanna leave first semester of freshman year of college a virgin. So like the dumbass I am I downloaded Tinder. I met a couple decent people on there but there was one guy in particular that this story is about. We'll call him Danny. Danny and I talked/ texted each other for about a week before meeting in person. We ate together at one of our school's dining halls and I had a good time. But there was something in the back of my head telling me to drop this guy but I didn't listen because I didn't have any good evidence to do so. So fast foward a week later and we meet up again. This time at a different dining hall. This dining hall was actually in the first floor of Danny's dorm so his room was right upstairs. After we finished eating he asked if I wanted to go up to his room because we still had time to kill before I had to go to work. And even though I KNEW where this was heading I said yea sure. By this point I had already lost my virginity to another guy a couple days prior so I had no intention of having sex with Danny because 1) I no longer felt the urge to and 2) he didn't turn me on very much because like I said earlier there was something about him that was just off.

So anyway we get up to his room and we're just chatting and shooting the shit. After a while Danny makes some comment about Meg the Stallion and asked if I would be able to top her (I'm pansexual and a switch). I laughed it off and said oh I don't know maybe. But I tried to change the conversation because I wasn't comfy talking about sex with this guy. But then he proceeded to tell me that he's doing a NoFap/NoSex challenge or something amd he hadn't touched himself in like a month. At this point I'm panicking because I'm alone in the room with this guy that I don't wanna have sex with and he keeps talking about it. Danny then asked me when the last time I orgasmed was and I answered like 2 weeks ago because I had been really stressed out because of college life. He then starts to talk about how much of a stress relief sex was and how I'd feel better if I masturbated or had sex. I kept insisting I wasn't in the mood and probably wouldn't be for a while. But he kept asking me all these questions about sex. Eventually he asked me how long it takes me to cum and I said like 30mins to and hour. He laughed a"
1031,1,"ess relief sex was and how I'd feel better if I masturbated or had sex. I kept insisting I wasn't in the mood and probably wouldn't be for a while. But he kept asking me all these questions about sex. Eventually he asked me how long it takes me to cum and I said like 30mins to and hour. He laughed and was all I'm so good at eating girls out I can make you cum in 10 mins. And I was like ok cool but I just don't feel like it. But he wouldn't shut up about it! So after like 5 mins of him talking about it I was finally like of fine! Eat me out but that's it!

So we get on his bed and he's giving me head and I'm just whatever about it. Like sure it felt good but I was just watching the clock waiting to leave so I could get ready for work. Eventually he looks up at me and says that he really wants to fuck me. I just chuckle because I don't know what the fuck to say at this point. He then goes over to his drawer and grabs a condom. Didn't even ask if I wanted to fuck. Just grabbed one. Long story short he came twice. I didn't at all and I lied saying I came twice. On the way home I just felt really weird and was thinking like was I just sexually assaulted or what????

Fast forward here we are a little over a month later and I talked to one of my friends about it and she said I definitely was. Idk I just can't come to terms with it I guess."
1032,0,"Brother is unknowingly friends with my abuser

Hi there. I was in a long term relationship with someone who was originally my brothers friend. My ex  SA’d me during our relationship &amp; we had a pretty bad breakup. I figured my brother would distance himself from my ex just because i was hurt so much from the aftermath of the breakup, but he didn’t. Now, my brother doesn’t know my ex had assaulted me at one point in our relationship. All he knows is it was a bad breakup and that was that. I don’t pick a fight about them being friends because I know it would be a waste of energy since they had a relationship before we started dating. But the trauma from the assault is now something I’m really dealing with &amp; its incredibly hard knowing my brother is still friends with them &amp; hangs out. It makes me sick &amp; anxious &amp; very angry, but I am also terrified of telling my brother because I have no idea how he would react. I don’t know whether I should or shouldn’t tell him. My mother is aware of the situation &amp; has been super supportive but also doesn’t know how he would react which scares me. Because I think if I told my brother,&amp; my brother still chose to be friends with my ex, I couldn’t have a good relationship with my him anymore. What would you do???"
1033,0,"Things I never realized before I had one

1. You might know immediately what you want to do, but it doesn’t make it any easier to navigate the emotions. For me, it was a tragic certainty… but I was still certain.  

2. The stigma of abortion prevents people (even in places where it is legal) from getting the information they need. All my questions felt shameful and the search for answers often leads to pro-life rhetoric. People outside of this situation have the privilege of seeing this as only a morality conversation…when it is also a healthcare and safety conversation.

3. I myself and many others go it alone or with only one other person supporting us. Especially those who found themselves pregnant after a traumatic situation, because it may feel too soon to open the wound far enough to share your story just yet. It’s such a lonely thing and we are so strong. 

4. It’s not always quick or easy to access. Depending on the person, their body and the level of access and support they have, it can mean weeks of waiting as their body changes in ways they do not want—all while having to work, take care of any existing children, and putting on a smile for the world outside. Each day can feel like being held hostage in a body that is not your own. 

5. Everyone has a deeply personal story. Our reasons vary but we all have come to this very difficult choice for a reason and it’s so damaging to be invalidated by people who think they can look at you for 5 minutes and make this choice seem so black and white.

6. Sometimes in making the decision, you go into fight mode. You do whatever you can in your power to get through it and you realize how strong you can be when you need to. Sometimes it’s not until later that you really process.

7. You are now a part of a centuries long legacy of women— some of whom didn’t get to choose when they wanted to… some of whom had to go to extremely unsafe measures to be able to choose. Going through this I’ve been thinking of them, and am grateful that their time informs our present. 

8. Most importantly, we will all be okay. We will make it through this choice, and navigate it emotionally. It may take a lot of time, and this will change your perspective the same way it has changed mine. But it doesn’t change you. You are still a sister, a friend, a good person. You are still everything you were before and more. You have gone through something difficult but this doesn’t define you and it never will. 

These are truths I never con"
1033,1,"ge your perspective the same way it has changed mine. But it doesn’t change you. You are still a sister, a friend, a good person. You are still everything you were before and more. You have gone through something difficult but this doesn’t define you and it never will. 

These are truths I never considered until I went through it myself. I’m not sure the point in this, but it was therapeutic for me and I hope someone finds it relatable and comforting to know someone else feels similarly and we will get through It."
1034,0,"(TW)I killed my baby and my boyfriends family hates me

I found out I was pregnant a month ago.
I’ve been on birth control since I was 15. Same pill. Im enrolled in school, have a job, and an apartment in a city close to home. I have a cat too. Every thing was perfect. 6 weeks ago I missed my period. Like, waited 10 days missed my period. This wasn’t normal, I originally started the pill because of my irregular period. Did I miss a pill? I counted twice, three times, four. No extras. I looked at the open pack I had for this month and the unopened one for next month. They weren’t expired? They were exactly the same, down to the print of the expiration date. I fished the trash can for last month’s empty package, same thing. I couldn’t stop thinking about it. On the way to class that morning, I grabbed 3 pregnancy test from the campus bookstore. I sat my coffee and breakfast sandwich outside the bathroom door and went in. I’ve never taken a pregnancy test, but I’ve always heard the phrase pee on a stick, so I opened all three and used them at the same time. I waited three minutes and washed my hands, grabbing each of the tests in a paper towel. All 3 of them were positive. I cried. I dry heaved. I wanted to pass out on the bathroom floor. I called my boyfriend and he was excited as ever. I was panicking saying we weren’t ready for a baby, how I couldn’t stay in school and work with a newborn, how I would lose everything. Im not ready, I don’t want children right now. He started to say how I was selfish, and would just have to put my classes and what not on hold until the baby was old enough to go to daycare. That made me nauseous. I told him I was coming home and he met me there. He held me and cried saying how happy he was. I felt so disgusted with myself for knowing I didn’t want this baby after seeing him cry like that. I wanted to try and keep the baby for him. I thought about having the baby and just leaving him with it. I thought about disappearing and never having the baby. But after a few days I had to ask what he thought of me getting rid of the baby. He told me he would hate me, he would never speak to me again. He layed into me, going on and on about me being a baby killer, how I was selfish, evil, and immature for even thinking something like that. We got into a huge argument from there and I made him leave. He broke my tv and my favorite vase. I cried for his for days, begging him to take me back, he said I would if I kept the baby. Needless to s"
1034,1,"being a baby killer, how I was selfish, evil, and immature for even thinking something like that. We got into a huge argument from there and I made him leave. He broke my tv and my favorite vase. I cried for his for days, begging him to take me back, he said I would if I kept the baby. Needless to say, he didn’t take me back. I spent every night after that drinking bottle after bottle of Jim beam whiskey. Apple flavored. My dad’s favorite. I miscarried in the dead of the night on a Thursday. Thought I had a real bad stomach bug until I saw the blood in my toilet. My neighbor took me to the hospital, where my now exs sister works. He showed up with my mom, his mom and his dad. While she half hugged me his mom and dad made comments about how I probably did this on purpose considering I didn’t want the baby anyway. I just kept my mouth shut. My mom asked if they were here to support me or their son and if they weren’t here for me they should just leave. They started arguing and eventually it got loud and security escorted everyone out, but not before my ex and his family could start shouting at the top of their lungs how I’m a baby killer and I’m going to hell and yadayadayada. I’m in so much pain, I’m so tired, and I’m so angry everything had to come to this. I really loved him and now I feel like I’m losing everybody because of this.

TLDR; I got pregnant even though I’ve been on birth control, ex wanted to keep it but I didn’t, I drank until the baby died and now I’m in the hospital being labeled as a baby killer.

Edit: this post got a lot more attention then I thought it would. I’m a little overwhelmed, lots of messages and comments. I really appreciate all the genuine support from people. I’m going to try and take the good advice here and ignore the mean people. Thank you all so much again

Update: hello again! for those of you wondering im 19, my ex is 23, and im still in the hospital. My exs family is gone and my mommy went home a bit ago. If my vitals stay where they need to be i can leave tomorrow. Im trying to convince myself the miscarriage isn’t my fault but I still feel like shit. but I really do appreciate everyone trying. I did see a lot of comments about the potential hipaa violation, im going to report it once im closer to leaving. I feel very anxious about reporting it while I’m still here. Also, I really don’t think my ex would tamper with my birth control but I also didn’t think he was abusive until you guys pointed it out. I honestly jus"
1034,2," about the potential hipaa violation, im going to report it once im closer to leaving. I feel very anxious about reporting it while I’m still here. Also, I really don’t think my ex would tamper with my birth control but I also didn’t think he was abusive until you guys pointed it out. I honestly just feel so confused and hurt, and im ready to get out of this dumb hospital. I understand this is my fault im in here though, what I did was pretty dumb. Sorry for the boring update but im really tired. Thank you all so much for the kind words.

Update: I woke up to twice as many comments and messages then yesterday. You guys have absolutely shredded my inbox. I never knew so much kindness could exist in one place and I’ve actually cried at a lot of these, you all are so amazing! I will be going home soon. The hospital staff compiled a list of resources for me (Therapy, Support groups, Substance abuse treatment, etc). My ex went back to my apartment and disabled the wifi cameras i had set up. I had to block him and his family members after i got almost 100 messages. So I’ll be returning with my dad. I asked the night nurse to make sure my exs sister was not my nurse for today as she made me feel really uncomfortable, so I shouldn’t see her anymore. Im really going to try and take all the advice you guys give me. Im probably not going to update this post again. Last thank you, and I truly mean thank you all❤️"
1035,0,"First cycle after miscarriage (PMS)

I was warned but dang the PMS for my first period after my loss was awful!!! The moodiness, I had awful shortness of breath and burping. The bloat too, I usually bloat but this was extra extra bad and I think my stress pushed my period even later back bc it was late. Please tell me it gets better. Obviously emotionally triggered too bc we tried when I ovulated and I’ve always gotten pregnant on the first try so feeling super unmotivated."
1036,0,"2 back to back miscarriages-being referred to a reproductive endocrinologist.. what was your experience after back to back losses and next steps from doctor?

Can’t believe I have to post this. Absolutely devastated. 
Had miscarriage last week at 11 weeks. Ended up in the ER due to heavy bleeding, ended in D&C. 
First miscarriage ended at 7 weeks on March 25th, happened naturally. 

Caption says it all.. 
we got referred to a reproductive endocrinologist and we have an apt August 1st. Hoping to get some answers as to why this keeps happened.
So, just wondering what your doctor ended up doing that worked for you and just the steps they took? Looking for positive stories!!"
1037,0,"I’m BACK!!!!

Guys, is this real life???? May 1st I had a miscarriage and was totally gutted as it was or 3rd in a row in just under a year. I just got back from the dr and IM PREGNANT AGAIN!!!!! I wanted to wait till fathers day to tell my husband but have decided to tell him when he gets home with a bean covered in syrup as “our sticky bean” I never dreamed I would get pregnant again so quickly. I’m so excited. I know I shouldn’t be, and I didn’t think I would be, but all fear and doubt have vanished. I truly hope this baby sticks. Iv added a baby aspirin to my daily prenatal and folate so, God… please. I stand by the promise I made you, I know we have a deal, and this is my way of publicly admitting that."
1038,0,"Brown spotting

UPDATED. TRIGGER WARNING. LOSS 



Hello I’m not sure what to even say. 

I just went to the bathroom and had a lot of brown spotting. About 2 tablespoons worth. 

I am currently 10 weeks and 1 day pregnant. 

Am I having a miscarriage. What do I do? 

Just hydrate and wait to see if it happens again?

I’m scared and don’t want to worry my husband if it can be something else. It’s Friday and my OB is obviously closed for the weekend 

Update: unfortunately it was a miscarriage. I went to the ER yesterday morning and am home resting now. Thank you all for your replies."
1039,0,"I just ended a 23 year friendship and I’m at a loss

I’ve been friends with Ben (not real name) since middle school. Since I was 13 years old. He’s been my best friend for decades. 

We’ve always been platonic and we even vacationed together multiple times, the last of which was 2021. He was just sunshine. Always brought joy and happiness in my life. We have lost a lot of friends over the years to various accidents and so we would always hug and say “I love you” whenever we parted ways, because we learned that tomorrow was never guaranteed. 

And I don’t know what happened but he slowly started changing. Slowly started slipping down the Q Anon trail. The Cult Train. It happened gradually but today was the day I couldn’t overlook it anymore. 

I posted a very personal post yesterday about an abortion I had several years back (that not everyone knew I had) of a heterotopic pregnancy combined with an incompetent uterus. How without it, I would have died. And how abortion bans will cause the death of women in similar situations. How if that same pregnancy happened now, I would potentially be forced to die and that I had friends who would actively come to my funeral and mourn for me that just actively voted for the very policies that would have caused my death in the first place. 

Today I saw he posted a photo that said “Saying ‘my body, my choice’ is like saying ‘my house, my rules’. Neither gives you the right to kill babies.”

That was it. That was the final straw for me. I told him I’d never been more disappointed in him in my entire life and he may as well just tell me to my face that I deserved to die from my abnormal pregnancy, because it’s less words. And then I blocked him.

And it hurts. Gawd does it hurt. How did we get here? I am so devastated. But he’s not the person I’ve known for 20 years. That person is gone and I mourn him. But it doesn’t make it any easier now to just have to let go of someone that’s been such a huge part of my life for so long. 

I’m so tired you guys. So tired. I don’t know how to keep going anymore."
1040,0,"Pedophile fantasizing about me and a sexual relationship between us

Hi! This happened in April of this year, when the whole world was under a lockdown and this whole situation dragged till May. So, to start off, I'll tell you about myself a little. I'm 17 now and was 16 when this happened ('coz my birthday was in May). To be quiet honest, I had heard about bad experiences that people experienced online talking to strangers but didn't take them seriously. I mean, I believed in myself and thought that I would never get myself into any sort of trouble. 

So, as I said, we were under a lockdown and I was extremely bored. I decided to try different apps online which allowed you to talk with other people and also, allowed you to talk about yourself and just make friends, in general. So, I came across this one particular app (I'm not gonna say which one for privacy reasons) that I really liked and started using it. I enjoyed using it because it had different features! All of a sudden, I get a message request from someone. I opened my inbox and saw a message request from a guy. We'll call him 'Liam'. I thought I was just going to talk to Liam for a bit and call it a day because I had browsed that app beyond the time limit that I had set for myself ('coz I had assignments to complete and projects to do). At first, things went pretty normal, you know, just a regular simple introduction. I introduced myself to him and he did the same. I told him I was 16. Liam told me he was 24. I'm not the kind of person who cares about age gaps and stuff so I didn't think much of it. I thought he wanted some help or some friends so I talked to him. After talking about random things, I wished him good night and logged out of my account.

The next day, the same thing happened. He messaged me first and asked about my day and stuff. I'm not gonna say I *enjoyed* talking to him because he never talked about anything, really. But then, things started getting weird real quick. He told me how beautiful I looked in my profile photo. Now, you're gonna say that it was nice of him to compliment me and that I shouldn't think of it any other way. I thought the same too. But, then he started getting VERY WEIRD. I thanked him and was about to log out when he said the same thing. He again complimented me and said- ""You're looking so beautiful in your profile photo. If you were here in front of me, I'd kiss you!"" I started to get creeped out but didn't want him to know so I laughed it off and logge"
1040,1,"ERY WEIRD. I thanked him and was about to log out when he said the same thing. He again complimented me and said- ""You're looking so beautiful in your profile photo. If you were here in front of me, I'd kiss you!"" I started to get creeped out but didn't want him to know so I laughed it off and logged out. 

This went on for 3 weeks or so. Every single day, Liam told me how he imagined I was his girlfriend and how he kissed me passionately and how he would do anything for me and how he would make me his girlfriend. I was getting uncomfortable day by day but didn't let him take a hint because I didn't want to be rude. Then, one night, as I wished him goodnight, he said- ""Can I come into your bed with you?"" This gave me goosebumps but again, I laughed it off and logged out.

This again carried on for quite some time and then one night, he asked for my Instagram account. I didn't tell him my username but instead, asked for his. I wanted to see whether he really was 24 or not. He told me his username and I searched for him. When I looked at his profile, I got the absolute chills. He looked much older. I instantly blocked him on Instagram and that app. He tried to reach me but he couldn't. All of a sudden I started getting messages from his friends saying that I was a b*tch and that I broke his heart. They further went on to tell me that he had cut his wrist and harmed himself. Now, here's something about myself. I'm a very anxious person. I get anxiety attacks every now and then. Even if I'm *one minute* late to my online classes, I start to get panic and anxiety attacks. When I heard about this, I completely broke down and blamed myself. 

The next morning, I decided to apologize to him and decided to make a truce. I wanted to explain everything to him. So, I did. He instead of calling me his girlfriend, as he usually did, called me a *princess*. He said- ""I'm sorry princess for bothering you. I just really love you and want you next to me. I want to kiss you in places you can't even imagine. I want to sleep with you. I've never been attracted to anyone like I've been to you. We could remain friends."" I again got the creeps, but instead of calling him a friend, I called him my brother.

The moment he heard the word 'brother', he started getting sexual thoughts again and started to trouble me. I told him I made him my brother but in his pedophilic mind, he had already cooked up inappropriate fantasies. He told me how we could have an incest relationship. He aga"
1040,2,"lled him my brother.

The moment he heard the word 'brother', he started getting sexual thoughts again and started to trouble me. I told him I made him my brother but in his pedophilic mind, he had already cooked up inappropriate fantasies. He told me how we could have an incest relationship. He again talked about how he would make me sit on his lap and kiss me and stuff.

I finally warned him, blocked him and reported his account. After that, I deleted that app and haven't thought about it since.

It took some time for me to realize that these things DO happen and that people who go through these situations are very scared to talk to strangers. But I've for surely learned my lesson and will never talk to people who make me feel uncomfortable.

So, stranger who fantasized about me and our sexual relationship, let's not meet again!"
1041,0,"I’m supposed to be due in 2 weeks

I had an abortion in October, the pregnancy was planned. 2 weeks prior to finding out I was pregnant my (ex)partner was arrested for domestic violence towards me. I felt like it was the right decision to terminate the pregnancy and now that the due date is coming up I feel sick to my stomach. I guess I’m just asking for any advice"
1042,0,"I (M26) believe I may have been assaulted by my ex-fiance (F26)

This past Sunday I was having a conversation with my relatively new girlfriend about us potentially having sex in the future, and I asked her to be patient with me because my ex used to force me to have sex with her all the time. I think it was because this was the first time I used that phrasing, but it hit me like a brick wall that I may have been assaulted. 
My ex would regularly force or coerce me into having sex with her no matter if I explicitly told her ""no"" or not. She would tell me it was duty as her partner to fulfill her sexual needs and that i was being selfish and cruel by turning her down. She made me feel like crap for saying no so it would often lead to me having sex with her so that she would not get mad or berate me. If I successfully was able to turn her down she would make sure to make me feel like a terrible partner and that I may one day drive her to have her needs fulfilled elsewhere. She often would climb on top of me to initiate sex and when I would ask her to stop (only sometimes, we did have consensual sex) she would get upset and angry with me. I learned to just go with it most of the time. Because I made this choice I'm not sure if these instances were assault or not.
At the end of our relationship, I was extremely depressed and had 0% interest in sex. The same thing would happen as before, but now she would force herself on me and I could actively feel my self being uncomfortable and reviled by what was happening. Multiple occassions I would just lay there while she kissed me and tried to get me to do stuff and I would just lay motionless. Still she told me I was being a terrible partner because I would not fulfill my responsibility as her partner. 
Was I assaulted? Once I realized what had happened during my relationship with her i immediately felt a wave of dread wash over me. I feel used, worthless, and weak. As a man, i know there is a stigma regarding sexual assault and i just don't know how to process all of this. Any help or advice is welcome.

Tl;dr potentially assaulted by ex fiance and having trouble processing it."
1043,0,"I don't feel safe and I need help....

Before I open, please do not interfere, I'm simply asking for advice before I make a move and I just need someone to talk to, my dms are open. I'm not safe in my own house because of my father's actions. He comes home drunk quite often and when he does he comes in ny my room and makes me undress while he stands there and watches, despite me telling him I'm not comfortable doing so and even after being slapped for not doing so, and me asking him to just turn around or look the other way, I'm instructed to obey because he is my father. There's more things he does to me that I'm not comfortable sharing publicly because I don't want this situation to escalate just yet, but my dms are open, so please do shoot me a message in private if you're comfortable doing so.I will bring this to my mom when I build up the confidence, I'm threatened with things I won't mention here, again for the reasons I've stated, if I do, so I'm just not comfortable making everything public, I only shared the above because it was all I'm comfortable sharing atm and tbh is only the beginning and it gets worse, and I don't want that information shared publicly for numerous reasons. I'm willing to share privately in the dms though. In summary, I do not feel safe anymore in my own home and desperately need someone to talk to about this"
1044,0,"i finally stood up to my ex

to make a long story short, someone i dated for eight months was extremely toxic and seemed to have no understanding of consent.  i broke up with them back in march and i've hardly talked to them since, but today they texted me to ask if things were okay between us.

i told them that i don't know and that our relationship was unhealthy and made me uncomfortable and i wanted space.  they replied with a weird half-apology in which they mostly talked about their own problems (not unlike the entirety of our relationship tbh), so i decided to clarify.

i told them that the sexual aspects of our relationship were not consensual on my part and that i don't owe them anything, especially not forgiveness or friendship, and if either of those things happen, they will happen only on my terms.

they said that they know and they're sorry that i had to be a part of their ""learning experience.""  which, in my opinion, is kind of really messed up.

but i'm happy and i feel so free now.  i stated how i felt, what they did, and that i owe them nothing, and that was all i've wanted these past few months.

if you bothered reading this, thank you.  just thought i might share - i hope everyone is doing alright."
1045,0,"Miscarriage at an older age

About 3 months ago, my boyfriend and I had unprotected sex and he ejaculated inside. It was during my fertile window, I missed my period a couple of times after that, I took a pregnancy test and it was positive. My kids are older and his too, he has adult kids and a grand child. I’m feeling so sad because I really wanted this baby and I wish I could tell him what happened. I’m grieving this loss by myself and I don’t know what to do. I spoke with a counselor and have been seeing her for about a month now. This loss is really hard on me, I had a miscarriage about 18 years ago, it was my first pregnancy. I never imagined it would happen again."
1046,0,"Abortion is very lonely

I had my abortion two weeks ago and it's the hardest thing I've ever done. I have absolutely no one to talk about it with. 

Even people who have been through abortions too don't want to talk about it, they just say one line ""yeah I went through an abortion too and it was hard"" and that's all. It makes you wonder what's even the point in having friends at all if they just look at you with cold indifference while you're struggling."
1047,0,"A poem I wrote that helps me cope

It Isn't forgiven and won't be forgot
____________________________________

You may forget,
But I don't even need to stop to remember,
those fast hands you assumed were,
oh so tender,
you moved on and stayed strong,
but I'm waiting for that thing I once longed,
to dissapear,
to banish you so you can't come near,
you were so quick you didn't even think to ask,
all those things you said before were a mask,
to hide that face that did not ask,
that did not listen,
and I question it everyday but there was no reason,
an excuse to ease your guilt,
but it doesn't heal what you built,
brick by brick,
every part so thick.

A trust I dare don't lend,
even to my best friend,
a single soul I did tell,
but I got hurt again and fell,
they could not conceive,
how there could be such a thief,
of soul,mind,body and touch
someone who could do so much,
when I didn't even fight,
because I was frozen in my flight,
I laugh around each word,
because I do not want my pain to be truly seen,
but I need it heard.

I dumb it down and make it small,
just so I don't have to hit a wall,
or have to crawl,
through there minds so small,
family and friends so unaware of his deceitful lair,
desperate for me to make a pair,
that night of no kisses,
which was in fact kisses,
that night of no touching,
which was in fact touching,
and now it's moved to punching,
to punishing myself.

Guilt and denying I can express,
but I don't feel whole I feel less,
because he could of asked,
he could of been that person and not a mask,
he could of been true to his word,
but instead he remains true to every name referred,

If he could take back what he took but he cannot,
because it isn't forgiven and won't be forgot."
1048,0,"It was 40 years ago

Apologies, this gets graphic.
Apologies for typos, tablet typing is hard for me. 

Forty years, to some of you that's probably ancient times lol. I was fourteen when I got pregnant. My mother had never discussed sex with me and I didn't pay attention in health class. I was shy, desperate for attention and naive. I met a boy who went to a different school, so in a way we were not boy/girlfriends. I was more a fuck buddy. Anyway, I got pregnant. 

I didn't tell him, or anyone. I drank grape juice first thing because I'd throw it up, every morning. My parents didn't notice. My clothes got baggier, i still stayed quiet. It was so confusing! I wasn't really sure what was happening, how pregnancy worked ir anything. Weeks of hiding turned into months. I went from casual pot smoking (yes at 14, it was the 70s and seemed normal) to taking lsd every day so I wouldn't think. In retrospect I was trying to not be pregnant, I thought it would magically go away.

I turned fifteen. Still trying to hide with baggy clothes and drugs. My parents still didn't notice, the boy still didn't notice. I swiped bras and shirts from my mother because I was getting bigger. Still throwing up that grape juice before the school bus came. 

One day at school a girl I knew approached me while I cried in the bathroom. I didn't know her well but she was the one who asked if I was okay. I told her. She told a counseler without my knowing.  He must have called my mother.

This is where it starts to get hard for me, I'm sorry in advance. 

My mother yelled when I got home, she took my to the pediatrician who looked at then felt my stomach and said yes she is pregnant.  

That night was all yelling between my parents and furious silence.

Two days later they told me to get into my dads car. We drove into downtown Detroit, to a hospital. They walked me inside, said my name at the counter then they left me there. I had no idea what was happening. 

Someone took me to a room with multiple beds and curtains between them.  I was the only white person and the youngest one. The bathroom was dirty. I was scared and so so out of my depth! 

I don't remember them examining me, I'd never had a gyn exam before and I don't think they did one at all. A doctor came in (remember please, total white girl who grew up in white girl world) who had such a thick accent I didn't know what he was saying. The doctor took a huge needle, god it seemed so huge.  

This is hard!!

He put it into my sto"
1048,1,"d a gyn exam before and I don't think they did one at all. A doctor came in (remember please, total white girl who grew up in white girl world) who had such a thick accent I didn't know what he was saying. The doctor took a huge needle, god it seemed so huge.  

This is hard!!

He put it into my stomach. It hurt. He left and the nurse said to try and sleep. I was exhausted from, months of fear. So I slept. I remember the nurse pulling my arm with the iv out from under me, slept more. 

I slept until god awful pain woke me up the next morning. In my stomach. Somethung bad was happening. I was in labor. Almost six months pregnant, not fully grasping how girls got pregnant, in Detroit Receiving Hospital, by myself. In labor from what I figured out years later was a saline abortion. I essentially gave birth to an already dead by needle fetus. It took a long time. The nurse when it was done said it was a boy. 

She gave me an enormous 70s style kotex pad (shout out to modern hygiene products!) and told me to sleep until my parents arrived. 

I laid on the back seat of the Cadillac, my fingers tracing the stitches in the leather seat. My mother lectured me as my dad drove. I was to tell no one. Ever. Not my sisters. Not my friends. I was a terrible girl. I was a lucky girl to have parents that had connections. Tell no one! How dare I. Din't I know what my parents friends would say? Tell no one ever!

Fingers tracing that stitching like my life depended on it, staying silent.

They dropped me off at school. Just in time for home room. I felt so sick, crampy, bloody. Confused! At some point I went to the bathroom and this, this..huge mass of stuff came out. But I didn't tell anyone.

I'm pretty sure that it was an illegal procedure. 

If you've read this far and are curious, my next years are somewhere in my posting history. In a way this event was just the beginning. I have a phobia of doctors, a extreme phobia of any intimate exam. Cannot will not cannot even attempt anything relating to gynacology. 

If you've questions, I'm pretty open to answering them.

Lastly both thank you for this space and another apology if I upset anyone. I am almost rabidly pro choice, it just happens that something not great happened to me through my own ignorance and stupidity. I have zero regrets over the termination itself, I was too young. 

Lastly lastly, yikes that was grueling to type out! 

Thanks."
1049,0,"The police told me it wasn’t sexual assault and closed my case, and no doctor or A&amp;E wants to treat my injuries.

I’m sitting alone in the lobby of the hospital that I was directed to by my GP earlier today, being refused to be seen by both the GP and the 24-hour walk-in clinic that manages sexual assault cases. And I’m fucking distraught and I can’t stop crying. 

I met with a man last week for consensual sex last thursday which had ended up turning into a nightmare. when he started going too hard and hurting me, I had cried and was trying to push his hips and legs away and when he asked why I was crying, I said that it was really hurting me (we were doing anal he started hitting some rectal wall or something deep inside), and he told me to cry even more for him and proceeded to go at it even harder and faster and rougher. I had been sobbing and having a breakdown on the bed, thinking in my head how much I wanted to leave and then my body not following. I was so fucking scared and in pain. He did that a second time later in the same day of the same session, and I had started crying again and he was still forcing me to kneel upright when my body kept crumpling from the pain of him thrusting into that spot again. He was pulling me up by the neck, choking me, telling me to look over my shoulder at him and smile and smile wider even though I couldn’t feel my face anymore. He kept asking me questions and I didn’t really have the mind to hear them and just kept shaking my head. Then he ejaculated inside of me anally.

I left that place with a neck sprain that’s still hurting me today, and bowel issues along with really irritated anal skin that seriously fucking hurts everyday when using the toilet. My vagina has also been bleeding from a slight tear but I’m not even asking to be seen for that. I tried going to a GP earlier today but he didn’t want to treat my concerns as soon as I mentioned that they were regarding sexual assault. He directed me to a Women’s A&amp;E because they had sexual assault protocols that would better suit me.

But going to the A&amp;E for sexual assault treatment meant that I needed to make a police report, which I didn’t want to do. But the GP wouldn’t see me and I didn’t have any options to get medical attention for even simple fucking injuries, so I ended up making a report so that I would actually be seen by one fucking doctor. And the police officer from sexual crimes, after taking my statement, concluded that it was completely"
1049,1,"the GP wouldn’t see me and I didn’t have any options to get medical attention for even simple fucking injuries, so I ended up making a report so that I would actually be seen by one fucking doctor. And the police officer from sexual crimes, after taking my statement, concluded that it was completely consensual sex and I was reporting the man’s “roughness”. I reiterated that he knew i was in pain and crying and had tried to push him away, and he chose to inflict even more pain. The officer said “I understand”. Then before he left he said he would refer the case to the Criminal Investigations Department (CID). I asked him, so what am I supposed to do to see a doctor now? And he said I could just go to the A&amp;E and give my report number if they ask me if I have a police case. 

I show up at the A&amp;E. They tell me they can’t see me as a patient about a sexual assault case because I don’t have some form. I told them, I’m not here to do a forensic exam, I was just told by the GP to come here because they weren’t equipped to handle sexual assault cases. I just want to see a doctor for the injuries and get medication and move along. They told me I still needed the form and had to walk to the police station next door to have that division call the division that took my statement, to ask if that division I was physically at could give me the form to bring back to the A&amp;E. 

I text the officer that took my statement. He calls me and says I shouldn’t go to that A&amp;E because that’s for sexual assault cases where the police have decided that what happened involved a criminal offence and they want to have an examination done, and in my case, since it was just consensual sex and “roughness”, they closed the fucking case ruling that there was no offence. 

What the fuck. What the fuck. No GP wants to see me. No A&amp;E wants to see me without a police report. Now that I’ve gotten a police report that I didn’t even want to make in the first place, I’m told by the A&amp;E that they won’t see me unless I have a form that I can’t get because the police deemed it fucking consensual? And the police telling me that I don’t need that fucking form and that they’ve closed my case because I was just making a complaint about the guy’s “roughness”? 

I just want to see a doctor for a neck strain and some tears in the genital areas that have been causing me pain, and some bowel issues, and being worried about any STDs. I don’t understand why it’s so fucking hard to just see"
1049,2,"case because I was just making a complaint about the guy’s “roughness”? 

I just want to see a doctor for a neck strain and some tears in the genital areas that have been causing me pain, and some bowel issues, and being worried about any STDs. I don’t understand why it’s so fucking hard to just see a doctor for some stupid minor injuries. I’m so frustrated and confused and most of all, extremely fucking hurt by this entire demeaning process. 

I just wanted to see one doctor. This is destroying me completely."
1050,0,"Clinic won’t give me a note to stop working with birth defect causing chemicals and I’m gonna cry

__Update__ I came into work to a second email from accommodations saying they were working with my manager to find a temporary solution and by lunch my they told me I could move to the other area and just give them the letter when I have my appointment in July. Thank you to everyone for the suggestions and support

 I don’t have a primary doctor and I made my first OB appointment but it’s not until the end of July. I work with chemicals that list “harm to fertility and the unborn child” on their safety data sheets but (presumably bc my assess is the most critical at work rn) my manager said I have to go through filling out an accommodation form to get switched to a different area. 

The accommodation department wants either a doctor’s letter or them to fill out and fax a form but idk where to go, I called the walk in clinic near me and the asked the physician who said “we’re not going to take you off work duty” and I just feel like they’re all gonna say that bc doctors are so scared to deal with anything that has to do with work. 

The hormones are really kicking in and I just want to cry. What do I do, just look for a primary that can get me in asap? Call every clinic in town? 

__EDIT:__ I guess I’ll call my OB tomorrow when they reopen, I didn’t think they could help me bc they were just like okay we’ll see you at 8 weeks and I just assumed I wasn’t allowed to come in earlier unless I had complications or a history of miscarriage or something according to what I read. I’ve never been pregnant before and I can’t ask anyone in my life who has bc we haven’t told people yet so I’m flying blind. I thought I could just take a pee test at a clinic I’ve been to before and they’d write a note for me. I also really didn’t expect my manager to make me go through official channels bc he moves people around in my area all the time"
1051,0,"Boyfriend says he probably won't stay with me if I have an abortion. I want one. Help?

I(24) just found out I'm pregnant. I'm not ready for a baby. I don't have enough to support it, plus, my career is just kicking off. It's simply not a good time. I used the pill and condoms but somehow it still happened. 


My boyfriend (25) and I agreed before sex that if I were to be pregnant we'd abort. Two years later here we are. He says he can't bear the thought of it and that if I abort he's not sure if we can stay together. I love this guy to death. We were planning on getting married in the next year. That he would break up with me over a clump of (life ruining) cells hurts, but I know he doesn't see it that way. Still I feel cheated that he changed his views. I know it's different when you're actually experiencing it, but still. 


With our income combined we make over six figures, so whenever I say we can't afford it he brings that up. But ideally I'd want to have much much more in my savings before bringing a kid in the world. Plus like I said, the timing is awful. I'm not ready to be a parent. Three-four years-sure. Now-no. 



I'm very conflicted because I really want an abortion but I also love my boyfriend deeply. I try to explain to him why I'm not ready for a kid but he remains steadfast.



 On top of worrying about my relationship's future I also have to worry about getting the actual abortion, because my parents are pro-life and I don't really feel comfortable asking my friends to go with me to something like this. My boyfriend refuses to go. I can't go alone, since I'm getting anesthesia (unless I wait in the hospital for hours while it wears off.) I at least want him there with me, but he absolutely refuses. 



Sorry if this is jumbled, I'm pretty stressed. I feel like the clock is ticking and on one hand I want to get on with my life asap, but on the other hand I don't want to hurt my boyfriend, who I thought I'd spend my life with. Help?  



Tl,dr:


-Used 2 bc methods, got pregnant anyway (I was on an antibiotic for a few days and I think a condom may have broken once (*once!*). In retrospect it was stupid, but at the time I thought I was covered and it was fine.)


-I don't feel ready for a baby, financially and maturity wise. My boyfriend of 2 years does. 


-He says if I abort we'll probably break up because the thought of it disturbs him so much. I say I just can't have a child now. 


-I haven't scheduled an appointment yet. I know I wan"
1051,1,"nd it was fine.)


-I don't feel ready for a baby, financially and maturity wise. My boyfriend of 2 years does. 


-He says if I abort we'll probably break up because the thought of it disturbs him so much. I say I just can't have a child now. 


-I haven't scheduled an appointment yet. I know I want to but I keep waiting, hoping he'll come around (even though I know he won't.) What to do?"
1052,0,"An apology to everyone I’ve wronged

I’ve made a post like this twice in r/confession, written unsent apologies, and even considered reaching out to the people that had to experience me and my foolishness in high school, and college. I want them to see that I’ve tried my hardest to forgive myself, better myself, and move on with my life, but now I’ve been thinking way more on this than ever.

So, once again, for the third time: I’m sorry for all the sexual harassment I put you all through. I was inconsiderate, I was a creep, and my actions were repulsive. Ever since Kavanaugh’s whole case, I started panicking that maybe someone might come out with everything I’ve done, and I’ve been thinking about everything I did in high school for the nth time.

I regret it all, and I wish I could go change me then, so I don’t have to wake up like this everyday. I don’t know what else I can do, other than keep writing apology notes whenever I start thinking about my past.

I promise, I don’t want to be the problem anymore. I’ve had five years to change, and I wish I could prove it by being a better person. But there’s no rewards for being a better person, so again, I’m sorry. I’m sorry."
1053,0,"I just want to share my story so others don't make the same mistake I did by not saying anything about being assaulted

When I was just 2 years old, my mother had gotten with this one guy. They were together 13 years. He was abusive to my mom, my brother, and me. Mental, physical, and sexual (sexually abusive to me and my mom). My mom never knew though. She still doesn't know everything. When I was 9 a movie had come out that had a rape scene. We were always raised to turn our heads while the nasty scenes played in movies. But one day, little curious me decided not to turn away. I got caught looking and got in trouble. Later that night. My mom's boyfriend comes to me while I'm sleeping and lays with me, which he'd never done before. He would just slightly put his hand in my shirt but it never got passed that. Fast forward about a year, I still never said anything. I was scared as he's gang affiliated and always talked about how he'd hurt ANYONE that tried getting in the way of his freedom. Anyways, about a year later it starts progressing. Now he's at the point where he plays with himself as he touches me, rubs himself against my behind, etc.. and it stayed like that for the longest time. Once I hit about 7th or 8th grade it got to where he was physically penetrating me. I always acted like I was sleeping. I was frozen. Every. Single. Time. Fast forward a few more years. 15 now.............I end up pregnant by him....... I tell my mom that i dont know who the dad is and she calls me all kinds of names. Whore, slut, all of it. I keep the baby and give birth at 16. He still lives with us and still assaults me. Up until I turned 18. My mom and him had gotten into a big fight over something not related to the assaults. They ended up splitting... I still didn't tell my mom until maybe two months after he left. I am now 21 (current day as I am typing) I suffer from PTSD every day of my life. There isn't a day that my assaults cross my mind. The one that was supposed to step up as a dad stepped right on my fragile heart and broke my spirit. PLEASE if you are getting assaulted PLEASE say something. I wish I would've when it first started. I was robbed the whole beginning of my life because of a piece of scum. PLEASE don't make the same mistake I did by not saying anything. You have a voice, please use it. I didn't use mine and now I'm 21 trying to find who I am because I never had the chance, because I never spoke up. PLEASE SEEK HELP IF YOU ARE BEING ASSAULTED"
1054,0,"Struggling post MA pills

Hi there. I have never written a Reddit post, but I have been relying heavily on these posts to get me through this honestly horrible time. I feel the need to share my story somewhere in hopes to hear some advice and/or feel less alone. 
I (25f) found out I was around 6 weeks pregnant 2 weeks ago. I had been suspicious for a while before I tested positive, but I had been living abroad for almost a year in a place where abortion is not a legal option, so I waited until I arrived home to the US as I was at the end of my living abroad journey anyways. That was also 2 weeks ago. Once home, I took a test to confirm the feeling I had, and it was positive. From there, I scheduled an appt to receive the MA pill, and I took that last Wednesday/Thursday orally. To put simply, it was excruciatingly painful. I have a very high pain tolerance, but I've never experienced such agonizing pain. I'm sorry to scare anyone reading this, but I felt so unprepared for the amount of pain I experienced and am still subtly experiencing. I feel it's necessary to talk about. I threw up twice and laid in bed the entire day, groaning and crying. I did take pain and nausea pills, but it was not enough. 5 days have passed and I'm still feeling cramps in my uterus. I've done research and see that this is ""normal"", but I haven't found many posts talking about this. I am wondering what others did for relief other than taking pain meds. 
The father (30m) is from the country I was living in and has been vocal about respecting my decision but not agreeing with having an abortion. I care about his feelings, but I feel really alone and depressed about my decision even though I know I did what is best for me.  If anyone has any advice, I'd really appreciate it."
1055,0,"Can't take my own sexual harassment seriously because of my Rape.

So I was raped in 2010. I'm doing okay, still struggle with it but I'm in a much better place. However, a few years back I realized how much incest was in my family. I'm not sure why, but on both my mom AND dad's side of the family, ive had cousins who I grew up with who flirted with me and sexually harassed me. The two more recent occurences were when my one cousin kissed me and continued trying to get on top of me to kiss me until I was able to say I had a boyfriend, the other was when I was talking to another cousin in private and he started to basically tell me that he was attracted to me even though we were cousins and he knew it was fucked up. I've had problems with those two cousins in the past. 

The one that kissed me had also squeezed my breasts when I went to visit. The other cousin we grew up much closer and when we would play he would constantly play roles where we were a couple and would try to kiss me and always very obviously had a crush on me. To the point where in church he started massaging my shoulders in private and I told him to stop and some random lady called him out on it. But we were kids. Every cousin that has flirted/sexually harassed me (and it's more than these two) have been younger, so I knew I couldn't say anything because in the past my mom would say ""you're older than them just tell them to stop"" and dismiss it. I got dismissed a lot when I was a kid because I cried a lot. 

A few years ago I was talking to a friend about how I didn't wanna spend time with my cousin because he kissed me. She was so appalled. I told her it wasn't the biggest deal because lots of my other cousins have done stuff like that. She said it was straight up sexual harassment and it kinda fucked me up because I hadn't thought of it that way. I know it's something I should probably work through. It definitely sticks in my head and comes up every now and then. 

However, my rape was so much worse that I just completely dismiss the family harassment because it was in no way worse than my experience being raped. I've spent years working on dealing with my rape and I do think I'm in a place where I know I have to live with it but that's just an unfortunate chapter of my life. But I wish I could take my harassment more seriously because it is actually bothering me. Idk, is it stupid to be TRYING to figure out how I feel about the harassment when it never really bothered me before? Especia"
1055,1,"ere I know I have to live with it but that's just an unfortunate chapter of my life. But I wish I could take my harassment more seriously because it is actually bothering me. Idk, is it stupid to be TRYING to figure out how I feel about the harassment when it never really bothered me before? Especially when it's also just reminding me of my rape as well? Should I just leave it alone?"
1056,0,"ER put me in pediatric unit. I’m 23.

This was my 3rd loss. 

For reference I’m 23 years old, 24 in a week. I’ve been to this ER last year for an allergic reaction, and they put me in pediatrics but I thought it was a one off.

Can anyone explain to me the logic behind placing an adult suffering from a miscarriage around babies and small children…"
1057,0,"My 15yo daughter is pregnant.

Her boyfriend (they lied to me about his age, he’s 20, but it's still legal here)  dumped her yesterday after she told him the news, and today in the afternoon she told to me. We cried a little, she said didn't want to talk about it for now.  
Then before I left for work (I work from Sunday-Thursday 6 pm-6 am) 
She dropped a bomb. She wants to keep the baby. We couldn't discuss it, because I  was almost running late, but we scheduled it for tomorrow afternoon.  
My problem is: that I can't afford another kid. I raised her and her sister (11) alone in the last 9years, their father is a deadbeat, and I receive minimal child support (putting it in perspective: my kid's school meal costs are 3x the amount of CS I got)  
Our apartment is tiny: they had both an 8square meter room, while I'm sleeping on the living room couch.  
We’re living paycheck to paycheck. I'm skipping meals, so they can have enough food.  
Public childcare is full, private childcare is unaffordable. Until that baby is three, someone has to be home with it (then they can go to kindergarten/preschool)  
But then what? A baby doesn't need much space, but a toddler/preschooler needs a room of their own. I only have this apartment because I inherited money. It's a raging housing crisis in my country, she’ll definitely cannot afford to move out with a preschooler.  

But I don't want to pressure her into abortion. 

Edit: my luchbreak is over, I can't answer for a few hours 

Edit2: please stop with the religious stuff. I grew up Catholic, I'm the fifth of seven children. God kinda forgot to provide for us. We were in and out of foster care.  
So respectfully: quit the BS.  
And we are still not US citizens, we live in bumfuck Hungary, Europe."
1058,0,"Advice?

Last summer, right after I turned 18, I was sexually assaulted by a friend that I trusted a lot. He came over to my apartment (that I shared with my boyfriend) and brought alcohol (this friend was 21 at the time) so we all drank. I got more drunk than I had ever been and we went to the pool in my complex. While my boyfriend was there everything was good, but when he left to go to the bathroom my friend came up behind me, grabbed my hips and pulled me into him and started rubbing against me. I was blackout drunk, and he knew that. I don’t remember the rest of that night, but we kept hanging out with this friend about once a month and nothing sexual happened after that. We moved to a different state and with distance and time i was able to see how gross what he did to me was. He was 3 years older, I had barely turned 18, and he knew I wasn’t sober. I still have him added on social media and we have a lot of mutual friends and he acts like we’re still friends but I don’t know if I should keep being friends with him. When I think about what happened I want to throw up, I don’t know if I should forgive him or not. What would you do? Should I unfriend him on everything without telling him why? I don’t know what to do"
1059,0,"I have an anxiety disorder, and went 7 weeks with a dead embryo in my womb.

I found out I was pregnant on April 6th, and at that point I was 5 weeks along. My first ever pregnancy. 

What followed were weeks of nausea (especially in weeks 6 and 7), fatigue, sluggish digestion, heartburn, etc. Typical pregnancy symptoms.

The only thing was that I told my doctor and midwife that I was worried the symptoms felt a bit mild. But they said I had nothing to worry about.

Because the thing is – I struggle with generalized anxiety disorder (And had just come out of the first depressive period of my life). During the 12 weeks I was pregnant, I was terrified of losing the baby. Because I knew how common it is.

In agreement with my doctor, psychologist, and husband, we decided that I had a low-risk pregnancy and therefore would only receive standard prenatal care in my country. So the first ultrasound wasn't scheduled until week 13.

Then week 12+2 came. I woke up at 5 a.m. with the feeling that something was wrong and went to the emergency room. After five hours of back and forth, I finally saw a gynecologist.

She told me the baby hadn’t grown since week 5+4. I had carried a dead embryo in my womb for 7 weeks…

The yolk sac had still been intact and was sending out all kinds of hormones to my body. So there were no warning signs. Even my uterus had grown and made space for a much larger baby.

Unfortunately, I had come far enough that my whole social circle already knew about the pregnancy. And now I feel so exposed in this grief. And it makes me uncomfortable. There is nothing to be ashamed of. But still…

The last few days have been spent grieving with my husband. We are both completely shattered. I honestly don’t know how to go on with my life after this…

I had worked so hard on my mental health these past weeks. Tried to accept not having control over my body. Now it feels like all that work is ruined. I can’t see where to find joy again. I don’t think it lies in trying again quickly (as many people suggest I should).

Are there others here who struggle with anxiety disorder and are going through miscarriage?"
1060,0,"Don’t know if I’m to blame or what happened

I hope this is the right place. I am a 30 year old gay male. I’m currently on a cabin trip with 5 other guys. 4 are friends i know, 2 i don’t really know.

I had my wisdom teeth removed a week ago so i was prescribed hydrocodone and 800mg ibuprofen. Stupid me, i did take half of a hydrocodone a little bit earlier than i started drinking. I did drink a lot. I remember being in the hot tub and being touched by one of the guys (that’s not a friend) he was basically grabbing my ass.

After we got out of the hot tub, i remember taking a shower and throwing up in the toilet in the downstairs game room area separated from the main floor. I remember him being outside the bathroom door when i got out basically like asking me to have sex and it would be between us. I remember telling him no several times and to go upstairs. He eventually left. 

Most everyone was asleep besides me him and another friend afterwards. We started watching a movie. And all i remember is being really drunk and i vaguely remember him giving me oral sex. And then i remember throwing up in the bathroom, and then another friend waking me up to go to bed. I don’t think anyone else saw it because everyone was asleep.

I feel horrible and i don’t know what to do. Because i don’t know if I caused this or if it really even happened.

I don’t know if i should just talk to my therapist about this later. I don’t want to tell my sister or family, because i don’t wanna play victim or upset them."
1061,0,"You don't need to be a brainwashed Christian to oppose abortion.

And supporting abortion doesn't mean not giving a shit what happens to the baby once it's born, as I've read many times.

Holy fuck, I'm sure it's easy to argue against an opinion when you create the opposing party's arguments yourself. Much simpler to counter them.

Stupid website."
1062,0,"How long before spotting stop/period return?

Yesterday was 6 weeks since I took mifepristone and misoprostol for MMC at 9 weeks (found on my 12 week u/s that baby had stopped growing). I did have RPOC two weeks after taking the meds and was given another dose of misoprostol. That seemed to have done the job, but I'm still lightly spotting intermittently (very light pink or sometimes brown specks when I wipe). No signs of period yet. Thinking of asking for a repeat ultrasound to r/o RPOC. Would love to move on from this chapter already. How long did it take for some of your periods to return after? And how long did it take for the spotting to go away?"
1063,0,"No one wants to talk about it

Having a miscarriage has been one of the most isolating experiences of my life. My partner tries to listen, but he doesn’t really understand—and honestly, do they ever? It feels like no one really wants to talk about it. To sit with it. To just listen.

I’m lucky to know two other people who’ve also had miscarriages, and I wish I could just openly talk with them about everything—without walking on eggshells. I get that it’s a heavy topic. It’s uncomfortable. But the silence can be so frustrating.

Even though I have a strong support system—my best friend, my family—I still find myself hitting a wall when I try to bring it up. Maybe they’re scared. Maybe they just don’t know what to say.

Because the truth is: it’s not just one thing. It’s the anger. The sadness. The confusion. The fear of what’s happening to your body—things no one warned you about.

Maybe I’m looking for answers I’ll never get. Or maybe I just want a shoulder to cry on—someone who truly gets it.

But one thing is certain, this community has helped me more than I can say. If it weren’t for this subreddit, I think I really would’ve felt completely alone"
1064,0,"Spotting still after 2 months?

No heartbeat at first ultrasound at 9 weeks and started passing tissue naturally 2 weeks later. Had to have 2 ultrasounds and take a double dose of miso twice in the next month with more tissue passing and bleeding. Then the last 3 weeks have been daily light bleeding or heavy spotting. 

Not sure what to do from here. Tired of paying for ultrasounds and not sure D&C makes sense at this point for mostly spotting.

Anyone experience this for 2 months and counting? How did it end?"
1065,0,"Anti-choice people know abortion can save lives - and they don't care. Enlightening excerpts from a message I received from a family member.

I posted something on facebook a few weeks ago about how medical abortions are sometimes needed to save the lives of women. Miscarriages, ectopic pregnancies, D&C procedures, and non-viable pregnancies are all treated with what's known medically as abortions. That despite religion, these procedures are needed to save lives. That without them, women will die - and it could be your sister, daughter, or friend. I really believed people who are anti-choice only thought abortion was a personal choice, not a necessary form of medical treatment. Boy, was I wrong. 

These are a few excerpts from a message my aunt (an anti-choice lifelong republican and cancer survivor) sent me: 

  
""I love you so much.""

""I know you can’t understand how someone could be against abortion in those circumstances, but for me it’s not religion. I have long ago accepted Christ as my savior.""

""The Bible talks about this issue -- he knows each of us before we were conceived. We don’t have the right to choose our lives.""

 ""Ectopic pregnancies and other emergencies - they are tragic circumstances God is aware of. We can't justify taking millions of the lives of unborn babies because of so few of these emergency situations. I know this sounds cruel to you...""

""those of us on the other side of this issue are not trying to destroy women’s rights. We have to do what we believe""

  
It seems to me that she's saying it's part of God's plan for women in these situations to die. It is befuddling because she is the mother of 2 grown women - one has 3 kids. She is smart, kind, and college-educated and even works in the medical field. She survived breast cancer too and would not have survived had it not been for modern medicine. 

I wanted to share because this is genuinely how anti-choice people think. They know abortion saves lives, they just don't care."
1066,0,"My Statement for the Court

Please read if you have the time (M 17, trans)

Some Context:
When I was 15, there was this boy who moved in down the road. He was my age, went to my school, and seemed like a nice guy. We started talking on the bus and we just clicked. I felt this instant connection, and it didn't take long for me to consider him as one of my best friends. 
I had just come out as trans over the summer, and I was scared everybody would hate me. To feel loved and supported by someone who lived so close - it was the best feeling. 
He was generally a nice person, kind of an asshole but we all just went with it. He was charismatic and was friends with everybody.

BEGINNING OF STATEMENT TO BE SUBMITTED TO THE COURTS

I met him in November of 2019. By February 2020 we were best friends. He lived 3 houses down the road from me. We spent nearly every second of every day together, and I would always walk down to his house after school. We would eat lunch together, have dinner together, sit next to each other on the bus and walk to his house. 
I don't remember exactly when it happened, but it was in february. We hung out all day, and got very high. I remember sitting on his bed, facing the opposite wall. We were sitting inches apart, our backs pressed against the wall behind us, just talking. The room was quiet except for the humming of his computer and our voices. I don't remember what led up to it, but somehow we got on the topic of sex. He suggested I should do something with him, something sexual. I laughed it off at first, telling him there was no way. But he asked me again. He continued to ask me to do something, blow him, jerk him off, but I still objected. My anxiety coupled with my disoriented state was starting to get to me. He reassured me that it would be fine, but I kept expressing my anxieties about doing anything sexual. I don't remember exactly what I said. He told me I should close my eyes and told me he could do it for me. I expressed my anxieties again for the situation we were in. He told me to close my eyes. I finally just conceded and closed my eyes. He took my hand and put it down his pants and made my hand rest on his penis. I think he asked me what it felt like. I don't remember what I said, if anything. He moved my hand as his own and made me stroke his penis. 
It felt like hours, but in reality it must've been only 30 seconds. I took my hand out of his pants, and I quickly grabbed my things and left out the backdoor, I don't rem"
1066,1,"sked me what it felt like. I don't remember what I said, if anything. He moved my hand as his own and made me stroke his penis. 
It felt like hours, but in reality it must've been only 30 seconds. I took my hand out of his pants, and I quickly grabbed my things and left out the backdoor, I don't remember what I said to him on the way out. I walked to my house, and that's all I can remember from that day.

I don't remember the first time he hit me, but it must've been sometime around January 2020. It was subtle at first, I couldn't tell you when the bruises started to form. But I remember them. They were purple from him pinching me and I had teeth mark bruises on my shoulder from him biting me. Yellow, brown, green, purple, ugly bruises. I had bruises on my arms that my mom would comment on, and I'd just say him and I were rough housing. He'd ask me to show my bruises to people on the bus, and I'd oblige and reveal the teeth marks and bruises on my shoulders and neck. I have witnesses. 
He would call me a faggot. He would call me a tranny. He would always say that I was a woman, that I'd never be a real man. 

In June of 2020 he disappeared. He blocked me on social media, he wouldn't text me back, and I started to worry. He eventually reached out to me, screaming that I was ruining his life and that I was annoying him by trying to reach out. He was gone after that. I didn't hear from him for months, nobody did. The house down the road was occupied by new cars and tenants. I thought he killed himself.
I mourned the loss of my best friend, whether he was dead or not I felt like I was missing a peice of myself. He was my best friend for 9 months. It took time for me to feel okay again. 
In December of 2020 I started to think about him again. I reflected on our friendship, and began to realize what an awful person he was. I hated myself for not leaving him sooner. I hated myself for not leaving at all. He left me. I'll never get over that. 
On January 8th, 2021 (6 months after he dissapeared) I tried to kill myself. I took 25,000 mgs of Tylenol over 24 hours. I eventually confessed to my mother and we went to the hospital, where I was committed for 9 days (I stayed a total of 2 months in psychiatric care after that). I told them about my sexual assault and him and the abuse I suffered, and the hospital reported it.

END OF STATEMENT

Notes:
When I spoke to the detective, I was in the hospital recovering from a major overdose. I was an emotional wreck, angry tha"
1066,2," total of 2 months in psychiatric care after that). I told them about my sexual assault and him and the abuse I suffered, and the hospital reported it.

END OF STATEMENT

Notes:
When I spoke to the detective, I was in the hospital recovering from a major overdose. I was an emotional wreck, angry that I was alive. I didn't tell her everything, I didn't even remember everything. She never asked me for a follow up, so I'm submitting my statement again because I want my case to be as strong as it can be. Thank you for reading this far, any notes would be appreciated because I need to win this case. For my own sake, I need some sort of justice."
1067,0,"Was I purposely sexualy harassed or not?

So, this happened not very long ago with one of my very close friends. For context: I'm a female and and he's a male who's older than me with about 3 years. 

So, we're both in this big friend group with 7 people in it. He had been acting a bit weird around me not long before this happened.   

We were all hanging out together in one of my friends's house. I went to wash my face and since I didn't have a towel, I stood in the balcony alone to dry my face (it's pretty windy were we live). 

He then enters the balcony after me and  presses his body against me from behind. I thought he was just moving over to the other side of the balcony. But he was just standing there with out bodies pressed for about 10 seconds and THEN he moved (I wasn't blocking the other side. He could've easily moved there). 

I immediately left the balcony and went back inside but this still bothers me. 

I'm still confused whether this was accidental or if he did this purposely.

Thank you."
1068,0,"I’ve been having this problem since I was 7..

I have been sexualy assaulted, sexualized, and touched ever since u was seven.. I have been treated like a toy to society for so long And I don’t know what to do.. every year the age for ppl trying to use me and have sex with me is slowly getting older and older to the point where it won’t be a minor. I am 13 years old, and I have been sexualized, assaulted, since I was 7. And it’s been taking a tole on me.. what can I do to stop being treated like a toy and to move on and be happy?"
1069,0,"Is there anyone I can speak to who has reported?

I am at time plagued by the idea of coming forward and how I may regret being silent when I’m older. I understand that my choice to report or not report isn’t a matter of making a good or bad decision, as I fully believe it is whatever that helps me heal that is best. I just want to hear from those who reported and either received justice or was failed by the system, as well as those of you who decided to not come forward and your stories / reasoning. I feel at war about this in my head..."
1070,0,"Is it assault to say yes but still hesitant?

I REALLY liked this guy and he clearly liked me (or atleast pretended to?). So after hanging out a few times, flirting we discussed having sex. Now I did want to however I just didn’t morally feel right about it which I had told him. I said “I still want to but now here’s my issue...” and explained to him. His response was,” well you either want to or you don’t.” I was scared, things had gone too fast too quickly but I didn’t know how to stop. He eventually grabbed my butt and I just went with it. We had sex but I was clearly not okay during it. He asked me during if I was okay. He said afterwards that, “I was hard to read during sex.” My question is, if a part of me wanted to be with this person but I was also hesitant, is it assault?"
1071,0,"Shein clothes are toxic with lead?!

I feel like an idiot and a terrible mother. I bought and wore a few maternity dresses from there and maternity jean shorts. I read that lead exposure can cause issues with pregnancy, babies being too small and stillbirths. This is terrifying!!

I’m already afraid of my daughter being too small and now I feel like this is my fault. Is the damage already done?! :( I just want her to be born and safe. I feel awful."
1072,0,"Finally chose a name for my passed baby, Clarity

Tw: miscarriage, details about the day it happened, abuse from ex mostly glossed over

Mostly just getting this off my chest and also honoring my baby.

Last February I had a miscarriage with my abusive ex (who was in jail at the time, and is facing more charges and back in jail again)

It was a horrible time in my life. Getting pregnant was a slap in the face for me though - I'm infertile and always really wanted kids.

Thanks to my baby I kinda got my head on straight and was able to escape the relationship. Unfortunately I miscarried about halfway through my pregnancy. It was extremely devastating for me, all of my other miscarriages have always been very early. 

The night before my miscarriage my baby kicked for the first time. The next day I woke up to bleeding. I've been through so much trauma in my life already starting at the age of 5. Even so I think the worst wail I ever let out in my life was when the doctors told me there was no heart beat.

I hadn't chosen a name yet. I was just about to find out the gender but was never able to. Now a little over a year later I've decided to name them Clarity, because they were my guardian angel who saved me in one of the darkest times in my life. Even though they had to leave this world I'm forever grateful to my little Clarity for the time I got with them. 

Thanks for reading ❤️‍🩹❤️‍🩹❤️‍🩹"
1073,0,"My ex got an abortion but I wanted my little baby

We broke up because I *had* to move or lose my shit where I was living before. I thought she was moving with me, but ended up changing her mind. Anyhow, we saw each other every time I went back to visit. The last time I went, about 3 weeks ago, was great, and I was really trying to make a case for her to move with me. Still said no. Last week, she texted me to tell me that she was pregnant but was getting an abortion. She got her abortion done today. I just want my baby and a happy family but there's nothing I can do."
1074,0,"Ultrasound/Hcg situation

(saw folks in r/pregnant recommend this subreddit so i thought I'd post here too)We went in for a second ultrasound, expecting to be at 7 weeks and 3 days. The week before, our doctor had detected a heartbeat—107 bpm—and the fetal pole measured 0.44 cm, which aligned with 6 weeks and 3 days.

This time, everything changed. The doctor couldn’t detect a heartbeat. They didn’t tell us the current fetal measurement, only that the yolk sac measured 0.95 (I assume cm). They said the fetus appeared to be measuring smaller, around 6 weeks and 2 days. My partner and I were devastated. We had just come back from joyfully telling and surprising our friends and family. To receive this news right after sharing our happiness… it was crushing, as I know it is for so many others who've been through this.

To make matters worse, the experience at the clinic was incredibly disheartening. We were the only patients there, and yet the ultrasound process dragged on. After breaking the news of no heartbeat, they simply sent us back into the now-full waiting room, fully sniffling and sobbing.

Then, they sent us to the pharmacy to pick up abortion pills—just like that. And today, out of nowhere, my OB calls to tell me my HCG levels are at 19,808 and that I need to come in for more blood work tomorrow. We're not clinging to false hope, but this feels so careless. What if, in our despair, we had taken the pills already? What if there had still been a faint heartbeat and we had made an irreversible decision based on their poor communication? Again, we don't remain hopeful, but I can't stop my thoughts from going there.

We're exhausted. Frustrated. Heartbroken. The emotional whiplash of this whole experience has been unbearable.

If you've been through a missed miscarriage or anything similar, I would be so grateful to hear your story. Sending love and strength to anyone navigating this kind of pain. You're not alone. ❤️"
1075,0,"2 weeks post D&C

I still wear a pad for light bleeding, it's maybe a light brown color.

I cried today, when does trying again become selfish? I have two boys aged 13 and 5. I'm 41.

I miss being sexually intimate with my husband. I miss my baby I lost, he was a boy and all the tests were perfect until I started spotting.

How do I know when to stop? I've had 2 miscarriages in a row."
1076,0,"He felt me up while snorkelling.

Hi, this is my very first post here. And I've never shared this story with anyone other than my boyfriend.

I'm studying abroad and my family came to spend the holidays with me. I went snorkelling with a few cousins, my mum, younger sister and an aunt. My two (female) cousins, me and my sister each got an instructor. 

We all started off together and half way there I started panicking and I needed to pull my head back up because water kept getting in my goggles. This has happened to me everytime I went snorkelling, panicking and stuff. As much as I tried to calm down, it hasn't been very easy for me. 

So the instructor let me sit on his thigh while I adjusted my goggles (no big deal, this was normal) also he kept a good grip on me knowing I was panicky. By this time we were separated from our group. But then he started slowly feeling up my breasts. I thought I was paranoid as I have never been assualted before. I just thought he was trying to keep me from drowning. 

His hand slowly came down from my chest and just below my belly button. It was then that I realised that this guy was upto no good. He almost put his hand in between my thighs until I stopped him. Then his hand was resting on my ass. I was really uncomfortable. We were too far away from the shore, too far away from our group. I was scared shitless.

I told him that I wanted to go back, he said that we have to go a certain way which was a long path. I was scared but I agreed with him. 10 minutes have passed and he was still circling me around the same area (I wasn't aware of this then.) By now I've been refusing to let him touch me anywhere so he was dragging me by my hand, when I felt something hard against my the palm of my hand.

He was stroking the bulge in his pants with my hand!!  I wasn't naive I knew a cock when I felt one. So I bobbed my head back up again and told him to let me go back to shore. He insisted that I stay, that there's still alot of places that I haven't explored. I told him that I do not care, I want to go back to shore, I was almost screaming by then. 

He got super pissed and said that I needed to calm my ass down. I didn't reply, I was trying my hardest not to cry infront of this guy. But he did take me back. And as soon as I got back I called my boyfriend and started crying. I never told anyone about this. And it still haunts me to this day. Guess I won't be snorkelling anytime soon."
1077,0,"I’ve only told two people this. But here goes. I’m ready to share my story.

When I was three, my parents split up. I bounced back and forth between them weekly. When I stayed with my dad, there was a period of time in which we lived with his parents, and my mentally retarded uncle. He has severe MRDD and has the mental capacity of a five year old, just about. My dad has always loved and protected him at all costs. He was always his favorite person in the world. 

My dad and grandfather often took smoke breaks outside and left me inside the house with my uncle. One day, they went outside to smoke and my uncle asked if I wanted to play doctor. Being a three year old, I was excited that he wanted to play with me. So I agreed. Before I knew it, he pulled my pants around my ankles and molested me. With his hands. With his mouth. I was in shock. I told him Dad would be coming back any second and he didn’t listen. He didn’t care. He stopped right before they came back in. I was terrified. 

This happened countless times over the course of a year or two. Each time I began telling him no, and he did it anyways. I couldn’t say anything. I was too afraid that I would be the one to get in trouble. That they wouldn’t believe me, and that stuck with me throughout my childhood. 

Around the age of five, my cousin molested me in a similar way. In the same house. Again, absolutely mortified. Not even a year later, yet another cousin (on my mom’s side) and ended up forcing me into sexual acts with her as well. 
 
I grew up anxious and afraid of everyone and everything. It’s taken a long time to form any sort of confidence or trust but at 23 years old, I feel like I’m finally breaking the chains all those assaults wrapped me in. 

It’s hard. It’s really hard sometimes. I can’t orgasm now, and when I do it takes a really long time. Luckily my boyfriend understands and is patient and caring with me, which helps a lot. 

If there’s anyone who’s been through something similar, never feel like you have no one to talk to. I’m always here for anyone and always open to talking. I hope my story helps at least one person feel like they aren’t alone. Because you’re not."
1078,0,"My friend’s doctor lied to her partner to protect her

Note: obviously changing some details around for privacy

My friend Jane has been stuck in a frankly emotionally abusive relationship for a while. She’s been slowly working on getting everything ready to leave him - things like getting her important documents away to trusted people, finding a new place to stay, saving up enough money etc. but it’s been hard because he’s really controlling and he’ll go through all her stuff. 

But then she found out she was pregnant. There was no happiness at the news on her part. He has always desperately wanted kids with her. She never wanted kids with him. She doesn’t even want pets with him. 

I’m forever grateful that it’s relatively easy to get an abortion where we live, and I’m forever grateful for her doctor. 

Her doctor was amazing.

It’s part of the protocol here for doctors to get their pregnant patients alone and ask them about anything concerning - like abuse. It was then that Jane told her doctor about her situation and begged for an abortion. She asked her doctor to give her one secretly and lie to her partner. There was no judgement from her doctor at all. Her doctor believed her and immediately took her side. 

Jane managed to get the abortion secretly. Her doctor lied to her partner about everything the entire time. Said that Jane just needed to get some more tests done and that they were busy and it’ll take a while when Jane was really going to get her abortion done. She opted for the surgical abortion so it was really quick. 

Afterwards her doctor lied again to her partner and said that she thought Jane had already left - didn’t she leave with you? When in reality Jane was leaving with me from a different building in a different exit. 

Jane’s doctor is the reason she managed to solve her problems instead of ending up with even bigger ones. It was just so refreshing for her doctor to believe her immediately like that. No argument. No doubt. Just completely took her at her word and went above and beyond. I know if I told the people I know in real life they’d think the doctor was in the wrong for keeping it away from the man in the relationship, but I feel like people here will understand. I just feel like more doctors should be like that and be willing to take extra steps and protect vulnerable patients."
1079,0,"I’m feeling the emotions again because of my realization.

When I talk about what happened to me I always say “I was sexually abused” because it my head I guess it made what happened seem not as bad. It made it easier for me to say that I shouldn’t feel bad about what happened because it wasn’t rape, just sexual abuse. But I just came to the realization that they are different and that I was in fact raped. For more than 10 years. And now I’m suddenly having the same rush of emotions as I did every time I was raped. I don’t know how to deal with this."
1080,0,"D and C advice

Hi group,

I’ve had seven miscarriages throughout my life, but I’ve never had a D&C before. My last miscarriage was about three years ago, and now—due to PCOS and some complications that may stem from those losses—my doctor has recommended a D&C. It’s currently scheduled for July 9th.

Emotionally, this procedure isn’t triggering in the way it might have been years ago. Of course, it’s still hard to sit with the reality that I’ve never been able to have a child—but this D&C is more about physical recovery and moving forward.

That said, I’m a wedding planner, and I have a full wedding I’m running on July 12th—just three days after the procedure. It’s a long, high-energy day and I’ll be on my feet for at least 10 hours. I can’t reschedule the wedding, but I can reschedule my D&C if necessary.

Has anyone here had a similar experience? What was your physical recovery like in those first few days? Would you suggest pushing the procedure later, or is it realistic to expect to be back on my feet by Day 3?

Thank you so much for any guidance you can give."
1081,0,"When I was younger I was raped by some step family was it or did I couse it to happen

So when I was young I had a favorite family member a few actually  and every time I visited we would end up alone for long periods of time during those times they offered me candy and other thing I just had to get on nees and open wide they did that alot until on day they said I can't bit only suck and then they locked there door there where two of them I did as I normally do wich was get on nees close eyes and open mouth expecting a sucker or something else but then I felt something slip into my mouth and as I pulled away they pushed me up against the wall  one recorded it the other held me and started taking my clothes or riping them eventually I was only in underwear I feel like I should mention I'm a guy and both of the people I'm talking about are guys but anyway once I was like that I was week from lack of air so they picked me up after unloading all over my face they moved me to bent over position and removed my underwear they came from both sides mouth and ass I felt so powerless it happened more but when I'd run from them they'd catch me beat me the tie me up and do more to me no one knew because I was to embarrassed as a guy to tell anyone  that I had been raped so I let it happen so much"
1082,0,"I've always struggled with this (hard to read?)

Went on a second date and he took to SEVERAL bars. Drove me home so maybe he wasn't feeling it as much as me. We got back toy place and I made us some drink. I remembered him asking if he can out his arm around me. The I remember telling him I'm exhausted and need so sleep (I get very tired when I get alcohol in me). I walk into my room and remember pulling the blankets down. Next thing I remember is him on top of me and him forcing himself inside me. First his fingers then him. I don't tell him that's okay. I don't remember speaking at all. I thing about if a scream who will hear me. Nobody. I didn't want this and I didn't invite this. But.....I didn't fight him off. I told my friends but they tell me that it's my fault. If I didnt want i should have fought him off. It's my fault. It's not assault. It my fault."
1083,0,"If life begins at 6 weeks, then everyone in Texas should start suing to collect on life insurance policies after a miscarriage

Am I crazy and overly optimistic for thinking that this could actually set legal precedent?  There's no way the lawsuits would win, because the insurance companies would argue that there's no loss of life and the courts would agree with them.  

Force the courts to acknowledge, in writing, that the loss of a pregnancy after six weeks does not count as a loss of life.  Use those rulings to strengthen abortion protections."
1084,0,"Had an abortion at 4-5 weeks pregnant

Had an early abortion at 4-5 weeks this time last year, was so conflicted and was the most difficult decision I've ever had to make in my entire life.
My bf at the time purposefully got me pregnant by removing the condom, we were only 8 months together, I couldn't believe it. He very much wanted to keep the baby as he was very religious however I explained to him with much debate and thought that it wasn't right nor our time, I felt we were not stable enough and especially him doing it against my wishes.
He did in fact support me through the termination, the first few months were hard mentally following after that, then he begin to take it all out on me and emotionally abuse me for terminating by saying hurtful comments, he eventually broke up with me and told me I was ""perfect until I aborted the child"". I think his mental abuse didn't help my situation."
1085,0,"Please be honest—am I overreacting or is this too much?

I’m 16w5d with my first. This involves a social issue with someone I’m friends with, but not close to. The fact that we are not close is relevant to this story.

She really wants to come over, both now and when the baby is born, and keeps stressing it’s because she has “such big baby fever these days.” Like she doesn’t want to talk to ME, she has literally not once asked me how I am feeling, but she really wants to see the nursery-in-progress, and keeps stressing how bad she wants to see and meet baby (who is months away from arriving). I don’t mind the excitement, it is honestly nice, but the reason it rubs me the wrong way is she’s previously made me feel guilty for not being able to do things because of the pregnancy, and doesn’t seem interested in me as a person. Most critically, when I miscarried in the past and told her about it, instead of saying anything sympathetic, she kept talking about how what I was saying was making her feel like less of a woman, leading me to apologize. 

I think it’s the repeat stressing that it’s because of her baby fever that she wants to be around me that’s rubbing me the wrong way. She specifically brings her hormones into it as well, as an explanation for why she feels this way. 

I feel like a jerk for being rubbed the wrong way by this, but it does make me feel kind of bothered. Am I just being hormonal?"
1086,0,"Is this sexual assault?

This happened 4 years ago my first week of my Freshman year of university and keep in mind at this point in my life I had never had my first kiss, a boyfriend and was still a virgin. 

My university was 8 hours from home and I didn’t have any friends or know anyone there, and I’m also extremely shy so I was understandably nervous. I (F18) met this guy (M18) at the end of move-in day during an ice cream social that our dorm hosted to get to know residents. 

He was super friendly, we both talked about how we were accepted into the honors program, we bonded over tv shows and fandoms we both enjoyed and overall I was happy to make a new friend. All week he talks about how he wants us to get to know each other and become good friends, we can study together etc. At the end of my first week at uni, I’m sitting in my dorm alone and he texts me and asks if I want to hangout and watch a show together. I say sure and he comes to my dorm and we’re sitting on my bed watching tv, I think nothing of it. (Note: he knew I had never been with a boy before because he asked me during this week)

Out of nowhere he shuts my laptop and starts kissing me and pushes me down so I’m on my back and he’s on top of me. I am immediately uncomfortable but I don’t know what to do, I’ve never been in this situation before or anything remotely close to it with a boy and I felt trapped so I freeze and just let it happen. Eventually he starts touching me in places and regions I am DEFINITELY not comfortable with and out of fear I start pushing his hands away and saying stop. He keeps trying to put his hands back where they were and I keep pushing them away and asking him to please stop. After multiple tries eventually he seems to get frustrated that he isn’t getting anything from me and he gets up and leaves. I’m left alone in my dorm to cry feeling violated. He never texted or talked to me again after this not did I ever get an apology. I ended up telling my roommate about it who said “that’s just how first times with guys are, it’s nothing to cry over”. To this day this memory still haunts me and I still get triggered by certain interactions, I feel like he took advantage of my naivety but I don’t know if I’m just overreacting or not."
1087,0,"My ex guilted me into doing things

When I was with my ex they would kiss me when I wasn’t expecting it and whine until I made out with them. There was a a time when we were laying down to fall asleep and they got on top of me and started making out with me. They held the back of my neck tightly and put their whole body weight on my chest. They separated my legs with their knees and even though I had underwear on I felt so exposed. I kissed them back and regret it now. Was it assault?"
1088,0,"I think I was coerced

So I (20F) went to a party on Halloween weekend of 2019, and drank too much and this one guy at the party started making out with me. That was fine whatever, he kept pulling my skirt up and I told him to stop and he kept doing it. Anyway we end up ubering back to campus together with a few of my friends. He kept asking me to go back to his room but I wanted to make sure my Roomate got home ok, so he came with me to walk her home. When we got there he kept trying to convince me to go back with him and I was essentially saying no I think (I don’t really remember, I just remember saying I didn’t want to hook up with someone who doesn’t actually like me) but he kept persisting and was making me feel bad.

 

I ended up going back with him and set a limit of only giving him oral, which once again was only because I felt bad for saying no to going back. When we got there before anything happened he asked me if I was still drunk and I said yes (which I was, not black out but very wobbly on my feet and I didn’t remember certain points the next day) and then I asked if he was and he also said yes but I’m thinking he only said this because I said I was. Anyway I started giving him oral and he started trying to finger me, and I eventually gave in to having sex with him. 
 
One part of me thinks it is, but then I did say yes. Is it sexual abuse, or was I just taken advantage of?"
1089,0,"Is this sexual assault?

This might be getting really graphic for some people)

I’ve (22f) been in a bad spot with my bf (23m) for some time know. He isn’t physically abusive or forces anything sexual on me (he in fact currently struggles getting intimate with me). The root of our issues are mostly his emotional neglect and my retroactive jealousy regarding his high school sweetheart which he dates for 4 years and planned to marry(I know to much about even intimate parts about their relationship to feel comfortable with that part of his past). But that’s besides the point I guess. 
When we first started dating I was a virgin (just never really felt like doing it before actually identifying as asexual for most of my life) but I knew that I wanted to give it a shot with him. 

So one day he picked me up and we are driving to his place. He had some friends chilling too see we made out in the car and I guess it gets heated we pull away and he says something like “tonight we are gonna do it.” I decline I was to nervous and I j ew that about myself but he just squeezes my leg smiles and repeats himself before getting out of the car. I thought he was just being flirtatious. I meet the friends we are having a fun time and get drunk. I don’t remember too much. 
I remember his friends leaving and one of them saying “fuck her for me too.” While walking out. 
I couldn’t grasp a thought for a comeback but I remember it making me feel gross and stabbed thru the heart. 
My now bf didn’t say anything I guess.

We end up making out. It gets heated and he undresses (which we never dud before I’m past make out sessions) 
And he grinds me until he gets up to look for a condom. 
I felt the obligation to tell h that I’m a curving and he looked in total shock at me. I don’t come across as someone “inexperienced” I guess. He fishes around and asks if I want candles ?
I decline and my head falls back on pillows.
My memory is foggy not sure how much is accurate I’m sorry.  I was more than tipsy drunk not sure how sober he was either but he seemed a bit more stable than me.
I probably sus tell him that I wanted to try but looking back just wish he wouldn’t have listen to a drunk girl who now hardly has memories of her first time :/
I flash in and out and suddenly he is on top of me and we are both nude. 
We try having being intimate but it won’t go in it’s too tight and dry. It was painful. He tried on four condoms I think before he just gave up and went in without. 
That really rea"
1089,1,"now hardly has memories of her first time :/
I flash in and out and suddenly he is on top of me and we are both nude. 
We try having being intimate but it won’t go in it’s too tight and dry. It was painful. He tried on four condoms I think before he just gave up and went in without. 
That really really scared me and I didn’t feel able to talk or say anything. There was blood too not from the hymen just from internal skin tearing.
I think I shed a tear when he feel asleep and I passed out. 
The next morning I was up with him rubbing against me. I was scared by that too. I wanted to cry and just be held. 
He ended up having to leave for a family get together in the morning and left me alone at his place scarred not knowing exactly where I was (he lives further away from me so I’m not to familiar with his neighborhood ) and frozen terrified of getting pregnant after my first time. 
I’m anxious the entire week after. 
He did come back with plan b and a rose but I don’t know how to feel about it. He is very sweet and times and really kind I just don’t feel good about that night but maybe I’m just overthinking it I don’t think I ever fully protested but I don’t know. 
I just have no one in my rl to consult about with this without causing too much drama so I guess I’d appreciate other opinions."
1090,0,"Second thought on abortion

I'm having second thoughts. I'm about at least 9 weeks and is it possible to still have abortion? I'm afraid of the effect it might cost. 

Like how painful it would be. Abortion is illegal in my country and I'm afraid if something wrong might happen during the process? 

What's the step should I take to process right after I take the pills to minimise the pain? Can I take ibuprofen? 

How long until it's too late to take an abortion? I'm still second guessing myself."
1091,0,"My sister almost told my parents that i am forcing myself on to her

After my last post i started thinking about how my feelings for my sister changed after she went to college and i want sort those feelings. My sister is still here why not ask her myself? i thought and then i called her to watch a movie or anything, but she said she is tired and want to go to sleep. My parents are out and won't come until morning so, i thought whatever i ask her maybe she would be surprised or scream at whatever i say and it would all be in private. So begged my sister that it would only be a few minutes and i want to talk to her about something for so long. She sat on the bed and i told her that i love her, she smiled and said that i love u too brother and laughed, then i said no you don't understand and that i have romantic feelings for her, that i loved her for so long. At first she didn't gave any reaction then she acted little confused and later realised and asked me what the hell i am telling to her. Then i told her that it's real ,that my feelings were real but i don't know what happened to them after you went to college, she stared at me with disbelief but she looked serious then. I thought maybe she is realising what i was saying to her and moved close to her, then i said to her to understand my feelings and touched cheeks, then with overwhelming emotion i started kissing her. She choked and tried to push me but i was advancing blinded by lust. In the end she bit me and pushed me away and then she slapped me like 3 or 4 times. My mind went blank that moment, then i looked at her face, tears started rolling down her face, i can see anger, betrayal, sadness but i saw more pain and sadness then anger in her face. She is disappointed not for who i was but who i became. I can't believe what i just did to her i am as much shocked as she was, she was crying heavily and  said that she would tell everything to father and mother when they get back. My whole body went numb by her last sentence, then she ran to her room and locked herself inside. I tried to stop her but i can't move my body at all, i can still hear her crying so much.

I don't understand everything was fine a few minutes ago until went and f\*\*\*\*d up everything. My heart is beating so fast like it would come out of my mouth. For the first time in my life i feared my sister. Now i feel like a prisoner on death row. I just can't calm myself at all and i' m in panic. My father is a very strict man if he know"
1091,1,"minutes ago until went and f\*\*\*\*d up everything. My heart is beating so fast like it would come out of my mouth. For the first time in my life i feared my sister. Now i feel like a prisoner on death row. I just can't calm myself at all and i' m in panic. My father is a very strict man if he knows what i did to my sister he would beat the s\*\*t out of me and nothing will be same forever and would lose my place in family,  no one will respect me, i was on brink of losing everything i had in my life. Can't sleep, can't drink , can't eat , my pounding heart wouldn't slow down at all and the morning came.

My parents returned, and my heart ached, fear and panic made my brain go numb. What is going to be my future? so many unanswered questions. I can hear my parent's voices from other side and my sister's footsteps and i thought i am done and that i am gonna be dead soon. A minute felt like an hour but i didn't hear my sister voice or any kind of sensation that she is talking with my father. What ? is she gonna kill me slowly? My whole life and it's memories were spinning around in my head. I was expecting a shout or call from my father but nothing, then a couple of hours passed i went to the hall i saw my father and looked at me once and then looked away and doing whatever he's doing. Everything looks normal and I am having mixed feelings about this. Why haven't my sister said anything to our parents? what happened? did she changed her mind? again so many questions, i didn't know what to do and i went back to my room,i sat in silence and i don't know what to think or expect from anything or anyone i just sat there with guilt.

So many hours passed or may be only a few hours i don't know, my mind was not clear and i know that after this day nothing would be same. Then i saw my sister coming into my room, i thought i was dreaming and why would she come into my room after what i did to her. Then she said something but i didn't understand, i was too much in shock that she is talking to me now. She asked me whether i slept or not and i nodded that i didn't. She was pretending like nothing ever happened and i found it hard to believe but it's true. What happened to her? did she lost her memory or what?. I don't understand ,here she is talking to me like nothing happened and then she smiled and told me to take care of myself and went back to her room. Tears started flowing through my eyes ,i was in so much pain. Did she not wanted to bury me by telling father abo"
1091,2,"r? did she lost her memory or what?. I don't understand ,here she is talking to me like nothing happened and then she smiled and told me to take care of myself and went back to her room. Tears started flowing through my eyes ,i was in so much pain. Did she not wanted to bury me by telling father about what i did to her? why did she changed her mind? did she pity me or may be she didn't want to break the family or may be not to make my parents sad at what their son became? but i can never ask her why she changed her mind and i don't have balls to ask her. Then i started remembering about her and me. She always was a good sister, she always would do anything i ask of her anytime, she loved me and respected me as a good sister but now i lost her respect  and i wondered if she still forgives or not in the future. I started to remember my child hood,my real father abandoned my mother and me,  my sister was still in my mother's womb at that time. He is a bastard my real father, he married one of his student in secret and made babies with her. My real mother she is naive and never really let go of my father. He didn't wanted another kid or should i say burden to him. He pressured my mother to go through abortion and kill my sister still in my mother's womb. He even tried to force her into it but my mother barely escaped. My real mother has two sisters and then after my sister was born she gave away me to her older sister and my sister to younger sister. We grew separately until we became teens. I don't even know about this until i was 18. I always thought that the people i am living with are my real parents.

  Then i started to realise every man in her life from my A\*\* hole father and me  every one hurt her. I was in pain, instead of protecting my sister who went through a lot, even i took advantage of her, tried to violate her. I was so ashamed and wanted to kill myself. I should have been a brother who always was there for her when she needed me. But instead i became self centred and it was always about me and me alone, others feelings didn't meant much to me. After my sister changed her mind about not telling about what i did, it broke my heart. I thought being punished was better than being at my sister's mercy. I understood one thing though even after what i did she still forgave me and gave another chance to repair my sick life. Feeling fear, love and respect for my sister came to my mind. Before her forgiveness my little feeling were nothing. I looked b"
1091,3,"unished was better than being at my sister's mercy. I understood one thing though even after what i did she still forgave me and gave another chance to repair my sick life. Feeling fear, love and respect for my sister came to my mind. Before her forgiveness my little feeling were nothing. I looked back at my past and my whole life i am no one, a shut in for the past few years all i did was play video games, watch anime, porn and nothing useful. With my childish behaviour and weird lust towards my sister i destroyed my life thinking about sex with her. My father and mother who adapted me asked just one thing from me to just get into a medical school and become a doctor. But with my bull s\*\*t i threw it all away for my petty pleasures. Because of that i wrote  medical entrance for  three times for name sake and i failed all those times to get into a medical school now i gave up. But my sister opened my eyes and i will try again with all my heart to get into a medical school. I know it's insane how am i gonna get in this time if i failed all these times. My sister game an opportunity and i will take it and use it. I understood one thing though, good women always give you chances to redeem yourself and men f\*\*k it up always. No matter where i am in the future my sins come back and bite me in the a\*\*, now i escaped at my sister's mercy but sooner or later i have to pay for my sins."
1092,0,"My experience with MA in an illegal state: ~4-5weeks pregnant

Hello! I thought I would share my experience with the abortion pills as a resident of an illegal state, in hopes that it may help someone. ❤️

As soon as I found out I was pregnant, I knew I couldn’t keep it. I was estimated to be about 6 weeks based on the first day of my last period, although I believe conception happened 4 weeks ago. 

I live in a state where abortion is banned. I quickly searched online for advice and found a company called Abuzz. 

I quickly filled out the necessary information on a Monday and received the abortion pills by mail the following Monday. No telehealth appointment or anything. (I hear people typically receive it quicker but I live in a rural area which I think is why it took a week to receive).


I waited until the weekend to take the pills.
Here’s a concise overview of my experience:

Friday 10:00am: took first pill. No symptoms what so ever. 

Saturday:
-Woke up nauseous at 8am 
-8:30am: took an Imodium 
-10:30am: took 800mg ibuprofen 
-11:15am: took 4 misoprostol vaginally. I experienced waves of nausea and hunger 
-11:50am: mild cramping and hip pain begins
-2:00pm: cramping intensified (similar to first day period cramps for me) 
-2:10pm: cramping becomes extremely intense, (similar to after getting my IUD inserted), but still no bleeding yet. Breathing exercises and heating pad helped immensely for comfort. 
-2:30pm: sat on the toilet. This is going to sound strange but I felt a weird popping/bubbly feeling in my uterus and there was a sudden gush of blood. I passed a large clot and felt a lot of relief. Cramps subsided from extreme to normal intense period cramps. 
-2:50pm: sat on the toilet until ~2:50pm, passing 3 large clots, and then laid back in bed and tried to eat something. I felt less pain, but felt weak and a little shaky. 
-4:10pm: got out of bed, less cramping. Bled through 1st overnight pad upon standing. Sat on toilet, gush of blood and passed massive clot slightly larger than a golf ball. (This was the largest clot). 
5:00pm:  passed another clot. Still cramping and hip pain 
8:45pm: large clot, typical heavy period cramps 
9:30pm: several large clots 
10:00pm: took 400mg ibuprofen 
11:00pm: fell asleep 

Sunday: 
8:00am the next day- woke up, felt so much better, first pee had a small clot, almost no cramping, energy back to normal. Small random cramps throughout the day. Medium flow. 



**Some notes and tips:
-heating pad, OTC pain meds"
1092,1," clots 
10:00pm: took 400mg ibuprofen 
11:00pm: fell asleep 

Sunday: 
8:00am the next day- woke up, felt so much better, first pee had a small clot, almost no cramping, energy back to normal. Small random cramps throughout the day. Medium flow. 



**Some notes and tips:
-heating pad, OTC pain meds, cozy pajamas, hydration, soothing soup/broth, and heavy flow overnight pads are essential 
-things didn’t start going until I walked around a bit and sat on the toilet. I think this helped things along faster, and cut down on suffering. Try to get up! 
-I only passed clots while sitting on the toilet
-I had a thermometer and a journal to monitor my experience. 
-it’s recommended to take the 4 pills orally if you’re in an illegal state. I decided to take the risk of inserting vaginally because I was already so nauseous upon waking up, and was worried I would vomit. 
 -I strategically took the first pill on Friday at work, so that I could begin the process through the weekend and have Sunday as a rest/recovery day. I’m back to work on Monday, and although I would have enjoyed an additional rest day, I’m okay and this timing worked out fine for me! 

As of Monday, I still have the occasionally light cramps, small clots, and a medium flow. 

If you’re going through this process, I hope this helps you make an informed and confident decision. 
You are so brave! Love and take care of yourself. ❤️"
1093,0,"It’s a boy… and I’m not excited. At all.

Well, it’s a boy. And I feel crushed. And disappointed:/ And all of it just makes me feel like a bad person. This was a completely surprising pregnancy. I thought I was infertile and had just accepted it and surprise! Was definitely not what was in my plans but I when you get a gift like that you just accept it. I’ve always wanted to be a mom. Today I was so excited because I got my appointment moved up to a day earlier and I got to see my baby on the scan. When she told me the gender I felt like everything went silent. I was stunned and crushed.

It doesn’t help that I’ve had a bad relationship with any and all men over the years… domineering, strict father. Then I was in a relationship with a guy for over ten years on and off who was just awful and physically abusive. Last guy I was with, the father of my baby, was just a one night stand who turned out to just be a piece of work… he was never supportive, gaslit and basically abandoned me. Clearly, I don’t have a great track record or judgment. My family agrees; they are religious and as soon as I told them I was pregnant (outside of marriage) they disowned me and want zero to do with me. The only family members I had left on FB (also ultra religious) very quickly I friended me. One cousin sent me a last message basically telling me I was a worthless whore. Like gee, thanks Donna. As though I already haven’t been struggling with feelings of self-worth.

I feel like I don’t know anything about boys. I don’t know how to raise a man. I don’t want my son to turn out like any of the above losers. I REALLY wanted a girl because I would be good at that. I had already envisioned myself with a daughter. I already started buying pink stuff and hair bows. I just KNEW I was carrying a girl. I realize it was wishful thinking on my part. Now I just feel stupid. 

It also doesn’t help that this demon spawn has been wreaking havoc on my body. I thought pregnancy was going to be amazing and I’d be glowing and baking apple pies and shit but most days I’m just cramping and throwing up and I feel all hormonal and crazy. Also my feet swell like crazy to the point where I almost had to cut a pair of my favorite boots off. 

My eating disorder is in full swing and I’m working closely with my therapist so that way I can properly nourish my body and my baby. But every time I eat I feel guilt and shame and this pregnancy has made me go back to some of my old ways… like binge eating in my c"
1093,1," pair of my favorite boots off. 

My eating disorder is in full swing and I’m working closely with my therapist so that way I can properly nourish my body and my baby. But every time I eat I feel guilt and shame and this pregnancy has made me go back to some of my old ways… like binge eating in my car and refusing to eat in front of anyone. That or I track my food like crazy because the routine makes me feel better. I’ve been having issues reaching caloric goals. I’m trying to push myself to do it for this baby but I just feel stressed out all the time.

On top of all that I’m super in the mood🙄 which I’ve always had a high sex drive but this is just… in another realm. Which is stupid because my urges are what got me in this mess in the first place. Talk about just bad luck. 

I just want a nice pregnancy and I feel like I’m just sucking at it. Friends are all trying to help and make everything easy on me and I just feel ashamed and ungrateful. So many people would kill for a son, or any gender, and here I am complaining. After wanting this for so damn long."
1094,0,"was my trauma assault?

I posted this to r/assaultsurvivors, but I also wanted to seek guidance from this thread as well.

TW// description of sexual acts.
I am unsure of what to call what happened to me, and because of that, I feel incredibly illegitimate in seeking help. I know people have gone through much worse experiences than I did, but I still have panic attacks and stress dreams which are worsened when I start to think I’m over reacting. 
Anyways, about a month ago I was driving to my parents house. A man flagged my car down, and I stopped, thinking something was wrong. He asked me for a ride to the corner and I denied, but he got into my car anyways. I was really scared that he might have had a weapon (in hindsight I don’t think he did). When I got to the corner, he directed me to continue driving. He started asking me questions like “are you innocent” and if I had a child. I really tried to avoid answering these questions because they were upsetting me and I didn’t want to divulge that information to a stranger who got into my car without my consent. He then started bribing me to engage in oral sex, saying he’d give me money, a Rolex, etc. He continued asking me incredibly invasive questions and trying to coerce me into sex. 
I turned away for a second to take a left turn onto a busy street, and when I turned back, the man had his penis out and he was masturbating in my car. He asked me questions like “am I scaring you?” and “I know you’re scared now. Can you suck it?” I refused to acknowledge what was happening and kept driving. This continued for about 10 minutes, until his questions got so forceful that I stopped the car and demanded he get out. He did, and I drove away.
I don’t know what to call what happened to me. He didn’t touch me but definitely got close to it, and what happened has given me anxiety surrounding both my sexual life and also driving. When I was talking to a friend, she said it did not “count” as sexual assault, which is why I’m seeking help on this forum. I don’t feel qualified to seek therapy or counseling, but I do know what happened has deeply and probably permanently affected my day-to-day life."
1095,0,"What symptoms did you experience with miscarriage?

So… April 24th was the first day of my last period. This period lasted until April 28th, and was unusually very light, and I mean very very light. Usually my periods are extremely heavy; I’ll go through a super plus tampon every 1-2 hours for usually 6-10 days. This was strange to me, but I didn’t pay much attention. 

On May 4th, I began spotting light pink/brown stringy discharge on and off, so light, I didn’t need to really use anything other than a liner and it stopped on May 6th. For the entirety of May, I felt nauseous, vomited a few times, my lower back hurt, and I was sleeping, a LOT. I craved chocolate, and weeeeird stuff. (Weird as in I made spaghetti, and then put mashed potatoes on top and crumbled jalapeño chips on top at 3am after having the most intense hunger pains of my life. Insatiable hunger out of no where). I wanted pizza with Olive Garden sauce and Parmesan cheese. Chicken made me want to gag. 

I had diarrhea, migraines, terrible lower back pain, occasional sensitivity in my pelvic area, and my nipples literally turned into rocks every second of the day. Mind you, I’m on the paraguard IUD as of March of 2024, so pregnancy was just not a possibility. My boyfriend and I joked about it, but knew it wasn’t really likely. 

Whenever I drank, I could get drunk off of 2-3 beers, which is odd for me. As time went on, I just felt different, an unexplainable feeling. I kept having dreams (as did my boyfriend) about me being pregnant, so that didn’t help. I always go 21 days in between bleeding, on the dot. Also, I’ve been very very irritable. 

This month, I was 9 days late on my period. Thursday I had a migraine that knocked me down the entire day and I slept from 4pm-9am the next day. On May 30th, Friday, I still hadn’t bled, but my dog was literally following me everywhere, guarding me like no other, and oddly aggressive towards anything or noise near me and wouldn’t leave my side. That made me want to take a test again (I took one a few days prior but it was negative).

When I went to take a test, I wiped and noticed very dark brown chunky discharge. This was weird to me. Usually when I start my period, it’s dark red/light red and heavy from the get go. I peed on a first response, waited 3 minutes, expecting one line. Look down, boom, I thought I was seeing things… I see a second line. Extremely faint, so I asked a few friends that were nurses, and they said “yup that’s a line.” My camera"
1095,1,"y period, it’s dark red/light red and heavy from the get go. I peed on a first response, waited 3 minutes, expecting one line. Look down, boom, I thought I was seeing things… I see a second line. Extremely faint, so I asked a few friends that were nurses, and they said “yup that’s a line.” My camera doesn’t do it justice, but it was there. 

I immediately went to urgent care, and the nurse had me urinate in a cup (30 minutes after I took the first one and I drank water to make myself pee again). It was around 3pm. She told me, “I doubt there was a second line, you just see what you want to see. It’s your imagination.” I asked for an HCG level test or bloodwork and she told me no she wouldn’t do that. 

The doctor came in and I showed him the picture of the test, and he said “… oh wow yeah that’s positive.” He then told me the test I took at the clinic was negative, but then was confused when he saw in my chart I had been vomiting. He sounded concerned and asked me about if I had cramping. I told him I have a high pain tolerance and always have pretty bad cramps during periods, so nothing out of the usual. I mentioned my back pain and he seemed concerned when he pressed on my abdomen and I mentioned I felt pain. When I asked about ectopic pregnancy, he said, “why do you ask?” Almost in a worried manner. I explained the chances of EPs with IUDs and wanted to rule that out. He told me to go home and come back in a week if it worsened but I wasn’t pregnant and it was a false positive. 

The next day (Saturday), I had insane cramps, cramps I can’t say I’ve ever felt before, and this is coming from a girl that used to have to leave school due to intense menstrual cramps and eats Midol like candy. I sucked it up, and later that day began spotting dark brown/purple-tinted clots. Every tampon I removed was barely bled on, just clotted. 

Fast forward to Sunday, and now my spotting is light bright red, and still, very light flow, with each tampon being bled through maybe the top surface but the majority untouched. Just some dark red clots. My lower back is killing me. But now I don’t feel nauseous or cramps and am not sleepy. 

I’m just overthinking at this point, and trying to figure out real symptoms of miscarriages other women have experienced."
1096,0,"I'm pretty lost on what to think

*Disclaimer*: if someone reading this has had a similar thing happened to them, I am in no way saying that it wasn't a big deal. Your experience is absolutely valid and you deserve all the support you need and want. This post is only about me venting and seeking support and insight.

So. About half a year ago, I was with my ex boyfriend. We were at his cousin's place, drinking and hanging out. We were planning on sleeping there in their guestroom, and we had even joked beforehand about us possibly drunkingly hooking up later. But anyways. I hadn't been drinking for a long long time, so I had forgotten about my tolerance levels, and I ended up blacking out. I only remember the first 3 or so hours of the night, along with some moments later on when the situation in question transpired.

I woke up the next day, and only vaguely remembered that my bf and I had had sex before going to bed. I don't remember the sex at all, but I remember what happened between us when he initiated it. The memories are very blurry but this is about what I remember being said.

""(me) I don't want to have sex with you, I can't see who you are"". I couldn't fix my eyes on anything, so I could barely make out his face.

I didn't want to make him mad at me, because he clearly was in the mood so I tried to sober up and I made out with him a bit. The same thing ended up happening.

""(him) it's me. It's me. Comeon now""

""(me) but I don't know where I am and I don't recognize you. I love my boyfriend and I just don't want to hurt him by making a mistake""

He tried to convince me again.

""(him) ugh fine I'll just jerk off in the bathroom""

I could tell he was annoyed so I tried to sober up again. Didn't work. He then again, clearly annoyed, said that he would just go jerk off instead. But he clearly wanted to have sex with me and so, I didn't want to dissapoint him, or risk an argument later on. 

This kept on happening for maybe 5-7 times, I can't really say because I barely remember the argument either. Eventually I started crying because I was so scared of making him angry at me (he was never abusive, but I am somewhat of a people-pleaser and he had a tendency to get upset about minor things). I could tell he was very frustrated and annoyed at me, and he even told me so many times. 

I don't remember consenting but I am 70% sure I said okay. I can say for sure that no violence transpired atleast. And the only thing I remember after that was just laying on"
1096,1,"to get upset about minor things). I could tell he was very frustrated and annoyed at me, and he even told me so many times. 

I don't remember consenting but I am 70% sure I said okay. I can say for sure that no violence transpired atleast. And the only thing I remember after that was just laying on my stomach and feeling really sad and scared that I might be having sex with someone else, because, I still couldn't fix my eyes enough to recognize him.

That's all I remember from that. The next day we just laughed about the whole thing. I felt empty but couldn't figure out why, and I honestly didn't think about the morale of what had happened, I really didn't think of anything at all really.

Anyways, we joked about this to one of our mutual friends, who later on ended up checking up on me if I was okay, because he found that story to be so wrong. That's the first time I really thought about it that way, and now months later, I can't shake the feeling that I was done wrong.

He was drunk too, but not even nearly as drunk as me, and he remembers the entire evening.

We have now broken up a few months ago, and the feeling is just getting worse. I feel dirty, I feel disrespected and I feel used.

Am I thinking about this too much?

The strange thing is, if a friend of mine told me this happened to them, I would be horrified, but I somehow feel like because it's me, it was nothing.

I don't know anymore."
1097,0,"Of course they're lying, but this is egregious

In Missouri, we're voting on Amendment 3, which would grant the right to abortion. I saw a sign someone put in their yard that said, ""No on 3! Save them both!"" 

Save them both??? Bullshit! How many women have died over the past 18 months because a doctor didn't want to get in trouble for performing a necessary abortion for miscarriage or other issues.

ETA: I'm aware that the sign refers to saving the mother's soul, but it doesn't clarify that point."
1098,0,"I had a flashback today

When I was around 8-10 years old I had a female neighbour around 2 years my senior. We used to hang around a lot and play games. I never realised that many of these games were very bad.
She used to tell me to masturbate and would encourage me to wear bras. She would over sexualise me and make me watch porn with her.

I never thought this was bad even though the memory sometimes lingered in my mind with no real feeling. 

Today however, I had a flashback. I started crying before I even knew what was happening and it all came to me. I realised what had happened. 
I called a helpline earlier because I realised I could not tell my family. The issue now is that the neighbours mother is good friends with my family and still lives in our street.
As we were both minors I believe its wrong to pin blame on her as she too probably had little clue of the weight of what she did to me was.
All in all this is just a crap situation."
1099,0,"For the most part, I don't feel like I fit in with 2x

I don't care for feminist views on the Disney princesses. 
I grew up dressing up as a Disney princess for Halloween every year and I still love them. I want my future daughters to love them as well.  

I love make up and use it everyday.

If you dress in a slutty way my brain will recognize you as a ""slut"", while I won't say that to your face. Hey it's cool... sometimes my friends and I will go to the bar and they will tell me, ""We're all dressing like sluts tonight, so dress accordingly.""  And we know the kind of attention we will receive from men from dressing that way.  My friends and I never go home with random guys/never have had sex with strangers.  



I'm sexually active and I use birth control.  I am pro life. When I was young I attended church camp where they took all the kids to an abortion clinic to pray for the souls of the babies that die there. I believe life begins at conception.  And even though I am no longer religious, I am still pro life.  I think that abortion for medical reasons is understandable."
1100,0,"Bleeding at 6 weeks?

Hello I was just wondering if anyone can share their experience or educate me on this one. I’m really confused at the moment, how long do you ladies normally spotting before having a heavy bleeding during miscarriage? I have a light pink spotting 2 days ago and then turned into a dark brown spotting. But then yesterday it turned into a dark red bleeding but still not enough to soak a pantyliner. So I just wanna brace myself but I’m still hoping for the best. But just in case something bad happens… did anyone know how long does normally spotting last before the heavy bleeding start? Any response would be really appreciated 🤎"
1101,0,"Hardest thing I have ever experienced

Trigger warning!!
I have two girls who are 8 and 6 and two boys that are 3 and 2. I am 15 weeks pregnant currently. Four weeks ago was when my life COMPLETELY fell apart. I have been married 8 years to the father of my children. One night my 8 year old and 6 year old girls were taking a bath and I was washing their bodies and noticed a huge bruise in the shape of a hand print on my 8 year old. I asked her what happened and she immediately started crying. And I mean sobbing crying. I comforted her and got her calmed down enough for her to tell me that.....Her DADDY touched her in her private area and hurt her. He grabbed her so tough or hard he left bad bruises. She said he hurt her really bad. Then she said ""he does it a lot mommy but only when your not home and at work"". Omg my heart dropped and I began to puke. I got my girls out the bath tub and dressed and I explained to her that she wasn't in trouble and she done NOTHING wrong. The girls went to play in their rooms and my two boys were already asleep. 
     I walked into the living room and I seen his face and guys I snapped. I jumped on him in the recliner and beat and hit him numerous times. He finally got a grip and threw me off of him and punched me. I started yelling and confronting him about everything. All the low down piece of crap said in return was ""you cant prove it"" wow he didnt deny it or anything.  HOW CAN SOMEONE DO SOMETHING SO VILE AND MEAN TO THEIR CHILD?? THEIR OWN CHILDREN? HOW CAN SOMEONE BE SO SICK IN THE HEAD? I called police and my daughter talked to them and they did in fact arrest him. His mother bailed him out the next day! She bailed that MONSTER out after her hurt HER grandchild. 

     He is on bond and goes to court in November. He isnt allowed near any of us at all as a part of his bail and no contact order. My daughter's and yes they done rape kits on both my girls and a child psychiatrist seen them for a couple days and determined that YES in fact BOTH the girls had been touched and hurt by someone in a sexual and a physical matter. I hope in court they punish him fully. I hate him. He hurt and ruined our lives and yes my girls are permanently scarred. I was fired from my job due to having to miss a lot of work at the beginning for therapist appointments and lawyers and doing everything by myself. I used every bit of savings I had on household bill's. I used last little bit after everything was paid for a little bit of groceries."
1101,1,"manently scarred. I was fired from my job due to having to miss a lot of work at the beginning for therapist appointments and lawyers and doing everything by myself. I used every bit of savings I had on household bill's. I used last little bit after everything was paid for a little bit of groceries. I wasn't eligible for food stamps previously because my husband and I made to much combined. I just applied wednesday and I'm guessing I should hear something soon. They said it could take up to 12 days but usually way sooner. I called wic today and they will see me for my boys and me being pregnant Tuesday. I have never gotten wic in the past. But I'm trying. I've hit rock bottom and feel like I am so alone. I have no family in America. The couple I have live in Maldova. I have no friends due to working abeinwing a mom. Now I have nothing to feed my children. I went at 9am this morning to a drive in food bank and there was. a huge sign saying they could not do food distribution this week. And wont be back til next Friday. Every hope I had is gone now and with one bottle of ketchup and nothing else edible I am at a loss. I called and visited all 3 local churches and only two I could reach CANNOT help anyone currently due to the financial condition of everything. I'm sitting in the floor crying and all my 8 year old keeps saying its ""my fault mommy because I told on daddy and now me and my brothers and sister cant eat supper. I wish I never told I dont want to hurt you mommy"" THAT crushed my heart completely. 

What can I do next? Where can I call? Who can I reach out to now? Is there any hope at all for us? I'm weak and cant keep on..."
1102,0,"The system has disappointed me. I don’t know how to move on.

It’s been 5 months since it happened, 5 months since I reported him because a friend encouraged me and 3 months since I had to relive it at the criminal police station. I had to answer so. many. fucking. questions. 

Then I was feeling better, I started working out and meeting friends again, I gained a little hope and trust in humanity again and I learned to not let it define me. I think I was on a pretty good path towards recovery. 

But 2 days ago I got a letter from the court of my city. I knew something went terribly wrong because my mom just went silent and looked at me. My r*pe charges were *dropped*, he had a defendant and it’s my word against his. Plus they made it sound like I wanted it.. I don’t know, I couldn’t even read this statement.

So yeah, I’m glad that I reported him and I don’t regret this decision. But I feel extremely hurt and disappointed knowing that something awful happened to me and I’ll never get legal justice for it."
1103,0,"The doctor saw two sacs…

I went into Planned Parenthood today confused and lost as to what decision I was going to make. I’ve been going back and forth all week but wanted to base my decision on this appointment. 

The doctor came in and began my vaginal ultrasound and told me I still qualified for abortion….however, there are two sacs. One is 4 weeks 6 days and the other is 5 weeks. She said it seemed to be twins but it was still way tooo early to tell. I broke down immediately. It was literally a feeling I’ve never felt. 

On one hand I felt relieved because it would make my decision easier. I’m 24, a teacher, and my boyfriend and I just renewed separate leases planning to moving in together next year with this one is up. We’re not in a place financially to have TWINS…TWO CHILDREN. 

On the other hand I feel 2x as bad for terminating two potential lives. Just needed to vent as I am emotionally a wreck.

QUICK UPDATE: I appreciate all of the positive comments, they’re helping me through this process! It’s super tough. There’s constant reminders of pregnancy and babies all around me but I still think my decision is for the best. I’m getting a therapist, working out (starting today), and going to church to begin helping with coping. 💛"
1104,0,"I think I might've been assaulted when I was little, but I don't know if it was assault, and I don't know if it's worth doing anything about

When I was young, probably around 6 or 7, my older sister had a friend. We went to her house a few times, and that friend also had a younger brother about my age, so my parents made us hang out. The thing is, that family was insanely rich, so that other boy had a ton of cool toys. Since this is so long ago, I don't remember the details, but I remember that somehow the other boy insisted that we ""play doctor."" I really didn't want to do it, but he said if I did it he would give me some of his toys. He pretended to be a doctor and had to give me a ""penis examination"" or something like that. I remember leaving his house with an action figure he gave me, really sad for some reason I didn't understand. This was a memory I totally forgot about, and to be honest I'm not completely sure it actually happened. I only remembered it again a few years ago, and started to wonder if it was assault. The thing is I wouldn't call it traumatic, because I rarely think about it, and it hasn't really affected my life in any way I'm aware of. Because of this, I don't know if it's really worth talking to anyone about, because I don't know if there's really a problem to solve. So yeah, I'm doing to reddit for help.

TLDR- when I was little I think another boy might have molested me, but I don't really remember the details and I don't know if it's worth doing anything about"
1105,0,"I’m leaving my husband because I found out that he has been making fun of me behind my back to his ex

My husband (m45) and I (f36) met about 6 years ago. We have been married for 1 year. When we met I was very fit and athletic. I started gaining weight however after suffering 2 miscarriages and the loss of my mother to cancer. I was very depressed and barely got out of bed if not to go to work. I stopped exercising and instead started eating junk food. I gained 40 pounds in 2 years (2019-2020). Under this time my husband (then fiancé) was very supportive and loving. I felt guilty and tried to give him an out several times but instead he proposed and we got married last summer. 

Since our marriage I have been feeling much better and it showed. I have lost around 20 pounds so far and I gained back my muscles and abs. He was so happy to see me feeling better. 

On his computer however, it was totally a different story. He was talking, almost under our entire relationship to his ex wife about me. His ex wife (f46), left him about 7-8 years ago for her colleague. The relationship didn’t work however and she tried to get back together with my husband. He has already met me but they stayed friends, mostly via chat,texting since she lives 12h away.

My husband was complaining about everything about me. My job, my depression, my cooking but mostly about my weight. He was telling her how disgusting I was to him, how he even found it hard to share the same bed since I snored like a dog. He sent her pictures of me while sleeping, sometimes in underwear with comments about my belly, double chin, “back boobs” etc. She found these pictures extremely amusing and she came up with the name “white whale”. They both found it hilarious and now this is what they referred to me as.

They don’t flirt exactly or talk about being together or starting an affair but they do say that they miss each other and they reminisce about the time they were married. She’s more flirtatious and he really enjoys it. Whatever he’s telling her isn’t what I have experienced with him. I don’t disgust him. He tells me that he loves me all the time. We have great and passionate sex and the way he touches and makes love to me is so great he must be a really good actor if he was in reality disgusted by me. And he hates the few times we have to sleep apart. He’s lying and I don’t know why he’s doing it. He’s lying to one of us and I’m not sure if I want to know who he’s lying to and why. I decided to get"
1105,1,"d makes love to me is so great he must be a really good actor if he was in reality disgusted by me. And he hates the few times we have to sleep apart. He’s lying and I don’t know why he’s doing it. He’s lying to one of us and I’m not sure if I want to know who he’s lying to and why. I decided to get out of this marriage and leave this behind me. Right now I’m acting like everything is normal but I have started looking for a new job in another city, and a place to rent. I also started with birth control pills, in case something happens between us and I have talked to a lawyer to prepare the divorce and start the process once I’m gone. One thing I’m not going to do is fall back into depression and weight gain. I will not allow it. What a waste of love he has been!

Edit: I can’t believe I need to explain this about the birth control pills.

Very simple explanation. Up until I went through his Messenger I loved and trusted this guy. We had a great sex life and we were trying to conceive 

when I read what he has written and the way he took pictures of me sleeping!!!!!, something happened inside of me like I don’t know this person in front of me anymore. I can’t read his face, and I don’t trust him. I don’t know how long I’m going to need to stay under the same roof as him. I don’t know what his reaction would be if I refused him under a long period of time with no real excuse. I don’t know what else he’s capable of besides taking pictures of sleeping people. I don’t know if I,in a moment of weakness,  succumb to lust or if he for a moment could fool me that he actually loved me. 

For all these reasons and many darker scenarios I have played in my head I’m taking extra precautions. Anyone with an iq of a chicken could understand that, or so I hope.

Thank you everyone for the support. I will update you when I know more about where I’m headed."
1106,0,"Did anyone deal with severe vitamin deficiency after miscarrying?

I’ve been dealing with Burning Mouth Syndrome since about 3 weeks after my miscarriage. I lost a ton of blood and had to have 2 blood transfusions.  
I started taking Vitamin B complex and iron supplements a week ago. I’ve gone to urgent care and my dentist. My dentist said it’s Burning Mouth Syndrome and probably from a vitamin deficiency.  
I don’t have insurance so I’m having to wait 2 more weeks to see a doctor for blood work.  
I’m just wondering if anyone else had something similar happen?"
1107,0,"Support from Catholic new mothers or expectant mothers

I don't know if this is an appropriate place to ask this but I just moved recently to Olympia, WA with my husband. I come from a Catholic background that I love and appreciate so much.
I'm pregnant with our first child (After a miscarriage) but I am alone here and I don't know anyone (I only know one older lady that owns a shop and that is all really).

I come to realise that this city is not religious or maybe it just happened that where I live in it exactly isn't. It's scaring me because I want to be able to give my child the Christian support needed and to give them the chance to know what it feels like to b surrounded by God's love. (Please if you don't share my opinion don't leave hateful messages. I respect everyone's believes, I am just sharing my own concerns). I miss being involved and I miss the beautiful feelings I had when  a child sharing the joys of Christianity.

Is there any other devoted Catholics or Christians in general who are in the same position? and also, how to make friends that have your own faith when you don't have a car nor able to use a bus to go to church at the moment (my pregnancy symptoms are bit harsh which makes it unsafe for me to just be on my own in a bus). 

My husband is a Christian himself too but he seems to be growing far from it and this is making me feel more and more alone .

Again I am sorry if this is not the place for this, but I have no family or friends around (the closest lives across the world) and the pregnancy kind of opened up my heart to all the worries and struggles that are awaiting on me especially when reading really hateful comments and bitter stuff against Christians and christian upbringings. 

Sorry for the big rant!"
1108,0,"I want revenge.

I want to track down and beat the fucker who assaulted me within an inch of his life.I want to break all of his fucking fingers with the hand he touched me with them cut them off slowly.I want to stomp his dick until it’s just a pile of flesh.I want to slit his throat or stab him like I should have done that night.I had the box cutter to his throat but I didn’t do anything cause I thought I’d get in legal trouble.I regret it everyday that I didn’t fuck him up.I didn’t have any evidence to report it. I feel like I’m not going to heal until I know he’s suffered like I have. I can’t stop fantasizing about it.I feel like he’s going free with no consequences.

Does his mother know how her son treats women? Or anyone with a fucking crotch for that matter. I’m ftm and every time I think about it my dysphoria skyrockets.If I didn’t look like a fucking chick and was able to transition when I wanted to none of this would have ever happened.

I want to bash his fucking five-head in.I know I can’t and it’s killing me.I feel so fucking emasculated and gross.What do I do?"
1109,0,"“A pregnant teenager died after trying to get care in three visits to Texas emergency rooms

https://www.texastribune.org/2024/11/01/nevaeh-crain-death-texas-abortion-ban-emtala/

“A pregnant teenager died after trying to get care in three visits to Texas emergency rooms

It took 20 hours and three ER visits before doctors admitted the pregnant 18-year-old to the hospital as her condition worsened. She’s one of at least two women who died under Texas’ abortion ban.”"
1110,0,"My boyfriend isn't reacting well to my sexual assault

After almost a year together, I finally told my boyfriend about being sexually assaulted. Until now, I've yet to tell anyone. I'm still even working on getting there with my counselor. But it honestly didn't go very well.

It came about after a discussion about porn. I don't have an issue with him watching it. I just have an issue with certain kinds of porn that I believe contribute to rape culture, amateur porn sometimes being one of them... Sex trafficking and nonconsensual sex is often prevalent in amateur porn. I don't see the issue with making an effort to watch porn from production companies with a mission to make porn in an ethical way. This somehow led to a heated debate. And feeling very emotional, I finally felt that I wanted to tell him why I was so passionate about this. I was sexually assaulted and the idea of him watching women on a screen who are going through the same thing, and then masturbating to it makes me sick. Although, I certainly didn't phrase it that way.

I just told him that I had been sexually assaulted, and it's why I feel concerned about the potential porn has in regards to rape culture. And he was angry with me. He told me it was unfair to tell him in this way after having this conversation about porn. He told me now is not the time to talk about it. He said if I wanted to have a real conversation that he'd listen. But he said he was busy today, and we could talk later. 

Oh and then he let me know that he's sorry about what happened, but it doesn't define me... Like thanks for the advice.

Needless to say I'm devastated, and have no idea what to do."
1111,0,"Paranoid after MC

In January, I got the best news of my life, after 4 years of trying I found out I was pregnant! Unfortunately in February I had a. Missed miscarriage , and it was the most soul crushing thing. In early June I found out I was pregnant again, and I’ve have the most intense anxiety of my life about it. I feel like my symptoms have been relatively mild, nothing crazy to write home about. But this morning I went to the bathroom and when I wiped I had brown stringy discharge, so obviously I jumped on Google and it seems to be normal, but just now I went to the bathroom and when I wiped it’s starting to turn pinkish. It’s VERY light but now I’m freaking. I don’t feel like I have any similar feelings to when I was about to MC but now I’m freaking out wondering if I should be preparing myself for the worst at my appointment tomorrow. This makes me sound crazy, but right before I had my MC I had a dream that I did, and last week I had a dream that said this one stopped developing too. So that also isn’t helping my anxiety, cause I’m sure that’s just my irrational brain talking but in the back of my head I’m like is it?!"
1112,0,"Accidentally pregnant with #3

The title kind of says it all. I’m 40 and my wife is 38, our kids are 7 and 4. We’re not doing well financially, and we have zero logistical support from family. We can’t afford a nanny. Neither of us was ever ready to close the door on the possibility, but we’d both kind of resigned to the fact that we’d only have two. I had been the more vocal one about wanting a third, but now that it’s a reality, I’m terrified. I was happy at first, even as my wife was panicking, but now the reality has set in—going back to bottles and diapers and round-the-clock feedings and naps, having even less free time and negative disposable income… We’re both torn on what to do. Another child—let alone a newborn—would stretch us incredibly thin. We’re both burnt out as things are—constantly overstressed, chronically under-rested, but at least in something of a rhythm. We know we’d regret aborting the pregnancy for the rest of our lives—but we also recognize that doesn’t make it the wrong choice. 

I realize that this choice, to some, is a slap in the face, for one reason or another, to put it mildly. And if you think it’s cavalier to discuss the life of a child because you’ve had trouble or been unable to conceive, I am truly sorry for your trouble. 

What’s more, both of us are afraid that—whatever decision we reach, and however we come about it—one of us will resent the other for one reason or another down the road. To try and mitigate at least that concern, we’ve decided to seek counseling. Any remote therapy options you can vouch for would be appreciated. 

To be clear, I just want to hear what people have to say. Similar experiences. Those who have gone one way vs the other, their thoughts in hindsight. I don’t want or expect Reddit to make this choice for us.

Thanks for any advice or thoughts you may have."
1113,0,"10 weeks and today found that it's a missed miscarriage

When I went for my first ultrasound at week 7, they told me that the baby was small for the 7th week but as my periods were long (~40 days) they said that it might be okay and to come back after a week and during the second ultrasound they said the baby was growing and I even saw heartbeat, I was so hopeful and so happy but when I went for another ultrasound today, they asked me if I had any bleeding or cramps, after that question my heart sank, I understood something awful was coming through, then they said that the baby has not grown from last two weeks and there was no heartbeat. The worst part is I haven't experienced any unusual pain or bleeding not even spotting. I was devastated. I held my husband and cried for a long time, just an hour before that we were talking about the changes we wanted to make in our apartment for the baby but all our hopes and dreams came crashing down in a matter of seconds. I have been crying the whole day. I feel everything is so cruel, I feel pregnant, my breasts are sore and I am feeling nauseated but there is no baby to look forward to. They have asked me to come back on Monday for the abortion, I feel so so guilty. Idk how could I have prevented this.. Idk what went wrong.."
1114,0,"Blighted Ovum — what to do from here?

Hi everyone. So blighted ovum was confirmed last Wednesday and what I thought was the gestational sac (round, about 2in in width) was passed last Thursday.

Well today, Tuesday, ultrasound shows what looks like the gestational sac. Measured same width and all. Ultrasound tech says it could just be fluid-filled. Doctor is having me follow up in two weeks. I live in a state where miso is inaccessible (and yes, I’m angry about it).

Has anyone experienced this? Is it possible that I didn’t actually pass sac? Could it just be blood filling that area? I was left in a grey area about it all.

Edit: does anyone have recommendations on how to pass naturally?"
1115,0,"Why are we telling people that sex does not cause a MC?

I just had a miscarriage, I assume. My tests have come back negative the past couple of days at 8 weeks. I started bleeding the day after my husband and I had sex weeks ago. I havent gotten answers from my doctor so naturally I've been looking to others for their stories.

The number of women who have experienced a miscarriage after sex is substantial. It can't be a coincidence. Medicine is mainly based in the male perspective, so why wouldnt this be also?

The more digging I've done, those more I learn that we really DON'T KNOW if sex can cause a MC.

Cultures around the world have suggested no sex during early pregnancy. Doctors suggest no sex for high risk pregnancies. People are discouraged from doing anything that MAY cause issues during pregnancy, even if there is no evidence. So why is there no warning for this?

https://pmc.ncbi.nlm.nih.gov/articles/PMC3310038/"
1116,0,"Period Problems

Hi everyone, this is my first time using reddit so bear with me. I’ve been having extensive period problems over the last few years. Without fail in may every year, I’ll bleed for three-four months straight and have severe pains for no reason at all. No dietary changes, nothing. I’ll have my period every two weeks over April then it won’t stop throughout May, June and July. I’ve recently been admitted to the hospital because I was bleeding so heavily and was in so much pain my partner was concerned I was having a miscarriage. Went to the hospital and all my MALE doctor had to say was “you’re fine, you have heavy periods now leave”. I was then referred to a gyno by my everyday GP and she then inserted a marina and scaped my uterus lining. Then all she had to say was, “yeah we think you have endo but can’t tell you anything else”. Ive had the marina for 5 weeks now and still bleeding as if I had a normal period, bleeding for nearly 3 months total. Please someone tell me if they know why this is happening to me. My mother and grandmother have endo and I was 6 years of IVF due to them ignoring my mother endo."
1117,0,"My Self Managed Abortion (positive)

I am a 24 year old mom of two girls in a beautiful relationship with my partner. We have been together 7+ years and tackled many challenges together. We are each other’s support system. However I fell pregnant 8 months postpartum from my second C-section. We both imagined ourselves having multiple of kids but I couldn’t imagine being an adequate mom with two that close. We were finally in a place where we were stable and we could start saving for another kid in a year or two. We have so much going on in our lives from kids, to buying a house, getting married soon, to me finishing school and much more I knew now was not the time. If it was even 6 months to a year later we could have managed. After a tough first day of grieving the what ifs and should I’s and what to do’s I came to a conclusion to terminate the pregnancy. I was around 6 weeks when my pills arrived. I kept the pregnancy and my decision a secret for various of reasons but primarily I was in a banned state. I knew what I had to do for my family, partner, myself, and any future children so I followed through with the medication abortion route.  I experienced some anxiety but my biggest feeling was relief. I. Had done some soul searching and meditating (and maybe a few tarot readings) and I felt confident I was making the right decision. The soul that would have been will come back to me, we both knew now is not the time. 

I read so many horror stories and sent myself into a spiral. So I am writing this hours before I take the misoprostal in hopes that I have a good experience. I will say I am extremely prepared. I have Tylenol, ibuprofen, and zofran by my bed and plan to manage my symptoms with those and a heating pad. I will be taking zofran and ibuprofen 30ish minutes before the misoprostal. I also will be using postpartum supplies such as pads, diapers and perk bottle. I even have pain pills from my C-section I can use if needed. 

Took mifepristone at 1 am 12/8 with 1000mg. Tylenol and 1 zofran (instructions suggested 24-48 hours)
-mixed emotions mainly relief, anxious
-slight cramping and mild nausea-lower back pain 

3:30 -I have trouble falling asleep but I think it’s just because I’m anxious 

7:15- woke up 

4:30 pm- anxiety started to creep in and had major cramping and some headache. Also had some pressure over in my lower abdomen 

7:00 pm -took Tylenol for headache, experiencing major lower back pain.  

10 pm - took ibuprofen and zofran (got th"
1117,1," think it’s just because I’m anxious 

7:15- woke up 

4:30 pm- anxiety started to creep in and had major cramping and some headache. Also had some pressure over in my lower abdomen 

7:00 pm -took Tylenol for headache, experiencing major lower back pain.  

10 pm - took ibuprofen and zofran (got the okay to take misoprostal 2 hours early) 

10:45 first does in - hopped in the shower while so I could reflect 
     I’m nervous, I of course spiraled and saw everyone saying how painful this was gonna be

11:03 starting to feel slight cramps/ something different

11:15:  swallowed the whole pills 

11:25: took Tylenol and my infant woke up so I nursed her 

11:45: , I have some pretty steady cramps mainly in my back 

12:00 definitely lower back pain, and like a lot of pressure. As of right now now manageable than my period just uncomfortable 

12:45: wiped and had small small clots, use the bathroom and saw small clot kinda nauseous 

3:35 woke up, took last dose of misoprostal, went ahead and took Tylenol, and zofran, bleeding like a normal period, passed another large clot when using the bathroom pretty sharp back pains

4:05 swallowed last dose of misoprostal 

4:45 pain peak but it was extremely manageable for me

5:10 went to the restroom and felt instant relief heard plop. I am choosing not to look. Changed my pad and and period underwear (really just a postpartum diaper)

8:15 woke up with my girls wnd just felt like I was on my typical cycle 

I’ve been kinda crampy all day but it’s like a normal period nothing scary really. The bleeding is tolerable just like the first few days of a period for me. I highly suggest being on top of pain management and picking a decent time that works for you. I hope I don’t have to make the decision again but honestly if I do, in my situation 10 pm-5 am wasn’t bad at all. I slept most of the night and still got up to do what was needed. It was like instant relief once the fetus (what I believed to be, as I said I chose not to look for my mental health and wellbeing)  passed. 

Overall I’m doing really good. I thought this was going to be really emotional for me, but I have done a lot of soul digging and self meditating before I got to this point and I know without a doubt I made the right decision. I am tired and have been napping resting all day but I’ve managed to still be able to parent my girls. This experience was a lot smoother than I thought. At the end of it I can say I am extremely proud of myself."
1118,0,"Over a year later and I’m still coping.

I just need to tell my story and maybe it will help me process and finally be okay. 

November 8, 2019 will be the day that changed my life. Let me go back a little. I met this guy on bumble and we hit it off. We became best friends instantly. I was in my “hoe phase” you can say, I recently just got out of a two year relationship so I just wanted to have fun and let loose. Well so the week we became best friends I went to his house met his family and was always over. This one day it was a Friday I was working as a swim instructor at the time so I worked Friday nights. He wanted to hang out and I told him I was free after work, but I told him “I didn’t wanna do anything sexual”like we did days prior. He agreed and so he picked me up from my house. We get to his house I tell his family hello and we go in his room. This is the moment I regret everything. We have been hanging out for about an hour or so and we’re watching tv. He then lays me down and starts caressing me. I told him no and please stop, but he doesn’t stop. Then he rips off my leggings and you can put the rest of the puzzle together. During the moment I was telling him stop and I should of screamed but I froze pinned to his futon. I let it happen because my reaction was to shut down. After this i told him I was tired and wanted to go home. He agreed to take me home and I honestly pushed as It didn’t happen. Until the next day when I told my ex what happened and he was like “dude you got r*pe” I thought the best thing to do would be to talk to my rapist and tell him what happened. So we met up and the minute he touched me my body went into shut down mode. I instantly felt like throwing up and I didn’t feel safe. No matter how much I told myself that it didn’t happen my body knew. So he texted me being like “I’m so sorry I wanna kill myself now because I did that” That made me so upset because like I didn’t want him to kill himself. (Little side note I’m the type of person who puts other before me and he knew that) so after that I reported to the police that he was suicidal and then they asked why and I said because he did what he did. So I filled out a police report and gave them all the text messages to prove what he did and him admitting it over text, but anyone could of sent that so it wasn’t enough. This was in December 11th of 2019 I know dumb of me I regret it now, but it gets better. In February 2020 he texted me on Instagram after he did not show u"
1118,1,"port and gave them all the text messages to prove what he did and him admitting it over text, but anyone could of sent that so it wasn’t enough. This was in December 11th of 2019 I know dumb of me I regret it now, but it gets better. In February 2020 he texted me on Instagram after he did not show up to speak to the detective. “Drop the charges” here’s where this can bite me in the butt. I told him “I would but if he called me and explained what he did” so after a few minutes of discussing he calls me and I had a friend record the conversation of him admitting it and I sent it to the detective. I don’t regret that. So after I told him I wouldn’t drop the charges he told me I was making it up and ruining his life because he told me he didn’t wanna date me, when in reality I told him no before this even happened. So I don’t hear anything about the case since this happened, but I get a call in October of 2020 saying that HES out on bond and got arrested in July. So after they told me that. I told my current boyfriend who’s been a blessing to me about the phone call I receive. In December I hear back again being like I just need to ask you some questions and I answer them. Then March 2021 I get a call saying we have two ways this can play out but it will be 3-4 until we get a trial. Bet watch me I’m waiting 3-4 years. So here’s my issue I am getting super far into this case more than most sexual assault cases, but this is hurting me because I am suffering. I can’t process trauma and every little call about this hurts me. I just feel like I’m doing something for the good and could be the change, but I’m ripping a bandaid each time. It sets me back so far from all the process I’ve made and it just hurts. Im trying, but I need advice on how to get over it and finish the case out strong."
1119,0,"I had a miscarriage on Wednesday. A pharmacist in MO refused to fill my medication.

This week has been the hardest week of my life and I am not one to want to share these things, but I believe too many people are ignorant about what going through a miscarriage is actually like (including myself before this week).

My husband and I have been trying for a baby for almost a year. I had made so many life style changes, started reading baby books, was taking my prenatal vitamins, and already seeing a physician about possible fertility issue just in case. Finally, on June 4th, I had a positive pregnancy test. My husband and I both cried, it was probably the best day of our lives.

We were overzealous and though we knew miscarriage was an option, you can't convince yourself it will happen to you. We started preparing immediately, buying baby stuff, making lists, and I had a dr's appointment and my first ultrasound scheduled within days.

On Wednesday, my baby was supposed to be 9 weeks and 3 days. We went to the ultrasound and there my baby was. It was there and everything I wanted. Even though I could see it, and it seemed so perfect, I felt in my gut something was wrong because the ultrasound tech was quiet. The silence was deafening and I was convincing myself she was quiet because she wasn't the Dr and wasn't allowed to talk about it. After what felt like 10-15 minutes of pictures, she pulled the ultrasound back to my baby and zoomed back in. She started talking finally. ""And there's your baby, there's the yolk, and the sac... I am so sorry but there is no heartbeat.""

She just sat there, with my baby on the screen, the probe still in my vagina, as I cried and all my husband could do is grab my leg. Eventually she pulled it out and told me she would be back with a Dr. We sat in there for twenty minutes, crying. I spiraled through all the emotions possible grief, anger, fear, guilt, and denial. I almost convinced myself that once the Dr saw the pictures he would know the baby was fine, and the technician was wrong.

The Dr came in and confirmed the baby was not viable. They are able to tell in two ways, one by some measurement (I cannot remember what it was) and by not having a heartbeat. My baby was not viable for both reasons.

The Dr talked with us for a long time and was very kind, but it was so confusing and hard. Miscarriage is confusing and not enough people talk about it. He told me I had a few options: 1) wait to see if my body miscarries by itself. "
1119,1," not having a heartbeat. My baby was not viable for both reasons.

The Dr talked with us for a long time and was very kind, but it was so confusing and hard. Miscarriage is confusing and not enough people talk about it. He told me I had a few options: 1) wait to see if my body miscarries by itself. I was not showing signs of miscarriage, and my baby was still there. He said this could take weeks and if the process begins it can take weeks. He said if I do this, I need to monitor for heavy bleeding, extreme pain/cramping, fevers, shortness of breath, and chills. I asked, well isn't miscarrying going to produce heavy bleeding and extreme cramping? His answer was yes. Then how do I know if I need to go to the emergency room? He said well go if you think you need to. If my body did not miscarry itself, I could get sick from sepsis and would put myself at risk and possibly need more emergent care. 2) Take a medical intervention (misoprostol). This will cause the miscarriage and most of it will be done between 24 and 48 hours. 3) Do a D&C, a surgical procedure to remove all the tissue.

The Dr. scheduled me an appointment for the very next day to figure out what we wanted to do. The next day I was with a new Dr to me, but a Dr they specifically chosen because she had dealt with this with patients before and she told me she has went through it herself. Wednesday night, I had extremely cramping and heavy bleeding. I believed this was likely my miscarriage, and it had happened naturally. I told the Dr what had happened, and again realized I knew nothing about miscarriages. She said it could have been. It could have been some of it, could have been none of it. She said I still had the option to wait it out naturally, but again this could lead to it's own risks. We talked through all the options again, and my husband and I agreed the misoprostol was the best option. This way we would know it was done and wouldn't have to live in fear waiting. And to be honest, I couldn't live with knowing my dead baby was inside me any longer.

These are abortion pills. These are what you take when you need an abortion. Let me tell you why I fucking know first hand why no one uses this shit was birth control. I was so scared to take these pills. ""Expect extreme cramping and bleeding, but also go to the emergency room if you have extreme cramping and bleeding."" It was all so confusing. ""Be warry of fevers, chills, shortness of breath, dizziness."" Expect extreme pain, but just rotate b"
1119,2,"t was birth control. I was so scared to take these pills. ""Expect extreme cramping and bleeding, but also go to the emergency room if you have extreme cramping and bleeding."" It was all so confusing. ""Be warry of fevers, chills, shortness of breath, dizziness."" Expect extreme pain, but just rotate between over the counter Tylenol and ibuprofen. Know this could go on for up to 48 hours. Stay home.

And at the end she said ""When you go to the pharmacy, they are going to ask if you are pregnant. If you say yes, they will not give them to you. Tell them instead you are having an active miscarriage"".

Our hell wasn't over. Now we get to go to a Walgreens pharmacy and have to be asked an intrusive question and answer it in front of everyone. You ever been to a Walgreen's pharmacy???????? There is no fucking privacy.  I already had a pit in my gut, I am in Missouri, I was ready for the judgement.

I went to the Walgreen's pharmacy attached to the medical center I was at. I thought it would be safe and they would be the most understanding. And they were... but they did haven't the prescription. She told me she could order it for tomorrow (Friday). My husband had to leave for work on Saturday and I didn't want to be going through this alone, so I told her I needed it today. She told me to try another Walgreens.

We went to the next Walgreens. I asked the technician to check if they had it before they filled it, because I needed it today. She checked and said it was available and they would get it filled. I felt some relief and was ready to get this one nightmare over with and start the next. Then she came out, and she said she was so sorry but the pharmacist refused to fill it.

The pharmacist refused to fill it. It hadn't clicked in my head what was going on, I asked why, she said he said the ""dose was too high"". I gave them my medical paper work (I was not thinking, I just was panicked and wanted this over with). She gave it back to him and came back and just said he refused to fill it. That's it. I asked what I can do, what I need to do. She said she didn't know, there was nothing.

To be honest, I cursed and I cried. I am embarrassed but have I not fucking been through enough? have I not fucking suffered enough? My husband and I went back to the car and we called the original pharmacy, I was crying and yelling and they were so nice. They worked to figure out what they could do for me, and they ended up being able to fill it by giving me a shit ton of lower dosa"
1119,3,"gh enough? have I not fucking suffered enough? My husband and I went back to the car and we called the original pharmacy, I was crying and yelling and they were so nice. They worked to figure out what they could do for me, and they ended up being able to fill it by giving me a shit ton of lower dosage pills. Thank you to those brilliant angels that went out of their way because they realized how much I needed just some fucking human decency.

I bled a lot on the pills. I cramped a lot and it hurt. I cried a lot and I miss my baby.

And then Friday I was told Roe vs Wade was gone. And I have heard so many people over and over again say this won't hurt women who are having miscarriages and how we are overreacting.

I can tell you right now, the day before it was even gone, that I was denied my medication I needed for my miscarriage. I was denied it in Missouri by a male pharmacist. Right now, it hurts too much, but I am going to call and get his name and file a formal complaint, but this will not end. This will get worse.

I am so scared to have a baby now. This process hurt so much and was so evil and such a fucking nightmare. And now it will be worse. I am so scared of how I will be treated if this happens again. We don't deserve this, no one deserves this.

I was always pro-choice because it's none of my damn business what other women do with their bodies. But I wanted to share my story, because so many people keeping fucking spouting how this won't affect women who have miscarriages.

FUCK YOU to every single one of those people.

&#x200B;

EDIT: I want to say thank you for everyone's kindness. After this situation and then all the Roe vs Wade discussion right afterwards, I was feeling very negative, helpless, and alone. This has made me feel much stronger, more hopeful, and now angry.

My family filed complaints by calling this customer service number:  Company/Store Inquiries or *Complaints*: (toll-free) 1-800-*WALGREENS* (1-800-925-4733) . Please be warned, some of them were moved around a few times and on hold a few times. I am unsure of other avenues to complaints.

u/copper_rainbows shared the following privacy complaint form link: [https://www.walgreens.com/pharmacy/privacyComplaintForm/privacyComplaintForm.jsp?tier3Id=1462](https://www.walgreens.com/pharmacy/privacyComplaintForm/privacyComplaintForm.jsp?tier3Id=1462)

My details for the complaint and others to avoid this Walgreens

Address:  330 SW Ward Rd, Lee's Summit, MO 64081

Time: June 23, "
1119,4,".com/pharmacy/privacyComplaintForm/privacyComplaintForm.jsp?tier3Id=1462](https://www.walgreens.com/pharmacy/privacyComplaintForm/privacyComplaintForm.jsp?tier3Id=1462)

My details for the complaint and others to avoid this Walgreens

Address:  330 SW Ward Rd, Lee's Summit, MO 64081

Time: June 23, 2022 at \~4:10 PM

There was only one pharmacist on staff at this time from my knowledge. With these details, Walgreens will know who the person was and I will not have to share a name.

The entire situation:

\- Called them on our way to their location at 3:58 PM, the technician that answered kept getting our last name spelt wrong and would not answer if they could fill it today.

\- Arrive there around 6-8 minutes later, gave details to technician at the counter and asked if she could see if they could fill it today.

\- Technician checked and said yes it was available and went to process the medication.

\- We waited at the chairs in the lobby. The technician came out and said the pharmacist refused to fill the medication, the dosage was too high. I asked what we could do, she said he called our original Walgreens pharmacy (the one that did not have the specific dosage I needed on hand) and they did not answer (WE WILL GET BACK TO THIS). I asked if we could call our physician. She did not respond.

\- THE DOSAGE WAS FOR 600 MICROGRAMS OF MISOPROSTOL EVERY 6 HOURS FOR 24 HOURS. YOU CAN EASILY GOOGLE THIS IS ACTUALLY ON THE LOWER END OF DOSAGES FOR MISCARRIAGE.

\- Gave the technician my paperwork to give to the pharmacist (I should not have done this, but was panicked and did not know what to do)

\- She took it back to him, came back and just said he would not fill it.

\- Asked what I can do? Can I call my physician? What if I call the other pharmacy?

\- She did not respond or give any advice.

\- The pharmacist NEVER CAME TO SPEAK TO ME. Never.

\- I cried and cursed. Sorry to the technician, but no one would help me or give me any information.

\- Left and went to my car. Immediately called the original Walgreens pharmacy. They answered immediately and said they never received a call. I told them about the situation, she was silent and said they were not going to fill it, and started working with me to get it figured out there."
1120,0,"I’m shaking as I write this, PLEASE GIVE ME ADVICE...

I’m going to try and put this into words, I can’t stop shaking so this is very hard for me. Excuse my grammar or mistakes I make. I feel like I’m going to throw up so I can’t construct a paragraph, but here goes...

Backstory: I’m moving to the US to live with my aunt and cousins for a months until I can move into a dorm for college. I’ve gone to the US a few times and have my cousins have come to my country too. My family; including my sister, mother and father will also be moving in with my aunt for a month or two until I’m all settled, then they’ll be leaving. My little sister (15) has been very adamant that she doesn’t want to go and live with them. She’s chalked it up to wanting to stay home and study for her exams. Well, she just came into my room and admitted something.

She admitted that my cousin, who is now 18 has molested her four times in the past. Twice when we were visiting them and twice they were visiting us in our country. He was 13, 14, 15 and 16 when this happened. My sister has explained that she blocked it out for a long time and for the longest time she didn’t even realize what he did was wrong and inappropriate. I’m the only person who knows along with two of her friends. She explained that it took 2 months for her to muster up the courage to tell me this. She broke down crying explaining why I shouldn’t tell my parents, that it would ruin all my opportunities. But I don’t care, i told her that. There’s no way I’m living with him for even a minute, and there’s no way I’m letting her near her. 

She’s said she wants me, along with two of her to talk to my parents with her. She doesn’t want to do it alone, and she doesn’t want the two us to tell them either. I just found this out 10 minutes ago and I feel like running to my parents and telling them everything. We have 2 1/2 months until we move. She *plans* to tell before we do but I can’t keep this secret any longer. I think she’s afraid of what will happen, my parents being parents will cut ties with his family even though is mother is my dads sister, but **that should happen** I know it’s not place to tell my parents, but it kind of is? It most definitely is. But she literally BEGGED me not to tell them this as of now. I just can’t keep this secret any longer. What do I do???

Side note: My parents are very adamant on staying with them for a month or two when we get there."
1121,0,"Think I've decided not to keep

I only last week found out I'm pregnant after thinking I had a miscarriage. At my scan I found out I did have a miscarriage but to 1 embryo and there was still another intact embryo in a sac inside my uterus and that I'm 8-9 weeks.
Ugh it was such a shock because I for sure thought I misscarried and didn't have to deal with this anymore. Then I spent all last week severely depressed because I had come off my antidepressant medication and had to go back on it + the shock of an unplanned pregnancy and twins at that.

My boyfriend of 4 years doesn't know, because I only just found out myself and he said he doesn't want kids till later. Never sounds like a good time for him honestly, so I felt ashamed and didn't tell him.
I thought I'd just have a medical abortion but ugh I found at I'm too late now at 9 weeks, the clinics won't do MA past 9 weeks. 😪 My appointment would likely not be until next week when I'd be 10w.

So scared of going thru the surgical again. But birth scares me even more 😪 I guess I have no choice there are no alternatives, either birth or abortion. Both very medical and surgeries. I have tomophobia and this medical stuff, I hate it, I can't handle it. Last blood test I had I started vomiting. One before that I blacked out. 
So anxious omg"
1122,0,"I recently outed the guy who sexually assaulted me online and his being angry made me happy but also scared.

I outed the guy who sexually assaulted me after I found out he got a job at our local fast food place and it made me so angry that I couldn't go there again that I finally outed him to the world. He wasn't very happy. He claimed I was lying, used me being groomed by a 17-year-old Australian man at the age of 14 as a reason why. Claimed I was jealous (i mean I am a college student and your working for minimum wage in a shit town sooooo)  and shit that made him look worse. After my friends caught wind of my post they instantly came to my defense.  Today the guy who sexually assaulted me tried to follow me on twitter (as I made a post about him on there too which is my biggest platform) I didn't wanna deal with the trauma of relieving everything again SOOOOOOOOO I blocked him."
1123,0,"Push back against Texas' use of AI to harm women

Machine learning has the potential to take the world to a more utopian place, where fundamental questions about chemistry, biology, and physics are answered orders of magnitude faster than would be otherwise possible. It also has the potential to create a fundamental dystopia for all but a handful of owners who establish which rules their AIs use. Indeed, this latter scenario is already playing out globally as every “AI” badged platform being controlled on the back end to provide answers which align with their creator’s personal philosophies. This would be a matter of ethics and market forces if it were not for the real world implications of such technologies and philosophies. Texas’s anti-abortion regulations are a dystopian example, with their searching of national traffic cameras a dangerous move that means any woman in Texas has her body controlled by an inscrutable algorithm.

This use of technology to control women’s bodies has been a long time coming given the anti-abortion rhetoric entrenched in US right-wing politics. Various technology companies have released period tracking apps, which while well intentioned can and have been used to keep tabs on women’s menstrual cycles with respects to miscarriages. In a society which subjugates women back to being brood mares the use of AI has made it all the more dystopian because it every application can be subtly altered to keep track of women irrespective of whether they give their explicit consent to be observed.

Herein lies the trap that AI is setting out for women’s pluralistic rights. It is not enough to for women to opt into wearing devices; if she is tracked and followed across an entire nation for exercising her personal autonomy it is only a few steps away from circumscribing her movement if an app considers her pregnant. It is not unthinkable that in countries such as China where AI has become embedded in transport, access to facilities, and public services that those systems can tweak what a woman can and cannot do based on the potential she may be pregnant. Given that most early pregnancies either end in miscarriage or are flushed out by the body without a woman noticing this becomes very dark indeed.

You do not even need to step inside *The Handmaid’s Tale* to see the implicit and implied danger. Modern machine learning is dumb as a box of rocks when it comes to contextualising human lives. As much as we want it to be responsive to our needs "
1123,1,"hout a woman noticing this becomes very dark indeed.

You do not even need to step inside *The Handmaid’s Tale* to see the implicit and implied danger. Modern machine learning is dumb as a box of rocks when it comes to contextualising human lives. As much as we want it to be responsive to our needs ultimately most systems still operate on a normative understanding using a best fit model. No woman is the same as any other, thus what may work for 95% of women inherently excludes all other women. Texas’ restrictions on abortion make a normative assumption that women *ought* to get pregnant and keep the baby, stripping every Texan woman of her right to bodily autonomy. Under this normative framework AI is being used to surveil all women on the assumption that she could get pregnant at any moment and must be observed for her own good. When society becomes an open prison AI becomes the warder.

What Texas has done with using traffic cameras and machine learning to track women who have had abortions is tantamount to creating that open prison. No Texan woman is now safe in her own body. It does not take a leap to suggest that at a state and Federal level a small change in data protection and HIPA laws and regulations would change period collection data and medical records so they can be used to enforce anti-abortion and maternity laws. Indeed, one only has to look at the Fugitive Slave Act 1850 to see how the Federal government could carve out a “settlement” between pro- and anti-abortion states, or, indeed, use Interpol red notices to extradite American women who have abortions overseas.

If you think this is hyperbole look at how international immigration systems are integrating machine learning into core functionality to “protect” borders. Again, it would not take a leap to install a heat mapper in X-Ray machines to track where a woman is in her menstrual cycle based on normative assumptions, and if she fails to mean an arbitrary parameter she is then pulled from the line for an enforced pregnancy test. Machine learning can enforce normative assumptions based on what those on the backend assume to be normative human bodies. It is not beyond the realms of possibility that ICE and US border agents at some point in the future stop pregnant women from leaving the US based on anti-abortion states’ denying a woman a right to leave.

In fiction most dystopias are already in media res, we rarely see in real time how they arose. Even real world examples such as the Thir"
1123,2,"that ICE and US border agents at some point in the future stop pregnant women from leaving the US based on anti-abortion states’ denying a woman a right to leave.

In fiction most dystopias are already in media res, we rarely see in real time how they arose. Even real world examples such as the Third Reich, the Taliban, North Korea, and the People’s Republic of Iran took time and popular willingness to achieve. Texas has been heading in this direction for two decades, indeed, it is arguable that right from its independence it has been weaponizing minorities to mollify white settlers and white citizens. Now all women are on the receiving end of a creeping dystopia which machine learning and AI are the tools of choice.

Keeping perspective is hard to do, especially when what is reported in public is likely the tip of a much larger issue. Unless there is scrutiny and accountability of the systems which are being set over women’s life all women face the hidden boundaries being laid out for them from the onset of puberty to menopause. At no point are men facing surveillance over vasectomies or masturbation; indeed, can you imagine the uproar if men’s health data was pulled to see if men were spilling their seed or not fulfilling their reproductive potential. You can see the X-Ray exemptions for “virile” young men, along with the prescriptions for red meat and eggs just to keep the swimmers going. All keep in rhythm by AI. Lordy.

Women’s bodies have always been policed, and the hidden AI warders are insidious because women are being sold these technologies as the panacea to their period problems. Companies want women to consume their products, use them, and then willingly give their personal data which is then inscrutably used for whatever purpose the company deems necessary. Texas and other anti-abortion states want that data precisely because it will given them control, which is why many feminist organisations have recommended women ditch those apps if they live in anti-abortion states.

It is not enough to state the dangers AI pose to women’s bodies. What is needed is a concerted effort to remove even the possibility of society becoming an open prison for women. No-one wants to willingly live in North Korea or Iran unless they are inculcated into the state’s ideology. Texas and other deep red states are getting that way, fetishising women’s purity and fecundity at the expense of women themselves. We cannot let AI and machine learning be weaponised against wo"
1123,3,"o-one wants to willingly live in North Korea or Iran unless they are inculcated into the state’s ideology. Texas and other deep red states are getting that way, fetishising women’s purity and fecundity at the expense of women themselves. We cannot let AI and machine learning be weaponised against women, especially when even driving in your car becomes a dangerous exercise."
1124,0,"I was 16 and not ready

I had an abortion when I was 16. The father was my ex and I was seeing an older man. He offered to raise the child and be a family with me. My mom was thrilled and said that she would sign off on it and told me it was a way to get out of the hood, he had money. I didn't want that fetus. I told him how I felt and he PAID for the abortion. My mom was mad but it wasn't up to her. Years later my ex found out and blamed me for never having a child... At the end of the day it is not MY responsibility to provide someone else a child. My body is my own. If I didn't have that abortion I would have been married to a man I didn't love and barely knew, I wouldn't have the girls I do now and I would have been miserable. Do what's best for YOU!"
1125,0,"Thinking more about the Texas abortion ban more than Australia's ""New World Order"" tells us everything we need to know about you as a person.

For those of you who still don't get it, Australia is essentially becoming totalitarianism but Westerners think women having the right to kill their babies is more worth bitching about? And how much on this sub that mindset shows is unreal and disgusting, don't lie to yourselves. Having the priviledge to remove an individual's right to exist and flex that as some so-called ""right"" despite having all the same rights as men nowadays is not and should not be valued over letting Australia get away with becoming North Korea 2: Electric Boogaloo. F*ck pro-choicers and f*ck the left for their distorted priorities."
1126,0,"Possible unwanted pregnancy advice?

So apparently I was not on the pill long enough for it to be safe and because I have bad memory I lost count of how long I was on it. I think I started it 1 week after my peroid but that is foggy too.

I think I was on it about 5 days maybe 4. Then we had unprotected sex. (Me and my bf of 1.5+ yrs). And we had unprotected sex a few days later (today). 

On the 14th of december I have a 10 night cruise to vanuatu.

If I am pregnant I have to make a tough decision to either decide to have an abortion as soon as I find out if its even possible. Or to wait to decide after my 10 night cruise. But I will need to change the travel insurance to include pregnancy?
I don't know. I think Id be about 9 weeks by then.

Its too early to know yet if Im pregnant. Im hoping not though. 

If I am should I wait longer to decide or try tohave the abortion before the cruise? 
My boyfriend made a joke about abortion so I domt imagine he would want to keep it. I dont have money for the abortion though so he would need to pay"
1127,0,"What to expect after miscarriage?

I had miso on 19th afternoon, also had codeine (pain killer). I expected great pain and nausea but I was able to bear the pain. I bled 3 clots that day, bled 2 the day after and today just one tiny one. The bleeding is not much as expected. I was 9 weeks but baby didn’t grow after 6w2d. 
Questions:
1. When to check for negative test?  As I have little bleeding now on day 3 with some clots, but I expect more. 
2. If everything doesn’t come out do they give another pill? 
3. Can they check if anything is remaining on ultrasound? 
4. Will am I likely to ovulate? 
5. Can I try this ovulation or wait for a period? 
6. Is there anything I should be aware of, do or not do right after miscarriage? 

All thoughts, advice and experiences welcomed."
1128,0,"[Rant] Apparently my boyfriend's sister think I complain too much.

I'm so pissed. My feelings were a little hurt at first but now I'm just mad. I get along alright with my boyfriend's sister (baby daddy) and I went to go hang out with her the other night at her house. After talking about some random stuff for a couple of hours she starts in on the ""heart-to-heart"" type crap. I might mention here that she's been drinking wine the whole time I've been over. After bitching about some random shit about her kid and how much of an asshole she thinks my boyfriend (her brother) is, she says, ""I need to be honest with you about something.""
I'm not really worried, she is kind of dramatic and usually finds a way to be the center of attention. Anyway, she then tells me about how her friend had a miscarriage two weeks before her due date back in Aug/Sept time frame. I already knew this and have met this friend of hers 2, maybe 3 times. We don't chat or hang out, she has just happened to be at the sister's house at the same time as me a couple of times. The sister then tells me that it really hurts her and this friend when I talk negatively about my pregnancy. They are trying to help each other through this difficult time and it would be better for them if I act like everything is great and I'm excited about all of it when they are around. WTF? 

First of all, this is MY pregnancy, it has nothing to do with either of them. Second, why the fuck is this affecting her so much that she just can't bear to hear me complain?

Not only that, but about 15 minutes before she said this to me, she told me that she has no sympathy for pregnant women because she had ""the worst pregnancy EVER"". Meaning she threw up the whole time. Okay, her kid is 9, so she can complain about a pregnancy that happened almost 10 years ago, but she can't deal with hearing about the one I'm going through right now???
 
So at first I'm thinking I need to stay calm because I have a lot of pregnancy hormones and I don't want to get overly upset over something. So I leave and go talk to my group of 3 best friends who I have been spending a lot of time with lately. I should mention that baby daddy works out of town and is only home about 3 days every two weeks. I asked them if they thought I complained too much and if I had been overdoing it with the preggo talk. They had the complete opposite things to say. They said they love being here for me and that when I talk to them they feel included in an important"
1128,1,"n and is only home about 3 days every two weeks. I asked them if they thought I complained too much and if I had been overdoing it with the preggo talk. They had the complete opposite things to say. They said they love being here for me and that when I talk to them they feel included in an important part of my life. They even said that they feel like our little family is getting a baby and not just my bf and me. (We all come from broken families and fucked up situations, so we are quite close and seem very much like family.)

I know I'm not really doing this alone, but with the bf out of town so much, it feels like it sometimes. Not only that, but this is one of the biggest and hardest things I have ever gone through, I didn't think it was too much to want to share and vent to the people around me. Plus, it's not like I non-stop complain. I also share funny stories and good stuff all the time. I even try to put some humor into my complaints so that it's not just a big bitch-fest when I do need to vent. My friends usually laugh along with me and that's the end of it. 

Sorry for the long rant- but I just needed to get that shit off my chest. I refuse to let her get to me and cause any kind of drama that she could use to get more attention from people, so other than my couple of close friends, I haven't told anyone about this. I've decided that if my complaining is bothering her, then I will just stay away from her so she won't have to deal with it. But I don't feel like I should have to share any of it with her if I can't be honest about it. 

By the way, I am not trying to say that what this women went through isn't important and awful and I would never want to hurt her feelings on purpose. I just don't think I should have to sugar-coat my issues and pretend to feel a certain way. 

TL;DR- My boyfriend's sister is a bitch sometimes."
1129,0,"Weird thing that happened as a child. Think I was sexually abused, not sure. Big trigger warning. I feel embarrassed so please be nice.

I'm 17 now. 

When I was around 8 I remember going to the bathroom, I noticed that there was a white substance in my butt crack, it was kind of clumpy, seemed as it was texture of something stained, I just thought ""oh that was weird"". That's all I remember. Then now I look back and think, what was that? Just some random white substance? That doesn't even make sense. And now I'm concerned it might have been stained sperm from someone sexually abusing me. My mother used to date a lot of men around that period, and they would always be in our home, I just can't stop wondering if one of them did something to me. What else could that white substance be? I'm so confused and scared."
1130,0,"My wife just died unexpectedly

As the title states my wife just unexpectedly passed away a few hours ago. She was found by my stepdaughter. I’m currently out of state and have a flight home in the morning. 

I’ve run through the roller coaster of emotions and now I just feel numb. I do not know how I’m going to feel going home and having an empty house. I do not know what I am even going to say to my daughter, because to me that’s what she is my daughter. She’s been in my life since she was three years old. She just turned eleven. 

My wife had a bunch of health problems and was on the road to fixing a lot of them. She had her uterus taken out after three miscarriages because her uterus was almost 350 grams and full of fibroid tumors and cyst. She had gotten off most of the medications doctors had prescribed her, not on her own but by the recommendation of doctors. She was starting to lose all the weight the antidepressants had a hand in her gaining. She had just started going to the gym to get healthier. 

We had just started making all kinds of plans on what we were going to do with our lives now that things were going in a positive direction both with our relationship and both of our health. 

I’m just here wide awake. Waiting for the alarm clock to go off to signal that’s it times to head to the airport and I have no idea what to do with myself. I have no idea how I’m going to face everything at home. I have no idea how I’m going to deal with anything going forward. 

I apologize if this isn’t in tune with the sub rules. I just needed to write it down somewhere."
1131,0,"Are there any songs that helped you with dealing with your SA?

Mine main 3 are I See You by Missio, Polygraph Eyes by Yungblud, and Ashes by Braden Barrie"
1132,0,"I told my new friend about my abortion

We were talking about difficulties women face in society and we talked about abortion and she asked me how I felt about that and I said I’m heavily pro choice I’ve even had one.

She stillllll loves meeeee🥳🥳🥳

But it was kind of freeing in a sense. A new friend you make and feeing shameful especially In a super conservative society and she’s traditional and a bit older.
She didn’t judge or even ask any questions. It was great. I’m not ashamed anymore.
Woohooo!"
1133,0,"How to tell friends after loss when they sent a gift

We had been trying for a while, we finally got pregnant with our first, which we were over the moon about. We were so excited that we started telling people at 10 weeks.

We made it to our 12 weeks appointment and got the terrible news of no heartbeat. 

This all happened a week ago, we've only told our family about the miscarriage. Having to deal with all of the pain of the miscarriage process, I wasn't really up for telling friends just yet. 

I just got a very thoughtful mom to be gift from a friend today in the mail. I don't know how to tell her that we no longer have a baby on the way when she sent something so nice. 

I know I have to at some point. How do I tell her thank you for a lovely gift and at the same time we lost the baby?"
1134,0,"Please help me

I have never spoken about this. This thing that happened haunts me and I feel like it’s my fault. I was a freshman in high school. He was a senior. He had asked for my number and texted me a lot. I was a virgin and raised in a Christian household so I was a bit sheltered. I liked him. He asked to hang out so he picked me up and we went to his house. No one was home. We watched part of a movie until he randomly and unprovoked pulled his penis out. He told me to suck it. I told him no that I didn’t want to and I’ve never done that before and it wasn’t something I wanted to try. He kept saying “don’t worry”and “it’s fine just try it” and when I wouldn’t give in he pushed my head down to his crotch and made me perform oral. He said it’s “what people do” if they like each other. I wanted to throw up. He told me I had to swallow. He made me wash my mouth with mouth wash and drove me home. I thought he liked me and that this was normal and that maybe if we hung out again it wouldn’t happen anymore but it did. About 4 more times and I just wanted to hang out but he’s take his pants off and grab at my neck and push it down until I stopped fighting it. He’d be so aggressive he’d push my head down until I couldn’t breathe and choked. Then it got worse and he started trying to take my pants off and putting his penis near my vagina. I was scared and told him I really didn’t want to but he kept trying to push into me. I heard his mom come home downstairs and I was able to get out of there. After that I was so scared i never spoke to him again. I have went over these events time after time. It’s been 8 years since it’s happened and I feel like it’s my fault because I came over to his house again after the very first incident. I told my fiancé about it and he said it isn’t my fault. I don’t know what to think or say or do. I get scared and feel gross thinking about it. Like I want to peel my skin off. Was I sexually assaulted or is it my fault?"
1135,0,"I wish I had an abortion

Throwaway because I don’t want anyone to know I’m thinking this.

I was in an abusive relationship and I was against having an abortion. I got a restraining order against him and I feel awful because all I keep thinking is I wish I had one. I thought it would be easy and I thought I could handle it but I can’t afford daycare and I can’t afford anything and I just wish I had an abortion. 

I probably have the option to sign my rights away to him, but I know what she would go through. I don’t know if this fits here or not but I don’t know what to do."
1136,0,"Even if it was online it still really hurt. I hate him.

TW; manipulation, sexual coercion, suicide, grooming
 
I hate him. He made me stay in this long distance bullshit relationship because he said he'd kill himself. He knows my dysphoria is crippling and still said he hated I have breasts and I would comfort him while he talked about how much he hates them. He dumped all his problems on me. He was years older.. 17. He's older than me. We got together when I was.. young. I know I'm logically still young, but I digress.
 
However, since starting T I felt a bit more into it, you know? I still identify as greysexual. I hate the idea of sex 99% of the time. It brings back all the memories of being groomed when I was 12-14. I feel like a whore, really. I crave men's attention because it made me happy and feel fulfilled.
 
When I kept saying ""no"" to nudes he'd get mad. He talked about being horny ALL THE TIME. He demanded we call for 8+ hours a day, demeaned me subtly, and then guilt tripped me for having mental issues. When I finally broke down about my sexual trauma he comforted me.. but then asked when we could get intimate.
 
I often used the excuse that it's illegal. It worked until he read the laws regarding it out loud to me on a call. I wanted to cry. He asked me to join the call shirtless, and when I didn't he said he was disappointed. He later asked about an open relationship because he was sick of waiting for me. He also would shop for sex toys while on facetime with me and ask for suggestions.
 
One day I gave in. I sent things w/o any face or identifying info. He sent things back. I felt utterly repulsed later.
 
Then the next day he was trying to get me on the mood in call. I dissociated so hard and just went with it with a nervous smile and half ass ""sure."" He wanted me to say.. things to him, and I just tried so hard to check out of the situation, I didn't want to be in it. I was uncomfortable. But he'd get upset if I rejected him. So I let him call me things and all that bullshit. I wanted to die. And then he said he wanted to do it again tomorrow.. so I made an excuse I can't call because of family.
 
Cue to him attempting suicide and leaving me heavily traumatized. He made it all about him. But it's over now. It's over.
 
But now it's coming back to me. I feel like it's all my fault. I didn't want to. But I did. And my body feels disgusting and I want to vomit. He didn't even touch me, why am I acting like this? I could have said no. I feel "
1136,1,"avily traumatized. He made it all about him. But it's over now. It's over.
 
But now it's coming back to me. I feel like it's all my fault. I didn't want to. But I did. And my body feels disgusting and I want to vomit. He didn't even touch me, why am I acting like this? I could have said no. I feel like I can't even say he groomed me.. because he wasn't 18. I still talk to his best friend because she makes me feel safe and happy.
 
I HATE THIS. I hate my body. I want to rip it apart. I want all the memories of him to go away. I'm sorry to say, not really, that I really fucking hope after all he did that he did die without me."
1137,0,"Just found out I’m pregnant again with my third and my doctor told me this pregnancy could kill me

I’m scared. And I can’t talk to anyone else about this because all of my family are really religious or pro life etc. so here I am. Making my first post to Reddit looking for some support. I don’t want anymore kids. I’m making the appointment tomorrow. Fingers crossed I’m under the deadline for the state I’m in. As much as I genuinely don’t want another kid I can’t help but think about if they would have been a boy or girl. If I knew 100% that I wouldn’t suffer liver failure yet again and be hospitalized for months like I was before, I’d consider giving them up but I’m not willing to risk my life and risk seeing my kids grow up into who they were meant to be on the off chance I could make it. I’m not willing to juggle that. I obviously know there’s a death risk with every pregnancy but this one is for sure. I’m not looking for “doctors aren’t always right. Etc etc” I just need to hear it’s going to be ok. That I’m going to be ok. That the emotions I’m feeling rn are just hormones. Because I don’t feel any attachment or affection for this pregnancy. Just having two kids already and seeing them grow makes me so hunk about what their laugh would be like or their smile. And I hate that my mind is making me think about it. Even if I wouldn’t have the physical issues, I mentally can’t handle three kids. (My oldest will be 3 this year and my youngest will be turning 1.) I’m a SAHM and my partner is in the military who for sure is deploying soon so I’d be alone for that and the birth like I was with my first. And I can’t do that. So please. Just tell me it’s going to be ok and that I’m going to be ok…this will be my first abortion. I’ve never had a miscarriage either so all I can assume it will be like is labor. I don’t care how gruesome the details, please also tell me what yours was like so I can prepare for all the possible feelings. (I apologize for any misspellings, I was crying for half of this. Also I am 100% wanting an abortion. I’m not hesitant on it. I just need support)"
1138,0,"How do I handle the side effects sexual assault left me?

[removed]"
1139,0,"MIL “found out” about my miscarriage

Hello, I am a FTM currently 22 weeks along. I had a miscarriage right before this pregnancy. It was an upsetting experience and I am a private person so I told my partner I don't want other people to know about it, I just want to process and grieve in privacy.

Recently he told me his mother knows about it. He says when they got coffee together around then she kept asking what was wrong and guessed. 

I feel upset and like my privacy was violated. I feel like my partner should have shut down the conversation immediately. He is free to tell her whatever he wants about himself, but this is inextricably linked to my body and I made it clear I don't want anybody involved.

Since then I've had conversations with him where I've stressed that I don't want to be a topic of conversation when I'm not around, I don't want anything about my body discussed. All his family needs to know is the current baby is healthy, period the end. He is annoyed that I don't trust him on this sort of thing. He's also upset with my perception of his family as kind of nosy and gossipy, but that's been my experience with them. 

I just want to vent and know if I'm being unreasonable. I feel like if I can't get him to understand then I just need to cut him out of the medical side of my pregnancy. Which would be a big thing to do and not what I want. But I feel on edge about how his family could pry information from him and then talk about it and pass judgement on me and push him to push me about birth plans and parenting etc. I am also feeling a strong aversion to being around his family at all. I don't like that they will/might scrutinize my behavior to try to guess about things I want to keep private. I just feel overwhelmed and I don't know how much of that is just hormones."
1140,0,"Please, ask for a third trimester ultrasound. (TRIGGER WARNING)

TRIGGER WARNING: STILL BIRTH

I know they are common, but they are still not standard at every practice. If they aren’t where you go, please request one. Whatever the price is, pay it. 

I have been an active member of this sub since I found out I was pregnant in April. I was due January 5. My pregnancy was completely healthy besides persistent symptomless BV that finally went away at my last appointment (ironic). My anatomy scan was perfect, baby was measuring spot on. I was 37 weeks and had had labor signs for weeks. Bloody show, cramping, so much pressure. I had been told since 28 weeks that he was head down. My last two appointments the midwife commented on how low he was. She said to be careful on waiting too long because he may just fall out. I was told, multiple times, that he was a perfectly average size baby. My fundal height was never spot on, but close, within a week or so at every appointment. At one appointment I measured two weeks behind and I was assured this was normal (I think I even posted in here). I gained weight at a normal rate.

Last Saturday I noticed baby hadn’t moved much. I had been so busy with last minute preparations and my placenta was anterior, so I was used to his movements being more subtle. I thought that was normal. As a side note, that is NOT normal. Your baby should still feel like an alien popping out, just more muted. You should still feel the big movements and rolls. 

I got out my Doppler and there was nothing but silence. The day before I had checked it and his heart beat was loud and strong.

I can’t bring myself to type out the full whirlwind story of what happened Saturday night, but it was chaos. At first they thought they had the heartbeat, but it was mine. The hospital did a scan and found his heart to be still.

Most importantly, my baby was not healthy. He was not average size. He was not head down. He had severe IUGR. I had absolutely no amniotic fluid. His butt was engaged in my pelvis.

I went home to rest to come back for an induction the following day. My two older kids were still up, at midnight, because we had had to rush out so suddenly. We had to tell them their sibling had passed and then put them to bed.

Then I went into labor. It was hard and fast and the most painful contractions I’ve ever had. We barely made it to the hospital. I pushed him out in a matter of minutes. He came out foot first. 37 weeks and 3lb 5oz and 16in.

When"
1140,1," had to tell them their sibling had passed and then put them to bed.

Then I went into labor. It was hard and fast and the most painful contractions I’ve ever had. We barely made it to the hospital. I pushed him out in a matter of minutes. He came out foot first. 37 weeks and 3lb 5oz and 16in.

When my placenta came out we immediately knew what was wrong. It was completely calcified. He hadn’t been getting nutrients for a long time. He had consumed all his fluid and had nothing left to replenish it. He was slowly withering away in my stomach while I meal prepped and finished his nursery and washed all his clothing that would never have fit him.

My care team clearly dropped the ball. After using them twice with my two older children, my gut had told me something was off the whole time with this pregnancy. I often felt dismissed, my care felt impersonal. I cannot wrap my head around the fact that multiple women put their hands on my stomach and told me my baby was average sized and head down.

I blamed myself at first for using a birth center, but what I have come to find already is that this happens everywhere. It happens with midwives and it happens with OBs. Cord and placenta issues are two main causes of stillbirths and can only be diagnosed with ultrasound. Of course it is not fool proof. Women who have routine third trimester ultrasounds can still have something tragic happen. Things get missed. Not all care teams are idiots like mine. But reality is, an ultrasound would have caught his growth restriction and we would have at least had a chance to save him. 

Also, pay attention to your baby’s movements. I know it’s beating a dead horse, I heard it all the time. I was so busy preparing. Reality is, his movement and routine had drastically changed. I chalked it up to him being so low and my anterior placenta. My stupid anterior placenta, I let it be the scape goat for so many things that should have been red flags. 

This pain is unbearable. And there were so many points in time it could have been avoided."
1141,0,"Early miscarriage and subsequent positive test

Quick background: me and my fiancé have been TTC for around 18 months with no luck, there are some minor fertility issues with me we’re aware of that I’m working through addressing with lifestyle changes. 

5 weeks ago we had our first positive test and were over the moon. Due to circumstances, we notified our closest friends despite it being so early (fiancé was due to go on a hen-do with them that weekend and would have struggled to explain not drinking - everyone knows we’re trying). 

Unfortunately, we miscarried early - 6/7 weeks - and were devastated, made worse by the fact we had to break the news to our friends. 

Now, today, after being a few days late for her first period after this (aware her cycle is probably still getting back into the swing of things), my partner took another test and it shows faintly positive, same as last time. 

We’re now unsure if this is leftover hormone, “retained tissue”, or a potential legitimate positive in early stages. 

I’m driving myself mad googling and don’t want to talk to friends who I’d usually go to for support as I just can’t face doing everything that happened last month all over again. 

Does anyone have any advice and/or experiences to share? Happy to answer any relevant questions. 

TL;DR - partner miscarried early 5 weeks ago, now have positive test - looking for advice"
1142,0,"Parvovirus B19: Our story for the current and future pregnant women battling with the fear of the unknown.

I wanted to share our experience with Parvovirus B19, also known as “Fifth Disease” and “Slapped Cheek Syndrome.” When my wife first came into contact with this virus, I searched Reddit for first-hand accounts and stories to help ease my concerns. However, everything I read said, ""it’s usually a non-event, the chances of it crossing over to the fetus are small, and even if that happens, the chances of fetal hydrops or other complications are even smaller. So, don't stress."" Well, we werent so lucky, the virus did cross over and did cause complications, so I wanted to write something up for anyone else going through the same thing we did. Especially since the [CDC](https://emergency.cdc.gov/han/2024/han00514.asp) issued an advisory on last year's spread/cases and it may become more common in the coming years. This is going to be an extremely long post, but I wanted to inform those of you that may have to go down the same path, especially since I would consider us a success story.

**Background:**
My wife teaches kindergarten at a local elementary school. During the second to last week of school in May 2024 she had a parent message her informing that their child had been diagnosed with Parvovirus B19. The parent expressed concern for my wife and recommended she reach out to her OB since the virus could be problematic for pregnant women. Our OB performed a blood test and confirmed that my wife had the active virus in her system and referred us to Maternal Fetal for high risk pregnancies.

**Parvo’s Affect on Pregnancy:**
I am not a doctor, nor do I have any degrees or licensure to practice medicine. The summary below is based on my understanding of the texts I reviewed throughout this journey. When Parvovirus crosses over to the fetus, the virus can shorten the half-life (life-span) of certain red blood cell components, causing severe anemia in the fetus. This could lead to nonimmune fetal hydrops (fluid buildup around internal organs) and eventually heart failure and fetal demise. I think fetuses are more susceptible between 10-20 weeks gestation.

**Noninvasive Testing For Fetal Anemia:**
In patients that are high risk for fetal anemia, Doctors can use ultrasound to track and gauge the level of fetal anemia. This is done by measuring the Peak Systolic Velocity (PSV) of the blood as it travels through the Middle Cerebral Artery (MCA) and comparing it t"
1142,1,"sive Testing For Fetal Anemia:**
In patients that are high risk for fetal anemia, Doctors can use ultrasound to track and gauge the level of fetal anemia. This is done by measuring the Peak Systolic Velocity (PSV) of the blood as it travels through the Middle Cerebral Artery (MCA) and comparing it to a baseline determined by previous research. There's a few different arteries that can be used, but the MCA is considered the golden standard. The general idea of this is blood has a certain “thickness” to it, as baby becomes anemic the blood becomes thinner and will travel at a higher rate of speed through the artery as opposed to normal blood which has a higher viscosity. You can think of it as water being pushed through a water hose as opposed to oil being pushed through a water hose. The water will move at a much faster rate (anemic), than the oil would because water is thinner (normal blood). The speed of the blood, measured in cm/s will increase with the gestational age, but the baseline used for comparison accounts for this increase. Studies have shown babies with an MCA-PSV greater than 1.5 Multiples of the Median  (MoM) baseline have significantly higher chances of being born with severe anemia. [Link to Expexted MCA-PSV as a Function of Gestational Age](https://perinatology.com/calculators/MCA.htm)

**Finding the Complications:** 
Our first appointment at Maternal Fetal corresponded with our 20week anatomy scan. During the scan the ultrasound technician noticed pockets of fluid around baby’s stomach and an echogenic bowel, both indicative of complications with 5ths disease and possible fetal hydrops. The doctor requested fetal dopplers and a measurement of the MCA-PSV to confirm fetal anemia. Our baby had a MCA-PSV 2.25 times the median, significantly higher than the 1.50 threshold. The results confirmed fetal hydrops as a result of fetal anemia most likely caused by Parvovirus B19. Our doctors tone was bleak when expressing the seriousness of the situation. Needless to say we left that appointment in low spirits with many tears shed on the drive home. Right before we pulled into the driveway we received a call from our doctor explaining that she had discussed our case with other colleagues and specialists at the Johns Hopkins Center for Fetal Therapy. She asked if we could make it to an 8am appointment at Johns Hopkins the following morning (an 8 hour drive), explaining that the situation was dire and an intrauterine blood transfussion may be our lit"
1142,2,"sed our case with other colleagues and specialists at the Johns Hopkins Center for Fetal Therapy. She asked if we could make it to an 8am appointment at Johns Hopkins the following morning (an 8 hour drive), explaining that the situation was dire and an intrauterine blood transfussion may be our little girls only hope since her condition has already progressed. [Texas Childrens Hospital](https://www.texaschildrens.org/content/conditions/intrauterine-transfusion) has a great summary of what an Intrauterine transfusion (IUT) is and why it may be required. 

**John Hopkins Experience:**
The next morning we showed up to Johns Hopkins and their ultrasound technicians verified the hydrops and MCA-PSV values. Based on her condition doctors reiterated that the blood transfusion was the best course of action. We discussed the risks, along with success rates, and decided to proceed. The procedure itself took no longer than 30 minutes. IUT’s can be given to the fetus 3 different ways: through the placenta, through the umbilical chord, and through the fetus’ abdomen. Due to the fetus’ size and placement of my wife’s placenta (posterior placenta), doctors elected to go through the fetus’ abdomen. I was able to stay in the room throughout the entire procedure and watch… and I was absolutely blown away. During the procedure we had 3 of the 4 fetal therapy doctors in the room with us. 1 operated the ultrasound equipment used to assist in guiding the needles and monitor the baby during transfusion. The other 2 doctors were guiding the needles. First the mothers abdomen is numbed (my wife expressed this was the worst part as it burned when the anesthetic was injected). Second they have to ensure the fetus isn't moving around while the transfusion is taking place, so they inject a temporary paralytic through baby’s arm. The doctors use ultrasound to guide the needle through moms abdomen and into the baby. Once baby is immobile a needle is placed through mothers belly into the baby’s abdomen, once again guided by ultrasound. A sample of baby’s blood was taken to confirm anemia. When they drew baby’s blood and tested the red blood cell count (RBC) it resembled a faint red cool aid, practically see through. Testing confirmed her hemoglobin was ~ 2.4g/dl which was extremely low. So they began to transfuse the donor blood through the same needle that remained in mom/baby abdomen. The amount of blood transfused is influenced by the baby’s size, gestation, and level of anemia and i"
1142,3,"practically see through. Testing confirmed her hemoglobin was ~ 2.4g/dl which was extremely low. So they began to transfuse the donor blood through the same needle that remained in mom/baby abdomen. The amount of blood transfused is influenced by the baby’s size, gestation, and level of anemia and is determined by the doctors during the procedure. After the blood was transfused they allowed baby’s heart to circulate it through it’s system for a minute or so and resampled. This time baby’s hemoglobin was around 10-11g/dl which is around where doctors wanted to see it. The needle was guided out of moms belly and the procedure was over. Doctors were pleased with results and considered the procedure a success. The paralytic took a few hours to wear off, but mom was able to feel baby moving again by dinner time. The next morning we returned for a follow up where they checked baby’s MCA-PSV. Values were perfect, and fell within “normal baby range.” They monitored her numbers for a few days and finally gave us the go-ahead to return home. In some situations serial IUT’s are required, but we were fortunate enough to only need the one. They released us to our Materanal Fetal back at home with the direction of weekly monitoring of the MCA-PSV. Doctors explained with Parvovirus once the baby clears the virus, red blood cell production should return to normal and there are normally no long term effects. 

Lastly, I wanted to express how AMAZING the fetal therapy department at johns Hopkins is. This whole experience was extremely frightening for us, but the experience, knowledge, and overall confidence that the doctors exhumed provided a sense of peace for us. During the operation it was amazing to watch them collaborate. They would bounce ideas off each other and ask each other questions. We felt like even though this was an extremely rare condition for the rest of the world, for them, this was just another day. I hope that no one has to ever go there, but if you do, I can assure you that you will be in the best hands. 

**Post-Operation Monitoring:**
We went to maternal fetal for 18 weeks post operation for weekly and sometimes bi-weekly appointments. Each time they would take, and chart baby’s MCA-PSV values. Numbers fluctuated, and sometimes neared the 1.5 MoM threshold; however, our beautiful girl was born earlier this week at 38-weeks, weighing in at 7lb-11oz! Hemoglobin tests were performed at time of birth and were within normal newborn range. We reran hemoglob"
1142,4,"take, and chart baby’s MCA-PSV values. Numbers fluctuated, and sometimes neared the 1.5 MoM threshold; however, our beautiful girl was born earlier this week at 38-weeks, weighing in at 7lb-11oz! Hemoglobin tests were performed at time of birth and were within normal newborn range. We reran hemoglobin and CBC at 24 hours for confirmation and these once again confirmed baby no longer had complications with anemia. She is a perfect, happy, healthy little girl. 

**Key Takeaways**
- if you’re pregnant and work in a high risk environment (e.g. Teacher) ask your OB to test your blood for antibodies. This will be helpful if you’re ever exposed as antibody protection is thought to be lifelong. 
- If you have a sick child, it’s ALWAYS important to inform the teacher. You never know how it may impact them
- Be proactive, sometimes in these situations we don't have the luxury of time. Another week could have been the difference of life and death for our little girl. 
- The advancements in modern medicine is truly remarkable. We owe so much to the medical staff of both Johns Hopkins and our own Maternal Fetal doctors. Without them we would be in a vastly different situation."
1143,0,"JD Vance last night - was particularly trying to manipulate women

I see multiple posts about JD Vance today. I think I have a slightly different point than the rest of the posters.

The way JD Vance was talking was meant to manipulate the emotions of women. He was likely coached based on how Republicans see women. He would say things like trying to express sympathy for the women who died from not receiving medical care during pregnancy (""I agree she should still be alive today""), when he talked about his ""friend"" who had an abortion because she was in an abusive relationship, when he talked about ""needing to do more to earn trust"". It was all supposed to be to validate women's emotions - to supposedly make us feel seen. But *nothing* he said indicated any actual steps to actually help. It's really like he got coached on seemingly to empathize with women who were in tough situations - while his policies will actively make their lives worse. He thinks women won't be able to see that there's no actual substance behind his words. He might be right about some of us - unfortunately.

I think Walz ruined some of that for him by being so knowledgeable and specific on the actual issues himself. Hopefully the contrast got across.

Edit: it's based on the stereotype that women make decisions based on ""emotions"" or ""their feelings"". Which is ridiculous - decisions in all humans are intrinsically tied to emotions. Hopefully not very many women will fall for his manipulation attempt - he isn't giving specifics on anything he would do to help or the aspect of what he's empathizing with (toxic manipulators use these same techniques in relationships - as other posts point out)."
1144,0,"Early pregnancy - cramps?

Hey everyone! I just got 2 positive pregnancy tests this week after only a month of trying. They told us it would take a long time, so it came as a surprise.

I am a bit worried because I have some cramps as if my period is coming, yet it's 2 weeks past when it should have come (+ the positive pregnancy tests). Based on the Flo app, it says I am in week 6 and I read online that most miscarriages happen until week 10 (with symptoms like cramping). I also had just a bit of nausea and I am  sleepy and tired. But otherwise, none of the other symptoms like cravings or mood swings.

So I guess I am looking for some reassurance about it - has anyone else experienced such symptoms? Is it normal?"
1145,0,"I’m 15, about to give birth and my mom just dropped me off, leaving me at the hospital alone. I’m very scared

Due to traumatizing and unfortunate circumstances, I ended up pregnant. My mom doesn’t believe in abortion and told me she wanted me to keep it. She said she’d raise the baby as my sister until she was old enough to understand. She was still upset that I was pregnant but said she’d support me if I kept it.

I’m getting inducd tonight. I’ve been having slight cramps and the hospital said it was fine for me to go ahead and come down. My mom asked if I packed my bag, and we left.

I got out of the car, but I noticed my mom wasn’t getting out. She said she wasn’t staying, and since I was old enough to get myself in this situation, I was mature and old enough to be by myself. So here I am, they’ve gotten me checked in and I’m laying on the bed now.

I’m really scared, I watched YouTube vids on birth and stuff but I didn’t think I’d be doing this alone. What if something happens to me? Or my baby? I’m so scared, I wish my mom hadn’t left. There’s no one I can ask about this stuff.

Edit: I made the post and fell asleep soon after, and I’ve woken up to so many kind comments and messages. I can’t respond to them all but thank you guys so much for the info and support. Nothing drastic has happened yet, but so far so good!

Edit 2: I’m doing fine, just uncomfortable and I’m a bit of pain. They pushed a pill in me to help my dilate. The nurse I was assigned is super cool, and we talk about a lot of neat stuff when she comes in here :)

Edit 3: I see a lot of you think I lied to my mom or I was just doing stuff behind her r back to get pregnant. I’ve chosen not to go in specifics for my own reasons. However you believe how I got pregnant does not matter to me. I know the truth ^^

Edit 4: Will probably be my last update for now. Just got a rush of intense pain and my head hurts. Making it really hard to look at my phone. The nurse is giving me something in the tube attached to my arm to help and it will probably put me to sleep. I will make a separate update post here soon on the subreddit probably after my baby arrives and I’m resting. I will try to respond to messages but no promises. I’m super anxious and want to relax and focus. Thank you ❤️"
1146,0,"Ok, but I need this from you

So after the family reunion things returned somewhat to normal. My uncle and myself were 9 months into our “normal routine”. Now that I’m 11 things on my end started changing. I started getting more mature, mind and body and things started feeling different. He would put his hands in my shirt and I always pulled it away. Even when kissing I didn’t want his hands on me. After a few weeks he asked me what was wrong and I confessed. Since my body was changing it no longer felt annoying it felt…well good, and I’m ashamed. He assured me that it was ok but offered to help me no longer feel ashamed. I asked well with the money you won a few months ago can you take me clothes shopping. After all I did help you win it. He did say he wanted to use it to buy a webcam for when we can’t see each other. I can see all of you anytime I needed. So not only do I not get that I can’t see you that way. I then said I don’t only want new clothes I need training bras and underwear as well. I said the clothes I can take back home but the underwear we will keep at his place as my parents believed I wasn’t old enough for either. So you’ll only wear that around me he said and I agreed. Told him I can model it for him. Now he seemed to be fully onboard. I did say he could use the savings to buy the webcam and he can see me all he wants. (I didn’t know the importance of that till later. Another story for another day)

We went to the clothing store. I asked him what I can get and he said anything. I didn’t really need name brand or anything showy. I felt important that I got to choose. Seeing him give his seal of approval, made me feel even more happy. When it was time to get the bra and underwear I felt ashamed again. I guess he sensed it and he went in ahead of me and got the lady to help me while he waited outside till it was time to pay. The sales lady was flirting with him till I said wonder what you should get your girlfriend (yes I admit I am jealous). 

We went back home and I said I had a surprise for him. I modeled each piece I got. I felt really mature. As he loved every set that I had. I remained in one for movie night. And we cuddled, didn’t take long for his hands to go where they normally went. He asked when did it start changing and I told him a few weeks ago. He I’m glad I can help. I thanked him and he said “ok, but I need this from you” it’s been a few weeks now and he has needs. While performing oral on him he took off my bra which was "
1146,1,"ng for his hands to go where they normally went. He asked when did it start changing and I told him a few weeks ago. He I’m glad I can help. I thanked him and he said “ok, but I need this from you” it’s been a few weeks now and he has needs. While performing oral on him he took off my bra which was not a problem. When he took my underwear that made me nervous. I felt really exposed for some reason. After I swallowed we kind of laid down next to each other and it’s the first time his hands were in between my legs. I was breathing really heavy and all he just kept telling me is relax. I knew it was wrong but I didn’t want to disappoint him. After he stopped he let me know it’s nice that we’re back to normal and our relationship can continue. For some reason I had mix emotions of being nervous and happy."
1147,0,"UPDATES: My stepdaughter died 4 weeks ago and I just caught my husband and his ex wife in our bed.

Sorry about this post being removed a couple days ago. I didn’t realize there was an update rule, so here is the update again, along with some questions answered. 

I decided that I’m filing for a divorce. I can’t ever trust him again. It sucks because we had an amazing relationship (I thought), he’s always been great, so this was a complete shock to me. 

Last night, Derek came over to talk. He confessed to a lot. Turns out it wasn’t their first time having sex like most people thought. They’ve been having sex since 3 months before Becca died. I am completely shocked and heartbroken. 

Sam also reached out last night and thanked me for everything I’ve done for her, and told me she was sorry. I didn’t respond, I blocked her. 

I did so much for Sam and considered her a friend so this hurts a lot, more than I can handle. 

This is all too much. 

As hard as this is gonna be, I need to leave Derek and cut them both out of my life. I am ready to do so. I am done. 

Also, some people are saying I deserved this because I should have known better than to let Sam into our home, around Derek. But, you need to understand that I’m a giving person, I trust people more than I should, I truly thought Sam was an amazing person. I know it’s unusual to become friends with your husband’s ex wife, but it’s just how it went for us and I shouldn’t be blamed for what happened. 

Thank you to everyone who commented nice things and for the kind messages. You’ve all been helpful during this insanely difficult time, I appreciate it. 

I’m getting lots of questions about some things so I figured I’d answer a few of them.

• Have I told anyone about what happened besides my mom? — Yes, I told a few friends and some family members. Most of them are supportive of my decision and aren’t speaking to Derek. 

• Where is Derek staying? — Currently, he’s staying at a hotel. Our friends refuse to let him stay with them. He’s lost a lot of people due to his awful decisions. 

• Has he tried fighting me on getting a divorce? — Yes, he begged me not to file for divorce, but when I told him I needed him to just let me go, and that I was too exhausted to fight him on this, he let it be and agreed to getting a divorce. 

• Why isn’t Derek staying with Sam? — He told me he didn’t wanna continue to hurt me, so he told Sam he was done with her for good. And that they have no reason to speak to each ot"
1147,1,"m to just let me go, and that I was too exhausted to fight him on this, he let it be and agreed to getting a divorce. 

• Why isn’t Derek staying with Sam? — He told me he didn’t wanna continue to hurt me, so he told Sam he was done with her for good. And that they have no reason to speak to each other anymore. I have no idea if that’ll last and if they’ll just end up together, but I truly don’t care what they do anymore. I just want peace. 

• What was Derek’s excuse for cheating? — He told me that they just “accidentally” reconnected one night when I was away at my mom’s. He was stressed we weren’t conceiving and were having miscarriages, so he vented to Sam, and then somehow that led to sex. Disgusting of them both, I know.. 

Feel free to ask anything else, and I’ll try to answer. Thank you everyone for your support and advice. 

Edit: I’ll keep doing updates if there is any on my profile."
1148,0,"I’m having flashbacks

Hello. I am a teenager who was sexually assaulted by my uncle when I was around 10 or 11 years old. I haven’t told anyone what happened because I really love my cousins (his children). It never stopped haunting me, and I don’t really know what to do. Whenever I see him I feel so disgusted at him but more on myself, but I have to act like everything’s normal and convince myself for a moment that he was just drunk. Now, I am having almost nightly panic attacks and episodes of insomnia, and I don’t know what to do."
1149,0,"I don't want an abortion. My partner does.

I've ( 28) always wanted kids. My boyfriend (27) of almost two years always wanted kids. We've been actively trying. I've been tracking my ovulation and we were trying the day of my ovulation. Same like last month. I've been tracking my ovulation ever since october. We can't try every month because of his job, but we've been trying. Talking about it. Planning.
I found out i am pregnant a week ago. I went to wake him up and he had the worst reaction: stone cold staring at me, not a word. I left for work without talking. He texted me he loved me on the way to work, so I thought he'd be fine, just surprised. I came back from work to a miserable looking man. He was not talking, almost crying. He told me he didn't want this, he had been having doubts about the pregnancy and our whole relationship for months. He didn't say anything because he thought I would not get pregnant so fast because of issues I had in the past and present and he wanted to tell me next month. I didn't think I get pregnant so fast either. But I am. And he is miserable. He says he loves me, but doesn't know the answer to the question if he wants to be with me for the rest of his life. Everything is going too fast for him: an engagement and pregnancy in a few months time. Now he's doubting if he ever wants kids in the first place. 

I've been crying for a week. I don't know what to do. He says he doesn't know if he'll be able to stay with me if I keep the pregnancy, he would feel rushed and pressured and he would not love this kid. I want a kid so badly, I want kids with him so badly, but I also want him to be my partner. We've been talking and crying a lot, we've been hugging, kissing, holding each other through this because there is no right solution. In between the serious talks, we have fun and we're dating again. 

He changed his mind and didn't tell me. Now I have to choose between my relationship, my best friend, the love of my love, and my dream to be a mom, to have kids. I thought we were having our happily ever after. Our relationship has been a dream. He's always shown me such deep love, so much caring, I've been his entire world and he was mine. And now I don't know what to do. I don't want to get an abortion, but I also don't want to give up the man I love this much."
1150,0,"Boyfriend (28M) is mad at me (28F) for not telling him about an abortion I had a decade ago. Where to go from here?

My boyfriend - let's call him Zach - and I have known each other since we were small children. We dated in high school. But, I got accepted into a college far away and Zach wanted to stay close to home. We decided that we would break up because we wanted to enjoy college and explore new things. When I got to school, within the first week I felt sick, went to the doctor, and found out I waa pregnant. I was terrified but I knew I was not ready. I decided not to tell Zach because, honestly, I never thought I'd end up back in my hometown in a relationship with him again. Maybe this was not the right decision but I was 18 and just wanted to forget about it. I didn't want it to be a *thing*. 

Anyways three years ago, I finished my grad program and ended up back home. Zach and I ran into each other and it was like we never separated. We've been together since. Last month, we were out with some friends and drinking. One of my friends was talking about being scared of all these abortion bans. And she said she had two abortions. I blurted out that I had one too. I didn't even think about it. Back home, Zach immediately asked me about it and I told him everything. He was very angry and told me he can't believe I'd do that to ""our baby."" He said I should have at least given him the option to raise it or to know what happened. We argued for like an hour and then he left. He has since come home but we are just crossing paths and not talking.  He asked if I would have ever told him and I said honestly, no, because I didn't want it to be a big deal and it was a decade ago. That just upset him more. I don't know where to go from here or if this can be repaired.

tldr: I got pregnant by my bf at 18, we broke up, I had an abortion and never told him. We reunited years later and he's upet I did not tell him back when I was pregnant. We are not talking now."
1151,0,"Friend just told me her story, what to do now

My best friend last night told me about her story, and so far she has only told me. I was honestly shocked and did not know what to do so I asked her how she wants me to help her. She told me she wants to say what happened to her and she wants to get it off her chest. She told me her story and about what happened and I just sat and listened and let her cry on my shoulder. I was absolutely shocked and horrified by what she told me. I felt like i wanted to cry as well but at the same time I was furious about why someone would do that to her, especially because she was 15 when it happened. 

She said that the I am currently the only one who knows and that she doesn’t know how to tell her parents and that she wants me there to be able to help her out. I am want to help her and I am comfortable doing that but until then I don’t know how to help. I don’t want to trigger any memories or make her go into any flashbacks, I just want to help her. I just don’t know what to say and what I should do. 
If anyone can help us out I would be great full. Thanks you."
1152,0,"I'm stuck in a hard place by deciding whether to disprove a sexual assault claim or not.

Hi everyone.

Some time ago, two folks within a friend group cheated together, while one of them was dating a guy within the circle. Some wires got crossed with communication, as the term of “I didn’t want to do it,” was interpreted as a situation of non-consent, rather than one of regret. 

At work, I hold a position of authority over them outside of our friend group. Because of this, I had to report it to HR, I investigated the issue in a formal setting, and I got explicit word from them that it was consensual. The very words, “can I kiss you,” had been said, both parties separately confirmed to me that it was two consenting adults, and I even have audio records of the conversations. HR says it is a non-issue, they don’t ask to hear the recordings. Outside of work-involvement, the man that had been cheated on was devastated and the initial pair removed themselves from the social circle.

Weeks later, the issue comes up again.

The girl involved had changed her mind and reported to higher-ups that she had in fact been forced on. Her partner forgives her, and they’re back together.

And I can’t help but feel sick with the feeling that this second report is one of malicious intent. Ruin an innocent man’s life with a sexual assault claim at the gain of getting your boyfriend back.

You can regret giving consent, but you cannot suddenly decide to have given it away weeks after everything had already happened. I love my friends, but I can tell that the man who had been cheating on is blinded by love and hurt and would be willing to believe anything to see his girl as innocent. 

Would it be wrong I spoke to HR about my thoughts and personal involvement and asked them to hear the recordings? The girl has manipulative tendencies that I’m unsure she’s even aware of; I’ve seen them in the past but often turned a blind eye. 

I want to wash my hands off both people since there were some personal issues between us that flourished during the apex of the cheating debacle. But I feel sick with the inkling that an innocent man might have his life ruined by this. At the same time, I feel horrid for not believing what could very well be a sexual assault victim, especially as a woman myself. My personal involvement skews my perception. I dearly need help with knowing what the right thing to do here is.

TL;DR: Two friends cheated together, and I think the girl involved is falsely accu"
1152,1,"horrid for not believing what could very well be a sexual assault victim, especially as a woman myself. My personal involvement skews my perception. I dearly need help with knowing what the right thing to do here is.

TL;DR: Two friends cheated together, and I think the girl involved is falsely accusing the guy she was with of sexual assault to get back with her boyfriend. I have proof that might disprove her claim, but both routes of action feel incredibly wrong."
1153,0,"PLEASE PLEASE HELP ME, It’s all i can think about.

It won’t let me use multiple flairs so Instead i’ll add a trigger warning while asking a question. (TW:MINOR AND GRAPHIC)

When I was around 7 years old my family was very broken but still living together, I remember every other day my father being blacked out drunk in front of me and my mother telling me how disgusted she was of him. She began to stop sleeping in the same bed as him for a while now.(Sometimes she would also come sleep in the big bed i had to share with my two other siblings)  

One night i remember having a weird dream about a movie i had watched and during it I had woken up for maybe around 1 minute, but during the minute I remember feeling someone/something heavy on top of me because i had fallen asleep on my stomach. I also felt stuck in one position and was uncomfortable if i moved. I thought it was just a weird feeling i had in my dream and soon went back to bed confused. This is an already fuzzy memory to me but lately i haven’t been able to sleep because it keeps replaying in my head. I believe the next day I had went to the bathroom, wiped and there was small droplets of blood on the tissue. During this time I also had a teenage sister who had just started her period so i believed somehow i did too (even though i obviously did not). 

I never thought about this night until maybe 4 years later (I’ve had a lot of traumatic events happen in this time frame so i believe i forgot) when one day my friend had told me that my sister, who i shared the bed with the night i believe it happened to me, told her she was raped by my dad. I was shocked, it didn’t seem like something my dad would ever do. She never told me the details of the night it happened to her to this day. Recently i’ve only been able to sort of remember this was because I was sexually assaulted again at 20 years old now a couple of months ago. 

Could i be delusional of this being the first time i was assaulted? or have i just tried suppress it because i don’t want to see my father in that light? I need help and advice, I haven’t been able to sleep for months because it’s all i can think about. 

I also need some help and guidance for another story. Around 7 months ago on my birthday I went to go meet this guy I used to hookup with in a hotel just to have some alone time for my birthday, both of us had busy schedules and never really saw each other. The night we checked in he got me sort of drunk and he also had a few drin"
1153,1,"ce for another story. Around 7 months ago on my birthday I went to go meet this guy I used to hookup with in a hotel just to have some alone time for my birthday, both of us had busy schedules and never really saw each other. The night we checked in he got me sort of drunk and he also had a few drinks himself, it was good and the mood was set. We both got naked climbed into bed and I began giving him oral. After i stopped I saw him dozing off because of how tired he was from driving and also from the liquor. I decided that night was not a good time to have sex, it felt weird and he never gave me consent. There was an entire separate bed from the one we both climbed in so I decided to nap there for a bit. Maybe an hour passed and I remember him waking me up to tell me it’s fine if i sleep next to him, so i did. The liquor wore off so i felt more comfortable with having verbal consent from him and we had sex. I fell asleep next to him naked because he had also went to sleep naked. The morning after was just confusing to me. I remember waking up to him on top of me and inside of me. I froze and didn’t know what to do. When he finished i looked at my legs and they wouldn’t stop shaking. I felt so confused after, a part of me wanted to pretend to like it because I always felt the need to impress him, but the real part of me felt guilt, alone, and confused. I remember moving as far as i could to the other side of the bed we shared and just thinking about what had happened to me. He even asked me why i got so far away and if i was okay, I told him I was fine and i remember telling him just to look at my legs that wouldn’t stop shaking. He thought nothing of it and eventually I told him just to take me home. (we were supposed to have the hotel for the weekend)  I also have been confused on why i froze up &amp; did not try to push him off of me and did i want to act like it was okay it just because i found him attractive when I really felt like a part of me was stolen and alone. Has this happened to anyone else before and most importantly, is this sexual assault?  PLEASE HELP ME I HAVENT  BEEN ABLE TO SLEEP PROPERLY BECAUSE I ONLY GET FLASHBACKS OF THAT NOGHT ALONG WITH OTHER SEXUAL ASSAULTS IVE BEEN A VICTIM TO. I also really apologize for how long this is and also if this is triggering ):"
1154,0,"I don't know if I was pregnant- but 8 months later it still hurts

I know this isn't the usual post here, and some people may not like it (which is why I made a throwaway). But this is something I need to get off my chest, and I feel like this is the place where I'm most likely to have success.

&#x200B;

I had a pregnancy ""scare"" over the summer. I was 19, ovulating, in a new relationship, and the condom broke. I got a Plan B and took it that night, but before I took it I did some googling to check for med interactions and discovered that a medication I was on lowered the effectiveness of conception prevention to about 30%. Thus, taking the Plan B didn't relieve the ""what ifs"". Instead, I just got really, really sad and didn't know why. I cried myself to sleep that night- partly out of sadness, partly out of confusion of why taking a plan b made me so sad.

&#x200B;

I started feeling different a few days after taking it. This might sound crazy, but I honest to god felt pregnant. I don't even know how to really explain it without sounding like a lunatic. I just felt so much strange love for a baby that might not have even existed and I was emotional and I kept making pinterest boards of like nursery decor and those little stuffed animal binkies and all kinds of stuff I had never even thought of. I felt pregnant and it scared me but I loved it. But even when my period was late, I didn't take a test because my periods are sometimes late when I'm stressed and I didn't want to psych myself out over nothing.

&#x200B;

Then I got my period. It was like a week and a half late and I started crying the second I saw it. I felt so empty and I felt stupid for thinking I was pregnant. My boyfriend and I broke up a little over a month later. I just didn't feel a whole lot for him anymore. It wasn't the same.

&#x200B;

I never took a pregnancy test, so I don't know if I had a chemical pregnancy or if I was just experiencing some placebo affect after reading the plan B statistic. But here I am, almost 8 months later, still thinking about it. I don't think about it all the time, but whenever I do it hurts a lot. I recently found out that my lifelong chronic pain and health complications (another story) are caused by a genetic condition that would make pregnancy and motherhood extremely difficult. It also poses a 50% risk of passing the condition on to the child. With that information I feel like I probably won't be able to have a child without some feeling of guilt. The"
1154,1,"mplications (another story) are caused by a genetic condition that would make pregnancy and motherhood extremely difficult. It also poses a 50% risk of passing the condition on to the child. With that information I feel like I probably won't be able to have a child without some feeling of guilt. The choice of chronically ill people is entirely up to them and I respect their decisions either way- but now that I know I'll never get better, I don't think I'll ever get pregnant on purpose. I've always wanted to be a mom, and it makes me so sad to imagine never having babies.

&#x200B;

I guess I'm just sad and scared. If anyone bothered reading this far, thank you. If anything, this experience has made me appreciate life so much more. You are all so strong and beautiful, and I hope you all have strong and beautiful children. I'm sorry this post was a downer."
1155,0,"I was not expecting the pain level

I miscarried at 7 weeks yesterday and had heard that it was like a bad period, so I prepared myself for that. I have underlying repro issues and have had horrible periods since I was a teen, so I figured it would be comparable. It was not, for me it was excruciating and my husband had to assist me to the bathroom where I cried and begged for it to end. I forgot where I was at one point. The cramping was enough to make me want to throw up or pass out. I took two Aleve and some Tylenol and still have a hot pack on high but wow was this eye opening to me. I still haven’t processed the emotional side of things. I would welcome anyone’s tips for pain relief or coping."
1156,0,"I don't know how to deal with being assaulted by my partner

I'm new to this sub, but I've been lurking for a few days trying to get up the courage to post about this. I'm sorry if this is triggering to anyone. A few things to preface this: I am polyamorous, physically disabled (I don't work), and transmasculine (please use they/he pronouns for me). The partner this post is about uses they/them pronouns, and will be referred to as Bee. I briefly mention my CSA trauma as well, but do not include any details. Also this could get long, I'm rambling out all my feelings in no particular order

At the beginning of this month, I woke up to one of my partners touching me sexually. I'm a pretty deep and active sleeper, and it was dark, so they didn't know I was asleep during it. I believe them, I don't think they would ever intentionally hurt me (or anyone else for that matter, they're very kind). They're a good person, and there have never been any red flags before this happened

But it still has me really messed up. I haven't been eating or bathing, getting out of bed in the morning is incredibly difficult... Some days I don't even get up until the sun goes down. My other partners are worried about me. I'm mentally ill, and this situation made a lot of my progress towards being functional go down the toilet; I'm repeating behaviors from the worst period of trying to cope with my mental illness in my life, and I can't stop. My meds (prescribed by a doctor) are barely helping, the only thing that helps is getting super stoned and watching tv from my childhood, before the first time I was assaulted

My husband kicked Bee out as soon as he found out, and Bee hasn't come back home since. I told my husband I didn't want Bee to leave, I just wanted everything to immediately go back to normal. Which I understand now is completely unrealistic, nothing about this is normal. I don't know what to do about it though. I can't spend every waking minute blazed out of my mind and watching the same show over and over. I want Bee to come home, I want everything to be okay again. If not normal, at least okay. But I know I need to dig myself out of this rut before I'll be okay enough to sleep next to Bee again

Any advice to help me cope, or even words of comfort would be appreciated so much. I miss feeling safe, I miss Bee, and I miss myself. Sorry if this was just a bunch of word vomit, this is... Scary to admit"
1157,0,"Husband not getting hopes up- Just found out I’m pregnant after 2 consecutive miscarriages🌈

When we found out we were pregnant the first time we were so ecstatic. The first miscarriage was rough. We told our parents/siblings early on and then had to get a d&c.

The second time I was ecstatic. I was so ecstatic that I didn’t even mind that my husband wasn’t as ecstatic as I was. I did not think I would have another one. I kept hearing how one miscarriage is just a fluke and doesn’t put you at risk for more miscarriages. Well it ended in a chemical. 

I didn’t get my cycle back yet after the 2nd miscarriage and I am pregnant for the 3rd time. I am so happy but my husband isn’t getting his hopes up. Makes me sad to see. He told me he’s afraid to get his hopes up. He’s usually the more optimistic one about everything. Makes me realize how hard it really was on him."
1158,0,"My (23f) partner (25m) wants to leave me to be a single mother during my pregnancy. Advice?

A few days ago my partner and I got into an argument, towards the end I brought up that we agreed to try and work on issues in our relationship before the baby got here (I’m 25 weeks). He took a moment and told me “I don’t think I want the relationship anymore” and that he doesn’t want the child, doesn’t want to be in his life, doesn’t want to be in a long term relationship (we’ve been in a relationship for 3 years). He says he’s feeling this way mainly bc of the baby, but also bc he realized he doesn’t have the energy to have a relationship and also “work on himself” like he wants and become an individual person. He says having a child will mess things up for him. He says he’s come to the realization he never wants a relationship with anyone and never wants kids. I feel… broken. I’m confused. I want to believe it’s just because he’s nervous but he just genuinely seems like he hates the idea of a child as if I could change the fact that it’s his. 

We talked again last night and he goes “I’ll try and support you but not in the way you’re asking” because we originally had plans for how my maternity leave would work and how we would handle it and have a handoff system when I go back to work, and now…Now it’s “you can drop him off every other weekend” my guy WHAT. No sir. You didn’t just wait 6 months into all this to tell me I’m gonna be a single parent with an almost absent father, you told me we’d be in this together. Where did that go??? 

We TECHNICALLY haven’t “ended” our relationship bc he wants to talk to his therapist about how he’s feeling. Though idk what that is gonna change but I guess I’ll see. 

Has anyone dealt with anything like this and have advice??
Any single pregnant people out there able to give some advice??
Just advice in general would also be great bc I currently feel like my world is collapsing


***updated notes: I feel the need to add this seeing how I’ve gotten more than one comment about it. 

1. While I’ve considered adoption, I would rather be a single parent and figure my life out as that than give up a baby I’ve fallen in love with and have struggled through my chronic illness for to have. Yes, I know maybe the baby won’t have the life I dreamed, but that doesn’t mean he can’t have a good love filled life. 

2. People saying “your a child” or that I’m too young. Yeah. It wasn’t a planned pregnancy, I was actively on birth control, but"
1158,1," struggled through my chronic illness for to have. Yes, I know maybe the baby won’t have the life I dreamed, but that doesn’t mean he can’t have a good love filled life. 

2. People saying “your a child” or that I’m too young. Yeah. It wasn’t a planned pregnancy, I was actively on birth control, but life happens. When we talked about children we talked about starting to try for kids at 28 ish. And that we would have more than 1. But I’ve lost so many people in my life over the years I couldn’t go through an abortion, especially since the year prior i had a miscarriage and it nearly broke me. 

3. I’m not exactly financially dependent on my partner, if anything I pay more in bills than he does. However, he does send me some money and we made a plan long ago that he would save extra each month so he could pay more in bills during my maternity leave and now idk what to do for that. Plus once the baby is born there’s SO MUCH more bills that we would share that I can’t afford alone. Though I’ll admit I’m more dependent on him for things like chores and stuff… which… in comparison to being financially dependent it’s the better alternative to learn how to do. 

4. People bringing up how we aren’t married… some people don’t want to be married? And being married doesn’t stop men from leaving and walking away. In fact, if we were married and then this all happened I’d be in a worse situation with more legal battle than i would be for just custody and child support I feel. And while I understand where you’re coming from, I don’t need those specific comments as if it helps me right now rather than making me feel like shit 

And lastly, I feel as though this goes without saying. But this is the person I thought I was gonna spend my life with. Someone I considered my rock. I still have a lot of things to process and move through, but it’s hard and I feel like a lot of people that have had someone leave them after years can understand. Currently I still see him as the love of my life, knowing that yeah… maybe I won’t always feel that way. But it doesn’t hurt any less and doesn’t make it any easier."
1159,0,"I have a question

I was wondering if I’m allowed to be upset about this and consider it sexual assault. 2 months ago I was over my friends and some boys were coming over. I had knew about them but never met them. This one boy I’ve never met was friends with my friend and he has told her multiple times he thought I was attractive. I told her that I didn’t want to hook up with him prior because I didn’t find him attractive. There was alcohol involved and an hour before they had arrived me and my friends had drank a lot way more than I ever had before. I remember them coming in and I remember sitting down by the beer pong table and spilling over a cup that is the last thing I remember. I came back into consciousness and I was upstairs in a bedroom and making out with him in a bed. I was really out of it and kept on coming in and out of consciousness. After a while he asked me if I could take off my pants. ( I had never done anything before besides kiss someone and I prior to this night I didn’t want to bc I was super insecure about my body and every guy before him I had told them no). I should’ve just stood up for myself and told him no but I told him that I was too drunk to take them off thinking he would just get over the idea. This was my bad and I realize now he may have seen it as an invitation for him to take them off instead of me since I was too drunk to but anyways I went out of consciousness again and I woke up with my pants off and just underwear and he was fingering me (I was super sore the next day). After a while he asked me if I would give him head. I also didn’t just say no this time. I kept on making excuses saying I’ve never done it before and that I’m so drunk I can’t. I don’t remember exactly how many times he asked me but at least 5. After one of the times I gave in and just laid on his stomaxh and did it. I blacked out after the first 30 seconds I would say and then I jsut remember laying face down on the bed and asking him to set a timer for 30 minutes so I can sleep. I realize I could’ve just stopped this if I didn’t drink too much or told him no but i was wondering if he was in any wrong in this situation."
1160,0,"What should I do?

When I was a freshman in high school, I had this really aggressive yet well liked teacher. He was a character, somewhat flamboyant but swore he was straight (I’m a gay male). He was also always touchy with students. He was aggressive by his demeanor, when he entered the room everyone made sure they weren’t out of place; just so we didn’t upset him. He didn’t play. But at the same time he was very likable from his comedy. I was in his English class. One day he emailed me about a project that required my help. Basically, he wanted me to send picture of the bottom of my feet, and other students feet to “make a map trail of our journey as freshman.”or some brainwashing bs. Of course I didn’t do it, but I told him “sure I will see what I can do” just so he wasn’t upset. During class the next day, I brung it up just for more clarification (just so I didn’t misunderstand). He instantly told me to talk to him after class. He was popular in school, so a bunch of people would be in his classroom afterschool; so I just left. I never said anything about it. Later on in my sophomore year, Allegations came out about him messing around with a boy from the school. Everyone at school was pissed because they didn’t believe it, and still don’t. Anyone who thought otherwise was basically attacked. People loved him. He was everyone’s “uncle” at the school. I didn’t wanna say my experience because I was just simply scared to speak up. One thing lead to another and he got fired. I didn’t say anything about it until I graduated. I talked to the state board of education about it but, nothing. He currently works at a elementary school! He’s added me on Facebook twice ; and when I told him to stop, he blocked me. This man shouldn’t be working in schools. Is there any resources I can reach out to about the situation? Chicago public schools did nothing. Im currently 19 and was 15 during the time he sent that email . Is it too late? Is he just on to his next victim? I have no idea what to do."
1161,0,"I need help

Hi, this is my first time ever posting on Reddit. In fact I just created this account to get help here. My husband loves reddit so I thought this might be a good place to go. It’s a long story, so hold tight. 
When I was 3 my dad, my mom, and I were hit by a drunk driver. My dad died on the scene. My mom remarried when I was 5 and my step dad became my dad. All of my life I’ve felt like I was taking care of my mom, even with this new dad around. It was always my responsibility to make sure she was ok. 
When I was in the 3rd grade he started sexually abusing me. I didn’t know any better and he was my dad, so it kept happening. When I was in the 8th grade my mom was diagnosed with bipolar disorder. The abuse kept happening until I was in 10th grade. I kept taking care of my mom and no one knew about the abuse.
I was really good at suppressing all of the feelings and thoughts that came with this. I hadn’t thought about how what he did really affected me until the #metoo movement came to light. Then it got harder. I decided to go to counseling and after just a couple of months, I’ve decided to confront my step-dad. It’s gotten to the point where I don’t want to be in the same room with him, so it will be a challenge. I feel ready to face him.
The big issue is once I moved away and got married, my step-dad became my mom’s caretaker. She depends on him for literally everything. I was really hoping that I could get away with not telling her, but it really seems unlikely. I’m afraid of what she might do once she finds out. She’s very likely to kill herself and I can’t live with that, knowing that it’s my fault for telling her. 
So my question is what do I do about my mom? I’ve thought about ghosting her (which kills me, but might be for the best), telling her and hoping for the best, or just continuing as is, knowing I’ll have to see my abuser. 
TL;DR: How do I tell my bipolar mother that my step-dad abused me for 6 years?"
1162,0,"Delayed acknowledgement.

I have just come to the conclusion that I most likely had a miscarriage via chemical pregnancy a few years ago.

In May 2021, I had a positive pregnancy test. I started bleeding 4 days later and just assumed it must have been a false positive.

Today, I have learned what a chemical pregnancy is. I had always heard the term, but never really looked into the details until today after reading a post elsewhere.

From what I've read, I feel fairly confident that I, unfortunately, lost a second pregnancy. It's incredibly upsetting. Part of me wishes I remained ignorant."
1163,0,"Trusting and loving people

For all my life, I’ve experienced a lot of hatred and neglect, I guess like most people here. Afters years of analyzing and studying myself and my relationships/friendships, I now look at everything differently. I’ve always had a strong intuition and every single time I heard a lie, I was gaslit, I was manipulated, always always something was telling me this is not right. But I allowed ‘people’ get into my mind and replace my own gut, which cares about me more than any human being will ever care for me on this planet. Now, I’m a thousand times sharper than before. I can read through people just watching their facial expressions, or for example how they make their sentences, their catch phrases. I have an incredible ability to spot antisocial mfs. I don’t necessarily need to spend a lot of time with someone to assess them. The problem is most of the time, people won’t believe me when I see red flags and signs in people and If I insist on it, I’ll be labeled crazy. What I’ve also noticed is that people REALLY think people with ptsd or cptsd are crazy. This is coming from a person who’s spend all her teen and adult life with academics and PhDs. Doesn’t matter if a person has any degree or not. People are severely ignorant, even with their PhD’s up their bum. 
What hurts is that I can see most people lie and manipulate and cheat! And being as vulnerable and alone as I am, I find myself sorrounded by people who secretly hate me and wanna use me at the same time. They lie to keep me around. And if and whenever I speak up, They frame me as a problematic person. As long as I’m a good girl, I let men use me, I don’t confront, I don’t hold anyone accountable and responsible I’m a good person everybody loves, but the moment I speak up they are turned away, and because I have been very open about my mental health struggles and sexual trauma experiences they just label me with a mentally ill/ptsd girl, isolate me and move on. This is coming from academic communities. This is coming from academic women who talk all about feminism and liberal values during the day, but they destroy a female that holds them responsible when they befriend and protect their sex predator pals. When I get SA’d or SH’d, if I move on and don’t make a big deal out of it, Im a reasonable educated successful woman, the moment I make a big deal out of it and hold people accountable, I’m crazy and people abandon me.
I see how every time I survived DV and sexual/psychologi"
1163,1,"their sex predator pals. When I get SA’d or SH’d, if I move on and don’t make a big deal out of it, Im a reasonable educated successful woman, the moment I make a big deal out of it and hold people accountable, I’m crazy and people abandon me.
I see how every time I survived DV and sexual/psychological abuse, the few people who come and act like they wanna help me, end up wanting some from me, and the rest of people simply don’t care. Because I’m a brown immigrant woman who doesn’t have anyone. I’m just a meat to people. Just an oopsie! Just statistics. 
My heart feels so empty and hollow. I see through people, and my heart feels so empty. 
I try to convince myself there is still love, I love my siblings, my mom, i wanna love some of my friends who I still feel safe around and haven’t noticed major flags, but at the end of the day, I feel extremely empty. All I have ever gotten from being considerate, from loving people, has been getting hurt and violated. Always! The very same people I loved and considered, ended up ignoring me to keep benefiting of the system and “keep themselves safe”. Therapy bullshit! Everybody’s keeping themselves safe! Yeah they do, I agree. I just dunno why I should be the one who gotta understand and emphasize with everyone and love! I don’t want to have empathy and love for everyone. Because that’s not what human beings are. Empathy is an evolutionary advantage, when it’s used in moderation and control for the right people. Im tired of therapy bullshit honestly. I’m tired of loving and understanding people. I’m tired of being told but there are people who care and love in this world, when the reality is most people don’t give a fuck. Yeah a few people care. But most people don’t give a fuck."
1164,0,"Help, my (m16) gf (17f) is pregnant and I don't know what to do

My girlfriend is pregnant, I'm so scared, I don't know what to do. The test is 100% positive, the lines are very clear. We both don't want baby now, but abortion is not an option. We live in Poland and abortion is illegal here. I really don't know what to do. Please help me.

EDIT: We decided to go with plan C. It's useful when the baby in the womb is only 1-2 months old. It's like plan B but it's for later. We will go to the gynecologist and probably he will give us this. 

Thank you for all your support. I'm really grateful and I don't know how to thank you all"
1165,0,"a letter to my rapist (tw)

Dear Austin:

Do you think calling it a 'mistake' changes ANYTHING? ""I didn't mean to,"" do you think that minimizes the damage? Calling rape an accident doesnt make it not rape. I have fucking PTSD from your ""mistake""! I hate you! You assaulted me!  Every day I wish you were dead.

 The day the charges were dropped, I was devastated. I had to grieve all over again. I still am. I still cry about it. It was never about revenge, I just wanted closure, or a fucking sincere apology for starters. 

You didn't deserve to walk away. I hate you even more because you got to avoid accountability. ""Honest belief in consent"" is bullshit. You told me to relax! You knew what you were doing. Your ignorance and selfishness doesn't change SHIT. You don't get to call rape a mistake. You shouldn't get to avoid the truth.

sincerely, the friend you hurt."
1166,0,"1 year after my abortion - so happy and grateful

1 year after my traumatic abortion (19w + wanted pregnancy in the beginning): Althought the first months were soo hard and felt like I’d never see the light, after one year I am so happy! My abortion was my rebirth: thanks to my abortion I am now the main character in my life, I’ve realised I have to take care of myself, I’ve learned to love myself, and I’ve found myself after being lost for so many years. I’m the happiest and the most free I’ve been in 10 years and I feel completely authentic and myself! I’ve made so many new friends, I’m travelling so much and I’m living the moment, without worries and anxiety.  I’m so grateful for my abortion. I’ve also realised that the baby fever I had after my abortion was part of the grieving process and I am sure I don’t want any more kids ever (I already have 2). I am so grateful for all of you, this subreddit helped me a lot when I was grieving so much in the beginning. I felt I wanted to post here after 1 year and tell you all how happy I am living my life! Sending you a very warm hug!!"
1167,0,"How to explain to family that I’m moving for a safer pregnancy

I’m 5 weeks pregnant and while my husband and I are thrilled, we had to have some serious conversations. We live in TX, and various laws mean I’m very much in danger if there are complications, and my family has a history of miscarriages.

We’ve been wanting to move to WA for ages and this seems like a good time to do it. We have family there that would support us, and the area we’re looking at has excellent public schools.

I floated the idea to my mom and she immediately shut down. For context, she is from Mexico City and married my father, an American, and they moved to the US for a better life for their kids. Instead of seeing the parallels, she sees this as some sort of cosmic payback for what she “did to” her parents. 

What’s frustrating me is that I made it extremely clear that the door is open for visits anytime. I will pay for flights and hotels and bend over backwards to make it happen. Their income is struggling now that my dad is retired. But she won’t take any help! Ironically she complains about her parents not accepting help either.

I don’t think it helps that my MIL and SIL would move up with us, creating a dynamic that might seem like we’re “choosing” my husband’s family over mine. Tbh, I’ve always struggled to communicate with my family (I’m queer/nonbinary and an atheist to boot, and they’re Catholic af). My mom has a bit of a martyr complex with a heavy dose of passive aggression. So it was all “you have to do what’s best for you” but delivered in a super dismissive tone. 

Anyway, so far only our moms know about the pregnancy and the idea of moving. I guess id like some perspective on a few things:

1) just how dangerous is it to carry a child in TX? 
2) is there a way to deliver the news to other family and friends in a better fashion? I feel like I’m dangling a baby in front of them and then yanking it away. 

I know I can’t control my mother’s response, only my own. I am chanting this like a freaking mantra. If anything, thank y’all for the safe space to rant 🩷

UPDATE: Here's a source for people unfamiliar with the real harm anti-choice laws do to pregnant folks: https://www.nbcnews.com/health/womens-health/texas-abortion-ban-deaths-pregnant-women-sb8-analysis-rcna171631"
1168,0,"Continuing Pregnancy After Failed Abortion

Hi All,

Last week I took the abortion pills (mifepristone and misoprostol). I got them from Planned Parenthood.  I was 10 weeks and 1 day pregnant when I took the pills. First couple of hours I had light cramps and then it progressed to moderate cramping and bleeding (similar to a second or third day of a period). The next day I passed two small blood clots. In the days following that I only had spotting. What I experienced was nowhere near as bad as any of the stories I’ve read and I still had all pregnancy symptoms afterward. 

I went to an ultrasound imaging center today and I confirmed that my baby is still alive. I got to hear the heartbeat and see my baby move around. The tech confirmed the heartbeat is 166bpm which is very good. She also confirmed the baby has 2 arms and 2 legs and is measuring at 11 weeks now. She wasn’t able to confirm or address any other concerns because It’s not an OGBYN clinic.

Looking back, the moment I took the pills I knew I made the wrong choice. I have suffered greatly with regret and guilt. The hell that I’ve gone through I wouldn’t wish on anyone and this has changed my life forever. I wish I’d heard more stories of women’s regrets and suffering after abortion, I had only heard of women feeling relieved and empowered with the decision. I also wish Planned Parenthood had taken precautions to ensure this was the right choice for me and educate me about the emotional/physical consequences of my decision. I had my reasons and rationale at the time, but ultimately I am financially stable, and have the support of my family/partner. I feel naive and horrible about my decision and I would take it back in a heartbeat if I could. 

Looking forward, part of me is very grateful and relieved my baby is alive and seems healthy, but as you can imagine the other part of me is terrified of the harm and defects I may have caused my baby. 
 
Since this is such a rare occurrence there isn’t a ton of research or stories out there. Studies indicate that birth defects are a concern with misoprostol (mifepristone doesn’t seem to cause any defects). “The expected rate of fetal malformations in the general population is approximately 3%. In a cohort of 183 women exposed to misoprostol during the first 12 weeks of pregnancy, the major malformation rate was 5.5%; half of these were consistent with misoprostol malformation patterns.” 
So with that being said it seems like It’s only a slightly higher ris"
1168,1," population is approximately 3%. In a cohort of 183 women exposed to misoprostol during the first 12 weeks of pregnancy, the major malformation rate was 5.5%; half of these were consistent with misoprostol malformation patterns.” 
So with that being said it seems like It’s only a slightly higher risk of defects than a “normal” pregnancy, which makes me hopeful. 

Planned Parenthood told me that I should end the pregnancy because of the birth defects risk and tried to scare me into doing it, but I am not willing to take their advice any further and I very much want this baby. I have an OGBYN appointment this week and will certainly discuss all of my concerns with them. 

If you or anyone you know has gone through this, please share the experience. Any supportive and helpful information is greatly appreciated. 


Research Reference: 

https://www.ipas.org/clinical-update/english/recommendations-for-abortion-before-13-weeks-gestation/medical-abortion/risk-of-fetal-malformations/

https://aidaccess.org/en/page/465/what-are-the-chances-that-the-fetus-will-be-malformed-if-you-have-an


*UPDATE: Wanted to share an update for anyone who might come across this post and be in a similar situation. I know how hard it is to find stories and information about this. By the grace of God, I gave birth to a perfectly healthy baby in November of 2024 ♥️"
1169,0,"DIY MA (since it’s illegal in my country)

Has anyone tried this method before?

Hii, I need some insights or HELP if anyone here is a professional or experienced who could guide me, that would be very much appreciated. 

I just bought the pills that I need for my MA. I was given Rotec (6pcs.) 3pcs to be inserted in the vagina and another 3pcs. to be inserted again after 1hour. But before the 1hr follow up, I have to take 3pcs. of mifepristone. And another 3pcs. after one hour. 

Is this even correct? Can’t I just orally take the other 3 in half? Because I was instructed by the online seller to take them all 6pcs thru insertion in the vagina like a suppository. 

I’m 7 weeks pregnant. (Philippines)"
1170,0,"Why do I want to message her

About a year ago I (20m) was sexual assaulted by a girl named laura (22f). I was black out drunk, passed out on my friends coach and this girl that i barely knew picked me up and brought me to her house. She proceeded to get me naked and have sex with me. I will admit I came out of my black out in the middle of having sex with her (even that I don't really remember) and finished having sex with her. I have struggled with this since and I feel like i have a hard time relating to girls my age. The few times I was able to get a girl in my bed since then  I was only able to get an erection once. Every male friend (including brothers) that i have told about this said it wasn't sexual assault/ that males cannot be sexually assaulted. Some of them have even asked to see what she looks like after I told them about my experience. This makes me very uncomfortable why do they need to know what she looks like, why does that matter? I mean sure she was a very attractive girl but idk. After a couple weeks of not having sex with her she sent me videos of her cutting herself, say i was the only one who could help her and that i needed to be there to save her. After helping her and goung over I got scared and blocked her. 

What should I do?

I blocked her on snapchat (the only way we can communicate). I feel like i should unblock her because i never told her why i blocked her. Plus I'm very lonely in quarantine and i want some one to talk too."
1171,0,"TTC after d&c // looking for people who got pregnant right away

Hello everyone 

I had a 15 week loss 4 weeks ago (baby was measuring 12+2) and had a d&c immediately after so, 4 weeks ago. 

After 2 weeks we decided to start having sex to try again. I have no idea if I ovulated or not bc the LH tests were unreliable with HCG still in my system. But, I did have my telltale signs of ovulation. 

I have been testing my hcg out and the last few days it has completely stalled like, 3 days of the same line and it has me wondering if anyone who immediately started trying again had this happen and end up pregnant again? 

I have a follow up OB appointment in a week but, I was just curious to hear anyone else’s story!"
1172,0,"I've survived my 1st trimester & this is what I've learned

Hi Y'all! When I first found out I was pregnant w/ my first this is the place I came to try and get answers/advice. I even posted a WTF Rant on how horrible it was. I often see post from FTP and I thought maybe it would be nice to have a ""survival guide"", especially since I had A LOT of symptom's that were not super fun.

Before I get started on the all the things, I thought I would preface that I had no illusions about pregnancy. I had A LOT of cousins & aunts & friends who have been pregnant, so I've heard lots of things, but I was not ready. I had no idea just how not fun it was going to be - with that being said, below are the list of my symptoms & how I handled them. I hope this helps anyone who may be scared/anxious right now.

**Nausea //**  
**How I Felt:** For me this was the 2nd part, it got so bad that for several weeks I was pretty much eating boiled chicken & rice. Considering I'm a HUGE foodie who very much enjoys a diverse food selection this killed me. I didn't actually throw up that often, instead I would just dry heavy constantly and when I looked, smelled or was around cooking I wanted to throw up. For me this lasted from around 5W - 11W. It's gotten A LOT better, but cheese still smells rotten.

**Solution:** I wish I could tell you there's a magic bullet, but there isn't. I've found ways to work around it.

* Don't let yourself get hungry - pretty much between meals I would snack on crackers and this helped a lot to keep the nausea at bay. It wasn't 100%, but I feel like it was better.
* Don't over eat - on the flip side I couldn't let myself get overly full. pretty much just staying steady with food made it easier.
* Sucking on Ginger Candies - this helped a little and honestly towards the end it was a hail mary, because I was so sick of all of it. It did help a little, but I'm not sure it wasn't more of a mind thing.
* For me Staying away from smelly, super sweet or super spicy things - again I love eating diverse food, but here we are. Pretty much I had to stick to the basics.
* Eat where you can, when you can - IDK how many times I asked my husband to pull over and get me something from the gas station or wherever because I felt hungry and not nauseas. I would wake up at 2am and eat cereal, so whenever wherever.
* Don't get up quickly - this sounds weird, but if I moved to quickly I would feel sick.

**Hunger Pains //**  
**How I Felt:** I'm aware this sounds crazy, but wh"
1172,1,"ing from the gas station or wherever because I felt hungry and not nauseas. I would wake up at 2am and eat cereal, so whenever wherever.
* Don't get up quickly - this sounds weird, but if I moved to quickly I would feel sick.

**Hunger Pains //**  
**How I Felt:** I'm aware this sounds crazy, but when I was hungry I was STARVING. As I've come into my 2nd trimester it hasn't changed & has probably gotten worse.

**Solution:** Honestly, I snack all the time. It helped with the Nausea and it helps with this. I was also told to eat higher fiber meals, but that hasn't helped as much.

**Tender Breast //**  
**How I Felt:** I must not remember puberty, because I don't think my breast have ever hurt this bad. It was so bad I felt pain just putting on a shirt. I would wake up in the middle of the night crying from how bad it hurt because I was laying on them. I feel like this lasted from 5W - 12+3.

**Solution:** For this one I have 2 suggestions:

1. Wear a sports bar or a bralette 24/7. I wore one any time I wasn't in the shower & it helped a lot. I really liked those Skim dupes on Amazon.
2. Hot Compress on the breast. I would put a hot towel on my breast and that would help a little, but every little bit helped.

**Bleeding (this will be TMI) //**  
**How I Felt:** This was the worst & scariest part. We spend so much time being told pregnant people don't bleed, but that's apparently not true. I spotted from 5W - 9W, so pretty much that whole 2nd month, and the blood was anything from brown to pink to red. When I got closer to my period the bleeding would get heavier close to my last couple days of my period.

This completely freaked me out & was the source of a lot of my fears & anxiety. I couldn't see an OB until week 10, so it was hard to feel so alone, especially since I didn't want to tell anyone about the pregnancy if something was wrong. My husband really tried to help, but he can only do so much. We ended up in the ER twice and both times everything was fine & the doctors would say it's normal - that kind of helped.

**Solution:** There isn't a solution for this, but I do think it's something we as women should talk more about. If you have the means and you feel like you should, I would recommended going to the hospital if you can't get with your OB. At the minimum you won't drive yourself insane.

**Exhaustion //**  
**How I Felt:** Tired, I felt tired, like fall asleep sitting at my desk while working tired. Everything wore me out - I could barely mak"
1172,2,"eel like you should, I would recommended going to the hospital if you can't get with your OB. At the minimum you won't drive yourself insane.

**Exhaustion //**  
**How I Felt:** Tired, I felt tired, like fall asleep sitting at my desk while working tired. Everything wore me out - I could barely make it through Costco without a nap. Clean my house? Forget about - I would do one thing then need to sit down and sleep. To put this into perspective, I was in Japan walking like 8 miles a day in May. I'm not like super athletic, but I was definitely get my house clean active.

**Solution:** Again I don't have a solution, other then give yourself grace. Your body is going through some crazy shit and it needs to rest. I will say this is another thing that has gotten better, but isn't completely gone. I'm still very tired in the evenings but it is what it is - I'm growing a human so like you can only do so much.

**Anxiety & Fear //**  
**How I Felt:** So.... I'm already an anxious person. I have PTSD from a not that great childhood & growing up that anxiety manifested itself through an ED. I've been in recovery for like 12 years, so I'm good, but also this experience has brought loads of new things.

Most of my anxiety/fears were around just having no idea what was happening with my body and probably the hormones - the bleeding didn't help. I felt like I couldn't talk to anyone, but my husband about anything because I was scared that if something did happen then I would have to tell people about the lose. It was & is just a lot.

**Solution:** I started therapy again. I know not everyone has this as an option, but it's how I dealt with it. I have a few other thoughts below:

* I wish I had told someone. Just at least 1 person other then my husband. I feel like being able to talk to someone other then my partner would have made me feel less insane
* Communicate with your partner. I love my husband, he's the best and truly helped a lot, but he's also NOT a mind reader. So I just had to talk and often he wouldn't have a solution but talking still helped and I wasn't alone in my thoughts.
* Try to stay off the internet & not Google everything. I know this is hard, especially with so much happening. I was on this sub-reddit a bunch wanting to see other people experiences and relate them to my own, but honestly It made my anxiety worse. Seeing others talk about miscarriage and all the things that could happen made my brain come up with all sort of scenarios, but those p"
1172,3,"y with so much happening. I was on this sub-reddit a bunch wanting to see other people experiences and relate them to my own, but honestly It made my anxiety worse. Seeing others talk about miscarriage and all the things that could happen made my brain come up with all sort of scenarios, but those people deserve and should have a safe place to find others. I just took myself out of the equation for a little while. 

Also this is going to sound crazy, but I was watching The Kardashians and Kris was helping Kourtney put together her nursery. Kris was saying something about how her daughter should have done this already and Kourtney's response was ""People use to have babies in caves"" and I was like OMG YES THEY DID. People were having babies before their were ultra sounds or good medicine. Hell drug addicts (no judgement just saying) and alcoholics (again no judgement) have babies. I'm trying to take care of myself and do all the right things, so really I can only do so much and if something not ideal happens it happens, but it won't be my fault.

**Random Aches & Pains //**  
**How I Felt:** So I'm not sure how much of this is real or just like I'm HYPER aware of my body, but I feel everything that happens in my body now. I have all sorts of random aches in my back or side or pelvis. I talk to the doctors about them & ""everything is fine"" so whatever I guess.

**Solution:** You can take Tylenol, so if you need it take it, but honestly I've found that these go away quickly and a hot towel usually helps.

**Body Image //**  
**How I Felt:** I'm a small person, like for my height I'm skinny. A healthy weight and stuff, but skinny none the less, so I feel like I ""started showing"" early on, but I was also bloated a lot. It was hard to deal with all the changes my body was going through on top of all hormones.

**Solution:** Again I started therapy - I thought this was best given my ED history and my body is about to change a bunch more. Also again this is another time I wish I would have told someone earlier on.

**The Hair Oil, Smell & Acne //**  
**How I Felt:** I have to be going through puberty again! I'm a natural blonde & if I take a shower in the morning my hair is oily by the evening - it's crazy. I'm breaking out EVERY WHERE and I swear I smell the worst no matter how much I shower or the detergent I use. It's all so bad & hasn't helped my body image problems.

**Solution**: I'm taking more showers and I've started the same skin care routine that I used "
1172,4," is oily by the evening - it's crazy. I'm breaking out EVERY WHERE and I swear I smell the worst no matter how much I shower or the detergent I use. It's all so bad & hasn't helped my body image problems.

**Solution**: I'm taking more showers and I've started the same skin care routine that I used as a teen, which is helping. I've talked to my husband about this & how unattractive I feel and he thinks I'm crazy (he just says I'm perfect), so there's that. The smell has gotten better in my 2nd trimester, but the acne and oil not so much.

**Fear of Sex //**  
**How I Felt:** The bleeding at the start freaked me out and I'm still terrified to have penetrative sex. Also my libido isn't so high at the moment, likely due to the all the things listed above.

**Solution:** My husband is very physically affectionate - that's his love language. So I talk to him often about how I'm feeling and how I'm viewing myself. I make sure to kiss, hug and give other physical affection. My husband understands and wouldn't force anything, but there are other choices for sex then you know penetrative sex (if your not sure what those are, this is the internet feel free to look it up).

I know this was a lot & if you read it all cool! I hope it helps someone and makes them feel less alone. If anyone else has any experiences or advice they would suggest then add below!"
1173,0,"About to tell my BF everything.

I finally broke down this weekend and told a friend what happened to me. I was assaulted by someone in our friendship group and then manipulated into keeping silent.

My friend I confided in took me to see another lady who broke away from the friendship group a few months back because something similar happened to her.

I’ve come to the decision I have to tell my BF. He knows the offender. I’m so so scared he will think it was my fault.

I’m beyond sad at what happened and just angry. I’ve decided as soon as I’ve told my bf I will message the offender and tell him I cannot have a friendship with him anymore.

I’ve pretended for months that everything is okay just to try and normalise the situation and keep strong but I can’t stand not being open with my bf.

I hope he will believe me and I’ll feel safe again. I just really needed to write this down. Thanks all for your bravery here."
1174,0,"Need help understanding a situation, do you think I hurt this person?

Hey. This is something that happened a few years ago, and I've felt crippling shame and guilt about it ever since, but I'm not totally sure if it's as bad as I've made it out to be in my mind. I asked online anonymously once and gotten conflicting responses, some women saying it was a miscommunication, no more. But with this #metoo stuff coming up, its bringing it all up again in my head, and I feel like a piece of shit. I need some other people's perspective to understand. Thanks in advance for reading. So: 


A while a go a friend and I were hanging out watching a movie. This person was known to frequently be very... touchy in social situations. To the level of making everyone around them uncomfortable, but no one really did anything about it because they are female and no one ever felt threatened. Anyway, we were watching a movie, and this person kept scooting closer to me, until their hand was resting on my thigh, and inching until just barely touching at the tip of an erection I had (from her nearby contact, but I wasn't in control of it obviously). Anyway, this person I knew had a thing for me for a while, and after everyone went to bed we hung out and talked a bit until a weird vibe, long silence, then she asked if I wanted to come upstairs and cuddle. I said sure, and went to her room with her, where she began undressing to her underwear and bra, so I followed suit, and undressed to my underwear. We turned off the lights and cuddled in her bed silently, and then as we grazed our fingers along each other, I felt her breathe more and more heavily. 

[this is where I in retrospect know 100% I fucked up and made an assumption I shouldn't have, but please keep reading for specifics.] In my head I thought ""she's been trying to do something with me for so long, and here we are, and she was feeling me up a little earlier uninvited, and then invited me to her bed"", and so I thought to myself something along the lines of ""I guess I'll just go with this, fine"". I started tracing my finger along her body more, slowly, feeling our breath increase together, and then slowly under her underwear and began fingering her. But within a few seconds I felt her tense up, and could tell she wasn't aroused, so I froze and said: ""Is this ok?"" She replied ""This is something I've wanted for a long time, but I don't think it's a good idea"". To which I immediately stopped, retracted my hand, and said ""I don'"
1174,1,"egan fingering her. But within a few seconds I felt her tense up, and could tell she wasn't aroused, so I froze and said: ""Is this ok?"" She replied ""This is something I've wanted for a long time, but I don't think it's a good idea"". To which I immediately stopped, retracted my hand, and said ""I don't think it's a good idea either."" Then I said ""I'm sorry"", and she asked ""for what?"". But I just stared at the ceiling silently in response, because I was too stupid and mush in the brain to say what I wanted to, which was ""I'm sorry for making an assumption about what you wanted here, and I should've checked in *before* crossing that physical boundary to make sure we were on the same page."" But I didn't, I just sat silent. Anyway, then we just cuddled a bit and talked about nothing in particular. Then I said I should probably go downstairs to sleep, and left to go downstairs.         

   So heres the thing: I know now I should've asked ""is this ok"" before doing ANYTHING, or crossing any kind of boundary, and I made a fucked up assumption about knowing what was in her head. Affirmative consent and all, I've tried growing as a person and this is not how I would handle this situation ever again in my life. I also, the moment I sensed something wrong, asked what was up, and stopped immediately when she said she wanted to stop, but I know that doesn't necessarily make up for the initial assumption. I still feel like a piece of garbage about this. 

I saw her once more a few weeks later at a party, and she greeted me cheerily with a hug, things were seemingly ok. I haven't seen her since, largely because I'm terrified that maybe she didn't take it as an honest mistake, and it actually affected her the way people describe sexual assault deeply affecting them. Maybe she told our friend group? Maybe they all think I'm a monster? I figured I'm the last person she'd want to see in the world if thats the case, and I've hated myself ever since and stayed distant from the entire friend circle with no explanation. I also heard she took a year off from college between then and now, was I responsible? I never meant to harm her, or do something against anyones will, or anything like that. And I've learned since then, I don't touch anyone in any way at all now unless I ask specifically what's in their head and what they're looking for, or unless they ask me specifically to do something. But anyway, I guess my question to you all is: do you think I fucked this person up? Am I ove"
1174,2,"that. And I've learned since then, I don't touch anyone in any way at all now unless I ask specifically what's in their head and what they're looking for, or unless they ask me specifically to do something. But anyway, I guess my question to you all is: do you think I fucked this person up? Am I overreacting? Does that sound like a situation where you would feel super violated and think of me as a monster/rapist/whatever? Would this stay with you in a bad way? I've hated myself for this ever since that night, but I have no idea how she feels about it, and  I'm terrified this affected her badly. But I don't want to contact her about it, in case it did affect her badly, because she might just think an apology is an attempt at making myself feel better. Fuck... Please give me some perspective on how this situation sounds to you. I know I fucked up in not checking in (and jumping straight from cuddling to touching genitals, what a shitty thing to assume is ok!), but I just don't know if I'm creating this whole hypothetical situation of [psychologically damaging someone and them thinking of me as a piece of shit] in my head that doesn't need to exist. I need help, would you think of a friend doing this as disguising? I did check in and stopped immediately, but I didn't check in soon enough and that was so stupid and I  guess I'm just assuming the worst, since she didn't know what was in my head either. Heck, maybe she thinks I thought she was asleep, how terrible would that be! I've hated myself for this.  Please help me understand this situation from a woman's perspective. I avoid my home on the holidays because I don't want to risk making her uncomfortable, but I don't know if that's me projecting my own worst-case-scenario.  I appreciate your take on things. Thanks for listening."
1175,0,"Fetal pole not showing up on scann

Just went in for a scan for very little spotting, the ultrasound technician was very sweet and comforting, she told us it’s a very early pregnancy probably only 4 weeks, which is why they can’t measure the gestational date, I was so relieved.
Then visited the provider, who was very adamant about it being a miscarriage and said she wouldn’t say it would be anything other than that and there’s nothing we can do, as the fetal pole has not developed yet, as per the measurements and she thinks its almost 7 weeks.
I was sent back home with a follow up next week to further confirm, i’m stuck in a limbo and dont know how to feel, is there a chance the baby would make it?"
1176,0,"I've had two miscarriages in 6 months & I don't feel like myself anymore.

My first miscarriage in December was incredibly traumatic. I was having contractions while basically hemorrhaging alone in my apartment. Called an ambulance 2x within 24 hours (for reference- that's how painful it was, i cannot afford that). Without getting to deep into it, it was an awful experience. 
I'm a nanny. I was with the same family for 5 years & they let me go less than 2 months after. I received severance etc & found another job but I genuinely believe that it was because of the miscarriage. 
Found another job. Got pregnant again in April & miscarried. I'm so incredibly hormonal & uncomfortable. I gained twenty pounds. I don't feel like anyone cares or understands how painful this is physically & emotionally. 
Just looking to relate to anyone really."
1177,0,"Planned Parenthood could’ve killed me

i’ll try to keep this as short as I can but in June 2024 Location: Minnesota 
I had a surgical abortion performed and IUD placed, I was not properly informed on risks or any risk at all having both done in the same procedure, i was not properly sedated and was telling them i felt everything but nothing was done. it was so painful i could hardly cry during it, they only monitored me for 15 minutes and as I left the parking lot i started experiencing 10/10 pain and vomiting. I was bleeding severely and couldn’t walk or sit still I could hardly speak but talked long enough to call and tell them what was going on but they told me I was fine and to take the ibuprofen they gave me. I suffered for 4 days until being taken by ambulance to the ER the night of the 4th day because I started passing lemon sized clots every 10 minutes with extreme cramping, I was informed by the ER doctors that I had retained products of conception and they had misplaced my IUD which is probably what kickstarted the pain, I had an emergency D&C the morning after and I don’t know how my body has recovered because I’m too traumatized to go to a gynecologist. I was wondering if this is a possible medical malpractice lawsuit, I can hardly speak about it so I don’t want to waste my energy explaining it over and over if nothing can be done, even if not I just want them to be held accountable. They were aware of what happened and showed no remorse or offered any support"
1178,0,"I feel like my experiences are always romanticized and I just wanna give up and cry

when I was 12 a lot of my csa trauma symptoms were really bad at the time. I remember one of the things that made it worse was an artist I saw online at the time. I won’t say her name cuz she is not super obscure. she wrote and drew scary graphic depiction of like kids getting hurt, and I remember in her stories she said it really graphically that the abuser liked it in the inappropriate way. her art traumatized me really bad and because of that I like sometimes to laugh at her not scary drawings in private because it kind of gives me the control, and bc some of them are actually pretty funny cuz the proportions look silly. I was doing this the other day because I was angry about it and I accidentally saw a drawing that I completely forgot existed. I only saw the top part of it but when I saw it I had like a flashback where I felt like I was 12 again, it was really scary. I felt back to present really quickly but I started to have physical flashback and my stomach started to hurt really bad. when I saw it I remembered like everything about it and how it was actually the main thing from her that traumatized me when I was a kid. my brain had to have blocked it out for me to have completely forgot about it because I think about how she hurt my brain often and for me to forget the biggest thing must mean it blocked it out because my brain blocks out other trauma things too. I only saw the top part of the picture but when I had like flashback I remember it completely vividly from when I saw it from when I was younger I remember every detail and it’s scaring me really bad, because I remember the girl who is scared in the picture has the same expression as me when I was a baby and I got abused, and it scares me too because the person hurting her almost look vaguely like my abuser. my asthma has been acting up so bad that my throat has been sore and every time I cough I gag. i just wanna cry because I feel like my abuse is always used for people’s entertainment. I remember when I was 10 I saw an anime that had an abuse scene in it, and it made me think what happened to me was normal. and when I was 12 and I saw that drawing and those stories she wrote it did the same thing to my brain. I hate it because her stuff traumatized me so badly and is so objectively sick but yet she got hired for a job for her art. i feel so helpless. I feel like I was entertainment for my abuser and now "
1178,1,"d when I was 12 and I saw that drawing and those stories she wrote it did the same thing to my brain. I hate it because her stuff traumatized me so badly and is so objectively sick but yet she got hired for a job for her art. i feel so helpless. I feel like I was entertainment for my abuser and now for everyone else too. it not like she only made one scary picture, she drew lot of pictures of kids getting hurt and the expressions are so scary because they look like what I looked like. there is no way that she didn’t draw these things for bad reasons, no adult should feel so comfortable drawing and writing such graphic things. i even remember her writings were so scary that she had to clarify that it wasn’t supposed to be sa abuse, even tho she wrote that the abuser liked it in the bad way. why would anyone write something like that and draw these things. I’m sorry I am rambling I am just so upset and scared. I feel like no one except people who have been abused like me understands how much these traumatized me to see so young. i just want to not be an object."
1179,0,"My kinks disgust me

Hi all,

I was molested between ages 7 and 11 and now have rapekink and age regress heavily. My ex was sexually abusive and I miss it. Every night I'm on reddit trying to get off then instantly regret it when I'm done. I feel like my sexuality has been intercepted and I can't enjoy passionate/loving sex?"
1180,0,"An update to our story!

I posted in June that I had a miscarriage. It was rough for us and even more so on me. The miscarriage happened on my 35th birthday, so that was extra crappy. Even worse, we haven't told anyone we were trying so I felt no where to go except online. We began trying again in July but when October came it was our one year mark of trying for a baby and I decided that I needed to take a break. A break from peeing on sticks to see if I am ovulating, a break from checking my fertility apps and trying to have sex at the right times, a break from heartbreak when my hopes are up from a late period only to get my period. My period is late again and would not allow myself to get my hopes up. I just took a pregnancy test and I AM PREGNANT! My husband is still sleeping but I had to tell someone. And since no one in my personal life knows we are trying, I thought I would go to reddit once more. I am ecstatic and hoping for a healthy baby and pregnancy!"
1181,0,"Is anyone else terrified that Roe v. Wade is about to be overturned?

From what I’ve been reading, it’s basically a certainty that Roe will be overturned in June 2022. I feel like the world is crashing down around us, but no one even seems to realize that it’s happening or care… my husband says, “well, at least we live in a blue state,” but if Roe v Wade can be overturned, then what’s to stop the powers that be from outlawing abortion outright in the entire country? Also, I feel for poor women in red states who are going to be screwed by this…"
1182,0,"Mostly looking for panic relief. I know there's tons of posts but I'm freaking out. TW:bleeding early pregnancy.

I'm 6wk 5 days, according to my tracking app. I have my blood work in 2 days, getting normal pregnancy symptoms, not huge though, sore boobs, exhausted, lower back and side pain, not bad on nausea, but I've definitely been emotionally hectic. 
2 months ago, I had a chemical pregnancy, only about 2 days showed positive, bled right after and nothing came of it. 
EXTREMELY positive test at 3-4 weeks, I've taken about 20 of them. Even went to urgent care for a UTI and coldsores and they also did a test. 
Yesterday I was cramping not bad, but I've been in the sun and walking around this weekend so I just figured I over did it
This morning had a little more cramping, went to the bathroom at work and had a big gush of brown liquid, it tapered off to spotting. I'm so scared. The chemical pregnancy destroyed me. I've known for almost a month and I can't even imagine what it'd be like if I lose this one. 

Please help. I'm terrified."
1183,0,"When do you stop bleeding?

I recently had a miscarriage and started bleeding 6/12. I’m still getting dark brown discharge/blood? when i wipe so i think im still bleeding? Today would be the 7th day, so just wondering when your bleeding stopped and your next period started?"
1184,0,"Positive test 6 weeks post miscarriage

I had a missed miscarriage for the second time at 10 weeks and some change on 4/26. Confirmed I passed the baby in the ER that day. I have been doing blood quant tests up until 5/22 where I tested <1.10 mIU/mL.

I took 2 pregnancy tests today for the first time since the loss and both were pretty positive. While I know it takes time to test negative, I’m feeling pretty confused. Could this be due to the loss?"
1185,0,"I had abortion when I was 18 and don't know still if made a mistake or not

It's something only few people knew about. I already have a son and even adopted a girl. But to this day, some 32 years later, I still don't know if I made a huge mistake or not. At some point, I thought another baby would not be too bad since I had my son at 22. But then again, what my life would have become if I had given birth to that child. I can't say I have regrets. But still ...."
1186,0,"3 weeks post miscarriage

Hello, I’m 37 years old, had my first miscarriage almost 3 weeks ago. I work at the hospital I got the news of no heartbeat. I don’t particularly like to come to work but I don’t want to stay home either. I feel sad and confused. My partner is amazing, I was so looking forward to a happy and loving pregnancy. How does one cope? I don’t know how to help him either. We keep blaming each other. Me for being old and he has hairy cell leukemia was in treatment two years ago but currently dormant. Any advice please?"
1187,0,"All the DMs, all the protestors, all the people saying I'd regret it were wrong.

I had my abortion almost 3 weeks ago and it was the best decision I've ever made. I feel nothing but relief. I'm happy."
1188,0,"Me too. I was gang raped.

I’ve found talking to people who have had a different experience than me can be hard. Indeed I find comfort in supporting each other but that’s about all. Most times people who are willing to share aren’t sharing stories like mine. It’s disheartening and lonely. Because it turns into a conversation of them feeling bad for me because they deem my situation ‘worse’ for whatever reason. I don’t think that helps anyone so it really has scared me off the idea of talking to other survivors for awhile. But I could really use some support. I’d love to chat with anyone quite honestly. But if there is someone who had been gang raped I’d love to connect for sure. I just don’t want to feel like such a victim in the eyes of fellow survivors. I realize not everyone will be like that but all my experiences so far turn into that and I can’t handle that. I don’t need to hear your story but maybe we can become a support system. I apologize if my words are taken badly. It’s not my intent. I’m just trying something instead of feeling so fucking lonely."
1189,0,"I feel really awful without my boyfriend

i was SA a bit over a year ago and this year i met my boyfriend (J). He’s amazing and absolutely perfect and he understands my complex feelings and thoughts surrounding the SA because he was SA too and has family members who were SA too.
My boyfriend has depression and anxiety and we are long distance so we can only text and video call and we usually go to sleep on video call together but there are times where he accidentally goes to sleep or he has a breakdown and can’t talk to me.

He’s the only person in my life who can calm me down and a lot of time I can’t sleep because of the SA. I don’t know what to do without him. How can i not be so clingy and dependent with him?"
1190,0,"I did it ladies, I politely but firmly declined a guys ""help"" at Home Depot today.

I had to get some wood to have for projects planned on Labor Day weekend. I have a different vehicle now so I had to figure out how to get it in my Jeep. ( All 8-10' lengths) 
In my last Jeep, the front seat folded forward enough to put a blanket down and slide the wood along the seat. And I knew exactly how to stack them. So this trip I needed to find a safe load technique.

As I parked the big orange trolley by the back of the Jeep loaded up with my spoils,  I see a HD guy come out and stand a few feet from me. Before he said anything I came out with "" I got it handled, so I'm good"". He blankly stares at me for a sec, then says ""I saw you might need help"". Me - "" Nope, I said I got it. Thanks."" 
He's perplexed, then comes up with "" Well I'll just wait for the trolley"" Before he's finished talking, I'm shaking my head no at him and I said "" No your gonna leave me be, I'm gonna take my time , so no."" I made sure to stop fiddling with the wood and just stand and stare at him until he turned and left. 

He looked pissed, probably, IDC about his feelings. Felt good to abort his knight in shining armour attempt and steal his opportunity to deride me with my wood loading skill.

Btw, I'm not a 20 something girlie who would normally attract most men, but for some reason this 60 year old lady always gets that one jerk from the store that has to push their agenda on me. 

I try to plan my wood gathering trips later in the day, when there are less people, but I had stuff to do while the weather was good.

I guess I'm extra aware because several years ago I was offloading my 16' kayak from the roof of my car at a river, and while I was mid removal, some guy came up behind me to ""try and help"" me. Not only did he scare the crap out of me, but put me in a position to get injured as the kayak weighed 50lbs. I had a specific way to offload it safely.

I dropped the kayak on the ground and started yelling at him...not my finest moment..but I yelled at him ""How do you think the kayak got on top of the car in the first place, you idiot, I could have been hurt! And don't you ever do that to another woman, get in her line of sight and ASK if she needs help, and leave if she says no.""



EDIT: Some people are misunderstanding my intention of posting this. It's not that he asked if I needed help, it's the fact he didn't say Okay and go back to the store after I said I had it handled. Most men o"
1190,1,"r woman, get in her line of sight and ASK if she needs help, and leave if she says no.""



EDIT: Some people are misunderstanding my intention of posting this. It's not that he asked if I needed help, it's the fact he didn't say Okay and go back to the store after I said I had it handled. Most men or women will get it and leave, this one did not. That is my issue."
1191,0,"My Cytotec Experience

I've had one natural miscarriage (traumatizing) last November and then a MMC discovered about 4 weeks ago. My doctor suggested Cytotec to manage the MMC. I did the incredibly stupid thing of reading around and finding all the other women that had had horrendous experiences. I terrified me! So, with much anxiety, I took the Cytotec, expecting the absolute worst. Within about an hour of taking the medicine, I expelled two huge clots the size of tennis balls, and bled through one heavy duty pad. After that, just bleeding as bad as maybe as a very heavy period, but didn't bleed through any more pads. Small clots made an appearance here and there too.

In terms of cramps? On a scale of 1-10, my pain level was MAYBE a 4. Just like some really spicy period cramps. I will say the emotional pain was immense and far much worse than the physical. But, I didn't need the pain meds and was able to manage with OTC Tylenol and the worst cramps only lasted 24 hours. This morning they are just mild period like cramps. 

In terms of other side effects, I had a splitting headache for most the night and  on and off nausea that was moderate. I took the antinausea meds the doctor gave me just because I hate the feeling of nausea. Definitely wasn't bad enough where I thought I was close to vomiting though. 

As for my timeline, I took the oral pills. 3 pills at 6 hour intervals for 4 doses at 5 pm. Stayed up until 2:30 to manage my symptoms and changing my pads (more for sanity/comfort rather than for amount of bleeding.)

Anyways, for anyone looking for a story that isn't complete doom and gloom, ER visits, crippling pain or uncontrollable vomiting. To all of you going through the grief, anxiety and terror of having to endure the losses and subsequent management afterwards, my love and support goes out to you. Please be gentle with yourself, reach out for support and kindness and know you are not alone. You are all stronger than hell. I'm hoping, for me, my next pregnancy will give me my 🌈. Thank you for reading. Hope it helps at least one of you."
1192,0,"Was I assaulted or am I just overthinking?

For context, this was happened with my (female) now ex (also female). This all happened before me and my ex started officially dating. Long story short, I got really drunk with my friends one night. I ended up going over to my ex’s house afterwards and waited for her to come home. She gets back a couple hours later. I’m still pretty drunk. She initiates sex for the first time and asked if it was ok that we did. I said yes. She knew I was drunk because we had been FaceTiming while I was at her house. She was completely sober. I guess my question is was this a sexual assault or just ethically wrong? I’m having a lot of trouble figuring out where the line is between the two."
1193,0,"I miscarried today

I (21 ftm) got pregnant in early October. For awhile I didn't even realize I was because my periods are rather irregular, sometimes skipping two months at a time. But I started to get suspicious in January when I still hadn't had one and I was gaining more weight than I usually did during the holidays. Typically I go from 150 lbs to 180 lbs each year (150 in summer to 180 in the middle of winter) but this year I was getting up to 190 lbs. I also started feeling something moving in my stomach or at least I think I was, I do have a pretty messed up stomach so a lot of it I thought could just be my stomach getting upset from something I ate. I turned 21 very recently (a week ago exactly), and I started drinking alcohol like any other 21 year old. My boyfriend bought me a bottle of Rosé, my dad bought me a bottle of gin, Irish whiskey, sour apple schnapps, and a bunch of mix ins like simple syrup, lime juice, etc. And I would drink one or two drinks a day, as most 21 year Olds do. I didn't really think about it cause I never actually confirmed that i was pregnant, never got a test to see. I also never told anyone else that i suspected I was. Not a lot of people know that I even have the genitals to do that(I pass pretty well) and the ones that do know are very against premarital sex(I live in rural Ohio, ultra Christians abound). I didn't even tell my boyfriend cause I didn't want him to worry about it if I wasn't even actually pregnant. I got food poisoning earlier this week. Yesterday my stomach was cramping most of the day, today I got my period. I looked it up and it's not possible to get a period while pregnant, sometimes you have spotting but this is a full blown period. I also looked up how it could have happened. Could've been the alcohol, could've been the food poisoning, could've been the fact that I don't take very good care of myself in general(I don't eat or drink as much as I probably should). But it doesn't really matter. It happened and now I get to forget about it. Being pregnant was a nightmare for me, being a trans dude it was the most awful thing I can think of happening. I also only have like 80 dollars in my bank account and I'm a junior in college so there's no way I could've raised a kid right now. Honestly, this was the best birthday gift I could've asked for. I know a lot of people might think I'm a monster or something for not seeing a child as a blessing or a miracle but for me it was a nightmare, something that "
1193,1," I'm a junior in college so there's no way I could've raised a kid right now. Honestly, this was the best birthday gift I could've asked for. I know a lot of people might think I'm a monster or something for not seeing a child as a blessing or a miracle but for me it was a nightmare, something that I had no idea how to deal with, something I didn't want to think about. I'm so glad it's over. I just had to let someone know cause it's been eating me up inside."
1194,0,"Is there a point in confronting my assaulter (my stepdad)

I'm going to keep this as brief as possible because for obvious reasons I don't like going into immense details but I'll give you a rough idea of what happened.

the first was on our dock. we were alone and I was wearing a swimsuit. must have been maybe 11? he made a comment about how I'd be getting breast soon.

second time was maybe a year or two later. He gave me a massage, then began trying to take off my training bra off.

third time wasn't a specific event but I remember him often kissing me on the mouth and it was always very 'wet'.

**My first question is: am I being dramatic or emotional? Am i overthinking his actions?**ppened to other children so why is it affecting me so much. but it did affect me, very deeply. When my friends were off getting boyfriends and experimenting with sex the idea of even kissing a boy made me want to burst into tears and I blamed my stepdad for that. 

**My first question is: am I being dramatic or emotional? Am i over thinking his actions?**

He constantly denied his intentions too which made it hard for me to validate the way I was feeling. I'd ask myself if maybe he really did have good intentions and I just read the room wrong? I still feel this way sometimes.

I tried taking him to therapy, and I never got an apology. It was never ""I'm sorry I did that' and always 'I'm sorry YOU feel that way, but that wasn't my intention'

fast forward and Im 23 now. Living at home with him and my mom (because of the pandemic i had to leave my school rental and live at home). Mom and him are going through a divorce because hes still an alcoholic. It upsets me that it's taken my mom 16 years to leave but thats for another day.

He is very good at manipulation hence why she's stayed so long. My mom and I are both empathists and he uses that to his advantage.  I feel like he doesn't actually know the pain he's caused me and even if he did he'd find a way to turn it around on me making him feel bad.

**so I guess my second question is : What do I do with all this hurt and anger thats been building up towards him?**

deep down I've wanted to yell and scream at him to express how terrible he's made younger 'me' feel. I absolutely mourn my younger self and the emotions I had to go through as a child. But I also know with the way his mind works, no matter what I say he'll change it in his head to be in the right. 

He recently wrote me a letter saying after the divorce he still w"
1194,1,"rible he's made younger 'me' feel. I absolutely mourn my younger self and the emotions I had to go through as a child. But I also know with the way his mind works, no matter what I say he'll change it in his head to be in the right. 

He recently wrote me a letter saying after the divorce he still wants to be in my life and be a 'father figure'. I've always been too nice to object. I always say 'I love you' back.  

Is it worth telling him that I really don't love him. That rather, I hate him. He's not my father figure. My real father is my father figure. Is it worth saying something and possibly getting a hurtful response or do I just let him slip away scot-free thinking he was this amazing father figure who didnt cause this damage?

&amp;#x200B;

Any advice is welcomed too. Thanks for letting me rant, if anyone even sees this haha"
1195,0,"23 year old, abortion experience to ease worries

Hello all, I just wanted to share my experience with my surgical abortion.

I'm 23 years old and in college. I had the copper IUD for about 6 years, and my period came each month predictably on the dot. Then one day, I was ten days late, took a pregnancy test, and you can guess the rest.

I am in my last year of college. I have no job aside from my summer jobs, and it was simply not the right time for me to be pregnant or have a baby. I also have past sexual traumatic experiences, so the idea of going through pregnancy to the adoption route didn't work for me. I didn't like the thought of sharing my body.

I am on my parents' insurance, so I could not use it to pay for the procedure (they are very pro-life and could potentially have yanked my college funding if they found out). I was very fortunate that my boyfriend had a credit card, so he paid for the procedure and we split it half and half later on. I also called planned Parenthood and got some financial assistance based on my age and income.

The week I waited for my planned Parenthood appointment was the worst of my life. I couldn't tell my family, so I had to walk around like everything was normal. When the appointment rolled around, I was really scared, but sure about my choice.

The staff at PP was incredible. They were all so nice, nonjudgmental and accommodating. I checked in with my ID, and was given a list of possible sedation options. I decided to go with conscious sedation (the highest level they offered) as the idea of going the pill route scared me. I didn't want to be bleeding at my parents' house for two days with a secret abortion.

They did an ultrasound and they determined I was 6 weeks along. The ultrasound tech was so nice and understanding, and she asked me before we started if I wanted to know if I was carrying twins or multiples. I said I wanted to know, but I just had one anyways. The ultrasound determined the cause of pregnancy had been that my IUD was completely out of place.

I was then brought into a room and we went over my medical history. They also asked if I was being pressured by anyone into the abortion, which was not the case for me, but it's great that they asked. They took a finger prick to measure my iron levels and RH status. The lady who was there was patient and answered all of my questions (I had a massive list of them, because I tend to over prepare when I'm nervous).

The actual procedure went by so quickly, wh"
1195,1," for me, but it's great that they asked. They took a finger prick to measure my iron levels and RH status. The lady who was there was patient and answered all of my questions (I had a massive list of them, because I tend to over prepare when I'm nervous).

The actual procedure went by so quickly, which was very nice. I was given an IV port and ushered into the surgery room. Before they put me under, the doctor and nurse introduced themselves, explained the procedure and asked me if I had any questions. When I was put under, the entire thing took maybe 5 minutes, and I felt no pain at all.

When I walked out of the clinic, it was instant relief. I didn't have to be pregnant anymore, and I didn't have to worry about my family finding out. I am now about 10 days post-abortion, and I'm still spotting a little, but none of it has been more painful than cramps.

If you have decided an abortion is the right choice for you and you're nervous, I'm here to say please don't be! I would recommend conscious sedation, as I felt no pain and the recovery time was almost nothing. My heart goes out to the people having abortions who cannot tell their families. This was the worst part for me, as I am incredible close to my mother, and not being able to tell her about this nearly broke me. But at the end of the day, I know I made the right choice for me and my future.

Sending good vibes to everyone who has decided on abortion or those who are still weighing their options. You are loved and the choice is yours alone ❤️"
1196,0,"My boyfriend didn’t comfort me during my abortion

I just went through a medical abortion this past weekend. And my boyfriend was at my house during the abortion, but couldn’t even sit by my side, hold me, comfort me, or even stay in the same room as me. I kept asking him to just come sit with me. I was all alone in my room in pain going back and forth to the bathroom. I asked him why he couldn’t just sit by me and he said it was too much for him and he couldn’t do it. He sat in the living room and watched a call of duty tournament all day and was on and off of phone calls with his friends. Laughing and acting normal. He didn’t hold my hand, give me a hug, comfort me or even sit by me the whole process. I thought he was coming over to support me. To be honest I think it really opened my eyes to what kind of person he really is and I just can’t look at him the same way anymore. He also didn’t spend the night either. He made the excuse he didn’t want to use the same bathroom as me. So he went home. I’m still processing everything. 

Edit: Also, a day before I had the abortion I mentioned that I was scared to have sex for a while just because I want to heal and when I feel ready to be intimate again. And he got upset and said “don’t joke like that” he thought I wasn’t being serious!!! He said I should be fine after a week or two. When in reality I don’t know when I’ll ever be ready again…. I’m just in shock of everything. How could he say he loves me but treats me this way? 


Update: thank you to everyone who wrote back. Thank you for the supporting and encouraging words. And telling me I deserve better. It really means a lot to me. Thank you. It is such a difficult patch in my life right now and hearing those words helped me build up the courage to stand up for myself. 

I told him I’m done with this relationship after what happened and he is apologizing saying people make mistakes and that I should forgive him. He wishes he could take it all back. He told me “Your willing to throw us out? We are worth fighting for. Don’t give up on us.” And he keeps trying to manipulate me into giving in. I told him he threw us out when he decided to watch call of duty tournament instead of being by my side during my abortion. I asked him more than 10 times to come sit with me. Even just to be in the same room as me. But HE made the choice of wanting to be alone and not be by my side.

He’s now trying to play the victim saying “you have no idea what I’m going through, this"
1196,1,"t instead of being by my side during my abortion. I asked him more than 10 times to come sit with me. Even just to be in the same room as me. But HE made the choice of wanting to be alone and not be by my side.

He’s now trying to play the victim saying “you have no idea what I’m going through, this hurt me more than you’ll know.” And honestly his statement made my blood boil. I told him we could’ve grieved together as a couple and been there for one another but HE was the one who wanted to isolate himself during the process.

Don’t get me wrong he is also allowed to grieve and have feelings too but it’s no excuse to leave your partner alone when they needed you most. I wanted us to be sitting together holding eachother, having eachother to lean on during this. But he just couldn’t. He didn’t even want to be in the same room. He thinks this is just a “mistake” he made and that we can get through this and move on. But I told him no. This is something I can’t look past and it’s why I want to end things with him. 
I will update you guys in the next few days."
1197,0,"Rainbow baby

I am hesitant to call my daughter a rainbow baby because some place I've seen it referred to a baby after loss and other refer to a rainbow baby as any baby after a struggle.

Before our daughter was born we suspect we had at least one loss. I had all the symptoms of an early miscarriage but hadn't ever gotten a positive test. The doctors say there was know way to know for sure but it sounded to her like an early loss. 

It took us a year of trying to get a positive test. Plus fertility meds to make that even possible. We now have a 5 month old and we couldn't be happier...

But...would you consider her a rainbow baby? We personally don't just because we feel like it's insulting to those who have have confirmed losses. I was told recently that she counts. I want more opinions on the matter as I'm curious to see what other parents believe.

Edit: I was just curious to see what other people believed and this post will make no difference as to how we refer to our baby. I appreciate the kind comments and words but you don't HAVE to comment negatively...just share your opinions on the term."
1198,0,"I had an internet abortion during lockdown

I got an internet abortion during lockdown

Hello, my name is bee, I’m 23 and live in a southern red state, with only one city performing abortions. I’m here because no one knows except my significant other. I dont know where else to go, or if anyone even cares, but i just know i need to tell this story to get some peace. 

I am pro choice, i always have been, and always will be, every human deserves the chance to choose their path. That being said, the first time i had a scare (at 19) i really had to stop and ask myself if i was prepared to do what comes next. The second time, i was worried i wouldnt even be given that choice, considering the circumstances. 

I could physically and mentally tell that i was with child, within the first month. My body and mind were changing for a child to grow in me. I’ve been on bc since i was 19, but after a year of being together with my partner i got lazy with my pills. I’d miss days, take it randomly if i did take it at all, and i was using no other form of protection. When it came to taking the test, i knew. I knew what it was gonna say, and i knew i was fucked. It was right around the time things were beginning to shut down, and the nearest clinic was a good ten hour drive, not to mention i didnt have the 1000 dollars to do it. I’ve always considered myself pretty lucky and privileged, but when it came to this, i was shit outta luck. I woke up one day in April to the reality that i could potentially be forced to carry a child i was in no way prepared for. I’d been smoking and drinking, heavily, and was terrified that if i did have to have this child, i was going to bring it into a world at a physical or mental disadvantage. It would come out wrong, i was so sure. But thankfully a close family friend helped me, they worked with people who were in even worse situations than i. They told me that i did have an option, i could go online and order a pill, do some shady back door deal, cross my fingers and pray that the 300 dollars id just paid someone via PayPal would be real and not some scam. And let me tell you, that month of waiting for that pill was nearly unbearable. Every day wondering if what i was doing was the choice i was supposed to make, and if one day when i was truly ready, would i be punished? Would i face the cruel and twisted punishment of giving up my only shot at a child? It can sound silly, but ask a woman who wants kids if she’s ever wondered if she would ev"
1198,1,"ndering if what i was doing was the choice i was supposed to make, and if one day when i was truly ready, would i be punished? Would i face the cruel and twisted punishment of giving up my only shot at a child? It can sound silly, but ask a woman who wants kids if she’s ever wondered if she would ever be denied, and the answer is almost always yes. But it came, and i read article after article about what it would do to me, and how it could fail if not taken correctly. And it was terrible. The toll it took on me was astounding. I was doing this scary, hard, terrible thing, and i had no one to support me, no one who would understand how i felt as a woman.

So i did it, and no one knew, and the months of covid continued into summer, fall, and now winter. And i am constalty hearing my family talk about how a child is a gift, how abortion is wrong, that god does all he does for a reason. It was and is hurting me so deeply. I just want to have them see me for all i am, that i am not a bad person for what i did. That everyone is deserving of the choice, and that we are not evil. That i  still am me, and i still deserve love and compassion. 

If I’d kept it, I’d be having it in the next month or two, and i can promise you that i am still so not ready, and i wont be for a long time. this year was hard, i ended up committed after an attempt on my life, and sometimes i ask myself if that was the choice i really needed to make. i wonder what they would have looked like, and if I’ve cursed myself to a barren womb here on out. But I’ll get through if, because i know at least one human being on this planet understands the heaviness my heart has carried this year. That’s why I’m here right now, making the choice to share what is one of my deepest shames. Because i hope to god that someone who needs to read this will, and that they’ll feel like they’re going to be okay. 

If my story doesn’t belong here, please just tell me and i will remove it. I just needed to know is connect to someone about this, because what is the meaning of life if not to connect to another soul. Thanks for listening."
1199,0,"My friend witnessed the whole thing and did nothing, she even defended him.

I can't blame her though, it was her cousin. she always makes excuses saying that he has problems. well so do i, but i don't go and assault people because of them. i sat there and cried, and she defended him. she saw almost everything that happened, and did absolutely nothing. she belittled me and my assault and made me feel worthless, and she made me feel guilty, like it was my fault. it happened almost two years ago now, and it still affects me and my relationships. my friend did not help. she did not comfort me. she sat there and watched it happen and then defended him and belittled me afterwards. she is still one of my closest friends, we have a bond i will never be able to find again, and i love her, but this cannot be forgiven. the fact that she didn't care about me was almost worse than the assault itself."
1200,0,"If you don’t have to get an ultrasound early- just don’t

3 weeks ago I found out I was expecting. I’ve had three miscarriages in the course of a year and I’m super high alert. At 4 weeks I started having sharp pain. I have a history of ovarian cyst so I went to the er to check it out. They found an irregular gestational sac with no yolk sac or fetal pole. Diagnosis: suspected ectopic pregnancy. Hcg:456 

I went back two days later where the did a repeat blood. Hcg: 989 

Flash forward to week 5.5 the paid intensified. I rushed over to the er due to being unable to walk. Hcg: 20,000
Ultrasound: the irregular sac corrected itself and a yolk sac was present but no fetal pole. 

The ob sac on call came down to my bed and advised we do an emergency d&c as it is most likely life threatening. 

I refused and demanded she show what evidence she had to which she walked away. 

She came back and said the d&c was not necessary, but she recommends I perform a medical abortion since it’s obviously a missed miscarriage since no fetal pole formed. I again refused and told her I would prefer my body to do what it needs to do naturally. This is not my first rodeo. 

Today-6 weeks 5 days ultrasound: a perfect little bean with a strong heart beat flickering away 

Moral of the story: skip the early ultrasound and always always always trust your intuition

I have held my breath for the past 3 weeks. Tonight I can breath 

Edit to add: sometimes an early ultrasound is medically necessary. As mentioned in the thread, If you or your doctor suspect something is wrong please do get an ultrasound. Always get a second opinion if you feel as though the diagnosis may be inaccurate. ❤️‍🩹"
1201,0,"Am I pregnant??

So I got my blood drawn on Monday and my HCG was 11.1. The midwife called me to tell me they consider that to basically be 0 bc of how low it is. I just took a pregnancy test this morning just to see it be negative bc all my tests before were still positive up until Thursday/friday. The test is very faint but there’s a clear second line that appeared immediately. Am I actually pregnant again??? My miscarriage started May 19th so I’m not sure if that’s even a possibility. Would it be possible I still somehow have HCG? It’s confirmed by an ultrasound that nothing is left in me either. I’m just so confused now"
1202,0,"UK context: missed miscarriage waiting for second scan

Hi, I found out on Saturday at 11 weeks that my baby was a missed miscarriage, likely around 6/7 weeks (which tracks because I had the tiniest amount of brown discharge, presumed it was implantation bleeding at the time).

My hospital makes you return for a scan a week later to confirm the miscarriage as I guess they can’t trust my dates. I get it. But this week of waiting before being offered interventions is hell. They’ve called to say they actually can’t see expected miscarriages on weekends, so looks like it will be 9 days until Monday.

A good friend had the exact same experience but was offered medication on the day of her first scan (in Scotland). Why is it so different at different trusts? Has anybody managed to be given medicine earlier by their hospital? I feel like I’m going mad, my body feels so wrong and I’m struggling so much after 3 days I can’t imagine waiting 9 in this limbo."
1203,0,"Is it sexual assault if it's a partner?

I was dating someone who was only a few years older then me. I was young though, only 15. I had never had a serious boyfriend before and I wasn't ready for anything more then just kissing. He started pushing me to go further and I let him. I enjoyed it. Then one day we were sitting on the couch and things got a little out of hand. I enjoyed everything but I was still not ready. I very much though enjoyed everything until I felt something I wasn't ready for that prior to this moment had made clear I wasn't ready for anything like that. But because I had said I wasn't ready for the other types of touch and enjoyed it, was it really anything? I've been struggling for years with this. I don't know what to do anymore. Was this something more or was it just a misunderstanding?

My second story is I get depressed. I'm bipolar and some days are hard. I was in another committed relationship. But I was having an episode and the guy I was seeing really wanted to have sex. He took off my clothes and I just layed there. I was having such a bad depressive episode I didn't even feel like I was in my own body. I just remember laying there while he finished. I had said no prior to clothes coming off but I don't even know if my words had come out. 

These were people that were supposed to care about me. I have been pushing this down for so long as I know I technically didn't say it was okay but it was a relationship. I feel like I can't continue living until I figure this out. I've been too scared to talk to anyone about this as I don't know what will happen if I tell a therapist and it was something more. Will they have to report it? I've been so scared for so long and I feel like I'm being held back."
1204,0,"Bad period after miscarriage?

Hi just wondering if anyone has ever experienced this...
I had a miscarriage in April. May my period was early and a bit heavier than usual but otherwise pretty typical. 

This month however it is literally kicking my butt. 
I woke up this morning (day 2) covered in blood and spent a portion of the morning vomiting. 
I've been in pain, exhausted and just not myself all day. 

Here's the thing though. Before I had kids my periods were like this every month. I had one day every month that just knocked me down. But since having kids they have been much more bearable. I've had rough periods since but it has literally been 18 years since I have had one like this. 

The only thing I can think is the miscarriage effecting my hormones? Has anyone else experienced this? Is this normal?"
1205,0,"advice?

I'm a 20 year old lgbt male. I was molested by my father. I am seeking advice on what to do. I was molested at the age of 19. For those who want to read the details (won't go in depth on the perpetration)

It started when I was 17-18. I recently discovered that my young body was attractive and would take pictures. I would take pictures in revealing poses, not to post but just for me. I remember my dad watching. I, knowing he was a major Trump supporter, expected him to just yell and scream at me like he usually does when I drop something or w/e. Instead he just watched, not in the way that you would expect a family member seeing a younger one take revealing clothes, it reminded me of the men who would stare at me. It got progressively worse over time. He would rub his genitals against my backside in the entrance to the living room. He did this a lot on Holidays. One time my grandmother, his mother, noticed and said his name in disgust. Well anyways things got serious. After the molestation event, I kept it hidden and told no one. Until he started up again. While we were in his work truck, I was taking pictures and he started squeezing my feet and touching my knee. I didn't know this in the moment, but this was a sign he would likely do it again. For some reason, this really made me flip out. It just sent me on a tail spin. I could only think about the time he did it, and it just made me more angry...One day, after looking for a job for months, I asked him if we could use his car to look for a job for me together. It worked last time, so. He was extremely angry at me about it. He started yelling at me, calling me bad names, cursing at me. He eventually got physical and pushed me. No matter what I could have done, it came out. I told him off for what he did while he was on the phone. A bunch of stuff happened after that (I don't want to go in depth, it would make the story even longer) but it ended up with none of my family member believing me and me being homeless. I eventually was able to move back into my Mom's after she forced me to say that I had lied. It was gut wrenching. I hated every minute of that moment but my bed felt so nice.

SO jump to now. I have a lot of anger issues, I mean to be honest I've probably become evil at some point. I left Christianity with a bad taste in my mouth for any form of high religious deity. Sometimes I get so angry that all my body will let me do is hurt something. I cannot tell you how many times I've prayed "
1205,1," I have a lot of anger issues, I mean to be honest I've probably become evil at some point. I left Christianity with a bad taste in my mouth for any form of high religious deity. Sometimes I get so angry that all my body will let me do is hurt something. I cannot tell you how many times I've prayed for justice or karma lol. But anyways yeah how do I go about....living now? How do I go about this horrible...I dont even want to call it anger its more like wrath or rage that lives inside of me? The actual molestation is something that I would be able to deal with. It's the truth not coming to light, me being homeless, and basically helping my abuser by being forced to say that I had lied. It makes me so heady and I just feel like a at in a cage ready to mawl whatever is unfortaunte enough to open the lock; and then sometimes I'm peaceful. It's like there are two different ppl inside of me. Sometimes when I'm angry I actually scare myself and I've noticed a significant change in the demeanor my mom acts around me when I'm angry. Almost as if she's afraid. It's HARD for me to accurately describe this anger without me getting banned or something but it's a lot stronger than just punching a pillow, crying, and then getting over it that way. This shit is like deep and something you would see out of a horror movie."
1206,0,"Can I contact police without filling a complaint against a famous person?

TLTR: famous person acted improperly towards underaged me, but didn’t touch me and there’s no proof. Can I tell the police without filling a complaint against him?

When I was underaged (almost 17) a famous artist acted improperly towards me. One night he was driving me to my hotel. He asked very personal questions out of nowhere, meaning there was maybe 10 min silence before, we weren’t flirting and we met a few days before. 
He was something like a mentor for me and I’m introverted- I wasn’t sending any signals of this kind. Sometimes he was touching my waist before but it wasn’t a big deal for me. And once he invited me to wait in his hotelroom for a few minutes alone. Could have been some red flags.

In the car he asked me if I had experience with penises and if I was a virgin etc. after I awkwardly avoided to answer he didn’t change the topic. I didn’t tell him directly to stop but I also was nervous, because I didn’t know where I was. After we finally arrived, he asked me 3 times if I would like to go to a bar. I declined and left. 

The next morning was awkward. I pretended like nothing happened. Sometimes he made some comments about my clothes and legs. At the end, before I was returning home, he hugged me goodbye and told me I should reach out to him in 2 years so he can assist me to find the right art university for me. He didn’t mentioned that he has connections, but it was clear that he would like to help me. Now I’m in my mid 20s and I never contacted him again. One time he added me on social media / fan page but as I said we Never talked again.
Now I’m worried, that he’s doing this to other underaged girls. I would like give the police my story, but since I have no proof I don’t want to start a legal fight. Can I reach out to the police without filling a complaint against him? So if there are other girls coming out, I can back them up. 

Some details:
It happened in my country, but he actually lives somewhere else.
And I don’t want him to know about it.

Thanks for your opinions!"
1207,0,"I don’t want one of my partner’s closest friends at my wedding because she disgusts me.

I (23F) am getting married in october 2026, and even though I know there’s still time to decide who gets invited I know FOR SURE I don’t want one of his (older than me, don’t want to say his age) best friends there.

The thing is; I was SA’d when I was 17 and the PTSD that comes with it is devastating. The only reason I don’t want her at the wedding is that they (her and my future husband, when I didn’t even know him) used to have sex when she was already in a long term relationship with her now husband. So often that when she got pregnant she didn’t even know who the father was, that’s why they stopped hooking up. I already find cheating disgusting, but since they were all friends and knew each other it triggers me so much. I already struggle with trying to not see everyone as animals, the society we live in constantly reminds me of sex and my trauma, I’ve already been to therapy and going for the second time because I can’t stop feeling disgusted about things like this. I don’t want to be reminded of this on my wedding day, I never wanted to meet her either even tho his friends asked multiple times.

It just enragens me. I can’t stop feeling disgusted, I’ve been feeling like this for months and the though of this haunts me. And I know that it’s my own problem, I’ve already been to therapy and on meds for my ptsd, I’m going back to therapy just for this. I can’t explain how much this triggers me because it reminds me of my assault: he had already had sex with someone else before assaulting me so I couldn’t find a reason to why he would do that to me other than he’s just an animal. She already had a boyfriend and couldn’t keep it in her pants, to me she’s just the same as my abuser.

Nobody knows about their affair. None of their friends. I don’t want to meet them because I know I’d go crazy and spill the beans so I avoid putting myself in that situation at all. They’ve all known each other since middle school/high school, I know it would cause drama if she and her husband were the only ones not invited and I feel awful for putting him through this.

He says he understands and that he would never do anything to upset me this much on any day, let alone our wedding day.

If I learned one thing in therapy it’s that I don’t have to feel sorry or guilty for expressing my boundaries and that I don’t have to force myself to be “normal” or accept things that other people norma"
1207,1,"nd that he would never do anything to upset me this much on any day, let alone our wedding day.

If I learned one thing in therapy it’s that I don’t have to feel sorry or guilty for expressing my boundaries and that I don’t have to force myself to be “normal” or accept things that other people normalize. I still feel guilty and I’m sorry for him.


EDIT: I never said she’s the ONLY guilty one here. I already talked to him about this, he knows that he’s at fault too and that it bothers me. But I can talk to my husband and fix things. With her, on the other hand, I don’t want anything to do. 
Also people don’t understand that it’s not the act per se the problem, but what this reminds me of: it’s not the same thing, cheating is not the main problem, thought it’s still part of it. It’s what triggers me, but not what actually hurts me."
1208,0,"It’s crazy that almost every girl I follow has had a sexual assault/ molestation experience.

[removed]"
1209,0,"UPDATE TO: Six miscarriages, one stillbirth, one ectopic, two failed IVFs. Is this my happy ending?

It's not. Seventh miscarriage confirmed yesterday - 5w6d. I feel nothing. Nothing.

...


For over a decade I battled with infertility. I watched my friends grow more and more distant because of their growing families. I missed baby showers and first birthdays, playdate get-togethers and walks through the park. People shy away from sharing these moments with an infertile girl.
It's human nature to protect. I watched my friends change. There isn't really much you can say to a woman who can't have any children. You feel sorry. You tell them not to worry, it will happen when you stop trying. You tell them about this one girl you know, who knows a girl, who was trying for so long, then adopted and then had a child when they stopped trying. You try to be kind. But its all horse pucky and it all hurts. There is no elegant way to be nice and not hurt at the same time. It doesn't exist.

Infertility cost me my first marriage. After a decade of trying to conceive, I started resenting him, his closeness and caring and detachment. I started resenting having sex with him, it became a symbol of our failures. I hated him. He hated me. So I left. It was the best decision i could have made for our happiness.

I am newly married, just days since our very intimate pandemic wedding. I am a new woman. He looks at me with passion, touches with desire, admires me for everything that I know I am...and used to be years ago. I am a woman.

7 days into our marriage we got our BFP. Strong, thick pink line... body raging with  sore boobs, bloated belly and  the joy of all the symptoms that prove life is there. I am in love. I am scared. I don't know how to do this again.

Hope is a horrible thing for infertility. Hope kills. Hope destroys. One of my angel babies was lost at 21w3d. A perfect little human. I had picked out my  nursery colors that time. I even bought some tiny newborn clothes. I dared to hope.

4 weeks and 2 days and I don't know how to do this. Dare I hope again? Will it destroy me again? Is this the one? Dare I think about nursery colors? Dare I join a group of pregnant ladies? Am I ready to erase my existence once again if hope betrays me one more time?

Ranting. Venting. Sharing. I know I'm not alone, but infertility is lonely business. To whoever needs to hear it - you are enough. You always have been and you always will be. You matter more than your womb. Love your"
1209,1,"es? Am I ready to erase my existence once again if hope betrays me one more time?

Ranting. Venting. Sharing. I know I'm not alone, but infertility is lonely business. To whoever needs to hear it - you are enough. You always have been and you always will be. You matter more than your womb. Love yourself first. Always."
1210,0,"Was it really assault or am I just crazy?

Gonna keep this as short as possible but in February a guy I had been hanging out with came over and we were making out and he asked what else I wanted to do, but I told him I was depressed and didn’t really want to do anything else; he said okay and didn’t bring it back up again for a little while until he tried to move my hand onto his crotch; i said no again. he dropped it for a bit until he was pushing himself against me while i was in his lap, and i can’t remember what he said but i know i told him i didn’t want to do anything again. then he was on top of/in front of me(we were on a couch. i don’t sit on that side of the couch anymore) and he slid his hand up my leg and into my shorts. And i didn’t stop him. I don’t know why i didn’t stop him. i mean part of me was scared of how he’d react if i said no again because i barely knew him, but i also didn’t feel like fighting it anymore because i knew he’d keep asking. i didn’t let him keep going, like i pushed his hand out of my pants and told him that he didn’t have to do that, i just gave him a handjob and he left. 

i’ve been told by friends, by my mom and my sisters, i’ve been told by a therapist and someone else who worked at a psych ward i was in that it was assault but i can’t stop thinking that maybe i did want it? i mean if i didn’t want it why would i let it happen? i don’t know. i just feel like it was my fault, like i should have kicked him out the second time he tried or i should’ve kept saying no and it wouldn’t have happened. i don’t know. i just think i would’ve done more if i really didn’t want it to happen"
1211,0,"Miscarriage - Will I feel differently when it happens to me?

My husband and I are at the very beginning of trying to conceive however I have some feeings that I want to run by the experts.

Of my like five mom friends, literally four have had at least one first trimester miscarriage so I'm going into this expecting to have at least one miscarriage. I genuinely cannot imagine myself being that upset if I have a miscarriage. Granted a stillbirth would probably wreck me but I am wholeheartedly against fetal personhood and I'm going to TFMR if the fetus doesn't pass the anatomy scan with flying colors so I just cannot picture myself being that devastated by an early miscarriage. Am
I going to feel different once I'm actually pregnant? 

I want to ask because I feel like this is a wildly unpopular opinion so I don't know if I'm just being really naïve/if I need to adjust my expectations. My husband doesn't seem to understand how common miscarriages are and I have a friend who's pregnant right now and she basically locked herself in her house for the entire first trimester for fear of causing a miscarriage."
1212,0,"Pregnant at home but not at doctors?!

I FEEL LIKE I'M GOING CRAZY. Ok, so back in October, I (26F) had some familiar pregnancy symptoms. Then my period was 2 days late; my periods are NEVER late. These plus a few other things convinced me I'm pregnant; but every test I took was negative. Well I started spotting the next day, but it didn't turn into a full period until about a week later. I became concerned it was ectopic, because I was on the copper IUD and was told its common for pregnancies to be ectopic while on it. Google said ectopic pregnancies can take 10-15 weeks to show on a test. So when I started having really sharp pains on my left side just like my last ectopic pregnancy, I went straight to the ER.

They did bloodwork, an ultrasound, a CT scan and... nothing. My HCG value was 1: not pregnant.

I was so confused. I've never been so certain I was pregnant and been wrong.

Well, for the next month the bleeding never fully stopped. I spotted all through November until my period (again 2 days late) started.

During this period, which was very heavy and painful, I passed a white clot of some sort. I reached out to my doctor, she told me to take a pregnancy test and it was positive. It was the weekend when I got the positive test, so I had to wait until Monday to get a hold of my doctors. I took a second test Monday morning to see if the line was darker or lighter, becausemy friend kept telling me how she was having regular periods when she was pregnant with her fifth child, so I could very well still be pregnant. The line seemed just a tad bit darker.

I wasn't able to come in until Tuesday, where they did an ultrasound and a pee test. And again, they found NOTHING. My pee test was negative and scans showed nothing. The doctor kept talking to me like a child and calling it irregular bleeding instead of a miscarriage. I was like ""it's not possible to have two false positive tests in a row!"" And she indignantly replied, ""yes, it is."" 
I will say, my urine gets very diluted during the day because I drink a lot of water. Sometimes it has no color. The urine they used to test was pale yellow.

Anyway, I didn't bother asking for bloodwork to prove I was pregnant because I figured if I was showing up negative, that means I did miscarry and was long done with it. My heavy bleeding was done before I even took the tests. I had her remove my IUD in case it was causing the bleeding, and I went home.
This all happened about a week ago.

Well, just like last mon"
1212,1,"nt because I figured if I was showing up negative, that means I did miscarry and was long done with it. My heavy bleeding was done before I even took the tests. I had her remove my IUD in case it was causing the bleeding, and I went home.
This all happened about a week ago.

Well, just like last month, I have been spotting ever since; not a day without bleeding. Last night, I noticed my tummy was looking pregnant, like in second trimester; I pressed on my abdomen and it was hard. So I decided ""what the heck, I'll just use my last pregnancy test tomorrow morning to make sure."" 

This test was from a different box than the other 2, and digital. I took it this morning and it read ""Pregnant."" Y'all WHAT IS HAPPENING?? I don't even want to go to the clinic cuz I'm ready to see another negative test and be dismissed again, I don't know what to do. It's like I enter different realities when I go to the doctors and when I'm home."
1213,0,"i got pregnant from a one night stand

yep, so the title… i (24) got pregnant from a one night stand. i found out very quickly. i’m five weeks pregnant. i’m kind of freaking out. actually not kind of i just am, freaking out. it’s so strange because i really was not worried about being pregnant. my coworker i’m close to asked me if i was okay cause i seemed like i was acting different lately. i told him i was just feeling kinda sick every so often, especially in the mornings (i know i’m an idiot.) but in my defense i have ibs and anxiety so it wasn’t abnormal to me to feel this way some mornings. anyways, he was alarmed and asked if i could be pregnant. i said no, but then i realized i was two days late. this wasn’t alarming to me at first either because i have endometriosis. so my periods can be crazy. but on my way home on a literal whim i bought an at home pregnancy test. yep, took four and all of them immediately tested positive. 

i went to the ER, because i was in absolute disbelief. they confirmed i was five weeks pregnant, ultra sound and all. they said it was growing healthily and normally so far. they told me the predicted due date (which was so triggering i’m it’s probably procedure but damn) and sent me home. i’m shocked. i’m confused and i’m scared. pregnancy termination is not legal in my state. but i told trusted people so i know i have safe options. my life isn’t really in the best place right now if i’m being honest, but for some reason i am struggling to come to terms with the fact abortion is probably the best option. i know i’m not in love with this guy and it’s how i imagined having a child. but i love children so much and my whole life i’ve wanted to be a mother. on top of that i used to struggle with severe anorexia along with the endometriosis so i never even realized this could be possible, was told it’d be struggle throughout my teens and adult life. i feel like even though people are saying they will help me if i decide to keep it im that i couldn’t provide what id want to give them. selfishly, the idea of aborting the baby feels devastating. 

unfortunately, time is of the essence. i am going to have to eventually tell the guy who got me pregnant, and i know i need to figure out a decision beforehand. i am feeling just so overwhelmed. has anyone been through this in even the slightest? how long do i have to decide? is it wrong if i go through with either of these options? will i regret an abortion? please, i know i probably deser"
1213,1,"me pregnant, and i know i need to figure out a decision beforehand. i am feeling just so overwhelmed. has anyone been through this in even the slightest? how long do i have to decide? is it wrong if i go through with either of these options? will i regret an abortion? please, i know i probably deserve a lot of reality checks rn but be gentle. i’m in absolute tears typing this, and i don’t think any amount of characters on a reddit post could express the absolute tormented and confused i feel atm. 

EDIT: I am pro choice!!! and appreciate the support from those with all differing opinions, i do not enjoy any religious or pro life agenda that is factoring into some commenters opinions!!!! this is my body not a bible🫶🫶🫶🫶

EDIT2: wooooah, this is crazy!!! i want to thank everyone who is giving support and sharing you and/or your loved ones stories. they all mean so much to me and i’m so proud of all of you:) i’m obviously still taking time to think and talking to my trusted group of people about my options. and to all the people assuming i didn’t use protection or let him “nut in me,” you can eat my ass since you love to assume ♥️! i used protection and he did not nut in me. you all are incredibly rude and i hope you all genuinely think before you comment something without all the facts. i shared my story bc someone might be going through something similar, and because i wanted advice on this particular situation. not unnecessarily input that does not change outcome of my current situation."
1214,0,"Is this sexual assault?

I know this question gets asked a lot but I am genuinely curious because I don’t know. I had been fooling around with a friend all night and we had been touching each other in every intimate place before that. I even stuck his hand inside my pants while on the dance floor. Pretty much when we got back to his place, he tried to just take my shorts off(he was still a virgin with a lack of what foreplay was) and I said his name out loud. It was kinda like in a, I’m hesitant about this, please stop. He then tried to take off my pants further before I said stop and he stopped. When we talked about it after, he said that he was just trying be playful and convince me to have sex. He knew I was hesitant, but because we had been touching all night. He thought it would be okay, his way of “flirtation” I guess. Anyways he stopped once I made it clear it was a no.

I then told him I was hesitant about sex because I was dating someone at the time and was starting to feel guilty. I was def hot and cold. I told him that that I would give him a blowjob eventually but no one made a move and nothin happened so I started to fall asleep awkwardly on his bed(not a position to spend the night). As I was drifting off, he started to kiss me on the stomach to wake me up to initiate foreplay. Kinda hot seduction when in e the mood. I then told him I would give him a blowjob after that. He layed down and closed his eyes and I grabbed his penis and then ran out of the room crying. I felt guilt, shame, confusion, and so many things. Nothing happened and he didn’t touch me in the no no areas. But was I assaulted or just a case of bad miscommunication. He told me that he was sorry because he felt like he pushed a little too much. I told him I didn’t feel violated and we should just put it behind us. 

He stopped every time I said no, but I cant hekp but feel uncomfortable."
1215,0,"Beating myself up, 10 weeks, 26yo

This will be my 3rd abortion. I feel like the lowest person on the planet right now. My notes app in my phone is my best friend. I have no one to vent to, so here goes nothing… I have a SA scheduled for Thursday. I’ve chosen to be sedated because this whole situation is extremely traumatizing for me. I’ve gone back and forth with myself about what’s right and what’s best for my baby. Currently have no emotional support from the father. I know he’s scared, but so am I. He was with me when I took the tests. We both cried when we saw those pink lines. But ultimately, He told me he would support me through whatever decision I chose. I spent about 3 weeks going back and forth between keeping my baby or terminating. I wanted this baby. I want this baby. I called and told him, that’s what I wanted. He made me feel wrong for wanting to keep this baby, but said he understood my decision. That conversation snapped me back into reality. I’m not gonna get the family unit I want from this man. Situations aren’t black and white, there’s so much grey area. I’m trying to keep this in mind with my decision. I know in the long run, I’ll end up being a single struggling mother without his support. Financially, emotionally, and spiritually. And how can I raise a newborn being a broken woman? I worry about PPD and having a new baby. Considering I’m already a pretty depressed individual. I know I’d have the support from my family, but it’s not the same. I didn’t get pregnant by myself, and shouldn’t have to raise this child by myself. I’m 26 years old, and about 10 weeks pregnant. I want this baby, but I don’t want this life for myself. 

In need of reassuring words. In need of prayers. In need of love."
1216,0,"Delayed response to harassment from a friend, and I’m house-sharing with him next year.

Sorry for long post, this is more of a vent than anything. I want to write it all down somewhat coherently. 

A few nights ago, I was laying in bed with my boyfriend. We got onto the topic of our mutual friend/future housemate and his inability to find girls who are interested in him. This friend (I’ll call him Will) had previously pursued me prior to me being in a relationship, despite me saying outright that I wasn’t interested and that I only wanted to be friends, and I think he’s still a bit hung up. 

My boyfriend asked about the first night I met Will as he had not been there. I recounted the story which, previously, I had just laughed off and pushed the back of my mind, but this time something changed. I felt panic, almost like a fight-or-flight response. I’ve had panic attacks before, but this felt different. All these horrible feelings came rushing to my head. I felt unsafe and hysterical. I started crying and shaking. My boyfriend did his best to comfort me until I was calm enough to explain why I had gotten upset

Will and I met on the first day of freshers week. He originally took no interest in me until I mentioned I played video games. We exchanged PSNs and got chatting, and he moved away from his friend he had been sticking close by all this time to try and get close to me. I tried to be friendly, although a little wary. There were five of us in total: two other girls, Will and Will’s friend from his old school. I didn’t really know any of them, but I was relying on female solidarity in case things took a turn for the worse. 

There were events on, but we decided to head back to one of the girl’s rooms instead to play cards against humanity and drink wine, provided by Will. We had a nice time, at least at first, but Will drank a little more than the rest of us. Maybe this diminishes responsibility in some people’s eyes, but it still affected me the same. 

I sat next to one of the other girls who is now one of my best friends. Will sat away from me but as the night went on and he became more intoxicated, he moved closer. I would edge away when he wasn’t looking, and the others took note of my discomfort but didn’t intervene. At one point, Will put his arm around me and everyone just snickered under their breath. I searched the room to look for help but no one did, even messaging one of the girls to ask for a distraction- no answer. He went further, runni"
1216,1,"g, and the others took note of my discomfort but didn’t intervene. At one point, Will put his arm around me and everyone just snickered under their breath. I searched the room to look for help but no one did, even messaging one of the girls to ask for a distraction- no answer. He went further, running his hand through my hair, touching my leg. I tensed up, moved away. He seemed a little off-put when I mentioned my age as I am two school years ahead of him and as I told him I generally wasn’t very interested in guys (I am bi with a preference for girls) and specifically that I wasn’t interested in him, but he went right back to his antics less than ten minutes later. 

The most vivid recollection I have is when I stood up to go to the bathroom, at which he point he stood up too and declared that he would show me where it was, despite my protests. He followed me into the bathroom. I remember being terrified. He kept asking about shows I watched, and told me that after the game I was coming to his room to watch Rick and Morty with him. I politely declined but he kept insisting (I did not go with him). He went back to the others and announced loudly that he and I were going back to his room, as I was informed upon returning. 

As I stood in the doorway of the room, Will put his arm round me again, but this time he took the opportunity to grope one of my breasts. This is the part that upset me the most. A complete stranger thought it was okay to do this. I had not flirted, I had been pleasant enough and I had expressed my disinterest. 

No one helped me. They saw this and said nothing. I felt helpless. 

But the next day, people were laughing about it. I guess I just tried to laugh it off too. Will didn’t really remember much and did not apologise for his behaviour. 

It was telling this story that sent me into a panic. I guess I just realised how scared I felt at the time. I didn’t know him. He could’ve done worse. 

Even worse, Will is now my friend. We play tabletop together, talk about video games. We are sharing a house next year, along with other friends.  When I think about it now, I feel ill. I don’t know who to talk to about it. I don’t think he’d try anything again, especially not with my boyfriend around. I’ve neglected to bring it up again as my boyfriend is quite confrontational and may say something to Will or someone else, which could get messy. 

As far as I’ve heard, Will has acted similarly with other girls, leaving him ostracised from his oth"
1216,2,"ng again, especially not with my boyfriend around. I’ve neglected to bring it up again as my boyfriend is quite confrontational and may say something to Will or someone else, which could get messy. 

As far as I’ve heard, Will has acted similarly with other girls, leaving him ostracised from his other friend groups as girls find him “creepy”.  Maybe I’m a bad person, but I would rather he was lonely than subjecting someone else to the level of discomfort I felt. 

I don’t know why my reaction was so strong and so delayed. I want the panic to go away."
1217,0,"I'm a guy, and I was raped. I can't keep it to myself anymore.

This is a throwaway. And I'm on mobile, so sorry about that.


My story is not too different from many survivors of sexual assault that you've probably heard. But in my culture, men are always perpetrators not victims. I have no intention to compare myself or downplay the seriousness of anyone else's story.


I was 5 when it first happened. I wasn't allowed to go outside to play alone, only with my brother. As such I had no friends outside of school. My brother saw me as a burden, so he would just tell me to go away while he went to play with his friends. One of his friends stayed with me, he played with me. I liked him. He was probably the same age as my brother, 16. 


One day I wanted to go out to play but my brother didn't want to take me. So he offered to look after me. He took me to an underconstruction house and he raped me. He told me it was a secret game. He said I shouldn't tell anybody. I had no idea what any of it was. I didn't tell anybody.


It continued, two-three times a week. After the construction of that house was, over he would take me to the woods a little away from the neighborhood. It continued like this for two years. Until I was 7. We moved after that. And I didn't see him again until 5 years later.


He went to the same highschool as my brother. I saw him at a function in their school. I was 12 then. I knew what he did to me, I knew it was wrong. So I decided to tell my mother. When we got home that day after the function, I told her what he did to me. She was surprised that I knew what ""rape"" meant. She told me it wasn't possible for a boy to get raped. ""How would he rape you?"", she asked me. I didn't have an answer to that question. She punished me for lying and saying bad words. I stayed quiet after that. I loved my mother, she was understanding and loving. I never thought she would react in this way to me opening up to her.


I am 20 now. Last night I told my girlfriend about it. She hugged me, I cried and she cried with me. It felt like releasing the pressure from a container which had been stuffed and cramped for the last 15 years. She was also a victim when she was 14. She understood. It felt good. She gave me what I expected from my mother. 


She told me that we should take some sort of revenge from him. But I didn't want to. It doesn't matter to me if he is happy or suffering. I am content with my situation. I don't even know where he is now and who he is no"
1217,1,"4. She understood. It felt good. She gave me what I expected from my mother. 


She told me that we should take some sort of revenge from him. But I didn't want to. It doesn't matter to me if he is happy or suffering. I am content with my situation. I don't even know where he is now and who he is now.


If you read my post, thank you so much for your time. I just want to tell you that if you ever feel that someone is abused or tells you about it, even if you can't do anything to get justice for them, comfort them. It costs nothing to make someone feel better. And maybe it will give them peace or willpower to seek justice for themselves.


Edit: I'd like to mention that my country is India and people usually don't think twice about leaving boys alone with someone they know. Boys are encouraged to be very very close to each other but discouraged from being friends with girls or women.


Edit 2: The highschool function I talked about was an anniversary for the school, so ex students and their families were also invited. This will be the last edit because I don't want to think about it anymore. Thank you so much to everyone who came forward with their own stories and everyone who showed support and kindness. You're all legends."
1218,0,"when did you go back to work? TW : STILLBIRTH

TW : STILLBIRTH

hi there, so mothers who have experienced a stillbirth, when did you return to work? i recently had my baby boy on the 18th, but im in a hard spot because unfortunately there is no baby for me to care for at this time. i’ve been healing up nicely, going through the funeral arrangements. but i am wondering at what point in time do i return to work and become a normal human of society again? anyone else experience this? and when did you return to work? how did you come back to a normal life after such a tremendous loss?"
1219,0,"Severe pain 5 days into miscarriage

I’ve already made a post but now I am extremely worried. I started miscarrying last Tuesday and the pain was manageable, so was the bleeding. But last night I developed a fever and couldn’t move I was in so much pain in my pelvis, lower abdomen and lower back. I was so scared I thought I was going to die. The pain was so bad I was sobbing and couldn’t do anything to bring it down. I feel I’m not passing enough anymore for the amount of pain I’m in. Luckily my boyfriend took very good care of me. But should I be worried? Is this a complication?"
1220,0,"First time d and c questions

Just looking for reassurance that I’m going to be okay. Two days ago had my first d and c for retained tissue. I’m having swelling and cramping.  I’m also feeling so constipated but still going here and there. Trying to keep hydrated and eat healthy. 
I’m so terrified that something else could
Be lingering around the corner and I get more bad news. Ugh I just hate this miscarriage stuff !"
1221,0,"Got confirmation today

This is my first time posting here but, I am feeling very disconnected from myself and my support group. I am hoping writing this may help others and may help me in my own healing journey. I am currently experiencing a miscarriage. I found out at about 3 weeks that I was pregnant. I had a previous miscarriage in 2021. In 2021, I was pregnant with twins and passed one baby naturally and the other would not self abort so I began to hemorrhage. I had to be rushed to the hospital where I hemorrhaged for about 6 more hours before being given a D&E. The whole experience has left its mark on me and I don’t know that I’ve ever truly healed from it. Now, this brings me to my current miscarriage.. the due date for this baby was only 12 days off from my twins due date. I was having a fair amount of anxiety about it from the beginning especially with the dates being so close. My fiance and I had sex a few days ago and I had notice afterwards that I was having some very light spotting. I kept reading every where that it was completely normal and I had my first prenatal visit in a few days so I didn’t feel entirely panicked. The spotting stayed very light and would be off and on. Saturday, I had noticed the bleeding had gotten a bit heavier, but it still wasn’t enough for a panty liner. I made the call to head over to the ER in hopes of peace of mind about the whole situation. After spending almost 8 hours at the ER, they diagnosed me with a “threatened miscarriage “ even though the fetus had no heartbeat. My first prenatal visit turned into a confirmation of miscarriage. I now have to go back tomorrow to begin the pill for the assisted abortion. Saturday would have been 9 weeks but they believe the baby passed at about 7 and a half weeks according to the growth. I am devastated. There is part of me that wishes I would have opted for the D&C but I didn’t want to put my body through another surgery. The only positive I can find in this is that I’m not spending 4th of July bleeding out again. I just am so broken to be losing another child. 

Update: I passed the baby naturally prior to my appointment for the medication. I believe this will now just be more of a “check up” appointment but I’m not positive. No seriously clotting or heavy bleeding though I am bleeding enough for a pad now."
1222,0,"Advice for 1st pelvic exam after traumatic experience?

Hello,

I tend to needlessly over-explain things, so I will attempt to keep this brief and concise. I have only recently come to terms with the fact that I was sexually assaulted by the man I was previously seeing. I am slowly starting to learn it was not my fault and I am not to blame for his actions.

I had to get checked for an STD at my last exam, which was traumatic in itself because I would have contracted it doing things I felt forced into. The Dr was very callous and not understanding at all. The exam was very painful ( I even cried out in pain and had tears streaming down my face), but she just didn't seem to care. She told me I had an STD. Then she seemed annoyed when I didn't take that well.

Long story short, I never actually had an STD. I have OCD and I was compulsively checking my genitals out of guilt over what I was going though in my relationship at the time. I had given myself sores that she had mistaken for herpes. Luckily, all 4 of my test results came back negative.

Now I have to go back to an OBGYN for issues with my period. I am going to a different clinic and everyone I have spoken to seems kind and understanding. But I am absolutely terrified of the pelvic exam. I have not been able to stop crying since I found out about it. They were painful before my assault and awful experience, but now they seem utterly horrifying.

Has anyone else struggled with this? If you have, I would appreciate any advice you have to offer."
1223,0,"I just need some confirmation

I'm going to be as objective as possible about the facts of the situation because I really want to know if this is objectively that bad or sexual assault. I keep feeling like I am overreacting.

Someone who I would have considered one of the best friends I have ever had began touching and groping my ass (for context we are both male) repeatedly, and even after I moved his hand away and told him ""If I was a girl this would be sexual assault"" he smiled and said ""come on"" and continuing touching me.

 I then ended up sitting down next to him because I was shocked and did not at all expect this situation to happen. In this position he wrapped his arm around me and started rubbing up and down my side, whilst leaning his head into my shoulder, at which point he started to kiss me on my shoulder and slightly up towards my neck despite me being clearly physically extremely uncomfortable and not giving any indication that I was enjoying the situation. He then stopped but continued sitting next to me.

Is this sexual assault and or that bad? In the immediate aftermath I got very emotional but I keep feeling like I have overreacted - my friends convinced me to report him to my college who are now investigating the incident. Should I feel this bad about it? I need an unbiased opinion about this if anyone can give it to me.

Given that whoever may answer this is browsing the sexual assault subreddit, I am so terribly sorry that whatever happened to you happened. It was not your fault. You did not deserve for something like that to happen to you. Things will be okay.

Thanks for any help!"
1224,0,"Mourning for something I never knew

Struggling with my miscarriage and feeling really alone. Thought if I write this all out it might help. I recently got married. I was never 100% sure I wanted kids, I’ve always prioritized my career and education and never felt overly maternal and I think I always worried if I would be a good mom given my own struggles with anxiety and depression. When we got married I went off birth control to regulate my hormones and approached pregnancy with if it happens it’s a sign it was meant to happen but if it doesn’t I’m good with being an aunt and dog mom. Went off birth control BC in feb and going out I was pregnant early April. Had multitude of emotions wondering how it happened so quick when I watched others try for years. I was stressed if timing was right but kept saying well I thought if it happens it happens. Then miscarried at 7 weeks. 

I am still absolutely wrecked and don’t know how I’ll ever get back to normal. I feel like my whole reality has shifted. Something I never was sure of is now all I can think about. I feel like my life is meaningless and this was the first month we started trying again and I convinced myself I would see a positive pregnancy test. And I didn’t and I just feel like I failed or I’m not enough. And I knew a positive pregnancy test wouldn’t make up for the baby I lost but somehow it seemed it would solve a lot. 

I just feel like I don’t know how I can keep doing this every month and I feel it’s literally all I can think about to the point of obsessing. I’m just wondering if anyone experienced something similar."
1225,0,"First miscarriage

I had my first miscarriage about a month ago and it seems like everyone around me is getting pregnant and delivering full term and I can’t help but asking why did it have to be me? Every week I tell myself I could’ve been x amount of weeks today. It’s one hundred percent not fair but I am so frustrated and disappointed but with that comes envy towards pregnant woman I literally can’t stand seeing them or anything having to do with that. I just can’t help to think why me and not the single mom or why me and not the mom who doesn’t have her life together. I hope I stop thinking this way soon because it’s such a negative attitude towards everything"
1226,0,"was this assault or am i overthinking?

so I was 14-15\[M\] when this happened

basically, we have this yoga teacher in our school who for some reason used to go around the boys and slap our butt while we are doing some asana/posture

I used to love doing yoga so I would be in the front line in almost every class, then ever since it happened I would feel so unsafe and insecure around her, so I moved back into the last line. it happened a few times again but covid started so yoga classes kinda stopped with it. 

ah just in case, I'm aware this isn't a big deal and probably the rest of the cases on this sub are way more serious so sorry I didn't know where to ask; please direct me to a subreddit instead of removing this mod thanks !!

so anyway that happened and i didn't think of it much, i mean it does haunt me sometimes but i can usually forget about it i think

so anyway I recently told a group of friends about this incident on a zoom party when we were bitching about her (she's generally a shitty teacher) and everyone laughed. It had 1 boy and 4 girls and everyone were like..giggling..one of the girls even said ""i know we shouldn't be laughing but hahaha giggle ahah""

i didn't expect them to laugh honestly am i taking this too seriously? i didn't know what to expect but i didn't expect laughter of all things to be the reaction"
1227,0,"My GF (16) was sexually assaulted

My girlfriend of 4 months confided in me that a couple months before we were dating, but still talking, a boy in her friend group sexually assaulted her. She said she was asleep at a group sleepover, and that she woke up with his hand in her pants. She said she pretended to be asleep because she was terrified and waited for him to stop. I’ve asked her then if she reported it and she said no. i’ve asked if she would want to now, that I could go with her for support. she said no because she’s scared of the consequences. I want more than anything to report this and go about it legally but I don’t want to hurt her mental health, she suffers from bad anxiety and I don’t want to hurt her. but I don’t want to leave it unreported either. i’ve been trying to convince her for months now and I don’t know if I can take it anymore. it’s literally eating me alive I’m so incredibly angry at the guy that did it. Do I go over her head and report it?"
1228,0,"Lost our baby at 32 weeks...... 8 weeks left and we lost it....... Hardest day of my life.

Toughest day of my life - we just lost our baby at 32 weeks. She had a miscarriage at 5 weeks then got pregnant almost right away and this happens. Just doesn't make sense... Hardest thing is all of the pain my wife had to go through these months to end like this...

Edit: More info about what happened... Hoping it will be helpful to someone

We have two beautiful children already... Wife had a miscarriage last year at 5 weeks and it was hard. We didn't know how we could do it again. She got pregnant after a month. We didn't believe it.... We couldn't believe that it could happen so fast. 

With covid it was a different pregnancy, I couldn't be in any appointments with her. Then yesterday she said she didn't feel the baby kick for awhile.... OB couldn't find a heart beat... Hospital did ultrasound and no heartbeat... She's at 32 weeks and we lost our baby... Again. 

And now she has to go through the labour and pain knowing that at the end of all this we won't have a baby. We'll have to pack everything to sell, take the crib apart, get rid of the new car seat we purchased, sell all the baby toys and clothing. On top of all this, baby's older siblings (3 and 6) have to learn what death means. It's heart breaking. My 3 year old doesn't understand. 

I didn't think we would ever be part of the 1 % who experience a miscarriage or still birth at 32 weeks...."
1229,0,"I'm still trying to understand if this was sexual assult

So last year I (F17) dated this guy (M16) that I knew from school. We had been friends for a few years before this, but we ended up getting into a relationship. This was my first relationship, so everything was very new to me. Because of this, I asked him if we could take things slow. 

A week after we started dating, he came over to my house and we kissed for the first time and by the end of the night we were fully making out. Now I was mostly okay with this, things were going a bit too fast for me, but I still enjoyed it. I figured he wouldn't push me past this.

Over the next few times that he came over he kept pushing me further. He asked if it was okay to grab my chest, and I was unsure but eventually said okay because I was new to this and figured I should say yes. Later that night he kept trying to put his hands down my pants and I kept having to stop me, eventually he let off. The next time he came over he just kept asking me over and over if he could finger me, and I kept saying that I was unsure, but he didn't stop asking so I eventually just gave in and let him. I tried to enjoy it, but I was just so uncomfortable the entire time and hated it. Everytime he came, he'd make me make out with him for hours and cuddle with him regardless of what I wanted to do. It seemed as if he only wanted me for my body. But I always just ended up agreeing to do what he wanted even if I didn't want to or if I said no before because he kept asking. And I one time I did tell him to stop he just gave me the silent treatment for the rest of the night. I felt bad for not giving him what he wanted because I know it made him happy and he was struggling with depression and past abuse himself.

While that all happened behind closed doors, he was just as pushy in public. While we were at school would would constantly grope me and make sexualized comments about my body and complain to our friends that I wouldn't have sex with him. Every time he grabbed me at school I would yell at him to stop, but he just saw it all as one big game and laughed in my face about it."
1230,0,"Finally a positive!!!

My husband and I have been struggling with infertility for 4 years, after our miscarriage in 2015. We stopped treatments in February and just decided to enjoy life.  We just returned from our beach vacation, and I realized I hadn’t opened the sanitary products I had purchased since I expected my period during vacation. 

I took a pregnancy test Tuesday night and got a very very faint positive. The one this morning was big and bright! We are finally expecting!! I am beyond thrilled! My husband is taking us to dinner tonight to celebrate. 

I can’t talk to anyone else because I’m super cautious after two miscarriages, so I thought I would share with you wonderful people."
1231,0,"I feel so much better after my abortion.

I don’t know if this is a new thing but when I talked to all the other women in the clinic with me at the time they were experiencing the same issues as me.

I am a 25 yo cis female from NC it’s legal here to abort a pregnancy until 20 weeks. I was not aware of my pregnancy till about week 13. I was originally under the impression that I was actually 8 weeks until my ultrasound told me otherwise. This would have been my first pregnancy.

I have been violently sick for about six weeks. Never eating a proper meal without throwing it up, constant fight to keep any type of liquid down. Including water. It got so bad I got weak enough that my fiancé had to open my water bottles for me. I was a complete shadow of myself. Barely could look at myself in the mirror.

I had my abortion at 15.3 weeks today. Those angels of women tried their best to make us comfortable but god was that the most painful thing I’ve ever done to date, and I’ve almost died several times in my life.

After the pain meds started to wear off I started to get my appetite back. I opened a damn water bottle by myself for the first time in weeks to my fiancés amazement. I immediately started feeling like myself again.

It hasn’t even been 24 hours yet and I’ve eaten an entire two person portion of Chinese food. Slept on my back without suffocating on my own mucus for the first time in a month. And I brought groceries in by myself just to see if I could.

I’m still so happy I’m crying as I type this. 
If I went through with that pregnancy I’m almost 99.99% sure I would have died. 

The only thing is that I was not the only one feeling that way in the clinic. I have a hunch it not an isolated incident either. Just like these super quarantine babies I’ve been seeing videos about. Not everyone in the clinic was vaccinated. So that cannot be the reason. I doubt they’ll ever do a study on this. 

But know if you felt like me you are not alone. Wether you keep it or not is up to you. But you are definitely not alone, and I support you.

TLDR I’m just upset they didn’t let me keep it to bury in my garden. I think my fiancé and I would have liked that closure."
1232,0,"Only 52% of women who considered lost abortion rights very serious are likely to vote. Ladies, WTF?

This terrible gem of a poll popped up today and I gotta say, I'm really disappointed. On top of that, 1/3 of women under 40 say they are likely to vote. When the left doesn't vote we lose our rights. That's how this works. If you don't want to do it for yourself do it for your fellow sisters. They're coming for reproductive medicine next and if the midterms this year go against us, we are all so seriously fucked. 

Get mad. Get registered. Get voting. 

https://www.google.com/amp/s/thehill.com/homenews/campaign/3579355-those-who-see-roes-fall-as-loss-less-likely-to-vote-than-those-who-dont-poll/amp/"
1233,0,"i need advice. please

i can’t cope with this anymore, i feel as though i have been manipulated into thinking that what happened wasn’t a big deal and have had my feelings disregarded so much that my own mind can’t figure out whether something bad did happen or not. It’s so difficult to not even be able to trust my own mind, especially when i don’t have a clear memory of what happened, it’s just all jumbled and confused. I feel as though i can’t talk to my friends about it anymore because it happened over a year ago and they are fed up of hearing it, or my other friends already discarded my experience and told me i was overreacting when i first told them about it. One of my own friends is dating the boy that did it and I can’t even look at him or her without freaking out or having a panic attack. It’s so difficult to deal with and I feel so alone, does anyone have any advice to help me out of this?"
1234,0,"I pooped in my sleep in post op..

I (27f) had a surgical abortion today. It was my first time being sedated and I was very nervous. I followed their instructions; no food past 5am the day of, no drinks past 10am the day of. I even used the restroom before leaving for my appointment. When I was in post op I was drifting in and out of sleep and I kept feeling like I was peeing on myself so I told my absolutely amazing nurse and she let me know that it’s just my waters leaking. It happened maybe 3-4 times and it kept waking me up and she kept comforting me reminding me it’s just my waters. The very last time I woke up in post op was to her telling me that I actually pooped (straight diarrhea) myself. I felt so bad. I apologized so much and she kept telling me it was okay and she cleaned me up. I could tell she was at least a little annoyed because she wasn’t being as bubbly as before my surgery. I’m going to catch my phone on fire after posting this but if you see this, nurse.. I am so sorry!!

Is this normal? Has this happened to anyone before??"
1235,0,"Unbelievably worried about miscarriage

I found out I am 5 weeks pregnant today. I wasn't trying but it has come as a happy surprise. Thinking back to the week before, I drank alcohol, energy drinks, I wasn't taking folic acid (I am now) and I had ibuprofen. I had a miscarriage last year and now I am so  worried about having one again, especially because of last weeks antics and having one before. My anxiety is through the roof and I am googling constantly and I feel like I'm getting stomach cramps but they're in my head. Is this normal?"
1236,0,"My unborn child absorbed it’s twin and now my wife resents it.

At our 10 week scan we were told we were having twins. Having tried for 7+ years and this being our first real pregnancy, my wife was ecstatic. Cue a few weeks later our doctor is checking for heartbeats and he only finds 1. We go for another ultrasound and one of our twins had died and been absorbed by the other, which is why my wife had no glaring miscarriage symptoms. 
At first she was fine. Then she started joking that our baby would grow up to be a serial killer as “he already has 1 checked off”. Soon it was becoming clear that the idea our unborn fetus somehow murdered its twin intentionally was no longer a joke in my wife’s mind. I tried explaining the fetus had passed on its own, it hadn’t been absorbed to death. This didn’t work so I asked our doctor, her gynaecologist, her mother, her sister and her dad to all try explaining it too but it was no use. She has fully convinced herself that our unborn child is a murderer. 

I really don’t know what to do. My mom tells me she’ll go “back to normal” when her pregnancy hormones drop but I am really concerned as I know the drop in hormones can actually make people even more unpredictable and I hate to say this about my wife, but dangerous. I don’t want to leave her. We’ve waited so long to be parents together and I know this isn’t my wife, she is just grieving. The multiple ultrasounds have put us badly in the negative after already being screwed over by covid so we can’t afford therapy for a little while. 

Any advice? thanks"
1237,0,"the time i was touched

[removed]"
1238,0,"Never thought I'd say it but I wish I was showing signs of hyperemesis

Found out I was pregnant Wednesday. I'm either 4weeks or 5 weeks since based on possible days of conception, leaning toward 4 based on not getting a negative hpt on Saturdsy then a positive  Wednesday. With my previous successful pregnancies I developed hyperemesis about the 5-6 week mark. It was legit horrible, wouldn't wish it on an enemy. But with the baby I miscarried I had almost no nausea at all. I'm still only mildly nauseous on and off and it's causing so much anxiety I'm wishing I would get seriously morning sick just to know thing are ok. It's early days, I have a dating scan in a few weeks but the wait is just agonising. What can I do to distract myself and not go crazy with worry?"
1239,0,"Hcg after D&C?

I’m wondering if after your D&C did you have your hcg levels monitored by bloodwork? If so, how long before they were zero?

I’m asking because there has been no follow up after my D&C and I’m thinking about taking a home pregnancy test to see if it’s negative. It’s been two weeks since the procedure. I just don’t know if I should do it because I feel like it will be upsetting but I also feel like I need peace of mind that my body is returning to normal. Open to advice."
1240,0,"Brother assaulted me in 2nd grade

This is something I don’t like to even acknowledge. This happened a little over 10 years ago if I had to guess. I was in 2nd grade and he was in 5th (or 4th I can’t remember). I guess he was curious and tried to have sex with me. Since then we’ve never talked about it and I just try to block out what happened. Another incident like this happened when I was in 6th grade. My brother now is a great guy and he’s the stereotypical protective brother. I want to love him like I should love my brother and be comfortable but everytime I’m around him I remember and I can’t even look him in the face. Has this happened to anyone else and now they have to act normal and try to love their assaulter? How do you deal with it? Should I forgive this?"
1241,0,"Is this considered sexual assault? Do I have a right to be worried?

Hi everyone. I’m kind of new, also on mobile, so I’m sorry for formatting. 

This is literally eating me alive and consuming a lot of my life. I desperately need to know if I’m overreacting, or if I should be concerned. I also need to know if it’s my fault or if I’m in the wrong. 

Me and my boyfriend have been dating for three years. We have been sexual for about two of those years. He knows I am a sexual assault survivor, as well as being a survivor of abuse. He has always been considerate of this, but he’s starting to change a little. 

My libido has been dropping due to extreme depression. I understand that he has a high sex drive, but I really cannot bring myself to do anything. Here’s where it gets tricky:

He masturbates in front of me. Didn’t use to be a big deal, but then it became two to three times a day, and I started to get uncomfortable. I told him I’d like him to slow down, or not do it around me, and he agreed. He has yet to go one day without masturbating at least twice. He touches me, which I use to be okay with since it helped him get off. Then on some nights I wouldn’t feel up to being touched in that way. He does it anyways. He sometimes holds me in place or when I shy away, follows me. It has caused some really negative feelings towards sexual things for me. 

Daily, he asks for sex. No biggie. But when I say no, he asks again repeatedly for about an hour. Then he gets quiet and it really hurts that he won’t just take no and be alright. 
He is always making unwanted sexual gestures and moves and it is uncomfortable. 

This is really damaging my mental health, and I’m afraid for our relationship. Please help me!!"
1242,0,"Daughter’s pediatrician unexpectedly vented about her infertility struggles with me during 5 month appt.

TW: Loss & infertility 

I can’t stop thinking about this, I need to vent myself but I don’t want to share with my best friends to protect doctor’s privacy (they know her). 

I was at her office today for my daughter’s 5 month check up and she had no patients and was making us wait so I asked about the time she started seeing patients to make sure I wasn’t getting there too early. She overheard me and came out saying she was unwell, feeling dizzy and to give her a moment - she said she hasn’t started for a reason. Her behavior was odd but I politely said “of course doctor”. Then she refused to let my husband in due to COVID - she has never set such restriction and COVID cases aren’t rising but OK, off I went. 

When I walked in she took a deep breath and started telling me she needed a moment because she is so stressed as she is currently in the middle of her second IVF transfer after 7 miscarriages and 5 IUIs, she even showed me the bruises on her stomach from all the injections - she said this is her last chance as she is 43 years old. 

The cost of IVF had my eyes roll so hard I saw my own brain. I must clarify we are not even friends and she shared all this with me so imagine how overwhelmed she must have been. 

She’ll know if she is pregnant in 2 days and I’m so damn nervous for her, I just wanted to hug her and cry…. Can you imagine being a pediatrician that struggles with infertility? Treating babies for a living while you can’t have one? I’m heartbroken… I can’t get this off my mind. 

I’m sending flowers and cookies on Friday (no note or anything baby or infertility related of course)😔😔, hopefully to celebrate what will be a healthy and happy pregnancy."
1243,0,"Why are people so rude?

So I’m 6 months post partum but also just suffered a miscarriage at 7 weeks and had my D&C 2 weeks ago.

Tonight I went out with friends for the first time in awhile. Another one of our best friends facetimed us while out and told us she was pregnant. I’m so so happy for her. While on FaceTime, a drunk stranger jumped into our FaceTime and congratulated our friend. It was all nice and funny until the lady turned to me, touched my stomach and said “and you’re pregnant too!” I’m heavier and carry my weight in my stomach so I always have sort of a bump, but what the actual fck. I immediately said no I’m not and that’s extremely rude to say to someone. She kept apologizing and I said “this is why you don’t say these things to people” and don’t even know what else was said but the whole situation was terrible. 

It just sucked so bad and as this is all going on I’m still trying to focus my attention on my friend to tell her I’m so happy for her. It really ruined the moment and I can’t stop thinking about it. 

Why do people suck so bad"
1244,0,"CW: We were kids when this took place. I'm not sure if this is some kind of sexual thing?

Hi, I'm really sorry if this is the wrong subreddit, or if it isn't, I'm not trying to take resources from anyone so very sorry. 

Idk, a couple months ago I guess I started to remember this thing? I don't think I forgot but at the same time I never thought about it? It was 9 years ago when I was 7 and my parents friends kid was 5 I would have been staying at their house, I was sleeping in his room. I'm trans, but didn't know at the time (thought I was/presented as a girl), and he asked to see my private areas. I said no, and he said if I didn't he wouldn't be my friend. I said no and he kept repeating that he wouldn't be my friend, he wouldn't talk to me. I know it sounds like stupid reasoning but he was my parents closest friends kid so I saw him a lot and for some reason that Idea terrified 7 year old me. So after a while I let him look? and my memory's kind of fuzzy here, I can't remember if he just looked or if he touched it?

Idk, I thought I felt neutral about it. I only really remembered a little while ago, and then it was a really confusing emotion, I didn't know what I felt. It obviously wasn't pleasant but I didn't know if it was bad. It's become clear since that it is a bad feeling, sitting here typing this I feel ashamed and gross. But the thing is he was younger than me, and I don't think it was intentionally sexual if you get what I mean. I'm friends with this kid now, I see him when our parents hang out, and he's cool, I think he's changed and would never do that anymore. And it was such a stupid reasoning but at the time I felt like I had to. I don't know. It just makes me feel shit and gross but then I'm still friends with him and it was weird reasoning so?

I don't know"
1245,0,"I'm afraid of people touching me..

I've developed the fear of people touching me. I'm only 17 and last summer I was in Lithuania with my friend. We were casually walking on the main street of the city and a group of boys on bikes went by us, one of them slapped my butt and they laughed. It happened so fast so I didn't know how to react - I was shocked and felt so humiliated. I think anybody really saw that, although it was sunny outside and it was afternoon. All I could think of after that was that I want to get back to hotel as soon as possible and I didn't really enjoy the rest of the days there. Since then I can't walk the streets alone without getting all anxious, especially in the dark, I have got two panick attacks, so I avoid walking alone. Also some months after that incident I went to a spa with my cousin and in a bathtub one boy, who I think was actually in the age of 10-13, started touching my legs. At first thought it wasn't intentional but then I saw his blank face and he continued so I realised it was. I was so creeped out that I left that bathtub immediately but I couldn't explain my cousin why I did that. 
Back to the present - I often startle when someone touches me, especially when I can't see their face or hear them. Also I feel extremely uncomfortable sometimes when people try to hug me or just out their hands on my head or shoulders. Also in some cases I can feel pain more easily if the touch was sudden.
I don't want to be that way, any advice?

(Sorry for my spelling/grammar mistakes, English is not my first language)"
1246,0,"My friend wants help.

Hi, my friend has recently asked me to help them find SAC in there area but since I’m in Canada and there in Belgium— it’s been hard. Can anyone help us with finding any therapy/ sexual assault centres in Roeselare, Belgium."
1247,0,"Song Suggestions Related to Sexual Assault/Abuse (Music)

Music has always been a passion of mine. Over the years, I’ve relied on it to heal from heartbreak and emotional abuse. Now, sexual assault is what I’ve been left to cope with.
Since being raped two months ago, I’ve been relating to a couple songs about sexual assault that I listen to for validation and healing. 

For example: Til it happens to you by lady Gaga and Praying by Kesha. I have a very versatile taste in music (songwriter, pop, rap, some rock, etc). I would appreciate any song or music suggestions from sexual assault survivors who have used songs/music to cope. I’ve noticed there isn’t a whole lot of artists that release songs about sexual abuse. 

I hope to hear about songs that helped other survivors cope with being assaulted ❤️"
1248,0,"Best friend had a miscarriage and came to my baby shower

I’m super excited because yesterday was my baby shower. I had over 100 guests and I was so excited to have my family and friends in one place. I was hanging out with my friend at the shower and I totally forgot to ask how the baby was doing and I said out loud “ omg !!! How’s the baby”. She broke into a tears and I just hugged her. She was great because she kept it together the whole shower. I would of totally understood if she didn’t come , but she powered through. I would like to send her a gift. I was thinking just some flowers? Any idea what something nice would be?"
1249,0,"i think it was my fault , online grooming ?

TRIGGER WARNING
Ok so i’ll try and keep this kind of short because i want advice and don’t want people to think it’s too long to read. i’ve made a new account to post this because i’m so fucking ashamed by it. 

so basically i’m 17 now and i think i was assaulted online? At the age of 10/11 (i can’t remember the exact age because i think i’ve repressed it but i wasn’t any older than 11) i used to talk to men aged around 20-50, some older than my father, and they’d ask for nudes and i’d send them. they’d talk to me really sexually and i didn’t understand it some of them were into really dark shit and i just didn’t understand it. but they didn’t force me to do anything? i chose to talk to them and i chose to send them what they asked for. 

i’m now terrified of sex yet equally i’m attracted to men who will hurt me? like the men i would talk to would say really graphic things to me and now i crave that in every man i talk to. i’ve never really liked a boy my own age ever since this happened to me. Idk. i’ve also been very hypersexual online ever since.  i feel like i can never be loved, i’ll never be clean because somewhere out there my 10 year old self’s nudes exist. i constantly wonder if they’re still being viewed? did the men i’d talk to ever get arrested? everyday i fear that it’ll be the day that the police knock and my door and tell me they know what i’ve done. oh my god i’m never going to be a normal girl am i ????
i just want someone to either tell me that i’m a fucking whore that’ll never be loved and that it was all my fault or that it wasn’t actually my fault and i deserve to feel ok??????????"
1250,0,"How do I know this happend

Recently after some events I remembered being assaulted and had a panic attack and do whenever I think about like now. So the memory is vivid I know where it is and it makes sense that it was there and it feels really real but the face is a blur I just can't see the face I know who it is but I cant see the face. I feel it but for some reason the face is just not there but not"
1251,0,"3 miscarriages in 4 months

I’m so tired. I miscarried a 9w old in February, a 6 week old in April, and now I lost a pregnancy before it barely started now at 5 weeks in June. I’m exhausted and I feel like all the doctors around me are dragging their feet about helping me figure out why I can’t carry a baby. I’m exhausted. 

Update: 

The doctors office is giving me a hard time, “what do you mean it’s negative, maybe it was a faulty test.” I took like 7 tests all positive now the bloodwork and the tests are negative. This is my third miscarriage this year. I know the difference"
1252,0,"I had a failed abortion

Hello yall, 
I wanted to share my story because I couldn’t find much similar ones when I was trying to find answers. 
Around 11 weeks I had an abortion. I wasn’t able to get the pills from planned parenthood because unfortunately I live in a red state where it was illegal, so I had took the route to getting the pills through aid access. 
I took the pills at the amount I was supposed to to, and went through with it. I remember it not being as painful as other women made it seem, (im not sure if the percs I was taking was playing a huge roll in taking the pain away). I bled a good amount, passed one little clot (which this had already made me suspicious because I thought you had to pass a couple of them) and had some light bleeding for about 2 days after. I went on with my life after, constant nausea and sore breasts seem to have gone away after the abortion. I was depressed but dealing with my emotions. 
A couple of weeks gone by and I noticed my stomach was becoming bigger. I thought maybe I had been getting big because a lot of women were telling me my hormones were probably all over the place. I brushed it off like nothing until I started having random little kids around me ask if I was pregnant. (Kids never lie like that! so that spooked me!) I went on the scale and I was 120 pounds. (Before I was 112) the only reason that made me believe I was still pregnant was that I have been 120 pounds before, even a little bit heavier but my body didn’t look like that; my stomach wasn’t ever THAT big at 120. By the time the 6th person asked if I was pregnant I started freaking out, I also started peeing more frequently. 
I took a pregnancy test and the positive results came back QUICK, quicker than when I first took a pregnancy test to determine if I was pregnant. By that week, I felt like I might have been feeling flutters in my stomach. Next day I went to the er and they confirmed I was around 20 weeks pregnant. 
Although I am pretty happy now, I’m also terrified I might have done some damage. I have my prenatal visit this week so I will know. I just wanted to share my story in case anyone is ever going through something similar to me and are seeking answers. If yall have any questions please feel free to ask. I wish you all the best and remember, 
Do what you feel is right in your heart. Don’t let anyone guilt or pressure you otherwise. 🤍

Update: 
I had a healthy baby girl 3 days ago at 40 weeks. Keep faith 🤍"
1253,0,"I lied about my abortion and left my fiance..

I was 10 weeks and 2 days pregnant when I went to the clinic the second time and terminated my pregnancy. At around 8 weeks, i went to get an abortion, I told him I didn't want the baby. but when I got there, i thought i wanted to keep the baby, so I left. I then found my fiance was cheating on me and all of a sudden, we werent happy. We fought every single day, multiple times about his infidelity.I secretly rescheduled my appointment and did my paperwork for my abortion about 2 weeks out from the day i found him cheating while he went to work. I left him but couldn't afford the abortion without him, so I came back. I had a doctors appointment after and I made up a lie that the baby was severely unhealthy, and had deformities and could die or I could. that they needed me to get an abortion and scheduled an emergency abortion 2 days later, just so he'd pay for it. the baby was fine, I wasn't and I just couldn't handle being together anymore. I needed to get out. I got the abortion and I was given fetanyl and threw up all over myself and my boyfriend screamed at me in front of his son because he had to wait to take his kid out to eat for his birthday and i didnt feel well. He then went to the store and left me in the car with pictures of the ultrasound. I looked at them, and I cried. I was grieving the loss of my baby. I was devastated and screamed all day and cried. He never did. Not even once. Suddenly, I knew what I needed to do. I left, moved away and started a job as an exotic dancer at an old club to pay for my current son and my bills and eventually go to school to have a lifelong career. Some of my coworkers knew I was pregnant and I told them I miscarried. It's been hard to handle but I needed to vent. ."
1254,0,"Pregnant on paragard

Yup. You read it correctly. 

Last week I discovered I'm pregnant, and I have a copper IUD. 

Ultrasound confirmed it was perfectly placed. I absolutely cannot understand how this has happened to me. 

I simply can't have another child. I have 5 already and am absolutely knackered. Plus, when I had my last I was advised not to get pregnant again, as I nearly died on delivery. Also, I'm 36 this year! I asked to be sterilised and was told no, and that my IUD would be even more effective than tubal ligation. 

Just nope. Absolutely not. I'm angry, sad and anxious. 

I have abortion pills due to arrive via the post and have had the IUD removed in preparation for the procedure. I'm absolutely gutted that I'm having to go through this. 

I guess I'm just venting, but would love to hear similar stories...."
1255,0,"For those of your considering leaving the US, just do it.

I grew up in the US and moved to Norway at 21. It opened my eyes to how balanced life could be, and what a society is like when equality is taken seriously. 

One of the first things that struck me was  no ogling.. I could walk around without unwanted stares or comments that used to happen to me daily in America. Men are much more professional at work, I am no longer constantly questioning their motives.

University here is free, and there are a better mix of women in STEM fields compared to many other countries. For example, there are more female physicians in Norway than male physicians. 

Work life balance is deeply valued. We have a 37.5 hour work week, and flexible working is the norm. If you are having a baby you and your partner can choose between 49 weeks of maternity leave (+ 3 weeks before birth) at 100% pay or 59 weeks (+ 3 weeks before birth) at 80% pay. Fathers have to take a minimum of 15 weeks of paternity leave. The same benefits apply for adoption and same sex couples. You get extra paid time for multiples as well. Everyone gets 5 weeks paid vacation, basically unlimited paid sick leave and child care days for when your kids are sick. 

Healthcare is basically free. You pay a small copay (around $30) for a doctors visit. If you use more than around $300 on prescriptions and visits then you get something called blue prescription that means you don’t have to pay for anything anymore. Baby related care, checkups and prenatal care is 100% free. If I’m not mistaken Norway also has the lowest maternal death rates in the world. Kids healthcare is completely free. 

When I gave birth to my son I did not see a single man at the hospital besides my partner. It was the most amazing and supportive birthing environment. When I had a missed miscarriage and needed medicine to help my body start clearing it out, I was again surrounded by supportive all female medical staff, no judgement, no rules stopping me from receiving lifesaving care. 

The vast majority of men here are raised to contribute equally, from childcare to cleaning and cooking. It is expected to split these duties equally. Toxic masculinity isn’t really a thing here. 

Norway has some of the strictest gun control laws in the world. There has been one school shooting here (no casualties) and one bad terrorist attack (22nd July). There have been 2000+ school shootings in the US since 1970. 

Is it perfect here? No. But in my opinion "
1255,1,"ity isn’t really a thing here. 

Norway has some of the strictest gun control laws in the world. There has been one school shooting here (no casualties) and one bad terrorist attack (22nd July). There have been 2000+ school shootings in the US since 1970. 

Is it perfect here? No. But in my opinion it’s a thousand times better than the US (and like 30 years ahead rights wise). 

My grandparents were holocaust survivors who went to the US for a better life. I love the US and it breaks my heart to see it deteriorating. I always planned to move back but now I don’t feel like there is anything to go back to. I could never give up the freedom I have here.

If you have the chance to get out, do it! There are so many better places to live. Places where women are seen as equals  not incubators. Places where children’s live are worth more than someone’s hobby.

EDIT: a lot of people mentioned that I must have been rich to be able to move to Europe or come from a wealthy family. Lol ya’ll I wish but no. Grandparents came here as refugees with no money and worked factory jobs after coming to US. My mom worked sorting packages and my dad was a house painter. We were 3 kids and broke. I worked 30-40 hours a week the whole time I was in college, had student loans etc. 

If someone is sponsoring you in Norway (for example if you get married), the minimum income they need to have is around 30,000 dollars a year to bring you over. You can work at McDonald’s and make more than that here. 

It’s not just higher education that you can get a work visa for in Norway, you can also get a visa for being a waiter or working in tourism related industries, and a lot of other seasonal work as well so it is really a lower threshold here than other countries. The immigration system here is considerably simpler than other countries, and very modern. 

I mentioned in the comments that I was extremely lucky to get the opportunity to move and know that not everyone will have the same opportunity. I didn’t formulate what I was trying to say very well in my original post but I almost didn’t move when I had the chance, and my life would have been completely different if I hadn’t. I just wanted to encourage those people who might have the chance or could get there to try. I’m not saying the process is as easy as “just do it”. It takes time, work and money. I needed around $1200 for visa and flights to get to Norway. 

I love the US and grew up in a family that talked about the American dream, b"
1255,2,"courage those people who might have the chance or could get there to try. I’m not saying the process is as easy as “just do it”. It takes time, work and money. I needed around $1200 for visa and flights to get to Norway. 

I love the US and grew up in a family that talked about the American dream, but it was never a reality for us. My family still struggles and some of them refuse to believe that things could be better in Norway than the US."
1256,0,"Should I send the letter?

You know how they say it’s good to write a letter to the person that hurt you, but then throw it away? What if I actually send this letter? I could easily find his address. I could drop it off in a different city’s post office. I know I’m only one of many girls he assaulted. There’s nothing too specific in the letter, so there’s no way he’d know it was me. It’s just very satisfying to think of him opening the mail, his stomach dropping with every sentence he reads. He probably doesn’t even remember or think about what he did to me, but I want him to know that I do. Should I do it?"
1257,0,"I don’t know if this is sexual harassment

Someone keeps trying to get me to see their nude pictures. I’ve mentioned that I’m a minor multiple times, and said no multiple times, too"
1258,0,"D&C recovery/advice?

Hi all, this is my first pregnancy, miscarriage, etc etc 

I have a d&c Wednesday. 

What have been people’s go-tos to have around during recovery? Anything that’s helped with comfort or pain relief?"
1259,0,"WOMEN OF WISCONSIN: Get ready to vote tomorrow in one of the biggest elections in modern U.S. history that no one's ever heard of. The swing vote on the State Supreme Court is up for grabs, where a victory for liberal JANET PROTASIEWICZ will almost certainly overturn the state's total abortion ban

Here's an article going into more about what's at stake:

* https://apnews.com/article/wisconsin-supreme-court-abortion-redistricting-trump-df0a7e5cfec1cd3bf08f14270a1c9615

After Roe v. Wade fell last year, a trigger law from the year 1849 - over a decade before the start of the American Civil War that ended Chattel Slavery - banned abortion in the state. Despite a Democratic Governor ready to sign a repeal, the Republican controlled state legislature has opposed it, and a 4-3 conservative State Supreme Court slow walked the legal challenge. 

However, one of the 4 conservative justices, Patience D. Roggensack, is term limited, and the state elects SCOTUS judges by a vote so the race tomorrow will effectively determine control of the now deadlocked 3-3 court. A win for Judge Janet will give liberals a majority for the first time in 15 years, ensuring a liberal majority court will now have the final say on the legal challenge to the 1849 abortion ban, and in almost 100% likelihood, throw it in the trash.

AND THAT'S NOT ALL 

Wisconsin is victim to the worst Republican gerrymander in the country, where the maps are so rigged that Republicans only need 40% of the vote to control a majority of the state legislature, while Democrats need a 60% supermajority! Watchdogs have called it one of the most dangerous affronts to democracy in the Developed World. The conservative State Supreme Court has done nothing to address this, but a new liberal court majority is very likely to lead to a legal challenge against the maps. If overturned, Democrats would go to having a fair chance of winning a majority in the state legislature and turning the state fully blue like Michigan and Minnesota recently did. It would ensure that not only the monstrous 1849 abortion ban would be overturned, but Republicans would struggle to get back the legislature to ban it all over again. Right now all they need is the Governor's Mansion. 

Janet's opponent, Dan Kelly, is a hardline conservative backed by the three biggest anti-abortion groups in the state. He was part of a scheme to throw out Joe Biden's victory in Wisconsin in 2020 by sending an alternative slate of electors to vote for Donald "
1259,1," they need is the Governor's Mansion. 

Janet's opponent, Dan Kelly, is a hardline conservative backed by the three biggest anti-abortion groups in the state. He was part of a scheme to throw out Joe Biden's victory in Wisconsin in 2020 by sending an alternative slate of electors to vote for Donald Trump instead. He is a mad man, and is very likely to uphold the 1849 ban as well as the maps.

Ladies, however you can, GET OUT AND VOTE FOR JANET!!!"
1260,0,"Pregnancy reveal

Hey all

I’m currently 11 weeks pregnant, via IVF after 8 years of no joy. We told close close family and friends quickly about the pregnancy as I was so excited and desperate to share. 

Four weeks ago we had some bleeding and a threatened miscarriage, since then been diagnosed with a sub chronic and some bleeding has continued but it’s steady and have been told not to worry - baby growing well and strong heartbeat

My question really is when would you tell people/ make it known? 

I have some anxiety going through what I have - but at the same time want to experience the same joy as others and sharing it 

When would you think ok to share?

Thank you"
1261,0,"im not sure how or if i can overcome my trauma if i cannot tell anyone.

i was sexually assaulted by a family member at a young age multiple times/for multiple years. i cannot tell any close family, i fear them not believing me for multiple reasons. one of those reasons being, im a male.

theres been many occasions where my mother and older sibling has been sitting in the kitchen, discussing things we have heard/seen on the news on victims being sa/r. they have no problem sitting there and blaming the victim, “she shouldn’t have been walking alone” “if she didn’t go there, it would’ve never happened” just fucked up shit. it makes me want to curl up and die. theres no way i can talk to them. 

this happened over six years ago now, i just really need someone to tell me it’ll all be okay. please someone, tell me you’re proud of me."
1262,0,"Preg Test Results (Urine and Blood) Help/Advice

my girlfriend decided to take a urine test yesterday, she’s a week late from her period by now (last day of period was june 16). I didn’t notice the time but she came back said it’s negative, but hours later we double checked and it had a faint red line. We’re so afraid so we had to take a blood test that same day. 

2hrs after the test, the result was negative. I’m still not convinced and comfortable with the blood results though it is  99% accurate. I don’t know what to do or the explanation of this. 

A sincere or a professional help/advice would be so much appreciated."
1263,0,"My teen daughter is out of control and I don’t know what to do

I’m reaching out here in desperation for some input on how to best help my daughter.
My 14 year old daughter is essentially out of control. I don’t know why and I don’t know how to fix it. I tried posting this in a parenting group but my post isn’t showing up.

I have 4 kids. Two of them are 14 year old twin girls. None of my other kids act this way, not even her twin sister who was raised the exact same way in the exact same environment. I’ve tried so hard to crack this and nothing helps.

She’s 14 years old and has already been pregnant once (had a miscarriage). She told me she wants to have a baby and I “can’t stop her.” 

She regularly dates boys who are way too old for her. The current boy is 18 years old. It’s not something I allow or condone. He’s not allowed at our house. She is not allowed to go anywhere with him, but predictably the more I try to keep him away the more effort she puts into finding ways to see him. 

I personally drop her off from school and pick her up from school. She cut class so many days this past school year that I was contacted by the school saying per their policies they could technically hold her back a year because she missed more than the maximum allowed classes. Now, I had no idea this was happening since she was always there when I picked her up at the end of the school day. Luckily, she gets good grades. She’s a very smart girl. This is the only reason the school agreed to not hold her back or kick her out.

She has been caught drunk at her friend’s house. I don’t even keep alcohol in my house.

She and a friend have also met up with and gotten into the car and gone off with much older boys who they had never met in real life before and who I certainly never met.

She’s has become extremely disrespectful to me and her siblings. No physical violence.

She has stollen money from me.

I caught her sharing topless photos of herself with strangers online.

I have discussed this all with her doctor. We’ve been referred to mental health care professionals and counselors. She absolutely will not open up to a therapist. She speaks to them disrespectfully and says she doesn’t need any help. 

When it comes to sex, I have never preached abstinence or waiting until marriage. I believe in educating my children about sex and ensuring they have access to all types of protection. However, I very firmly believe that 14 is way too young to have sex regardless of how safe "
1263,1,"oesn’t need any help. 

When it comes to sex, I have never preached abstinence or waiting until marriage. I believe in educating my children about sex and ensuring they have access to all types of protection. However, I very firmly believe that 14 is way too young to have sex regardless of how safe it is. Still, I feel that the best I can do now is ensure she’s protected. I can’t watch her 24/7. She skips classes in the middle of the day and stays in school grounds and somehow manages to hook up with boys where there should be adults ensuring this doesn’t happen.

Rules and boundaries mean nothing to her. Absolutely nothing. They are like fun challenges to her. How can she pulverize them the quickest? And I’ve tried to come at it from an understanding place. 

Her siblings can’t stand her. She and her twin sister used to be as close as can be, but even her twin sister wants nothing to do with her at this point. 

Short of shipping her off to a boarding school, which I can’t afford and I don’t necessarily feel comfortable with for a variety of reasons, I’m at the end of my rope over what else I can do. 

I love my daughter but I really dislike the person she is right now. I feel like the worst mother in the world admitted that."
1264,0,"I think he stealthed on me but I am not 100% sure

[removed]"
1265,0,"Four positive pregnancy tests three days ago.. and now three negatives.

UPDATE: Sadly it was a chemical pregnancy. Thank you for the feedback🩷


I’ve been worried all day because i’ve had some bleeding. I thought it was regular spotting and i heard it can be heavier sometimes. But i just have felt so weird about it. So i took some tests just to see and they all came back negative, not cheap tests either. I’m going to the doctor but i just need some other opinions. Is it possible i am still pregnant and my baby is okay?"
1266,0,"Nervous for Anatomy Scan

Anyone else nervous for theirs? Im so scared of something being wrong. This is my rainbow baby and I love him so much. I listen with a doppler whenever i get freaked out (i had a missed miscarriage previously so hearing the heartbeat calms me) but it seems like my brain has moved to another thing. I haven't been perfect this pregnancy and just terrified that something major will be wrong. I have my appointment in 5 days and I'm just sitting on my hands atp. I've felt movement once so far but i'm also very obese so i know that can affect how and when you'll feel movement. Just wish my appointment was tomorrow so i can breathe again!"
1267,0,"AITA? Bf gave me ultimatum if I got abortion.

So I already got the MA done. But prior to doing it, when I told him I was pregnant, my boyfriend told me he would resent me and leave if I aborted. 

Now the backstory is that while we were having sex, he came inside me without my consent. We weren’t using protection and I wasn’t on bc ( I know, I know) but he never did that before. Immediately after I suggested we get a plan b and he said no I’m not taking you to get it. (It wouldn’t have worked anyway because I had already ovulated and didn’t discover that until I looked at my period tracker). 

So it felt very controlling and manipulative of him to just decide for me/us that if a baby came from it, that would just be what it is because it’s “gods plan”- I responded that it didn’t have anything to do with God because that wasn’t something I felt we were ready for. 

So once I found out I was expecting and told him, he immediately started ubering on the side to make more money to put aside. Which is endearing but also just made me feel even more like we can’t bring someone in to the world just yet. We can barely afford just us, and never lived together and the relationship was still too early (4 months). I expressed my concern, fear, regret, and anger to which he replied “you didn’t try to get on bc, and it’s not my fault it takes 2 to have sex” and just reassured me it would be fine. 

But I think the point is that of course the baby would get taken care of- I’d find a way with or without him, but why bring a kid into the world surrounded by chaos? I just didn’t feel like it was the best choice. I mean he hadn’t even met my family yet. And we live in 2 different states. 

So my question is- am I the asshole?"
1268,0,"I was molested by my brother when I was 9

Everytime he and I were alone in the house, he would ask me to come into his room. He would ask me to take my clothes off and he would touch me, watching me for a reaction. I don't remember how long they would last but I think they were probably just under an hour. This happened roughly every month for a span of, what I think was, a year or so. There were times where he pulled down his trousers and asked me to play with it.

He was 15 at the time.

I asked my best friend at a time if her brother did anything like that but she gave me a strange look, I didn't tell anyone I know irl until a few months ago when I told my best friend but I didn't tell her who it was since out families are relatively close. 

My family (and his friends) all see him as nice and patient and kind so I never told them since they would never believe me and just think that I'm asking for attention. My mother always coddles him like a child, he's the one out of all my siblings that follows what she says and never says anything back. 

He's never brought it up nor did he ever do anything like that again. He doesn't seem sympathetic. Once in a while, he gets too close and I get scared.

Last night I had a dream that a man was coming to rape me. I woke up hyperventilating and crying.

I'm 18 now and I don't know what this has done to my mental health. I'm scared of relationships and boys but it could just be other things that also happened during my upbringing."
1269,0,"Advice before outing abuser

hi everyone.
i’m a survivor of rape, sexual and emotional abuse. it’s been almost 4 years and i’m tired of feeling like i have to be quiet. i’ve been debating for some time and made the decision i want to out my rapist and abuser online, but i’m still terrified of the response i’ll get, knowing that he and his friends will harass me or lie to paint him as the victim.

has anyone here outed their rapist or abuser, and if you have do you have any advice?

it’s getting to a point that i really can’t bear keeping it in anymore and feel like i *need* to share for my own sake and so that he won’t be able to have any more victims. i guess there’s really no way to be “prepared” before coming forward, but any advice at all makes a difference."
1270,0,"Letrozole after loss?

Recently had a chemical pregnancy, started bleeding today. Was 4 weeks 4 days. Confirmed HCG is dropping. I have a prescription of Letrozole left and I’m wondering if it’s okay to take it directly after a loss. I can’t get into my OB to ask until next week, but I’m on CD1 today, so would need to start it tomorrow. 
Anyone have any experience with this?"
1271,0,"Trying to stop panicking

Trigger - possible miscarriage 

I 33f am 11+5 weeks and have been having some brown discharge for the last 4 days, it was only that and I took myself to the doctor- unfortunately because it is a long weekend all the blood work clinics are closed until Monday or Wednesday. I could go to the ER but this doesn’t exactly feel like a true emergency and the closest hospital is 40 minutes for me with a current wait Time of 6 hours probably longer as I am certainly not going to be considered an emergency. 
I have a midwife appointment on Tuesday so the doctor suggested I just wait until then as I have an ultrasound planned for then …. But now I’m just left in my own head freaking out and any weird feeling I have I am panicking. Like I’m so stressed so my stomach is hurting (as if very normal for me personally) But I can’t help but think maybe it’s something more maybe I’m going to go on Tuesday and find out the pregnancy is not viable. I’m just truly losing it and to top it off I’m at the cottage with all my in laws and none of them know yet. 
I’m not sure if this is just a rant or I need advice but if you have any advice or something I would be very open to that but I will ask please don’t share your stories about how it was a miscarriage I don’t think I could take that at this particular moment 
Thanks and my god am I appreciative of this group!"
