id,subreddit,title,selftext,created_utc,url,Tags,__dataset,__source_file,unique_key,label
1ldr5k3,Miscarriage,experiences with algorithms after miscarriage?,"Hi everyone - wishing you all a safe and supportive time here online. 

My name is Paul and I'm a PhD researcher at The University of York, UK. 

My doctoral research is on the role of algorithms in women's experience of grief and remembrance after miscarriage. I'm sharing this here in case anyone would like to participate in the project. Taking part requires an online interview of around 1 hour, in which you would be invited to explore your experiences with online algorithms following miscarriage. To take part in the project you should be: 

* a woman 18 years of age or older
* based in the UK
* who has experienced miscarriage\* 6 months ago or more, and no more than twice
* who would like to be interviewed about their experiences with online algorithms after miscarriage

If this interests you, and you meet the inclusion criteria of the study, then please don't hesitate to contact me at [paul.ord@york.ac.uk](mailto:paul.ord@york.ac.uk). 

Thanks very much, 

Paul 

\*Defined by NHS England as the loss of pregnancy in the first 23 weeks",2025-06-17 16:07:46,https://www.reddit.com/r/Miscarriage/comments/1ldr5k3/experiences_with_algorithms_after_miscarriage/,,miscarriage,miscarriage-data-updated - miscarriage_related_posts.csv,3941650ba3c014c133fa36cbd3bdee8790765dc7ea7966f3b78998103eebff18,miscarriage
1cv99ft,Pregnant,just found out I’m pregnant,"After undergoing IVF due to MFI, my partner and I were waiting for an embryo transfer in the next two weeks. Amazingly, I just found out we conceived naturally! I'm 5 weeks along, and we had been trying for 2 years, so this feels surreal. I hadn’t gotten my period and felt a bit off, so I took a test and got a surprise positive!

We're hoping this pregnancy sticks, as it's my first and I have no underlying health conditions, but I'm aware there's still a risk of miscarriage at this stage. Please send all the baby dust our way!!!

But the reason for my post (aside from wanting to share this great news) is that I’d love to hear from others about things they wished they knew before getting pregnant for the first time. Any tips, advice, or words of wisdom?! TIA!",2024-05-18 22:37:09,https://www.reddit.com/r/pregnant/comments/1cv99ft/just_found_out_im_pregnant/,,miscarriage,miscarriage-data-updated - miscarriage_related_posts.csv,d5efdc22c6a81b10e1f4f4729a45e2f39f7482c6451ee78b8e29c90fc3e64aa2,miscarriage
1lg7m02,Miscarriage,Blood in urine during miscarriage? Has anyone had that happen? Did it resolve?,"I sadly had a miscarriage last week and while at the ER, I tested positive for blood in my urine. Repeat test almost a week later still shows blood. Initially doctor’s thought I had a UTI so they put me on antibiotics, but they said the culture came back fine so I no longer needed to take them. 

Has this happened to anyone? I will likely need to follow up with a urologist but waiting on my doctor to reply on that. ",2025-06-20 15:58:43,https://www.reddit.com/r/Miscarriage/comments/1lg7m02/blood_in_urine_during_miscarriage_has_anyone_had/,,miscarriage,miscarriage-data-updated - miscarriage_related_posts.csv,4f9e1641ae35cf7641ad7b0bae431088a36b939f579fbf3ccf6f58cfb471fb92,miscarriage
1l0e1bn,Miscarriage,Blighted ovum?,"Hi all, 
I was approximately 7 weeks pregnant when after some symptoms, I took myself to the ED suspecting an ectopic. They did a TV ultrasound and could not find anything at all in the uterus or tubes. I went home for a few days, HCG continued to rise (inappropriately, 2800 to 3300 in 2 days) so I returned to ED. 
They did a laparoscopy assuming they would find an ectopic somewhere. No ectopic found, but they did find some tissue that looked suspicious in the uterus. They did a D&C and sent that off for testing. 
The doctors couldn't quite say what the problem was, but we're guessing that it was a blighted ovum that failed so early that it never had a gestational sac, resulting in nothing being seen on the ultrasound. 
I'm just wondering if anyone has heard of this or experienced it? 
I will do HCG beta tomorrow, there is still a chance that if HCG rises, it is an ectopic hiding somewhere else. 
It's all been quite traumatic and impossible to get any answers! It feels like it has dragged on for weeks. Thanks :) ",2025-06-01 2:24:43,https://www.reddit.com/r/Miscarriage/comments/1l0e1bn/blighted_ovum/,,miscarriage,miscarriage-data-updated - miscarriage_related_posts.csv,48d969da9292e9b36a2283c544385ec3fbf9509bd3ca3fa418b6684a3249ef1a,miscarriage
1evdjw9,relationship_advice,My husband (44M) is leaving on a business trip but I (33F) am having an early miscarriage. What do I say to him?,"My husband and I have been trying for a third child since December. Last week I got a very faint positive pregnancy test but the line never got darker. We've struggled with infertility before so we both already knew what was likely coming. 

We've also been insanely busy all week and haven't had any time alone together this week so we're in desperate need of connection, expect my husband is leaving today at 3 pm to catch a flight for work and he will be gone for a week. I work 24 hours a week as a software engineer and provide full time child care so I expect this week is going to be very difficult for me by myself to manage both kids solo 24/7 and get all my work done. My husband was supposed to make muffins before he left to make mornings easier for me this week.

This morning I started bleeding. My husband asked me what he could do to help. He drew me a bath and then he immediately let our toddler get into the bath (I did not get into the bath). And then he offered to go get me my favorite donuts from a shop about 35 minutes away, but sprung on me that if he did that we wouldn't make the muffins for us to eat this week. I told him I hated when he did that, offered ""support"" but only at a significant cost of something else to me. 

Then I went and laid down because the cramps I'm experiencing are debilitating, I'm in so much physical pain. My husband came over to hug me and our 13 month old pulled his hair accidentally and he just completed melted down and stormed off. And he's been crying and sulking for almost three hours now. I've had to completely manage both kids by myself while I am doubled over in pain. Right when he first started crying I went over to hug and hold him. He didn't say anything to me but after a minute the baby grabbed his hair again and he responded by growling and storming off so I took the kids away and left him alone.

When I put the baby down for a nap my husband just glared at me silently. Here's where I told him I wasn't sure I would be able to forgive him for how he's acting right now, as I'm in a lot of need and he only has a couple of hours to be here for me and he's choosing to do whatever this is. And then I went back to taking care of the toddler. Since then he's been storming around the bedroom packing a bag.

He just came in and sneered at me that he's sorry his best is never good enough and then stormed back out.

I'm honestly at a loss of how to move forward. None of my friends or family live close to us, I don't have any local support right now. I want my husband to show up for me and care for me even in just the couple hours we have before he goes, and he's just not. I've already told him I need him but I'm just not getting anything from him right now. I don't think I can emotionally handle it if he leaves like this. What do I say to him?",2024-08-18 16:35:40,https://www.reddit.com/r/relationship_advice/comments/1evdjw9/my_husband_44m_is_leaving_on_a_business_trip_but/,,miscarriage,miscarriage-data-updated - miscarriage_related_posts.csv,9f9fb617fa90044f1fb0ce0d0877eeec9ae3f98c21e3af0551d180f85705780e,miscarriage
1kxw5bb,Miscarriage,"Anxious, sad, scared","Hi everyone,

I am scheduled for a d&c tomorrow after learning I had a missed miscarriage on Tuesday. I was around 7 weeks. 

I’m not sure what I’m looking for. Maybe reassurance? I would like to try again once my cycle comes back but I am so scared that this will happen again. This broke me emotionally and mentally. I know no one can say with 100% certainty that this will or will not happen again but I need to borrow some hope. ",2025-05-28 23:39:37,https://www.reddit.com/r/Miscarriage/comments/1kxw5bb/anxious_sad_scared/,,miscarriage,miscarriage-data-updated - miscarriage_related_posts.csv,bb1fd21160cc833fc107d1548bf5b3836dbe991482e277ae058d74ce52179afd,miscarriage
pgp0yl,Pregnant,This just got personal,"Due to several factors (my age being the main one) my doctor recommended that I schedule an induction at 39 weeks. She explained the benefits of waiting another week would not outweigh the potential risk of a stillbirth and we agreed. On Tuesday afternoon my husband and I packed up our car and headed into the hospital for my scheduled induction. Shortly before I arrived I received a call notifying us that I was “bumped” because there were other patients who had medical priority and had to be admitted. I was disappointed but we ended up spending the night close to the hospital confident we would be admitted the next day. The next night the same thing happened. 

Today I had an appointment with my OB and she further explained that the labor and delivery floor was at capacity because unvaccinated patients were being admitted to triage with serious COVID-related labor complications. They were requiring additional care and taking up more resources than normal. As a result, nurses were getting sick and burnt out, and vaccinated patients with “normal complications” like myself were paying the price. She was sympathetic but all she could recommend is that we go home and wait.

I would be sympathetic if the people getting priority over me had complications that could not be mitigated (preeclampsia, GD, etc.) but that is not what is happening here. I am LIVID that the health of my child is potentially at risk because people refuse to be vaccinated against COVID. In most US states (including this one), women have been eligible for vaccines since March and the research on the benefits of the vaccine compared to the risks of covid for pregnant women have been clear for several months. There is simply NO EXCUSE at this point!! And I am unwilling to sit by and listen to BS excuses for why you don’t “trust the vaccine” when you are actively impacting the lives of other people 😡😤",2021-09-02 19:35:51,https://www.reddit.com/r/pregnant/comments/pgp0yl/this_just_got_personal/,,miscarriage,miscarriage-data-updated - miscarriage_related_posts.csv,03719aa6f14de5e907571ba39445df9fff6b3a55539f09960a17efb47f755437,miscarriage
1lg254d,Miscarriage,I think I’m ready to end it all,"I had 3 miscarriages. First at 9w, second at 20w the day after they told me it’s gonna be a girl and we gave her a name. Third was months after I needed to get myself back together before getting pregnant again. But unfortunately the third ended in 5w. They did some test, I had chronic inflammation the whole time. So they gave me medication for that. We are trying to get pregnant since then but it’s already 2 months and I just got my period again. Meanwhile I feel so much pressure from my family, my sister is 7 months pregnant and told me that those miscarriages were all my fault. My friend just gave a birth a week ago to a beautiful boy.

I just think I was never meant to be a mom, even though I wish for it so much… And maybe it’s time to give up with trying I since I don’t have anything more to wish for, maybe it’s time to end it all.",2025-06-20 11:56:59,https://www.reddit.com/r/Miscarriage/comments/1lg254d/i_think_im_ready_to_end_it_all/,,miscarriage,miscarriage-data-updated - miscarriage_related_posts.csv,658f4893e16341353e0b2d1d4fbddb4b4c9dbe5706d11a3a936c0055491ac1ae,miscarriage
1lehwgg,Miscarriage,Ovulation post miscarriage EWCM,"I’m sure similar posts have been posted several times, but I had a miscarriage on May 28 and only really bled for one day. On that day my hcg was 5000.

Last week when my hcg was 150 I was having ovulation symptoms, cramps in ovaries and EWCM. 

Yesterday my hcg was 64 so it’s still very much detectable on pregnancy tests and opks are all blazing because of the hcg so those are no help. 


Is it possible to ovulate with these levels? I just want this all to be over with. Any similar experiences welcome. ",2025-06-18 14:02:19,https://www.reddit.com/r/Miscarriage/comments/1lehwgg/ovulation_post_miscarriage_ewcm/,,miscarriage,miscarriage-data-updated - miscarriage_related_posts.csv,bea636336dafbbe1c25dc2b5838677b528b9660e7e7266f911874584ff42f77c,miscarriage
1lokdi0,Pregnant,Went to the ER,"I went to the ER, because I was spotting. It was brown discharge at first but become red so I got worried. I have nothing today. But at the ER, I didn’t get the clarity I wanted. They could not see anything on the ultrasound. I’m supposedly almost 6 weeks. My HCG level was 830. They said I could either be early in the pregnancy so that’s why they didn’t see anything, having or had a miscarriage, or could be having an ectopic pregnancy. 

I haven’t had any major cramping or anything out of the ordinary. I’m getting bloodwork done to see if my HCG levels will rise the next few days. I hope everyone can keep me in their thoughts. This is my first pregnancy so I was really excited. At this point I’m expecting the worst. ",2025-06-30 21:51:06,https://www.reddit.com/r/pregnant/comments/1lokdi0/went_to_the_er/,,miscarriage,miscarriage-data-updated - miscarriage_related_posts.csv,1c2ff4f0df2d2603c4990fedaa84596af9be207383680e75dc9a23de9aed3d90,miscarriage
1lh76ta,BabyBumps,Second and last baby is another boy. I'm devastated and need guidance.,"
Yep, probably the fifth gender disappointment post today from a mom who wanted a girl but got a boy.

This is super long, but I am really struggling right now and I'd so greatly appreciate input from mothers who missed out on the daughter or son they dreamed of (and mothers of adult sons). My husband doesn’t really get it. My own mom made it about herself, shamed me, and told me she’d be devastated if she found out her parents had felt this way.

I realized all of this is going to sound very selfish; it’s the nature of first-world gender disappointment. Please share your perspective, but kindly refrain from unconstructive judgment. Though I can’t help what I feel, I am trying very hard to work through these emotions in a way that won’t damage my sons. 

I never dreamed of being a mom. I didn’t even know if I wanted kids until I unexpectedly got pregnant and lost the pregnancy at 30. My husband and I tried again for 10 months before conceiving, with one early miscarriage in between. 

I was terrified of my first baby being a boy. I didn’t dislike boys—I wanted a girl and wasn’t sure I wanted more than one child. From the beginning, my husband has told me he knew he would have another girl at some point (he has a daughter from a previous relationship), which he’s repeated during each of my pregnancies. Perhaps that also planted a seed of expectation.

I was convinced I’d have serious gender disappointment if my first baby weren’t a girl. But then, I started dreaming of a baby boy with dark brown hair and eyes. From then, I knew the baby was a boy. I started to feel happy and excited about the prospect of a son. Sure enough, I found out I was having a boy—I was over the moon and never had a single moment when I wished my son had been a girl. He is the light of my life; I love him more than anything. 

But the longing was still there; I really wanted a second baby. When my son was almost 2, I became pregnant again. I started to look at both boy and girl names, hoping it’d be a girl but not feeling too concerned about the gender. Husband constantly referred to the baby as “little girl,” as if it were a given. Since pregnancy makes me so sick the entire time, this is most certainly my last.

My first pregnancy was chill, happy, and carefree—this time, not the case. I’ve been in a horrible mood. Raising a toddler, working, growing another human, and dealing with relentless reflux and vomiting drained me. It hurts to say, but I’ve felt no connection to the baby growing inside me. I haven’t felt excited. Where I’d be overjoyed to see my son moving during an ultrasound, I’ve felt nothing when I’ve seen this baby. Not positive. Not negative. Just… empty. 

Yesterday, I scheduled a private 16-week scan to find out the gender. I spoke with my mom beforehand and mentioned how I thought it was a boy. How I’d be a tad disappointed if it were, mainly because I had picked out so many pretty girl names—but that I would still grow to accept it and be happy since I do love being a mother to my current son. I felt apprehensive but okay about either outcome. 

I was not prepared for what happened at the scan. 


Boy. Clear as day.


As I cried silently, I was thankful that the room was dark and I had come alone. I don’t know if the tech could tell it wasn’t what I’d hoped or if it’s just normal to joke like this to mothers of only boys. She said he looked great besides missing a vagina. That maybe he’d even grow up to be gay so he’d still want to hang out with me (since, according to her, gay men love their mothers more… geez). I shoved the US pictures into my bag and left. I sobbed in the car as I showed the proof of his gender to my husband. 


“I wanted a girl, too,” he said. “But you are happy, right?” 


No. I shook my head no. I wasn’t happy. I’m not happy. And I’ve spent the entire past 24 hours crying. 

Grieving—mourning, maybe? I’m not sure. I feel pain, sadness, guilt. My heart is broken for this baby growing inside me, who deserves to be loved and wanted just as much as any other baby. His perfect existence exactly as he was made—as we made him—is the source of my grief. It feels incredibly fucked up.

I’ve thought through my feelings—hard. I think what I didn’t realize before is that I didn’t want a second baby—I wanted a daughter. Somehow, that didn’t register then. 


And I’ve thought about why. 


It isn’t because I want to braid hair or throw tea parties or paint nails. I’ve never wished to do any of those things (and if I really wanted to do them, who’s to say a son wouldn’t want to take part?). 

I realized it lies in my own abandonment issues and childhood pain. I never had that best-friend, mother-daughter relationship with my own mom. She ignored me most of my childhood, and I’ve never felt truly supported or wanted by her. I longed to build something different—something beautiful and better—with my own daughter. I longed for mother-daughter solo vacations. Road trips. Her packing up and spending a couple weeks at my place with her own babies every once in a while. Growing older together as best friends. I know that isn’t a guarantee, even if I’d had a daughter. But there would have been a chance. I can’t imagine an adult son wanting to do those things, by no fault of his own.

That isn’t even the biggest piece, though. My mind says, “Boys leave. They will both move on and forget about you. Maybe you’ll see them once or twice a year if you’re lucky. You’ll love these two souls with all your heart just to be forgotten.” I’ve seen it constantly in my personal life.

I don’t have a lot of fulfilling adult relationships in my life or a glamorous retirement to look forward to when my children leave one day. They are all I have. Without them, life looks lonely, scary, and dark. I absolutely understand it is NOT my children’s responsibility to emotionally support me. They owe me nothing, and I expect nothing from them. But my heart can’t help but to want to love them forever, them to love me forever, and to never let go. 

It’s been so bad that I’ve even felt disconnected from my toddler. To try to reconnect, I put on a song he loves and asked him if he wanted to dance. He smiled so big. I picked him up, and he hugged me tightly. I listened to the lyrics, and tears streamed down my face. The song is about wanting someone to stay far away because you know that if they get close, you won’t be able to resist loving them—just for them to leave. It’s about wanting to avoid the real, visceral, searing pain of love and loss. 

In that moment, I realized that—even had my unborn baby been a daughter—I would still fear losing my son to the unstoppable progression of life. In addition to longing for that imagined mother-daughter relationship, perhaps I was also using a potential daughter as a guard against loneliness. A safety net.

I don’t think it’s that I don’t want my unborn son. I think it’s that I’m afraid to love twice with all my heart and have him slowly slip away. I’m afraid to connect with this baby, afraid to love him. And I just don’t really know how to deal with this feeling. I don’t know where to go from here. The pain and desperation just seem so all-encompassing right now. ",2025-06-21 21:22:14,https://www.reddit.com/r/BabyBumps/comments/1lh76ta/second_and_last_baby_is_another_boy_im_devastated/,,miscarriage,miscarriage-data-updated - miscarriage_related_posts.csv,aaeed532f352af029c4b3ab80309b71a0b9f821d3a39480f8564852f2c8777ed,miscarriage
1lg0ufk,Miscarriage,Miscarriage,"Hello, I had a miscarriage at 6 weeks 3 days (based off lasted period) on April 17, I still haven’t had a period which is now about 9 weeks since the miscarriage. I took a home pregnancy test yesterday & it was positive, is that normal? or should my hcg levels be down already? ",2025-06-20 10:43:24,https://www.reddit.com/r/Miscarriage/comments/1lg0ufk/miscarriage/,,miscarriage,miscarriage-data-updated - miscarriage_related_posts.csv,8e69145a11922931126eb4c65e755db736c5a91ecb43dd406b7c7fa97c86115a,miscarriage
1ky15s9,Miscarriage,HCG and progesterone,"I’m 5 weeks pregnant tomorrow, and my HCG was 54.9 today… progesterone was 2.99 .-. Is there any possibility baby is okay? Had two miscarriages before this right at 5 weeks. So not feeling very optimistic. ",2025-05-29 3:49:03,https://www.reddit.com/r/Miscarriage/comments/1ky15s9/hcg_and_progesterone/,,miscarriage,miscarriage-data-updated - miscarriage_related_posts.csv,c561fa2e4a7e81fa150172c84a0736f73db527982bd6bde0436174d1507c47b1,miscarriage
1l90whf,Pregnant,I fell this morning at 21 weeks. Should I get checked?,"Like the title says - my ankle rolled and I fell this morning - really hard on the floor in my bedroom. I twisted so I didn't land directly on my belly. I landed on my whole right side - my arm, belly, and leg. I feel sore like you would expect after a hard fall. I don't think I hurt the baby but my doctor told me to call if anything like this ever happened. So I did, and the girl at the desk said, ""the doctor is on vacation, but I'm sure you're fine."" .... and then silence. This is why I didn't want to call to begin with. I didn't want to feel stupid. But when she responded like that, that's exactly what I felt. I wasn't sure how she could be so ""sure"" that i'm fine when she didn't see me or hardly asked any questions. So I expressed that, and she said to go to the PET unit at the hospital if I'm nervous. But she also felt the need to add that ""women don't usually get checked after a fall unless they're way further along"". So now I'll feel dumb either way.

Should I go? I don't want to worry all night, but don't want to be dramatic either and also don't want anyone else to look at me like I'm wasting their time or seeking attention. Any advice?

For context, I had a miscarriage right before this (nothing to do with a fall) so I'm always a little extra nervous that something will go wrong. This will be my first baby.

**UPDATE:** Thank you SO MUCH for all the advice and reassurance!! All of these comments made me feel way more comfortable going to get checked. 

I went to L&D at my hospital and they were so nice and agreed that any time you fall it's worth being looked at. They checked her heartbeat and it was great, I also saw her moving around like she usually does on an ultrasound, and no sign of contractions when I was hooked up to the machine. So everything is all good!!

 I also had a pelvic exam which was so painful (speculums are straight from HELL but that's a different story entirely) and she checked my cervix, also painful, but it was closed and everything looks great. I feel very relieved. Thanks again everyone :)",2025-06-11 18:54:38,https://www.reddit.com/r/pregnant/comments/1l90whf/i_fell_this_morning_at_21_weeks_should_i_get/,,miscarriage,miscarriage-data-updated - miscarriage_related_posts.csv,1489a87059bc5bd3e1aba6cf81edd216c3f4d5907d1eb43f0af50acec8509d72,miscarriage
eqibe5,WomensHealth,"Help, I’m not sure if I’m having a miscarriage and should seek help?","Hi all,

I recently started on Lamictal 100mg/day. My psychiatrist advised me that higher doses of lamictal can make my birth control less effective (I’m on an oral contraceptive, generic Yasmin). A few days after the end of my last period, and a few days after starting the lamictal, I had unprotected sex. This was not a wise decision and I’m aware of that. About one and a half weeks after sex/the tail end of my last period, I began spotting brown blood. Up until that point, I was having regular creamy white/clear discharge. This spotting steadily began increasing until about 5 days later(this was two days ago), when it turned into a light period. Today, I’m passing medium sized sticky clots and lots of red blood. I have no clue what’s going on - my period is not due for well over a week and I don’t understand why I’m having another period and it’s so long too. My normal ones are only 4-5 days and now I’m at about a week of spotting and bleeding red. I’m wondering if the Lamictal is screwing with my birth control or if I had a chemical pregnancy and I miscarried. I have not had excessive pain. I have had cramps and been extremely bloated and constipated. I’m sorry if this is complicated, I’m just confused and worried. I called my OBGYN and since I live in a very small town, they are booked until March 5. If it’s an emergency I am sure they would take me earlier but I don’t know if I should call them and ask for help. No fever, no dizziness or anything like that.",2020-01-18 16:18:50,https://www.reddit.com/r/WomensHealth/comments/eqibe5/help_im_not_sure_if_im_having_a_miscarriage_and/,,miscarriage,miscarriage-data-updated - miscarriage_related_posts.csv,12b9622300899a7df6f965b7c4f829952981b97bbf147c2a74118b8b855bede5,miscarriage
1dlzir4,TrueOffMyChest,My sister is disabled and my family is just pretending she isn’t.,"I’m so incredibly frustrated right now. My sister is 31 and can’t read or write. During school, she was put in the special needs class but was failing as she found school incredibly difficult. Her school gave her a special needs diploma. My parents didnt know English so they just assumed she was a bad student. She has tried college- got scammed by a fake college and got into loads of debt. She was denied by multiple colleges because she didn’t get a high school diploma. My sister kept telling me that she needed help getting her GED so I told her that I would help her. That’s when I realized she couldn’t even read. 

Most of my life, my mom and dad kept telling me that she is stupid because she didn’t want to study.  When I tried teaching her, she would get all the letters mixed up and couldn’t read an entire line without accidentally skipping to another. She has gotten fired from several jobs because she reads the total wrong or can’t give correct change. I told her that she needed to get tested but my mother told me there was nothing wrong with her and to stop belittling my sister. 

She has gotten into so much trouble because of this. My sister has signed so many contracts without understanding anything and in massive amounts of debt. She never got her drivers license because she couldn’t pass the written test and has incurred multiple fines all dating back since highschool. Her husband steals money from her and will buy whatever he wants while the bills unpaid. Despite her husband cheating on her with her other mentally disabled best friend- she doesn’t have the funds to divorce him. 

For years I have been trying to help by helping her create budgets. Calling creditors to try to get the stuff off her record. Reading legal documents to see if she was getting sued. Organize her taxes. Because my mom would tell me that I had gone to college and could teach her anything. So I have tried so hard but nothing helps.

Ever since my mom died, my sister hasn’t been able to keep the lights on some months. My older brother will loan her money but my other sister tells me she is done with helping her because she doesn’t want any money to go to the awful husband. My dad has been even worse to her since I have bought my first house. He keeps saying she is a failure for not being able to buy one before me and belittles her. 

I called her today and she told me that she was laid off from her job for two weeks because she left without notice (she went to the hospital). She reapplied but was now late on car payments, insurance, phone bills, etc. she has told me that my older brother gave her a $65 loan for food last week but now has no more food for this week. My sister was so embarrassed telling me and I immediately sent her money to help out. 

I see her trying so much but l know it’s not her fault. My family keeps looking at her like a disappointment. 

None of this includes her extensive amount of medical stuff that’s happened- multiple miscarriages, cancer, foot surgery, GI issues. 

I want to help her but where do I even start? I’m sorry for all the spelling errors. I haven’t slept at all  and am intoxicated.
",2024-06-22 16:29:44,https://www.reddit.com/r/TrueOffMyChest/comments/1dlzir4/my_sister_is_disabled_and_my_family_is_just/,,miscarriage,miscarriage-data-updated - miscarriage_related_posts.csv,faaffa77606a97471a561a4decd7cc8f8ff4fdf8219b659213d33b94b0ab35a6,miscarriage
1gwus8j,Pregnant,"At 13 weeks pregnant without an ultrasound, ended up taking a trip to the ER to find out my baby stopped growing at 7 weeks. ","I’m feeling pissed off more than sad. 
My hubby and I got pretty lucky and pregnant almost immediately once we started to use the pee sticks. This was my first pregnancy so I thought I was one of those lucky girls with the best first trimester symptoms ever.  (No morning sickness, just light headaches and sleepy) I guess that could have been my first clue…. 
Anyway one weekend after sex I started cramping and had spitting that lasted a few days. Everyone I had asked said that was pretty normal so I ignored it. About 5 days of bleeped I decided to go to the ER and that’s when they told me the baby had stopped growing at 7 weeks.(6 weeks prior) 
I’m okay with the miscarriage because I know o did nothing wrong and it’s pretty common.  
I’m pissed off that body couldn’t complete the job and now I’m scheduled for a D&C on Monday. 

The ultimate rage —- I had talked to multiple people on the phone with the ER and OB and had scheduled a D & C consultation.  The two are in the same building, we’re on a military base. These mother f*ckers have me fill out an OB intake form with zero clue why the f*ck I’m there. Asking me questions about trying to conceive, period history, any concerns …. Questions you ask people that are trying to get pregnant. What in the actual F*ck ?!?! 
The nurse comes out to get me and I was “I’m not filling this out. This is ridiculous.  She sets me up in the rooms and says “you’re here to follow up with your ED appointment you had this weekend” completely unaware of why I was actually there. 

Is this standard ?! Because I am baffled, mad, sad, irate.  Everything I guess. 

I will say the in person care has been phenomenal, but wow.  

Anyway I am grateful to get this over with in a few days and hopefully be on the road to trying in the near future.  Sigh.  ",2024-11-22 0:22:46,https://www.reddit.com/r/pregnant/comments/1gwus8j/at_13_weeks_pregnant_without_an_ultrasound_ended/,,miscarriage,miscarriage-data-updated - miscarriage_related_posts.csv,e7d2f38e40393f9392ddd436617bd4b22d832387e546276095918c31aab18b7b,miscarriage
dz8zz5,WomensHealth,I miscarried 2 days ago,"2 days ago I miscarried. I think I was 6 or 7 weeks pregnant. Anyways today this came out of me
https://imgur.com/KQ44IUa

What is it? 
I felt it and it has a rubbery like feeling. I know this seems gross but I’m curious on trying to figure out what it is. Should I go to a doctor. I’m still bleeding a lot. Any advise would help.",2019-11-20 22:00:17,https://www.reddit.com/r/WomensHealth/comments/dz8zz5/i_miscarried_2_days_ago/,,miscarriage,miscarriage-data-updated - miscarriage_related_posts.csv,295a9699c5d8694817ad49fbd5badb1790ae595450b9d026fd8095c0e9702d0a,miscarriage
fn2cjc,Pregnant,I wish I didn’t know I was pregnant,"I just found I’m pregnant 5 days ago. I’m currently 5+3 and the anxiety is insane. It’s my first pregnancy and I’m so worried about a miscarriage it’s all I can think about. I haven’t had one before but I’m just so scared of losing this baby. 

I wish I could fast forward to 12 weeks or until I knew my baby was safe. I’m going to book an early scan but so much can still go wrong. I just want these next weeks to go so I can enjoy being pregnant.",2020-03-22 16:28:54,https://www.reddit.com/r/pregnant/comments/fn2cjc/i_wish_i_didnt_know_i_was_pregnant/,,miscarriage,miscarriage-data-updated - miscarriage_related_posts.csv,41d6008c1ab247fd6542c290dbefdc3fd2e042701d1e5a8b8c4e53e2f16f4e8c,miscarriage
1l4e8qg,Miscarriage,D&C tomorrow - so scared,"I went in at 9w4d and they saw an empty gestational sac. I’m very sure on my dates but the surgeon (who didn’t see my initial ultrasound) seems unsure of whether this is a definitive miscarriage or not. The OB didn’t add any measurements to the notes. I had HCGs taken. First was 15,000 and then 48 hours later it was 12,000. The surgeon said that the normal protocol in these scenarios is to wait two weeks and repeat ultrasound. My D&C is tomorrow, one week after learning that the sac was empty. 

My last period was March 21 and I tested positive on 4/19. The surgeon is going to do another ultrasound tomorrow before the planned D&C and she told me that, depending on the size, she may advise me to wait another week for another ultrasound. Or she said I can make the decision myself. I hope that she sees conclusive evidence so this nightmare can be over for me and I don’t need to make this decision? 

I’m terrified of the D&C. I will be awake and they said they will use local anesthetic and injection ibuprofen for pain. I’m taking Xanax before the appointment (I’m prescribed for panic attacks). Questioning whether I want to do D&C or pills, but I don’t think I can bare doing that process at home for an extended period of time. I hope this doesn’t cause long term issues for me. Thanks for reading. I’m just so confused. ",2025-06-05 23:46:28,https://www.reddit.com/r/Miscarriage/comments/1l4e8qg/dc_tomorrow_so_scared/,,miscarriage,miscarriage-data-updated - miscarriage_related_posts.csv,9e5568bca6b4138e4098fd9fa1c9b5a134efe1f62f430ffac3f52ef4372ff5af,miscarriage
1l5121f,Miscarriage,So irrationally angry,"Today I passed a heavily pregnant woman smoking and I am so angry. Not necessarily at the women, bc I don't wish this on anybody, but just at the world. I spent the past seven weeks since the miscarriage wondering if it was because I used to smoke (before ttc). I obsess about this thought, it consumes me. I am so so angry at everything.

Meanwhile I'm in my first 'regular' cycle close to my period and im feeling every pregnancy symptom I did with the previous pregnancy. I've been testing obsessively (like 7 test in 4 days) and they al come back negative. Yesterday I took 2 test with my partner present just to confirm I am not. My partner even suggested I might have a phantom pregnancy. Then I had a dream the following night where I saw a positive pregnancy test. Tested again : negative. We are not even trying and I feel like im going insane. I am so angry",2025-06-06 19:22:56,https://www.reddit.com/r/Miscarriage/comments/1l5121f/so_irrationally_angry/,,miscarriage,miscarriage-data-updated - miscarriage_related_posts.csv,0ab149f00d3d9521e07f34f93d71d7b0095c7a8c9f8e00ea156654ae9ae0486d,miscarriage
1llr8n9,Miscarriage,Period post miscarriage,"Has anyone noticed any changes to their next period after a miscarriage like heavier cramping? 

I had a miscarriage at 6 weeks. My HCG was back down to zero by the first week of June and I finished bleeding/cramping. Fast forward a couple weeks and my period is supposed to come next week but now I’m having cramping which never used to happen for me the week before my period. I’ve been pretty much having the same pms symptoms my whole life every cycle but this feels different. I have an appointment Monday for follow up. ",2025-06-27 11:14:10,https://www.reddit.com/r/Miscarriage/comments/1llr8n9/period_post_miscarriage/,,miscarriage,miscarriage-data-updated - miscarriage_related_posts.csv,03762c643afcbf11aec6e74ae77fdef8478c992e7d0154c222e192ea1a331938,miscarriage
1lcnc14,Miscarriage,First miscarriage,"Found out last Wednesday about my miscarriage. Only had light bleeding and spotting with mild but went to get it checked out anyway. 

Turns out it is miscarriage and I thought I was nearly 8 weeks but growth stopped at 5w 2
Days which just happened to be our 1st wedding anniversary 😞 this was a planed and wanted pregnancy so I’m honestly devastated right now and anytime family mentions having kids or anything I just start crying. 

I know it’s fairly common at 1 in 4 and mine was fairly early compared to some peoples but it really doesn’t make it any easier ",2025-06-16 8:16:37,https://www.reddit.com/r/Miscarriage/comments/1lcnc14/first_miscarriage/,,miscarriage,miscarriage-data-updated - miscarriage_related_posts.csv,4339c14c25399a425f8b1b704e9895f26767f65a2b780ad51f1712f02e5419f4,miscarriage
1kzi87z,Miscarriage,Follow Up Appointment,"I had a positive pregnancy test on April 13th and on the 18th I started bleeding and cramping. This lasted until about the 22nd. (so about 4 days) I had my first OB appointment already scheduled for May 6th, so I went even though I thought that this was a miscarriage and just to see that everything was okay. On the 6th, there was nothing found on the ultrasound and my hcg levels ended up being a 3. The OB had originally scheduled me a follow up appointment to retest my hcg level the next week. I cancelled it because I had something come up and honestly I did not want to go back. 
Anyway, earlier today I received a call from the OB office saying they had scheduled me a new appointment for this coming Monday to a repeat lab and urine pregnancy test that way the doctor can have documentation. (They left a voicemail because I was at work and couldn’t answer)
So, to finish my ramble, did you guys go to your follow up appointment? Many people I know haven’t and reading through this group I know some in here haven’t as well. I just wanted to see others opinion. I honestly wasn’t the biggest fan of this OB, it was my first time there and I would definitely pick somewhere new if I were to get pregnant again in the future. I also don’t have medical insurance (yay America) so I don’t want another medical bill just because the doctor wanted documentation of it. 
Please tell me your experiences, what you would do, or anything to help lol",2025-05-30 23:04:21,https://www.reddit.com/r/Miscarriage/comments/1kzi87z/follow_up_appointment/,,miscarriage,miscarriage-data-updated - miscarriage_related_posts.csv,d1347ae505b1f41f801588a1e455fb9db634fd83374529ceab197c432ad226d2,miscarriage
1lean5v,Miscarriage,Miscarried naturally at 14 weeks. What to do next ?,"My 8 weeks scan looked good but I had started light spotting at 10w5d. I had an ultrasound done the very next day and we could see fetal movement. OBGYN reassured that spotting is not uncommon in pregnancy.

Jump to 13w2d:  I had my MFM(Maternal Fetal Medicine) 1st trimester scan and I was still spotting. We saw a normal heartbeat of 155 bpm. Baby had developed arms and legs but it showed a gestational age of 11w3d based on the fetus size. MFM specialist was concerned that either it meant an abnormality in fetal growth, or an impending miscarriage or some measurement error. I was told to come back for another scan in 2 weeks to check back on the fetal size. 

Six days passed and on Saturday (14w): I started experiencing more period like bleeding. I waited for a day and we went to the ER the next day. 

Sunday(14w1d):  
The on-call doctor in ER did a scan and found out there was no fetal heartbeat. My HCG levels were also low.  The fetal size that day was supposedly same as that of a 10 or 11 weeks fetus.

ER doctor finally revealed the news that I was in the middle of a miscarriage and I might experience heavy bleeding in couple of days. 

I was so disheartened and didn't know what to do. Me and my husband were in shock and we couldn't think properly to ask him enough questions like the risk associated with at home natural miscarriage, the process to properly collect and store fetal tissue to send it for further testing, and whether we should consider D&C as I was at 14 weeks(almost into 2nd trimester) even though the fetal size was small (10 or 11 weeks)

He mentioned I might pass along lot of clots and will experience heavy bleeding and the fetal tissue should pass along with it. 

That night I also contacted my Obgyn and updated him about the status, however he was on leave and unable to provide any care that weekend and a day after that. 

I slept out that night. 

Monday(14w2d): 
The next day seemed bearable as well as I did not experience any cramps or pain other than mild bleeding. 

But as the night approached, the horror began. I started to feel super uneasy. I felt super nauseous and had to vomit 4 to 5 times. I also felt the urge to poop and went twice. My bleeding had increased significantly and I was changing pads every hour.

This was going on for couple of hours, and then the moment came. I had gotten up from bed to puke again and I experienced a big clot coming out of my vagina and I knew my pad was unable to handle such a big clot so I immediately went to the toilet. I had kind of gotten an idea that this might be it. 

And so it was, I passed the fetal tissue and it was a small fetus(approx 4-5cm). My heart sank and didn't know what to do. It happened so fast that we didn't think that we could collect it(and how?), store it in a sterile container to take it to a lab the next day for further testing. 

After passing of the fetal tissue I suddenly felt a relief and my pain subsided a little however I was still bleeding heavily.

Tuesday:
The next day my Obgyn was back and I got an urgent appointment with him. He checked my cervix and mentioned that it was closed. He also did an abdominal ultrasound scan and didn't see any remaining tissue. He mentioned that if I experience heavy bleeding even after 2-3 weeks then I should go to ER to get a D&C done. 

I asked him if we should schedule one with him just to confirm everything but he seemed pretty confident on the ultrasound results that there was no tissue left. 

I am still worried if everything would have come off as I was almost into the 2nd trimester. I know D&C will also need some healing afterwards as well.

Should I follow my Obgyn's instructions or urge him to do a D&C just to check everything once ? 


Any advice will be helpful. Thank you! ",2025-06-18 7:05:49,https://www.reddit.com/r/Miscarriage/comments/1lean5v/miscarried_naturally_at_14_weeks_what_to_do_next/,,miscarriage,miscarriage-data-updated - miscarriage_related_posts.csv,a55681652993ac4fd7332269b2102d44384b3a94fccc1817001e4ba89d09e6c2,miscarriage
ptc8oi,Pregnant,Just a vent about loss/stillbirth posts being put down *trigger warning,"Just a little vent. To be upfront, I had a 41 week 2 day stillbirth. I lost my daughter during delivery. I am currently 23 weeks pregnant. When I had my loss last year I did not post on this forum but rather the babyloss Reddit. Not everyone however knows that it exists. The loss groups also have a different format where you can’t make individual posts. Therefore very few people see your comment or respond to you in the mega thread. So I understand the posts about loss put on the pregnancy Reddit. 

Lately, I have seen posts stating that loss posts are causing anxiety and they want the mods to not allow them. I believe this to be ridiculous and immature. Not everything pregnancy is rosey.  Sometimes people could even learn from these posts about how to advocate for themselves (in my case because of medical negligence) others not to ignore decreased movement, even what to do if you have multiple losses such as the use of progesterone. 

I know that the subject can be touchy but this forum should be there for you during all stages of pregnancy. Not only the good times. Just wanted to say that as it’s been making me angry. I’m sure that the comments are triggering to those who want nothing else but to get their story out there and to feel loved and supported. Not everyone had the great support network I had during my loss. This group may be their only support.

I do know that people don’t mean harm by the posts but soo many women have had losses that I feel they may be hurt by them. Many have not posted but it does not mean it hasn’t happened. Seeing these posts can make them feel more connected, like they are not the only ones.

*Update*
Wow. I can’t believe I received soo many comments. It’s nearly impossible to react to all so please see below. 

1. I hope I did not offend. I find anxiety over loss posts valid. They trigger me as well! But I still read them because I know how much all I wanted was to be able to tell someone my story and be heard. It’s not as easy telling people out in the world about your trauma as strangers on the internet

2. Thank you for those who have either shared losses or aid how a post helped them see signs of potential loss. I know it’s probably uncommon but if even one baby is saved from knowing sings of distress that’s great! Most of the time there isn’t a sign so when there is it’s great to be able to advocate. 

3. For those who don’t know, a lot of loss groups discourage or do not allow talk of current pregnancies or living children so the pregnancy subreddit is best for people like me. I have discussed my loss in regards to my current anxieties which are very high and different from my first pregnancy. Talking about it in a babyloss group would trigger those who have recently lost a child or can not have any more. To be honest I’d rather worry a pregnant mom just a little than to trigger someones ptsd who had to leave the hospital without their little one. 

Also, late term losses are not as common. They are there but the majority of the loss groups tend to be early losses which the grief is all the same. But those people will not be able to share the experiences of a full term delivery, c-section, recovery questions, milk coming in. Babyloss doesn’t feel like the place for me to ask people about my c-section pain during my next pregnancy. 

If it causes overwhelming distress than one should seek therapy instead of trying to hide the negative of the world.  I say this knowing that although I’ve dealt with my grief I still see a therapist every other week whereas before my loss I had not. It can be great and I recommend it for any high anxiety people. 
Edit: Perinatal anxiety and depression occur",2021-09-22 17:16:44,https://www.reddit.com/r/pregnant/comments/ptc8oi/just_a_vent_about_lossstillbirth_posts_being_put/,,miscarriage,miscarriage-data-updated - miscarriage_related_posts.csv,08037092287867f9ae6a2608000a3fc29bc8f95f119841a13ccf008ba3f79687,miscarriage
1amssqg,Pregnant,Am I wrong?,"Long - Please bear with me.

So, my husband and I have been talking about a baby for 6 years, established ‘if it happens, it happens’ - 4 years ago, and 2 years ago, decided we are officially trying.  It took him a year and a half to do the ‘test no man wants to do’.  I have been patient, yet NOT a pleasant person because of this because it makes me feel like he doesn’t ACTUALLY want a baby, just agreeing with me as he has done in the past so.

We FINALLY got pregnant!  I am beyond excited as this is after a miscarriage and I’m ‘high risk’ and have to take medication to STAY pregnant.  We were scheduled for our first appointment on Valentine’s Day.  PERFECT!  Couldn’t have been a better day!  

I felt like I had a kidney stone this past Sunday, went to urgent care to make sure it wasn’t an infection.  Nobody told me kidney stones are common during pregnancy, this is technically my second pregnancy, but the longest one yet.  I got scared and bumped the appointment to this past Tuesday.

My husband makes his own schedule and travels every other week for work.  He decided to miss this FIRST APPOINTMENT because he didn’t want to personally pay for the hotel room because it was his choice and not weather/ company related.  He was on FaceTime during it.

Am I wrong for being upset?  I seriously went to the appointment and they rushed me through, I didn’t get a FRACTION of questions answered that we had a list of, and afterwards, I find out that HE got to have the AWESOME feeling of ‘LOOK!  IT’S REALLY HAPPENING’ and all I felt was anger and resentment for him not choosing us over the cost of a hotel room for one night.  I still (VERY GUILTILY) don’t feel anything when I see this picture. 

Yes, I have abandonment issues.  Yes, He knows that.  No, the $ is not an issue.  I just feel SO slighted that he didn’t choose us.

Am I overreacting?  I do have depression and I spent a day and a half in bed over this and when we talk, I just can’t help but express how much it hurt!  He says he made a mistake and knows it.  I just can’t understand why and how to get over it.

Sorry, first post.  Please ask questions if I’m not making sense…",2024-02-09 16:58:13,https://www.reddit.com/r/pregnant/comments/1amssqg/am_i_wrong/,,miscarriage,miscarriage-data-updated - miscarriage_related_posts.csv,7966a16282ab299dc9ae7167fcb2c8314ba8c4616f08a2850ed13e925a4eb0d7,miscarriage
1l7df5j,BabyBumps,"Those who work physical jobs, how do you talk yourself into going every day? Feeling like crying as I start to get ready for my shift.","I’m a janitor. I actually like the job, at least when working at places where people can behave like humans (where my mom works is not one of those places, she’s also a janitor). I recently worked at a factory and it was wonderful except the company I work for can’t retain people bc the pay is awful. The work wasn’t super hard, and the people at the factory were lovely. But towards the end of my time there (the last 5 months) I was working 11 hr days for weeks at a time, I’d train a first shift person, they’d last a few weeks tops, then I was back to working 11 hr shifts for the next 2-5 weeks. I left that job but still work for the same company, now I’m cleaning an office building in the evenings. The shifts are only 4 hours but it’s harder to talk myself into going here than it was when I was working both shifts at the factory, even when I was briefly pregnant (miscarriage) while doing all that work at the factory it wasn’t this hard to talk myself into going. 

To some degree it’s bc I had been at the factory for over a year and knew if I had off days or even off weeks (like when I miscarried) people would be understanding, and maintenance would help me if I needed it. This place is a little more tight with their expectations and things are just different, and it’s just me alone in a big building. It’s strange being alone in a big building after hours, and I feel like I might not be able to keep things to their standards on my off days, which there are more and more of now. At my old job I could get away with leaving at around 7 even tho technically my shift ended at 8, especially when I was coming in 3 hours early. At this place I can hardly get everything done in the 4 hour shift, and it ends at 8:30 and it’s not flexible. I could stay later I’m sure, but I don’t think they’d appreciate me leaving early. I hate getting home so late. But it’s really my only option until my son goes back to school. I could quit, but finances would be tighter than we (mainly me) are comfortable with. I got pretty used to the over time so going from 50-60 hrs a week to 16 or less (someone else works some evening shifts here, I’m working 4 days a week for the rest of the month bc they’re working OT at their main job) is quite the difference. 

And I’m pissed about how the company I work for treated me during the miscarriage. I had told my boss I was pregnant on a Wednesday, 2 days after finding out, and asked if she could basically expedite finding a first shift person bc I was OVER the 11 hr shifts I had been working on and off for months by then. And told her I’d need a different job 4 weeks later bc it wouldn’t work with my schedule for the summer. She said no problem, she’ll do her best to find someone soon. I miscarried the following weekend, only got Monday off bc I basically just said I won’t be there. They sent someone to cover for me but they did so terrible I cried when I went in on Tuesday. And then didn’t find a first shift person for 3 more weeks until literally my second to last day. It was like the miscarriage was permission to keep working me to death. So I don’t feel like doing any favors for them anymore, and I heard that maybe the factory is looking for a different cleaning company and someone got my number to let me know if so and which company so they could get me back as a janitor. But now I’m pregnant again and ugh I just don’t know what to do. I just know getting up and going to work is becoming more and more like hell to me every day. 

Sorry for the long rant, I suck at keeping things short lol. ",2025-06-09 19:06:57,https://www.reddit.com/r/BabyBumps/comments/1l7df5j/those_who_work_physical_jobs_how_do_you_talk/,,miscarriage,miscarriage-data-updated - miscarriage_related_posts.csv,2104c050a59a6793214e42f946cb0209c6c28ed7fb6e9123a0c263560b658f3b,miscarriage
1ldvl5p,BabyBumps,Don’t really want to discuss the baby,"I’m 18 weeks with my third pregnancy, hopefully first LC. I had to TMFR at 16 weeks last spring, and then had a miscarriage last fall. 

I told my family at 16 weeks this time 1) because everything is coming back as normal and 2) because it was getting weird not to tell them. (I’m pretty private, and honestly would have preferred to just show up with a newborn.) The main things I’m feeling now are that I don’t like being checked up on, and after 4 months of secrecy, I feel like I’m now having to share my son with people beyond my husband. 

Even before the losses, I don’t know if I would have been the kind of person to discuss my pregnancy at length. I don’t dislike being pregnant, but it’s not the most exciting time of my life, just as getting married was something I wanted to do but don’t feel the need to discuss at length. It feels like going to the zoo when none of the animals are out and about; yes, we’re at the zoo, but there’s nothing going on. 

In my own way, I am excited about the baby. I’ve started collecting some things for him and am beginning work soon on a mobile to go over his crib. My husband and I talk all the time about who we hope he’ll grow up to be, what we’re looking forward to showing him, what we’ll be doing this time next year. But after an emotionally scarring loss and then navigating the storm of pain that came after it, I’m not emotionally available about him to anyone else. 

It makes me feel selfish and like I’m barring the family from this part of things. 

I don’t need any advice, just looking to let this out. ",2025-06-17 18:56:25,https://www.reddit.com/r/BabyBumps/comments/1ldvl5p/dont_really_want_to_discuss_the_baby/,,miscarriage,miscarriage-data-updated - miscarriage_related_posts.csv,0e97bc15b4be7452c168692e9ec41e9dff34b876ca3c127adcb5bc6a996562d9,miscarriage
1l2f4ya,Miscarriage,Trying again after?,I just had my first miscarriage on Saturday I was supposed to be 6 weeks roughly and I only bled for two days the ER told me to wait for 2 weeks to resume having sex (I had a very bad experience there and they basically looked at me like I was insane for saying I wanted to try again) when I called my ob they told me to wait until he had 2 menstrual cycles to try again so they can properly base my next pregnancy I asked if we could start trying again now and she said if I were to get pregnant again before my next menstrual cycle they would just base it off an ultrasound and that it wouldn’t be a big deal my question is how long after you stopped bleeding did you try again? I’m unsure really if I should continue to wait the two weeks even though I’ve stopped bleeding thank you all for any advice 🫶,2025-06-03 15:39:18,https://www.reddit.com/r/Miscarriage/comments/1l2f4ya/trying_again_after/,,miscarriage,miscarriage-data-updated - miscarriage_related_posts.csv,af1a9b2076856554e8162b0333f27814dc7461f23507f1018d41e437f429f833,miscarriage
1lia4wo,BabyBumps,Miscarriage fear,"Hello! know that is common to have anxiety for miscarriage and that we should focus on something else. However got diagnosed of partial bicorne uterus at my 6 week, and since than I changed mood, I am discouraged and being worried of all risks that the doctor mentioned (miscarriage, premature birth, etc).
totally know that we should focus on other activities and not think to negative thinkings, job and other things help with that. 

But was wondering if there is something that could kinda help mentally to think that the risk is reduced according our progressing? For example, as long as my hcg are increasing, have symptoms, little cramps and white losses (not sure actually is a good symptom) I can stay calm. But is this really helpful? Iread all those silent/missed miscarriage and it's terrifying ldk, are there other visible things that help you to stay positive against miscarriage? ❤️😭",2025-06-23 7:11:59,https://www.reddit.com/r/BabyBumps/comments/1lia4wo/miscarriage_fear/,,miscarriage,miscarriage-data-updated - miscarriage_related_posts.csv,689e1ae44dbd70c0fb07d654cb7e767c0c6e2daab7bc7a6a33f554e3c42c2085,miscarriage
1l3btb0,Miscarriage,12 week miscarriage first dose of misoprostol not working,"At my 12 week appointment I found out there was no heartbeat. They said the baby stopped growing around nine weeks which means somewhere after my first appointment. Something went wrong. I chose the pill option because it seemed the quickest as my doctor said. I probably wouldn’t be able to get the DNC until next week. I took my first dose yesterday at 9:30 AM. I had slight cramping and spotting then nothing, I was recommended to take a second dose, which I did around 12pm o’clock today. Getting a little freaked out my second dose won’t work. Has anyone had this happen or did their second dose? Take a little bit to kick in as well?  ",2025-06-04 17:37:09,https://www.reddit.com/r/Miscarriage/comments/1l3btb0/12_week_miscarriage_first_dose_of_misoprostol_not/,,miscarriage,miscarriage-data-updated - miscarriage_related_posts.csv,ef57a556e53704fd185060cf6294d401dada87aaf32090463388d032d84b56b5,miscarriage
1glg5ra,Parenting,Final Update: How to talk to our 16yo daughter,"I'm so thankful we live in a state that has Womens/abortion rights pretty easily accessible. Hell, the fact that a miscarriage is already categorized as an abortion should be incentive enough to have the narratives changed across the globe, but that's neither here nor there I suppose.


Went into planned parenthood, received a slight discount, got approved for a loan for the procedure. The staff there were incredible and reassuring and understanding, and a huge weight has been uplifted. Mostly relieved but a little sad, because I love my children and babies in general, but we are not on the pathway to be set up for success if we had to take on the entire well-being of a new little life.


Hubbs has been amazing and supportive and has started the paperwork and procedures for vasectomy number two in the near-future, so its back on birth control for me (while its still covered by insurance) and latex-free condoms to tie us over for the next few months.


We do believe that both our 16yo daughter and 12yo son have a bit of an inkling of what had been going on; they asked a few questions, but were a bit cautious due to the sensitivity of the subject. However, they're not dumb. We share our locations and they delved into where where I was for the initial procedure, so they asked a few questions when we got back (mostly how I was doing), were annoyed they weren't brought back some Panera Bread of their own (Hubbs did good and got me some comfort foods) though we did placate with Mcdonald's… and carried on.  Now that we've had the follow-up procedure and show my womb is “clean and clear” I feel like a much clearer state of mind (Gods, how did I survive FOUR full-term pregnancies?? 😅) and like I could better-takle the Q&As to our tween & teen if they're inquisitive enough to ask… maybe even bring up a session myself to discuss their feelings and answer what I can.


Its a crazy-hectic time to be alive, but we're doing our best to take care of ourselves so as to take care of the next generation as best we can.


Thank you all for the advice and well-wishes. May you all live long and prosper.  You can't take the sky from me ✌️",2024-11-07 2:29:32,https://www.reddit.com/r/Parenting/comments/1glg5ra/final_update_how_to_talk_to_our_16yo_daughter/,,miscarriage,miscarriage-data-updated - miscarriage_related_posts.csv,599d38e5c1e88de4fd15458de0126cc5963b758f15b4bf41128f5c5602ac98dd,miscarriage
1llscoa,Miscarriage,MVA support UK,"Hi all

After a month of blood tests and scans and all sorts of ongoing nonsense I have had confirmed today that my current pregnancy is non viable, and also not going away on its own.  Having had time to look into the options I’ve decided to go for the MVA, which I’m scheduled for on Monday.  I’ve never had anything like this before, our miscarriage last cycle resolved itself naturally… 

Anyway 

I was hoping to pick the brains of those who have had an MVA if possible, and I know I’ll do the same to the poor nurse & doctor on Monday. 

Qs in my brain right now are:

1. Anyone who has had an MVA would you mind sharing your experience? 

2. How long did you have to wait after to TTC again? 

3. Has anyone had an MVA and gone on to have a healthy pregnancy?

Thank you all x x x ",2025-06-27 12:15:01,https://www.reddit.com/r/Miscarriage/comments/1llscoa/mva_support_uk/,,miscarriage,miscarriage-data-updated - miscarriage_related_posts.csv,44d821f8f29ed048f01dac0ea426c624f827225cd122a9ccb3a2a5b084fe1ab1,miscarriage
1l883et,BabyBumps,I need to stop freaking myself out!,"I'm 5 weeks exactly and I keep finding myself going into rabbit holes about miscarriage, eptopics, blighted ovum etc.

I know Google is not my friend! But even the forums are freaking me out. 

Would you say that the majority of people on the TTC and pregnancy forums are people who have previously experienced loss and so that's why it seems like it will definitely happen to me too?

Sorry, I realise I probably sound insane but I think i just need a bit of reassurance. 

Thank you so much i advance xx ",2025-06-10 19:35:43,https://www.reddit.com/r/BabyBumps/comments/1l883et/i_need_to_stop_freaking_myself_out/,,miscarriage,miscarriage-data-updated - miscarriage_related_posts.csv,e70015a0cd226afe0e11187437f3f21a414f141c9b7d8a858d36e988148a0379,miscarriage
1li278m,Miscarriage,Life Hack for active bleeding,"My partner bought me these because I began to have a miscarriage just before a 7 hour drive. They were so helpful. Instead of worrying about if your pad shifted in your underwear, this has it built in. It wasn’t bulky on my jeans. Couldn’t even tell I was wearing them. They are comfortable and brought at least peace to my mind that I wasn’t leaking on top of dealing with this during a long ass drive. Highly recommend these to anyone who is actively bleeding. They’re the nicest incontinence underwear I’ve found. And I even sat in them in bed for 12+ hours after the drive and didn’t have any leaks. And they’re not embarrassing looking, I swear! I hope these can bring some comfort to others experiencing this right now. 

https://business.walmart.com/ip/Always-Discreet-Boutique-Incontinence-and-Postpartum-Underwear-for-Women-Maximum-Protection-XL-Black-9-Count/5241037176

EDIT: I didn’t wear the same pair for 12 hours! I rotated pairs, but I just wanted to explain that they didn’t get uncomfortable after wearing that long.",2025-06-22 23:47:21,https://www.reddit.com/r/Miscarriage/comments/1li278m/life_hack_for_active_bleeding/,,miscarriage,miscarriage-data-updated - miscarriage_related_posts.csv,e9c73cec87d34159b0a48476a56b223309727931ce07f91c75ef1307964d8463,miscarriage
1lieso9,Miscarriage,NHS miscarriage clinic route - Timeline & experience,"Hi everyone,

I’ve recently been referred to the NHS miscarriage clinic (Coventry) after two chemical pregnancies - one natural and one following IVF (with a top-quality 5AA embryo). I’ve been given a consultation date in October, and I’m feeling a bit overwhelmed by the long wait and not sure what to expect.

Just wondering if anyone here has gone through the NHS miscarriage investigations route after early losses? Specifically:
- How long after your consultation did the actual blood tests and uterine scan happen?
- Did you get all the key tests (APS, thrombophilia, karyotyping, thyroid, etc.)?
- Were your partner’s tests included?
- How long did it take to get results and any treatment recommendations?
- Would you recommend going private for some of the tests while waiting?

We’re preparing for a frozen embryo transfer and want to make sure we’ve covered any potential causes before trying again. I’d really appreciate hearing your experiences or advice - thank you so much ❤️",2025-06-23 12:03:26,https://www.reddit.com/r/Miscarriage/comments/1lieso9/nhs_miscarriage_clinic_route_timeline_experience/,,miscarriage,miscarriage-data-updated - miscarriage_related_posts.csv,21ef7f0bc0f2cc7ecf78124855d557d7124b244d41cbee8393b44e4bcc23c1e0,miscarriage
1j34wfr,TrueOffMyChest,I gave my eldest daughter up for adoption 15 years ago today,"I was 18 when I had my first born. Between no support system and post partum depression, I never bonded with her. It was just me and her, I would ask my friends to watch her her while I worked to be able to afford daycare so I could make a life for me and her, yet I still never felt any connection with her. I knew it wasn’t her fault, she never asked for me to be her mother. I told myself I would push through and hope for a better future. I despised her. Her cries sounded like nails on a chalk board and I would end up crying after taking care of her. I still reminded myself, she never asked for me to be her mother, I had to push through. My post partum depression progressed, I never got treatment because of fear. I feared she would be taken away from me because of how we were living. Section 8, a messy house, not having enough food for both of us. I always gave her my meals, what little there was. I went from 150 to 114 in a very short amount of time. I was hungry, tired, overwhelmed, but she never asked for me to be her mother. 

Her father came back into our lives when she was around 14 months. It felt like my saving grace. Maybe we could be a little family and have a home full of love and laughter. He was a drunk. I was still alone with my daughter, and now, I had the heavy burden of having someone in my house that *could* help but chose not to. 2 months later I fell pregnant again. I was horrified when I found out. I couldn’t restart everything again. I kept her because of a previous miscarriage. I felt it wasn’t right for me to be ungrateful. I had a rough pregnancy. I was very depressed and had a turbulent relationship. He left me constantly during my pregnancy. He said cruel things. It only got worse when I had to go on maternity leave. I was called lazy and a bad mother for not working up until I gave birth. My daughter was born 10lbs 1oz, I was exhausted and I hurt severely.

My second daughter was born and everything was so easy. I connected with her immediately. She was such a happy baby. She never cried just to cry. She only cried when she needed something. When I took care of her needs, there was no crying. She was happy and content at such a young age. I realized *this* is what motherhood was supposed to feel like. It wasn’t supposed to feel like a burden, I wasn’t supposed to secretly despise my child, I wasn’t supposed to be angry at a helpless newborn. Havjng my second really changed me. I was so much more nice to my first, I still found her annoying most of the time, but I felt I loved her for the first time. 

It was short lived unfortunately. The post partum depression returned when my youngest was 7-8 months. She was still the apple of my eye, but I turned my hatred to my oldest again. That was the moment I realized I needed to consider adoption. How could a mother hate her child? As the months went on I found myself not giving affection towards her. I would ignore her tantrums and yell at her for them. I would tell her no when she asked if I could hold her. I stopped kissing her forehead or cheeks. She wasn’t an easy child since birth, but it got so much worse as she aged. I laid in bed next to her and admitted to myself, I hate my own child. I hated her as I would hate a person who has done wrong by me for years. The night finally came I had enough. I had been trying to put her to bed for an hour. Hearing screaming, being kicked, having my hair pulled. I snapped. I pinched her. Hard. Multiple times until she fell asleep. Then once more after she fell asleep. The same punishment my mother would do to me. I was turning into my mother. The person I promised myself I would never be like. I had the most rude awakening that night and cried for hours after she went to bed. I took her to the CPS office the following morning and told them I couldn’t be her mother anymore. That was all I said. I left her in the waiting room. I didn’t hug her, I didn’t kiss her, I just left. It ate at me for years and still does. I was the only person she knew in her life. I knew her finding a loving family was better than having a mother like me. I moved a few states away 2 days after. I didn’t want to be found. I didn’t want any possibility of them trying to return her to me because I knew I did this for her own good. It was the only genuine loving gesture I had to offer her since she was born. They never reached out or tried to find me, as far as I knew. 

I still carry the guilt and shame. I still cry for her. How confused and scared she must have been to never see her mother again. Why couldn’t I be the mother she deserved? 2 1/2 years of thinking the bare minimum was the most love she would ever receive. I’m glad I gave her up. Not for me, but for her. I searched through multiple schools near my old town a few days ago. I found her. I took the information I had and found her as well as her adoptive family on Facebook. She has an amazing life. She looks radiant in every picture I found of her. She’s absolutely gorgeous. I know I couldn’t have given her that life. I hope this was a selfless act, not selfish. I hope she doesn’t remember me. 

I married and had one more daughter. I’m so in love with my 2 other children which brings a perpetual guilt to my life. I wish I could’ve been her mother. I still mourn her. I haven’t allowed myself to feel negatively about giving her up, only for the way I treated her. It was for her. She never asked to have a mother like me, so I gave her to a mother that could love her the way she deserved. ",2025-03-04 6:48:08,https://www.reddit.com/r/TrueOffMyChest/comments/1j34wfr/i_gave_my_eldest_daughter_up_for_adoption_15/,,miscarriage,miscarriage-data-updated - miscarriage_related_posts.csv,0cd6588636dd2ebe82143f6b9698005fab56d00b96bbff3f8d93f0a16f8b798d,miscarriage
1l416zl,Miscarriage,I’m new to this group,"Hey, I’m new here. Not sure what’s appropriate to say as an introduction. 

In a couple of hours, I go for an ultrasound to confirm a miscarriage. Yesterday I had one and they’re doing a more detailed one today to be sure, but I am trying to be prepared.

I’m 27 and this is my fifth pregnancy. If this confirms, it’s also my fifth miscarriage. I just needed to now there’s a space I can go to during this time for extra support when I need it. 😔

I’m doing all I can today to stay busy, but I also want to say I feel for all of you here in my own way. Thank you for having this group. 

I will update after the appointment later today, when I can. Obviously we’re hoping for the best, but I’ve had two ultrasounds so far that have not detected a heartbeat. I am about 8 weeks. 

Update: My ultrasound confirmed miscarriage. I have a d&c tomorrow to finish the process. Thank you for your support, guys",2025-06-05 14:52:50,https://www.reddit.com/r/Miscarriage/comments/1l416zl/im_new_to_this_group/,,miscarriage,miscarriage-data-updated - miscarriage_related_posts.csv,16fbbe5646d11b68a09bd28b2b420207e0cb4a2e7cbfcb6d51c0bc8cc51965f0,miscarriage
1ll2l82,Miscarriage,Waiting on natural miscarriage,"They discovered I have a blighted ovum. I had one 5 years ago and the bleeding was awful! I bled so much and had clots the size of my hand. This time I haven’t started the process yet, my body is just starting to recognize I believe bc of the spotting and brown discharge. But I am so tired! I guess from the pregnancy hormones. I am just exhausted. I am scared to get a d&c but also scared to do this naturally again. I am just in limbo as of now. ",2025-06-26 15:09:39,https://www.reddit.com/r/Miscarriage/comments/1ll2l82/waiting_on_natural_miscarriage/,,miscarriage,miscarriage-data-updated - miscarriage_related_posts.csv,0aafa7ae068a62e3616a16779921af09fa1ef0170c6ab3b4884a4797fbc754c8,miscarriage
1lex9mr,Miscarriage,I didn't even know,"Let me start off with some details. Me and my boyfriend are both seventeen, but i'm on birth control. I didn't think anything of it when my period was two days late and I felt sick because I have three little brothers. I get high sometimes at home to sleep. It helps calm me down because I have really bad anxiety. My boyfriend was going to Texas to see his dad. So before we do what teenagers do, and we did it. Friday night, I was cramping, and a lot of blood and i had these like two clots that were attached by a stringy piece. I went to the doctor monday and they said I had a miscarriage. I feel like it's my fault. I feel like I should have known. I was getting high to help with the anxiety of him being gone. I don't know what to do. I'm still having symptoms. I told him and he says, I need to stop hoping because it's party my fault and that we're seventeen, and this would screw up everything. I don't know what to do. Or how to feel. I know that it's stupid that we had unprotected sex. But he was my first for everything, and we've been together almost three years. Should I take another test since i'm still having symptoms?",2025-06-19 0:33:27,https://www.reddit.com/r/Miscarriage/comments/1lex9mr/i_didnt_even_know/,,miscarriage,miscarriage-data-updated - miscarriage_related_posts.csv,4ee1ae435f1f1cca97dccbbbc2ae5702d9ddf160a9cde5e88a8e1e0fe88ecab0,miscarriage
10hbesx,Pregnant,Medical professionals scare tactics,"Is anyone else finding the language and methods used by medical professionals during pregnancy coercive?

I’m a FTM of AMA (41) and at 28w was offered an early induction due to my age because of stillbirth risk. Yesterday, my midwife recorded my baby’s heart rate at 114 and recommended I head to the hospital for further monitoring. When I asked what the issue was since it was within normal range (as I had a scan the day prior, baby had been moving a storm all morning and was resting at time of monitoring) she went straight to still birth risk (baby is FINE)!

I get that pregnancy can come with risks and complications, but I’m starting to feel like in no other medical scenario do the professionals bandy about the worst case scenario so liberally. I’ve never heard: you cut your finger, you could get gangrene. But stillbirth… the amount I’ve heard that is ridiculous and not commensurate with the risk.

Yes, we need to be informed of risks. But, the language and manner in which it’s used is like it’s designed to rob us of our autonomy. This is my first experience of pregnancy and I’m starting to believe that the attitude of medical professionals towards the pregnant body could be why so many women suffer PPD.",2023-01-20 22:50:50,https://www.reddit.com/r/pregnant/comments/10hbesx/medical_professionals_scare_tactics/,,miscarriage,miscarriage-data-updated - miscarriage_related_posts.csv,25bce78ede8718bb461ae60c55824d7622637f3ed482b64937b78d7b3d2066e5,miscarriage
1liuy8e,Miscarriage,Molar pregnancy : What next?,"So I was supposed to be in my 12th week today. On week 11, a transvaginal scan was done and gynec said it was a molar pregnancy and that D&C had to be done asap. In this scan as well as past scans, there was no yolk sac, no fetal pole and no heartbeat as well. It was all a white blur in the gestational sac. 

Talking about symptoms, I didnt have anything severe. There was no nausea. I was just sleepy, bloated and tired all the time. Also I had and still have ZERO spotting whatsoever. However these past fee days I have been having one-second long shooting pains in left pelvic area at times.

This baby was much awaited, we had been trying for years. Through all these tears and heartbreak, I don't know what to do next. I heard some stories of women finding heartbeat after waiting for a few weeks. I heard some women tell me to drink some herbs/meds to let it pass naturally. Others say that D&C is the only way. 

Asking others with the same diagnosis, what worked for you?",2025-06-23 22:47:29,https://www.reddit.com/r/Miscarriage/comments/1liuy8e/molar_pregnancy_what_next/,,miscarriage,miscarriage-data-updated - miscarriage_related_posts.csv,7beb945e35df8a569914b6079da5a75a00c96e0174d95af836f1d7cc3198f376,miscarriage
1l25csq,Miscarriage,feeling over it- MMC,"I had an ultrasound last week at what should have been 7 weeks. Sadly only dating 6w, 1d and there was no heartbeat. I have a balanced translocation which means with each pregnancy there is a much higher risk of miscarriage, but my own mum and many others I have seen online have got lucky with their first pregnancy and had a healthy baby, so I was holding onto some hope. I have been made to wait a week for a follow up appointment at the hospital which has just been traumatising- after my dr already pulled out the tissues and said she was sorry last Wednesday. I haven’t had any pain or bleeding yet, but I’m just so worried they will leave me hanging on even longer after my appointment tomorrow. I’ve been through all the stages of grief and now I just feel angry. I just want to have a D&C ASAP so I can try to move on. ",2025-06-03 7:00:46,https://www.reddit.com/r/Miscarriage/comments/1l25csq/feeling_over_it_mmc/,,miscarriage,miscarriage-data-updated - miscarriage_related_posts.csv,bb45bc26c340372c589d4178ef04c5d9cb41abc34989687ba479f80cddd24668,miscarriage
zxgnng,Pregnant,I am getting increasingly frustrated - a rant.,"I'm 9+5. I thought I would be 11+5 right now based on my LMP so I'm still somewhat upset about that but slowly getting over it.

This is my first baby and my husband's second, he has a 17 year old from a previous relationship. 

The husband also has like 10 sisters so he's seen a lot of pregnant over the years and believes this makes him something of an expert on the whole thing.

I am getting increasingly frustrated lately because every single time we talk about anything pregnancy related he tends to I don't dismiss things? 

Like we had a whole discussion about the OB yesterday. We don't have a specific OB right now, my first appointment was at a women's wellness clinic and the way it works there is they have a bunch of OBs and you see whoever is working at the time of your appointment. 

Anyway first appointment the OB asked how I was feeling so far and I said that I had been nauseous and throwing up A LOT like 3-4 times a day, often everytime I eat. 

So she prescribed an anti nausea med for me in hopes of settling that down. She also recommended that I start taking a baby asprine daily to help decrease the risk of hypertension and pre-eclampsia and all that and a couple extra vitamins.

Husband picked up everything but the baby asprin because he looked it up and spoke with the pharmacist who apparently told him it was ""experimental"".

I'm not supposed to start taking them until 12 weeks so whatever no big deal. 

But he calls me after leaving the pharmacy to bitch that the OB ""doesn't know what she's talking about"" and is prescribing things to ""make me feel better"" while putting the baby at risk.

I'm not a complete moron. I looked up the prescription before I started taking it and it's literally designed for pregnant women and the only ""risk"" is in a small study they thought it might slightly increase the chance of some childhood cancers but it was one small study and nothing conclusively linked to the medication.

On multiple occasions he's made comments about how doctors these days are too concerned with the comfort of the mother and not about the safety of the baby. Which in and of itself irritates the absolute shit out of me because WE'RE THE ONEA GROWING THE FUCKING BABY. We're the ones going through all the changes, we're the ones dealing with everything, we're the ones that are going to go through a horrifically painful ordeal to bring them into the world.

OUR COMFORT MATTERS.

Anyway that aside. 

We started talking about getting a referral to a different OB last night because I'm not thrilled with the idea of probably never seeing the same one twice anyway and he starts making comments about how he doesn't like the one we're currently seeing because she clearly ""doesn't know anything"" and she ""pushed drugs on you in the first appointment"". 

I pointed out that the only drugs she prescribed were the anti nausea pills so I could stop throwing my guts up all day every day. 

He went on to make more comments about how it's not safe for the baby but that he ""accepted me taking them"" because I was throwing up so much I'd probably end up malnourished which is also bad for the baby.

By this point I was already agitated but generally ignoring him and carrying on with the conversation.

I had said that I was concerned about who we'd end up referred to because I didn't want to end up with some old guy on his way to retirement that just happens to have availability to take on a new patient but ultimately as long as I'm comfortable with them I guess it doesn't matter.

Well I tell you this man took that comment super freaking personally apparently.

Started saying it doesn't matter if I'm comfortable as long as the doctor knows what they're doing and if I wanted to be comfortable I shouldn't have gotten pregnant because pregnancy is uncomfortable and blah blah blah.

I shot him right down and told it's MY medical care and if I'm not comfortable with the person providing it then it's not going to work. 

That of course led to a small circling rant about the anti nausea pills again and how they're unhealthy for the baby and shouldn't have been prescribed just because of some ""discomfort"" I mentioned on the first visit and how pregnant women shouldn't have any medication while pregnant because it's all bad for the baby in some form. 

He went on to say that the only medication pregnant women should really have is epidurals when they're giving birth. 

I shut that down and told him that I have absolutely no intention of having a needle jabbed in my spine. None. Zero chance. It's not happening I don't want it. 

To which I could hear him roll his eyes on the phone before commenting that his ex said the same thing and that ""you do know that giving birth is the most painful thing you'll ever experience and you're going to want the epidural"" blah blah blah I said I'm not at all interested in it, there's a load of possible complications that it can bring and I'm NOT INTERESTED IN HAVING A NEEDLE JABBED INTO MY SPINE. 

What is so fucking hard about that to understand?! 

He then went to say yeah well that what the ex said too and she was begging for one when the kid was born and he was a 10lb baby you know. So this one is probably going to be big too and you're going to want the epidural.

No I don't. 

And this pregnancy, this baby is NOT that pregnancy or your son.

All of my moms kids were small, I was barely 5lbs when I was born. 

There is absolutely nothing saying that this child is going to be huge like his first. Nothing. 

I am incredibly good with taking things in stride and ignoring his ass when he starts acting like he knows everything about pregnancy but some days it is HARD. 

While we were talking about switching OBs yesterday he even straight up said that the health of the baby was what is most important and my ""comfort"" isn't his primary concern nor should it be mine because who gives a fuck if I'm comfortable with the doctor as long as they know what they're doing.

Do men have no concept of we're growing the freaking baby, it's our medical event, our bodies that are taking the thrashing so why exactly do they think they get any kind of a say in who we see or who we're comfortable having around our freaking bodies while we deal with all of this?? 

Other little ""gems"" of I know everything because I've been around pregnant women my whole life! 

Include him straight up telling me that my mood swings had nothing to do with the baby because mood swing like ""that"" don't start until much later in pregnancy.

Me telling him I had I sit down while he was in the stores at the mall because I was absolutely exhausted and winded. And him telling me that the only reason I'm like that is because I don't exercise enough because pregnancy doesn't cause any of that until later on.

Me saying I was too tired to do some of the chores I had originally intended to do and him kind of half chuckling and going ""and you're not even at the fat and lazy part of pregnancy yet!"".

Me getting upset over something or another and being told to grow up and control myself because being ""that upset"" is bad for the baby and do i want to cause a miscarriage?

I swear to God he's perfectly fine and a wonderful suportive husband 90% of the time but that other 10% I want to kill the man.

I needed to rant and vent about this to someone and I feel like you gals of all people will understand ❤",2022-12-28 18:16:58,https://www.reddit.com/r/pregnant/comments/zxgnng/i_am_getting_increasingly_frustrated_a_rant/,,miscarriage,miscarriage-data-updated - miscarriage_related_posts.csv,9a5d878564ff5778bef61af5960b30862ca9fdfc7943ef74332b50df67d1decd,miscarriage
1l0omvb,Miscarriage,"Missed miscarriage, what to expect?","I'm 9+1 weeks today but have had some very very mild spotting. Plus my symptoms have reduced and I just had a sense that things weren't right. Was referred for scan on Friday and attended today and I was right. Two possible sacs, she wasn't sure, one of them not really there and one measuring 6 weeks. No heartbeats. I will return in a week for a further scan and to discuss options if miscarriage hasn't started, but I'm inclined to let things happen naturally if I can.

I feel pretty numb and blank. And I feel scared of what's to come. I've read a few stories and seen a few pictures and it's awful. Will I see it? Or will it be too small? If anyone is willing to share their experience of this at a similar point of development that would be helpful. 

I'm thinking of taking next week off work but what if it takes weeks to get through, I can't just stay off.
I just feel all over the place ",2025-06-01 13:11:55,https://www.reddit.com/r/Miscarriage/comments/1l0omvb/missed_miscarriage_what_to_expect/,,miscarriage,miscarriage-data-updated - miscarriage_related_posts.csv,00dcdd47ec299a23316f79843ca88d7467e320a3448760c1962aba3a21c80e4f,miscarriage
1lfm3tb,Miscarriage,Blighted ovum 7wk1d,"My partner and I did IVF to experience our first BFP only to find an empty gestational sack at our first ultrasound... Our doctor told us to stop taking our meds and it should naturally pass in the next two weeks. If we want to, we can take miso or schedule a D&C to speed things up. 

For those who had a miscarriage while taking IVF meds, once you stopped did you pass the POC fairly quickly? Did you opt for assistance right away? 

Just trying to figure out how to move forward

Edit - I was taking estradiol and progesterone",2025-06-19 21:07:51,https://www.reddit.com/r/Miscarriage/comments/1lfm3tb/blighted_ovum_7wk1d/,,miscarriage,miscarriage-data-updated - miscarriage_related_posts.csv,654ec5668619849652aecef008d30118fd51cb32eae8407b44c589060410668d,miscarriage
1kxwanc,Miscarriage,18 days DPO and line is getting faint,"Hello, I believe I am having a chemical pregnancy. This isn't my first but I didn't monitor the pregnancy tests the last two times to notice the lines getting lighter. I am wondering is there still a chance? It was fairly light this morning. But bever really got that dark from the start. Or how long from now can I expect bleeding? Without bleeding I am finding it hard to accept this is probably happening.. thank you for any advice",2025-05-28 23:46:27,https://www.reddit.com/r/Miscarriage/comments/1kxwanc/18_days_dpo_and_line_is_getting_faint/,,miscarriage,miscarriage-data-updated - miscarriage_related_posts.csv,b1630cd28eb4098fe1349af945b493e07fd0a009dd5759583d3703297d4aa8ca,miscarriage
1lil7og,Miscarriage,Due date,"Today was supposed to be my baby’s due date. I was hoping I’d be okay, but I’m not. My friend gave birth to her beautiful baby today. While I should be so excited for her, all I can think about is my hopes and dreams that was ripped from my womb at 10 weeks. Miscarriage is the most unnatural experience I’ve ever had. Now I get to feel grief over my loss and guilt for the way I feel about my friend’s blessing. ",2025-06-23 16:30:04,https://www.reddit.com/r/Miscarriage/comments/1lil7og/due_date/,,miscarriage,miscarriage-data-updated - miscarriage_related_posts.csv,baecd6bc0c8ad09f756c5f3a3a3452c0aeea6185647c6a37cc86c66afbb8b5a5,miscarriage
nd46o9,Pregnant,10 Surprising Things About My Pregnancy Experience,"1 - Softening of whole community:  Some relationships would quickly become more tender at the news of a baby on the way. Friends, brother, etc. Vulnerability went up.

2 - Missing Intimacy:  I would miss flirty intimacy terribly with hubby. I can't randomly put my arms around his neck and straddle him when he's on the couch with a basketball strapped to me.

3 - New Intimacy:  A new intimacy would develop with hubby and he  would care for me in a way I didn't know was possible. His tenderness is on a new level. 

4 - Bye Modesty:  I would lose concern for modesty before baby is even born. I just care to know things and make sure everything is okay.

5 - My Past Mistakes:  That I made mistakes on how I treated pregnant people or new parents in the past. I'll try my best to be graceful in teaching people in my circle how to treat pregnant women and new parents. More open communication.

6 - Generosity of Others:  That some colleagues and acquaintances would be so generous when it came to baby registry, advice, excitement. Often they had children recently or are heavily involved in the lives of nieces/nephews

7 - WFH for Pregnant Women:  The importance of pregnant women being able to WFH their whole pregnancy. It could make a major difference for women's equality in the workplace.

8 - New Understanding:  How pregnancy is different for everyone on so many levels. The most difficult stage for me was the first trimester and last few weeks of the third trimester.

9 - Resources and Culture:  How most online resources and forums about pregnancy, delivery, ftm, etc. in English highlighted differences between American and Mexican culture for me. I looked up information/resouces in Spanish or reached out to family, and I've never had to do this for any other stage of life. 

10 - Empathy Increase:  How easily I can be brought to tears when it comes to other pregnant women's suffering or learning of an internet stranger's miscarriage.

*Edit: Thanks for the wholesomes & silver kind redditors!",2021-05-15 17:37:56,https://www.reddit.com/r/pregnant/comments/nd46o9/10_surprising_things_about_my_pregnancy_experience/,,miscarriage,miscarriage-data-updated - miscarriage_related_posts.csv,9287b2974bcaf45c28ea1888f056ff79d6b669c2b8887c3caa5328148bf92f25,miscarriage
1hr3t7y,Pregnant,(UPDATE) I was involuntarily held at a psychiatric facility for saying I didn’t want to be pregnant,"First I’d like to say thank you to the outpouring of support. It really means a lot to me. I’m going to start with a very small update and then at the end I’m going to answer some question/ clear up some misconceptions about what happened. 

Update: 
I did see my new OBGYN and had my first ultra sound. My little guy is measuring right on time and had a heartbeat of 167. I feel overwhelmed with relief knowing he is safe in there and doing well. 

I explained the whole situation to by OB and she was incredibly understanding. She gave me a new prescription of Zofran and took some labs while I was there to check my electrolytes and probably some other things. I’ll have another follow up with her soon. At this point I feel comfortable enough working with her so that’s my current plan. 

As for complaints and legal stuff, there isn’t much movement on that front due to the holiday but I still have every intention to pursue those options and will try to update as I can. 

Now the other stuff. 

I did not expect that post to gain as much attention as it did, it was cross posted many times and the responses were overwhelming sympathetic but there was a ton of skepticism especially from doctors who read it. But hey it’s the internet so that’s to be expected I guess. At the end of the day I don’t need any strangers online to believe what happened to me, because I have recourse in real life and that’s ultimately what matters. I was accused of changing my story but I think that was mainly from people who skimmed my post so below I’m going to clear up somethings, and provide some additional details, not because I have to but because I think if there’s going to be discourse about my experience, I want it to start from a place of accuracy of timeline and events.

Starting with, at NO point was the court involved with the decision making process. I went to the ER willingly, they made it seem like they were not equipped to help my situation and that the other facility would be able to help me with my sleeping and panic attacks. I was so run down by the time the social worker came to my room that I’d have agreed to go anywhere they said would provide me with relief. I went to the new facility voluntarily of my own free will. There was no 72 hour hold. When I mentioned 72 hours in my last post, I meant that the whole situation from going to the ER to leaving the new facility took place over 72 hours. 

Once I got to the new facility and met with the doctors, I realized that I was not in the right place to get the care I personally needed. I was away from my support system, not being given the proper medication to control my vomiting, my anxiety was significantly heightened, and I not being given any additional treatment or resources, so to me there was no point in me being at the facility and it was indeed making my situation undoubtedly worse. After speaking with the on call psychiatrist, he told me that he thought the ER doctor misled me, and that I’d need to sign an AMA form which would place me on a 24 hour hold. It was clear he did not want to be the one to discharge me and insisted I needed to speak with the attending. He mentioned the possibility of a court order but said it was unlikely they’d get one for my case. 

After that conversation I went to review the paperwork they gave me during admission. I found the patient bill of rights which stated that for voluntary patients, they had a right to be released within 4 hours of their request. UNLESS 1. I changed my mind and wanted to stay, 2. I was under the age of 16 and my gradian didn’t want to release me, or 3. If the doctor has reason to believe that I might meet the criteria for court ordered services or emergency detention because; 1. I’m likely to cause serious harm to myself, 2. I’m likely to cause serious hard to others, or 3. My condition will continue to deteriorate and I am unable to make informed decisions as to whether or not stay for treatment. 

After I read that I bought the papers to the nurses and requested a justification from the psychiatrist for the 24 hour hold. I wanted to know which reasons he was using. The psychiatrist did not provide reason or justification beyond the attending needed to evaluate me. That’s it.

To be clear, this is ILLEGAL. They had zero reason to keep me past the four hours. At no time had I indicated I was a threat to myself or others. Not verbally, or written on any of the questionnaires that I had filled out during admissions. The attending not working that day is NOT a legal justification to hold me. Their schedule does not supersede my rights at a patient. 

Now after the 24 hours was up, the original on call doctor came back to discharge me. He was clearly agitated that the attending refused to come into do the discharge, so I never at any point spoke with the attending who was originally assigned to me. 

The on call doctor did not seek a court order to detain me. The conversation lasted about 10 minutes or less. When I asked again for the justification to keep me, he asked me if I said anything to the ER doctor about wanting to end my pregnancy, and I told him I just said I didn’t want to be pregnant because I was so miserable. I then tried to ask if he believed that was enough justification for the hold but he cut me off. It was clear he didn’t want to engage in any further conversation. My concern here was the implications of legally being allowed to involuntarily commit any woman who said she didn’t want to be pregnant anymore, which seems INSANE to me. But I digress. 

To answer questions about the facility:
Why didn’t I just leave? Because this was locked facility. I couldn’t just get up and walk out of the door. 

How were they able to take me so fast? This facility has been open only for 10 month. They had beds and empty rooms available when I was there. 

Questions about my ER visits:
I had three separate visits which took place over four weeks. The first ER I went to was a stand alone clinic not associated with a larger hospital. The doctor there said next time to go to a ER attached to a hospital with L&D. So the next time I went to an ER, I went to an ER hospital that I mistakenly thought was a full hospital but it was a hybrid and they did not have L&D. The third ER was attached to a full hospital. I was not doctor shopping, I’m just not familiar with the hospital systems here. 

Regarding my comments about ultrasounds and OBs. I never requested an ultrasound during any of my visits to the ER. I mentioned the ultrasound in the original post just to state I hadn’t had one yet and hadn’t been evaluated by an OB yet. My mother has a history of missed miscarriages so in my head I thought it could be a possibility, and if I was being denied medication for being pregnant I was just hoping I did have a viable pregnancy. But again, I didn’t request an ultrasound. 

Concerns regarding DIY abortion: I am not and have never considered a DIY abortion. I am lucky enough to have all the resources I would need to fly anywhere in the world to get appropriate medical care if I had decided to go that route. Both my fiance and I work high paying remote tech jobs and in the worst case we could move out of state tomorrow if I absolutely needed to. Obviously this isn’t an ideal route but it is an option that is still on the table, even if it’s just to get care in a better medical system outside the state of Texas. 

Medications I’m currently taking: 10mg busiprone 2x a day, 50mg Zoloft. Zofran, unisom + b6, prenatals. NO benzos. 

So to cut through all the bs, whether you agree or not with the doctors course of actions, I hope most people can see that the facility was not the right place for me to be. They were not well equipped to handle my pregnancy symptoms, they were clearly understaffed, and they were not providing me with any additional treatment that I wasn’t getting at home. There was no reason for me to be there. It made things in my case significantly worse and I hope maybe if anything people can just learn from my experience. 

Again, I’d like to thank everyone for their support and for the DMs I received. I’m also so sorry for all the other similar stories I’ve read. It seems like there’s a bigger issue happening here and I hope others can eventually find peace too. 

I am going to continue to work diligently with my OB, psychiatrist, and hopefully a therapist so I can really unpack this entire situation. As I said before I’ll try to update as I can but I’m sure the complaint and legal process will be slow moving. 

I’d also like to ask if you know any attorneys in the DFW area who may be interested in this case, please feel free to shoot me a private DM with their information so I can follow up. 

I will also try to answer any additional questions in the comments, in case there’s anything else I’m forgetting. 

Obligatory, sorry for the terrible formatting, I’m on mobile. ",2025-01-01 14:20:57,https://www.reddit.com/r/pregnant/comments/1hr3t7y/update_i_was_involuntarily_held_at_a_psychiatric/,,miscarriage,miscarriage-data-updated - miscarriage_related_posts.csv,4313d4d98960ba9039e28d544b460fdc377dba1f97cf80c2cf9e436c0f7aa046,miscarriage
1l8ivra,BabyBumps,This sucks 😞,"Well, still waiting on my blood test from last night for the results but I’ve been bleeding that’s it’s filling up a super tampon every 10 hours with red blood bright colored and tiny clots. I’m assuming I miscarried but waiting for my results for a definitive answer",2025-06-11 3:45:18,https://www.reddit.com/r/BabyBumps/comments/1l8ivra/this_sucks/,,miscarriage,miscarriage-data-updated - miscarriage_related_posts.csv,b0055a8c370e46bc5471e433cad94e512c6388aaae9774a0f7a89fcea60f5e97,miscarriage
1h6ok4q,Pregnant,Omg,"It happened, I am finally pregnant. Just wanted to share our TLDR story...TW MC

Edited for grammar/flow

The first and only time we conceived was 10 years ago—yes, TEN. I had just started birth control and didn’t realize it wasn’t effective right away. Ironically, the birth control boosted my fertility, and I got pregnant. At 20 years old, I went to a walk-in clinic where a doctor warned me that miscarriages were common. I didn’t fully understand what she meant. When I got home, I took out my NuvaRing, thinking I didn’t need it anymore. Nobody explained what could happen, and removing it inadvertently triggered my period. 

Two weeks later, at 7 weeks pregnant, I miscarried. At the time, we didn’t have a car, so we took public transportation to the ER. I heard my baby’s heartbeat, but the tests confirmed the miscarriage shortly after. The pain and grief were unimaginable—something I had never experienced and wouldn’t wish on anyone. My heart and my world were shattered. 

In those short weeks of being pregnant, I felt the joy of becoming a mom, and I couldn’t let it go. Once I had a taste of it, I was determined to find a way to feel that again. But, as Coldplay sings, the next 10 years carried the weight of “when you lose something you can’t replace.” 

For the past decade, we’ve had unprotected sex, and it’s been a journey filled with trauma. We tried everything to keep our bedroom life exciting, feeling like fools at times. Cheap ovulation strips, tracking my cervical mucus, countless negative tests, and doctor visits where I was told my weight was the issue. One OBGYN put me on progesterone suppositories, but nothing worked. Even my best friend at the time told me it wasn’t “meant to be” between my partner and me, claiming that’s why God wouldn’t let us get pregnant. We went to counseling, but the emotional toll was relentless. 

Growing up really poor, I never had consistent medical care. By the time I was 29 and could afford regular visits, my doctor told me that most couples only try for ONE year before seeing a fertility specialist. I was floored. I had spent 10 years struggling alone when I could’ve sought help sooner. Three months ago, we finally went to a specialist. It was terrifying—like putting all our hope on the line. After two failed cycles, I remember crying, shaking, and thinking, “If this doesn’t work, I don’t know how I’ll survive.” 

The hormones from Letrozole and the trigger shots were intense, and I didn’t think I had the strength for IVF or IUI without taking a break. But on the third cycle—the one where we had almost given up—we conceived. 

Now, I’m 6 weeks pregnant, and I feel so many emotions. I’m overjoyed but can’t help reflecting on the past 10 years. Watching others become pregnant while I stayed frozen, unable to fully commit to anything else. I couldn’t truly comit full fledged to pursuing a career, or feel the free spiritedness to travel, or even let myself learn to dance or create... I couldn’t fill the gaping hole in my heart.

I’m not sure if there’s any takeaway or wisdom in my journey—I just wanted to share. These communities have been my lifeline over the last year, even as a lurker, and I wanted to say thank you. This is the first time in 10 years that I’ve been pregnant, and while we’re cautiously optimistic about this little one, just knowing we can conceive with help feels like a small victory. 

It’s like coming out of being in trouble or something —you’re cautious, trying to make sure you don’t mess up. That’s how I feel now, just trying to navigate this new, surreal reality. If you made it this far, thank you for listening, and thank you for your encouragement. ",2024-12-04 19:19:35,https://www.reddit.com/r/pregnant/comments/1h6ok4q/omg/,,miscarriage,miscarriage-data-updated - miscarriage_related_posts.csv,eae6ada3564df2f164817ffe362a88d7e45826eb34c3496c8ee2cc2147816e1b,miscarriage
1igrp4x,BabyBumps,First OBGYN Appointment Seems Too Far Out - 13 Weeks for In-Person,"I’m 34 and just found out a week ago that I’m pendant for the first time, (the guesstimate is that I’m currently at 4 weeks and 6 days along today). I have only taken home pregnancy tests.

When I called the recommended OBGYN office last week, the scheduler said their policy is to wait until week 12 for a mandatory phone call to do medical history on the mother and father, then the first in-person appointment isn’t until week 13. 

Everything I’ve read makes it sound like being seen 8-10 weeks is normal, (sometimes up to 12). I expressed concerns to the scheduler about waiting so long past the norm—especially with my age, having thyroid issues, being almost pre-diabetic/insulin resistant when I got pregnant— I also have ADHD so I was taking meds that I was sure could harm the baby. The scheduler scheduled an appointment for this week— but said that it would be strictly non-OB related— basically just so I can ask questions. I think I might cancel it since my PCP already responded and told me which medications to take, but I’m also really concerned about not being physically seen or having any tests run until week 13. 

Should I be concerned? Should I keep fighting to get seen OB-wise around week 8 instead? 

It kind of comes off to me like the office doesn’t want to bother with people who miscarry, so that’s why they don’t see before 13 weeks— but I can’t help but wonder if seeing someone sooner would be better for my baby and help reduce the risk of miscarriage. (They also bounce patients between providers and your delivery person sounds like it’s whoever is on call that week— that doesn’t sound normal to me, but I have never been in this position before so I don’t really know what is normal.)

Looking for advice. ",2025-02-03 15:31:27,https://www.reddit.com/r/BabyBumps/comments/1igrp4x/first_obgyn_appointment_seems_too_far_out_13/,,miscarriage,miscarriage-data-updated - miscarriage_related_posts.csv,49d3dd2d5de67445831327d5a7f2896b040b64f7d5f92b769dadab789925dff5,miscarriage
1kz6gti,Miscarriage,"This is meant to be helpful: Blighted Ovum, miscarriage Timeline","I want share my experience (I'm 36, this was my first + 'pregnancy', and was told due to low AMH we had a 10% shot at conceiving naturally.  We have not done fertility treatment.) .

I found out my gestational sac was empty at 6 week ultrasound\*\*.(My Hgc was 16000)  Dr stated facts. they didn't say this was a miscarriage, but didn't say it was viable.  but based on the tone and attitude with all the medical team, it wasn't promising (breast soreness and frequent urination were my only symptoms during this, and the breast soreness/swelling went away around this time )   

5 days later;  cramping and bleeding started 

3 days later, another ultrasound:  No growth in gestational sac.   Still cramping and bleeding.  Diagnosed with miscarriage, decided to allow natural passing of the tissue (No meds or D&C)

One day later- In the evening.  HORRIBLE AWFUL cramps.  sat on toilet for 1.5 hours cramping/bleeding.   I took Percocet, (didn't do much)    Cramping intensified for 5-10 mins then i felt a large amount of tissue slide out. Instantly felt better, SO much relief,  cramping stopped.   (I have a picture.  i don't think this allows you to post, but will share if anyone needs to see for reference, it was a gest. sac no embryo ) 

Unfortunately this whole time, i thought a miscarriage was inevitable.  I couldn't' stop googling pregnancy symptoms and miscarriage symptoms.  Hoping and praying we can get pregnant again and it is healthy and normal.  Reddit has been my go-to through all of this, and has been pretty helpful.  So i'm hoping this somehow helps someone else too.   Praying for anyone going through these struggles!  





*\*\*ALSO:  at my 6 week ultrasound i had to do emergency surgery bc of suspected Ectopic pregnancy due to mass near my fallopian tube, but it was fibroids, so nothing was removed.  no idea if fibroids will be an issue in the future i never asked and was never told.   Kinda a big side note, but not really relevant at this point.*  ",2025-05-30 15:02:05,https://www.reddit.com/r/Miscarriage/comments/1kz6gti/this_is_meant_to_be_helpful_blighted_ovum/,,miscarriage,miscarriage-data-updated - miscarriage_related_posts.csv,805ef5e3b455b1d1d87069e86a21352f60ac6bc2511ca81bf47c217c82db26c1,miscarriage
1ky5vex,Miscarriage,Post partum recovery and moving out stress with no support,"I am moving out of the country where I am living right now with my husband this Sunday and I am at severe stress in every level; physically, emotionally and mentally. 

I met my midwife yesterday to bid a goodbye, which was a difficult one because she was there with me during my natural second trimester miscarriage in Mar in my appartment and took me to the hospital asap. 

I feel physically weak because my period is around and PMS has been too severe. This is going to be my second period after my miscarriage.

I feel mentally tired of packing and vacating this apartment with no support around. I have lived in so many apartments in last couple of years after my marriage and did all cleaning, packing stuff all by myself with little or no support from husband who is too busy in his work. 

But this time my body and mind don't seem to be handling things so easily. I feel too exhausted but I have no way to figure out how it can be done.

For my husband, everything related to work is a priority while I have been taking care of household, bills,my finance, his finance with or without job ever since we got married. He has no time for anything except his work. 


I just pray God to give me strength to wrap up everything and facilitate this move because he is the only one who can help me ",2025-05-29 8:50:04,https://www.reddit.com/r/Miscarriage/comments/1ky5vex/post_partum_recovery_and_moving_out_stress_with/,,miscarriage,miscarriage-data-updated - miscarriage_related_posts.csv,544123c5e7e54a1de635c98fbc0c130f6d9f77d9b73738562b95d5b93262ba17,miscarriage
1l7htak,BabyBumps,Ftm anxiety over first prenatal visit,"Hi! Long time lurker, first time poster.

I'm currently 11w4d pregnant and my first prenatal care appointment is tomorrow to meet with my OB and potentially hear the heartbeat. 

I. Am. Petrified.

This baby is so very wanted - I'm 35, my husband is 43, and I've been scared by previous medical professionals into how hard fertility was going to be for me as someone with hashimotos & thyroid concerns. (Spoiler alert - it was not, we conceived first cycle). So I'm trying not to read into every teensy thing but its so scary! My feeds are full of blighted ovums, missed miscarriages, and despite it apparently being super rare jist has me so freaked out. 

How did you cope leading up to your first appointment? Or am I just overreacting? (Long term anxiety sufferer as well 😅)",2025-06-09 21:58:15,https://www.reddit.com/r/BabyBumps/comments/1l7htak/ftm_anxiety_over_first_prenatal_visit/,,miscarriage,miscarriage-data-updated - miscarriage_related_posts.csv,6617d64d6e9710cfc75ffbe00afea626d7ad954367ec133be3b4c30f9d455f2d,miscarriage
1leewra,Miscarriage,First period after my miscarriage,"Having my first period after my 10weeks miscarriage and I feel my heart about to fall out. I feel a mix of pain, anger, relief and resentment. Pain that I lost something I felt so much love and adoration for before I met it.

Anger that my body betrayed me. 

Relief that after the evacuation my body is returning and no further complications.

Resentment that my body could betray me and I know what that feels like. 

I’m so broken from this loss.",2025-06-18 11:41:59,https://www.reddit.com/r/Miscarriage/comments/1leewra/first_period_after_my_miscarriage/,,miscarriage,miscarriage-data-updated - miscarriage_related_posts.csv,962ed42c050e416eaeca1a4fa2bd995d4cc44124beb0c47e344cf41f1b0e28f5,miscarriage
1l025au,TwoXChromosomes,Push back against Texas' use of AI to harm women,"Machine learning has the potential to take the world to a more utopian place, where fundamental questions about chemistry, biology, and physics are answered orders of magnitude faster than would be otherwise possible. It also has the potential to create a fundamental dystopia for all but a handful of owners who establish which rules their AIs use. Indeed, this latter scenario is already playing out globally as every “AI” badged platform being controlled on the back end to provide answers which align with their creator’s personal philosophies. This would be a matter of ethics and market forces if it were not for the real world implications of such technologies and philosophies. Texas’s anti-abortion regulations are a dystopian example, with their searching of national traffic cameras a dangerous move that means any woman in Texas has her body controlled by an inscrutable algorithm.

This use of technology to control women’s bodies has been a long time coming given the anti-abortion rhetoric entrenched in US right-wing politics. Various technology companies have released period tracking apps, which while well intentioned can and have been used to keep tabs on women’s menstrual cycles with respects to miscarriages. In a society which subjugates women back to being brood mares the use of AI has made it all the more dystopian because it every application can be subtly altered to keep track of women irrespective of whether they give their explicit consent to be observed.

Herein lies the trap that AI is setting out for women’s pluralistic rights. It is not enough to for women to opt into wearing devices; if she is tracked and followed across an entire nation for exercising her personal autonomy it is only a few steps away from circumscribing her movement if an app considers her pregnant. It is not unthinkable that in countries such as China where AI has become embedded in transport, access to facilities, and public services that those systems can tweak what a woman can and cannot do based on the potential she may be pregnant. Given that most early pregnancies either end in miscarriage or are flushed out by the body without a woman noticing this becomes very dark indeed.

You do not even need to step inside *The Handmaid’s Tale* to see the implicit and implied danger. Modern machine learning is dumb as a box of rocks when it comes to contextualising human lives. As much as we want it to be responsive to our needs ultimately most systems still operate on a normative understanding using a best fit model. No woman is the same as any other, thus what may work for 95% of women inherently excludes all other women. Texas’ restrictions on abortion make a normative assumption that women *ought* to get pregnant and keep the baby, stripping every Texan woman of her right to bodily autonomy. Under this normative framework AI is being used to surveil all women on the assumption that she could get pregnant at any moment and must be observed for her own good. When society becomes an open prison AI becomes the warder.

What Texas has done with using traffic cameras and machine learning to track women who have had abortions is tantamount to creating that open prison. No Texan woman is now safe in her own body. It does not take a leap to suggest that at a state and Federal level a small change in data protection and HIPA laws and regulations would change period collection data and medical records so they can be used to enforce anti-abortion and maternity laws. Indeed, one only has to look at the Fugitive Slave Act 1850 to see how the Federal government could carve out a “settlement” between pro- and anti-abortion states, or, indeed, use Interpol red notices to extradite American women who have abortions overseas.

If you think this is hyperbole look at how international immigration systems are integrating machine learning into core functionality to “protect” borders. Again, it would not take a leap to install a heat mapper in X-Ray machines to track where a woman is in her menstrual cycle based on normative assumptions, and if she fails to mean an arbitrary parameter she is then pulled from the line for an enforced pregnancy test. Machine learning can enforce normative assumptions based on what those on the backend assume to be normative human bodies. It is not beyond the realms of possibility that ICE and US border agents at some point in the future stop pregnant women from leaving the US based on anti-abortion states’ denying a woman a right to leave.

In fiction most dystopias are already in media res, we rarely see in real time how they arose. Even real world examples such as the Third Reich, the Taliban, North Korea, and the People’s Republic of Iran took time and popular willingness to achieve. Texas has been heading in this direction for two decades, indeed, it is arguable that right from its independence it has been weaponizing minorities to mollify white settlers and white citizens. Now all women are on the receiving end of a creeping dystopia which machine learning and AI are the tools of choice.

Keeping perspective is hard to do, especially when what is reported in public is likely the tip of a much larger issue. Unless there is scrutiny and accountability of the systems which are being set over women’s life all women face the hidden boundaries being laid out for them from the onset of puberty to menopause. At no point are men facing surveillance over vasectomies or masturbation; indeed, can you imagine the uproar if men’s health data was pulled to see if men were spilling their seed or not fulfilling their reproductive potential. You can see the X-Ray exemptions for “virile” young men, along with the prescriptions for red meat and eggs just to keep the swimmers going. All keep in rhythm by AI. Lordy.

Women’s bodies have always been policed, and the hidden AI warders are insidious because women are being sold these technologies as the panacea to their period problems. Companies want women to consume their products, use them, and then willingly give their personal data which is then inscrutably used for whatever purpose the company deems necessary. Texas and other anti-abortion states want that data precisely because it will given them control, which is why many feminist organisations have recommended women ditch those apps if they live in anti-abortion states.

It is not enough to state the dangers AI pose to women’s bodies. What is needed is a concerted effort to remove even the possibility of society becoming an open prison for women. No-one wants to willingly live in North Korea or Iran unless they are inculcated into the state’s ideology. Texas and other deep red states are getting that way, fetishising women’s purity and fecundity at the expense of women themselves. We cannot let AI and machine learning be weaponised against women, especially when even driving in your car becomes a dangerous exercise.",2025-05-31 17:09:15,https://www.reddit.com/r/TwoXChromosomes/comments/1l025au/push_back_against_texas_use_of_ai_to_harm_women/,,miscarriage,miscarriage-data-updated - miscarriage_related_posts.csv,e586fb6acfd2653857f058ae6607960e22e072edd01f3e4845f584012f680ecc,miscarriage
7h6j6e,BabyBumps,Need some advice on my situation (possible tw for past loss),"Im going to try not to make this too long but I do want to give some background so people understand my choices.

When i was 20 I found out I was pregnant for the first time. The father and I had only been dating 3 months if that, I wasn't emotionally ready and he flat out didn't want a child. Que long and emotional fights, a lot of depression and drama on my part and generally a horrible time.

At 16 weeks I had a miscarriage that put me into the hospital for four days. It was traumatic and awful and it took me months to get back to myself.

Now my current situation. I'm 8 weeks pregnant with a surprise baby, by a different man who I've been with for about a year now.

I'm almost 25 now, and a lot more emotionally attached to my little bean already.

The problem is I'm unemployed, don't have a living situation thats compatible with a child, no longer have a car, and I'm going to find myself single before long I'm afraid.

I don't want to talk abortion or adoption, those choices might be the right one for some, and some may even call me selfish, the child's father certainly does, but this is my rainbow baby and I wasn't them with all my heart.

Im already very worried from my last experience, I wish things had worked out at a better time, but this is how life happened.

I'm posting here in search of advice and support. Is anyone in a similar situation, were you at one point? Is there hope? 

Any suggestions on what to do and the steps to take to get myself and my child on a better path are very welcome.

",2017-12-03 0:41:06,https://www.reddit.com/r/BabyBumps/comments/7h6j6e/need_some_advice_on_my_situation_possible_tw_for/,,miscarriage,miscarriage-data-updated - miscarriage_related_posts.csv,52adf15527f62163fe179ec3873c52605839ea0fd5ff4a43da88eae28703d08c,miscarriage
1l41snq,Miscarriage,Chemical Pregnancy,"Hi all-

I am going through my first chemical pregnancy. I never knew it could be so short. I received a faint positive on multiple different tests on 9 DPO and then they were negative 10 DPO. I started bleeding 12 DPO. 

I’m wondering if anyone has any input on how long I can expect to bleed after such a short HCG rise? And if you ovulated on time?

My husband will possibly be out of town during my expected ovulation, IF it is delayed. It was delayed the cycle prior due to TFMR in April at 24w. 

Any help is appreciated. ",2025-06-05 15:16:33,https://www.reddit.com/r/Miscarriage/comments/1l41snq/chemical_pregnancy/,,miscarriage,miscarriage-data-updated - miscarriage_related_posts.csv,939169677c2d7fce714ff8346797c48c870a92af0c8fabae33f06fc28a177688,miscarriage
1lny8mx,Pregnant,"What is going on: 5.5 weeks, ER visit, gestational sack, yolk sac, and fetal pole seen but HCG is only at 517?","Hi all, I'm posting to see if anyone might have had a similar experience and what their outcome was. Also if anyone knows wtf is going on with my body because at this point I'm just exhausted of this journey and I just want an answer.

Currently 6 weeks 1 day according to LMP. 

June 26: brown spotting only when I wipe  
June 29: huge gush of brown blood with some red streaks in the morning, along with cramping; went to ER  
  
At ER: they did a transvaginal ultrasound and found a gestational sack, yolk sac, and fetal pole measuring at 5-5.5 weeks. They said the gestational sac was also pretty low in my uterus and unclear whether it was on its way out or just implanted low. They found blood/fluid in my cervix area which means I'll probably continue spotting/bleeding but no blood around the gestational sack, which is a really good sign. Then they hit me with the HCG level...it's only at 517, which doesn't even make sense because apparently you can only see those 3 things with HCG above 1,000.

I'm guessing my HCG was at some point that high but it's dropping now, which triggered the blood and that this is going to result in miscarriage. I'm honestly just wishing I bleed soon because this limbo period is killing me and I can't move forward with my life.

It's my second loss. I'm just so done with this whole thing. I'm fucking furious and sad and exhausted.",2025-06-30 4:12:40,https://www.reddit.com/r/pregnant/comments/1lny8mx/what_is_going_on_55_weeks_er_visit_gestational/,,miscarriage,miscarriage-data-updated - miscarriage_related_posts.csv,132ddf6bd2f875785b509be18919f0111df7d459c22d9f6f30a03e3e0d32cdc8,miscarriage
1lcyu2b,Miscarriage,So tired,I had a natural miscarriage last Tuesday at 8w6d. I'm 6 days out and the bleeding looks like it may be stopping today. I'm back at work today and feeling so exhausted. Also have a bad headache. How long does it take for the fatigue to go away?,2025-06-16 17:22:10,https://www.reddit.com/r/Miscarriage/comments/1lcyu2b/so_tired/,,miscarriage,miscarriage-data-updated - miscarriage_related_posts.csv,27673f28e577e659ddf4bc2513a4d819c095e072e4f28f62613f9fde14e0b698,miscarriage
1l8fjll,Miscarriage,Miscarriage question 🙋‍♀️,"Hello everyone, I got pregnant for the first time and unfortunately ended up having a miscarriage on June 4, e bled for 3 days then stopped! But today when I went to the bathroom the bleeding started again, my hcg levels are non existent already, have anyone had a similar experience? Is this normal ? Should I be concerned? ",2025-06-11 0:52:51,https://www.reddit.com/r/Miscarriage/comments/1l8fjll/miscarriage_question/,,miscarriage,miscarriage-data-updated - miscarriage_related_posts.csv,ff35a2008c63898d8e2872e4556354d9f602b1290e9096da4b8f8985fff38422,miscarriage
10vt4s1,BabyBumps,Why do they always ask if it's my first pregnancy at every appointment??,"I'm currently 21w and have been within the same health system since the start of my pregnancy, but everytime I walk into an appointment with a person just doing a preliminary check-in/screening, they ask if this is my first pregnancy, and I feel backed into a corner.

No, this isn't my first pregnancy. I had an early miscarriage just before this one, and before that I had two abortions in my early twenties that I've wrangled with emotionally ever since. But thanks so much for helping me re-live all of this.. EVERY TIME. I hate it.

What is the point? I usually give them some kind of vague or non-answer, which they then follow up with asking if I've ever had a C-section, to which I can firmly say no. But if that's what they want to know, why not just ask that? Or check my chart? 

Is there some other reason for this that anyone else knows of, so that maybe I can get ahead of it?",2023-02-07 4:57:41,https://www.reddit.com/r/BabyBumps/comments/10vt4s1/why_do_they_always_ask_if_its_my_first_pregnancy/,,miscarriage,miscarriage-data-updated - miscarriage_related_posts.csv,81dec9d80fe34d26ffcf25ae4dbdeb720ee8d093743e6904bc6c824334b67730,miscarriage
1asixep,Pregnant,It happened to me: midwife told me pregnancy was nonviable. Today I saw a baby with heartbeat 168 in my uterus,"I went in on Tuesday for a first appointment with my midwife (this is a CNM- certified nurse midwife) after getting a positive test on 1/15. She looked in my uterus using a transvaginal bedside ultrasound and couldn’t find anything, not even a sac. She then told me she didn’t think I was pregnant and said that the bleeding I had from my period was likely left over from my miscarriage (which happened on 11/15) and said I should have waited 3 full cycles to try again so something like this didn’t happen.

I asked her to take a urine test in office and it came back positive so she ordered hcg draws and another ultrasound but told me that whatever was going on likely wasn’t viable. At that time she suggested I start zoloft and prescribed a mild sedative (atarax- which is not pregnancy safe) due to the fact that I was visibly upset.

First hcg test comes back at 188,920. She called a few hours later to move my ultrasound up by 4 days. Second test two days later comes back at 182,875. She sends a MyChart message saying “unfortunately your quants aren’t doubling like I had hoped, this heightens my suspicions that you are having an ectopic pregnancy.”

I have spent the last three days sick with worry and grief thinking I am having a molar or ectopic pregnancy. Today (Friday) I went in for an ultrasound with a sonographer and within 10 seconds she had a baby on screen using an abdominal wand. The baby has a heartbeat of 168 and a size consistent with my last reported period and ovulation dates. 

I am so happy about my baby but this experience has really shaken me. I immediately went home and scheduled an appointment with a different provider in a completely separate office. Just wanted to post in case someone else has an experience like this, I googled myself crazy and couldn’t find anything similar.",2024-02-16 20:38:13,https://www.reddit.com/r/pregnant/comments/1asixep/it_happened_to_me_midwife_told_me_pregnancy_was/,,miscarriage,miscarriage-data-updated - miscarriage_related_posts.csv,2eab81fe317f40f8c1a7df38d464dedaf626eafa8325037f0ee7ddc9b888952f,miscarriage
1ky9cts,Miscarriage,TTC after surgical management (D&C) of miscarriage.,"Hi everyone,
So I had a missed miscarriage at 6 weeks and had surgery yesterday to remove it (at what would be 8 weeks).
My consultant has said I’m fine to start trying to conceive again when my bleeding has stopped and once I have had a negative pregnancy test.
However I’ve come home and googled and heard everyone saying to wait until you have a period and a research paper saying you’re more likely to miscarry if you get pregnant before a period. 
Does anyone have any advice please? ",2025-05-29 12:19:42,https://www.reddit.com/r/Miscarriage/comments/1ky9cts/ttc_after_surgical_management_dc_of_miscarriage/,,miscarriage,miscarriage-data-updated - miscarriage_related_posts.csv,8dc45dfa0fa090087aa051c0d085da1571b491e3b44ecd729ca6a61c6378cf3b,miscarriage
1efyk89,Pregnant,Just found out I'm pregnant by a guy that rejected me 2 weeks ago,"Really weird situation, would love any thoughts or advice on it because I am feeling pretty alone and overwhelmed. 

I met a guy on an app who lives in a different state, about a 2 hour flight away. We ended up really connecting and talking daily for about 3 months, eventually deciding to meet. I flew out there and we spent a week together, which sounds a bit crazy. We had a really fun time, and decided not to discuss the future of a potential relationship until the last day. 

Well, the last day came and he told me he didn't want to pursue things further. I was actually really surprised and felt blindsided, thought we really connected on an emotional and physical level. We didn't get too much into ""why""- once someone tells me they like me but don't think I am ""their future wife"", I didn't need to hear anything else. The distance thing also complicated things, so I think probably a combination of things. I then spent the day with him on and off teary (my flight was at night which sucked)- kind of embarrassing but I am a very sensitive and emotional person. Ended on a fine note, I said I wasn't mad at him, just a bit sad at him. 

Well, it has been about 10 days since I left, we haven't spoken. But just found out I am pregnant. Pretty ironic, might not see me as his future wife but I might be the future mother of his child. 

I have had an abortion before, when I was 28. Also a situation in which I knew the guy, but it was a newer relationship. He didn't even like kids, so as soon as I found out, I knew deep down that I wanted to get an abortion. He also was just not the type of guy I wanted in my life- I liked him okay (liked him a lot more after I had the abortion because he was so supportive), but definitely didn't see a future with him. 

This time, I also had a feeling deep down as soon as I found out. I kind of want to keep it, which my friends and mom think is insane. My mom and therapist immediately assumed I was going to terminate and started suggesting pills to cause a miscarriage. My mom actually called me stupid for getting pregnant twice. I am feeling judgement from people around me, sometimes it's better to hear objective opinions. 

I am 31 now, I want to be a mom. I haven't told the guy yet, I have absolutely no idea how he will react, but I know he also wants to be a dad someday and I think he will be a great one from what I know about him. I know I will have to be prepared to possibly raise a child on my own. I'm not sure I can put myself through another abortion. It's all very overwhelming. ",2024-07-30 16:59:47,https://www.reddit.com/r/pregnant/comments/1efyk89/just_found_out_im_pregnant_by_a_guy_that_rejected/,,miscarriage,miscarriage-data-updated - miscarriage_related_posts.csv,dcde839909dbbf0fb4f25449810084c69ddcbea84c21eb85212f2845ba6433e9,miscarriage
qq7ij0,Pregnant,Viability Milestone!,"Ftm at 36 years old, officially 24 weeks today. After years of fertility and multiple miscarriages... I've finally hit the viability milestone for the first time. 

Literally so excited I could cry ❤",2021-11-09 16:34:59,https://www.reddit.com/r/pregnant/comments/qq7ij0/viability_milestone/,,miscarriage,miscarriage-data-updated - miscarriage_related_posts.csv,0ba2a60d4d2c7839152e211f645a77a2bf9a87958b0d57256b63d8d92e00e960,miscarriage
1lky3s5,Miscarriage,Upset,I recently tested positive around 2 months ago when I went for my ultrasound they said they couldn’t see a baby but to come back in a week to see if they can see anything at that point (since I was really early) within that week I started spotting lightly then it turned to full blood like a period that’s when it was confirmed I miscarried… a month later (May17th) got my first cycle everything was back to normal…. June 9th was supposed to get my period again but it ended up being late waited a week or so (8 days) just to see if maybe my period was late due to the miscarriage and my body was maybe adjusting but nope took a test and I’m pregnant again. This morning I’m waking up spotting again and now I just know it’s a matter of time before I miscarry again . I can’t even get my hopes up for something I know is not gonna happen for me.  Idk what to do 😞 I feel helpless,2025-06-26 11:49:43,https://www.reddit.com/r/Miscarriage/comments/1lky3s5/upset/,,miscarriage,miscarriage-data-updated - miscarriage_related_posts.csv,75b614c57de93f3e7098bc9c73df8e847d93bdaee42f6d25f2a4487992a856a6,miscarriage
1lji1ix,Miscarriage,Still spotting 6 weeks after D&C—feeling exhausted. Has anyone been through this?,"Hi everyone,  
I’m reaching out because I’m really overwhelmed and could use some support or insight.

I had a missed miscarriage at 13 weeks and a D&C afterward. It’s now been 6 weeks, and I’m still spotting and having light bleeding on and off. I have lean PCOS, don’t ovulate regularly, and my uterine lining tends to stay thin.

I reached out to my doctors, but they aren’t too concerned and say it’s “normal.” But I’m honestly so tired of this. I just want my body to feel normal again. The constant spotting is emotionally draining and making it really hard to heal and move forward.

Has anyone else been through something like this? Did the spotting eventually stop on its own? What helped you recover—physically or emotionally?

Thank you to anyone who takes the time to respond. 💛",2025-06-24 17:55:29,https://www.reddit.com/r/Miscarriage/comments/1lji1ix/still_spotting_6_weeks_after_dcfeeling_exhausted/,,miscarriage,miscarriage-data-updated - miscarriage_related_posts.csv,192ce3ce0d408555eeb7b04589998507a36198977cfb1f8f45cabe4a4e09a0d5,miscarriage
1lo6bmy,Pregnant,Announcing,How many weeks were your when you announced your pregnancy? I’m currently only 4 and have heard it’s not a good idea to say anything until at least 8 weeks due to possible miscarriages. This is my first so I’m extremely excited and impatient about getting the news out but also worried for any let downs or making myself look silly.,2025-06-30 12:32:11,https://www.reddit.com/r/pregnant/comments/1lo6bmy/announcing/,,miscarriage,miscarriage-data-updated - miscarriage_related_posts.csv,6b06c442cd11003c933c81d929717ad58add659f58d3b419e2d041869b6d081d,miscarriage
1howinp,Pregnant,Does anyone else feel unable to be excited because of the risk of miscarriage?,"I'm only 4 weeks and every time I start to think about the future my brain immediately shoots it down with ""unless you lose the baby"". It feels like it's forever until I'm out of the danger zone. But at the same time, if I do end up having a miscarriage, I think I'll regret spending my whole pregnancy ""anticipating"" it.  I just wish I could let myself live in the moment and feel excited no matter what happens later. ",2024-12-29 13:58:10,https://www.reddit.com/r/pregnant/comments/1howinp/does_anyone_else_feel_unable_to_be_excited/,,miscarriage,miscarriage-data-updated - miscarriage_related_posts.csv,39d3b1deb80b7041cf44734534df03f4a1907ffce4e55980446789c327a0747b,miscarriage
1lgx4nq,Miscarriage,"Second miscarriage, on same day as ultrasound because the universe is cruel AF","The universe is a horrible joker, or maybe God is. I don’t know. I have gotten pregnant twice on my IUD. The first time, we realized I was pregnant and miscarrying pretty much within the same 24 hours. I never thought I could have a worse day than testing positive on a home pregnancy test, starting to bleed, going in for an ultrasound, and the doctor saying there’s nothing there…but I was wrong. My worst day was yesterday. I caught this pregnancy around four weeks, and my OB was able to successfully remove my IUD this time. I was cautiously hopeful because I had all the symptoms. Nausea, tender breasts, fatigue. I went in dreading my 7 week ultrasound yesterday, but my doctor found a viable pregnancy right away. There was a little heartbeat and I was measuring exactly 7 weeks. I felt like I could finally let go of some of my anxiety and worry, and just enjoy and celebrate a little. Settled in to watch a movie with my husband last night, felt something wet about two hours in, reached down and got bright red blood all over my hand. Ran to the bathroom and promptly ejected large clots all over the floor. My husband gets the special task this time around of bagging all the “products of conception” in saline so we can try to send off for genetic testing and see what went wrong. There’s no point to this post I guess other than this totally fucking sucks. It’s not fair. I was in therapy for years over my first miscarriage, and this one feels so much worse. Because we saw that heartbeat less than 24 hours ago, and everything was fine. I don’t think I want to get pregnant again and am considering asking my husband to have a vasectomy because I can’t live with the anxiety pregnancy brings me anymore or the depression spiral that happens to me when I inevitably miscarry again. I feel like my karma is fucked up somehow. What are the odds of getting pregnant on an IUD? And what are the odds of miscarrying on the same day you get to see the heartbeat on an ultrasound for the first time? Even though we weren’t trying, this baby was still so wanted. I’m not ok. I know I will be because I’ve been through this once before and came out the other side, but I’m so incredibly tired. ",2025-06-21 13:55:21,https://www.reddit.com/r/Miscarriage/comments/1lgx4nq/second_miscarriage_on_same_day_as_ultrasound/,,miscarriage,miscarriage-data-updated - miscarriage_related_posts.csv,60e044e45ff3f082a39a58fe2ba3fcd04ec779ae5db1441fb711c0d720c88329,miscarriage
1cmw2qj,Pregnant,My supervisor saw my prenatal blood work & confronted me about it,"I just need to vent here after an upsetting day at work. I work in a hospital laboratory and it’s no secret that we sometimes have to test coworkers’ lab draws. I already knew my coworkers would see my labs and speculate about why they were being run, but I didn’t expect to be confronted about it. I had my labs done on my day off, and as soon as I walked in the next day, my supervisor said 

“oh hi! You’re not very anonymous!” in front of a bunch of people. I just said hi and walked to another area. 

Then she followed me to that area and said “you must have a doppelgänger!” To which I respond “oh do you mean ____? (name of someone that people say looks like me).” This was my attempt at changing the subject.

 But no. She kept going. “Is your middle name ____?” (She knows my middle name). I say yes that is my middle name. 

And then she asks “why were you off work yesterday?” I tell her that was my regularly scheduled day off and then I proceed to change the subject again and say I need to make a phone call.

I know she knows these were prenatal labs based on what was drawn, and she was probably hoping I would announce my pregnancy right there on the spot. But I’m only 11 weeks and I still haven’t seen my doctor yet so I was not planning to tell anyone until then. I’m just so upset about the way she talked to me, like it’s a fun game. How does she know I wasn’t having those labs done due to a miscarriage? My husband told me to go to HR, but I really don’t want to sit in meetings about this. I hate confrontation. This just seems so inappropriate. We’re taught not to talk about these things in the medical field. I know people talk. But I really didn’t think I’d be put on the spot in front of everyone, and in a sneaky, backwards, roundabout way. It’s not like she was asking me out of concern for my health. I just don’t have anyone to talk to about this yet besides my husband since we haven’t announced it. ",2024-05-08 4:35:30,https://www.reddit.com/r/pregnant/comments/1cmw2qj/my_supervisor_saw_my_prenatal_blood_work/,,miscarriage,miscarriage-data-updated - miscarriage_related_posts.csv,515be4abf5950dc812907e44faf44207374ff44e67b86b70adc0348c6a082e30,miscarriage
1dnkxcb,Pregnant,Acute chorioamnionitis and a tragic miscarriage at 16weeks pregnant.,"TRIGGER WARNING ⚠️ I was 16 weeks pregnant and went to the Emergency room on 6/15/2024 with cramping and spotting. The ER doctor ordered  a blood panel and an ultra sound. My WBC results showed 25.1 (normal range is 3.2-11) My Neutrophils Absolute results showed 22.8 (normal range is 1.5-7.6). Those are extremely out of range and should have been a clear indication of an infection. The Dr. States ""Again I  do not think there is any overt infection present.  Consider endometritis but again feel this is very unlikely."" No further testing was ordered (no urine culture no nothing) and I was sent home. A couple hours later the cramping got very intense, a gush of fluid came out  and the cramps stopped, in a panic I ran to the bathroom feeling like maybe i had to use the bathroom when all of a sudden i felt something come out of me and when i looked down my baby was dangling from the umbilical cord still attached to me. I started yelling and crying for my mom as I picked up my dead baby from the toilet my mom came into the bathroom we were both holding her crying together, at this point my dad has called the ambulance and they instructed us to wrap baby in a towel.  The baby had very visible features legs ,arms , nose, 10 fingers 10 toes. It was a extremely traumatic experience for me. Im finding it very hard to live everyday life as I can not get the image of my dead baby out of my head. They way she looked the way she felt how heavy she was for being so little.. it haunts me. Had the Dr. Not been so negligent and payed more attention to my blood counts and symptoms and ordered more testing this could have happened in a hospital setting and not been so traumatic. The pathology report of the placenta states Acute chorioamnionitis with stage 3 of 3 maternal inflammatory response (necrotizing chorioamnionitis) and stage 2 of 3 fetal inflammatory response (umbilical arteritis) basically my placenta had an extreme infection and inflammation, as did the umbilical cord. The ultrasound some how missed this also. Id like to sue for medical negligence failure to diagnose, failure to provide further testing, and mostly emotional distress. Because it was due to his own personal option  that was not backed up by any medical facts that I had to experience such a catastrophic event.",2024-06-24 18:41:38,https://www.reddit.com/r/pregnant/comments/1dnkxcb/acute_chorioamnionitis_and_a_tragic_miscarriage/,,miscarriage,miscarriage-data-updated - miscarriage_related_posts.csv,8b0c203793e8f03d6cf252058e39631068799473256c7b725376aef81e61a5f9,miscarriage
1liqv6a,Miscarriage,Advice,"So I experienced my first miscarriage about a month ago now and my even now I just can’t seem to control my emotions. 

I’m crying over dropping broccoli on the floor or the fact my bath is too hot etc and I can’t handle it.. does anyone have any advice on how I can calm my emotions down because honestly I’m turning into an emotional nervous wreck that my boyfriend can’t even really say anything too without me bursting into tears. 

I’m so exhausted and just want it to be better now and well yeah ",2025-06-23 20:04:37,https://www.reddit.com/r/Miscarriage/comments/1liqv6a/advice/,,miscarriage,miscarriage-data-updated - miscarriage_related_posts.csv,c1caa4ea2c8a9cf0fcaaf109dc35ba61c1e1ca86c82ff1cc665f3f19b5daa6b8,miscarriage
1hgsrf4,Pregnant,The internet ruined my entire pregnancy experience,"All these precautionary measures that go above and beyond targeting expectant mothers is ridiculous and it doesn’t feel “helpful and informative” as everything I’ve been told was more negative than positive. I’ve been constantly told everything I do harms baby and leads to birth defects and neurological disorders even if I couldn’t help
It. I was also constantly seeing women share horrific miscarriage, labor and delivery stories, SIDS, rare abnormal health conditions you name it. And somehow managed to align perfectly to each trimester and down to each week to keep you scared. I made some pretty strict lifestyle changes and still it wasn’t enough. I had anxiety before the pregnancy but I do feel like the Internet ruined my entire pregnancy and I’m a FTM 💔. ",2024-12-18 3:33:12,https://www.reddit.com/r/pregnant/comments/1hgsrf4/the_internet_ruined_my_entire_pregnancy_experience/,,miscarriage,miscarriage-data-updated - miscarriage_related_posts.csv,dc0415daec7bef743911211ed450fb3e5d3079e1d510130e97122ffac647391e,miscarriage
199m6xq,Pregnant,Teen mom? Need advice.,"Sorry its a long rant but im going through a lot and need an outsiders opinion. im 15f and took two pregnancy tests because i forgot when my period was supposed to come because ive been so stressed. I waited a few days to be sure it didnt come before i tested and immediately both line appeared. Ive been sick and my stomach looks a little bit weird from normal. If i calculated it i would be technically 5 weeks pregnant. Long story short Me and boyfriend have been dating for 8 months as of two days ago. I found out yesterday. I made sure I told my parents and him and his mom. My grandma (legal guardian) wants me to get an abortion because im so young and shes scared im going to ruin my life. My boyfriend said its my choice but if im willing to we should wait so we can get established. Im having second thoughts and i think i can do this although its going to be so much work im willing to do it. His mom agreed to help and be supportive as well as my aunt and grandpa. They think its my choice. My boyfriend said he wont be upset whatever i decide because he cant force me and he wont leave or change regardless. hes a year and a half older (16 turning 17.) I have such strong morals as i dont believe in abortions unless its an SA case or something of that sort. I feel like since I was irresponsible that i should take accountability and do what i need to. I do online schooling and ive been doing well. I do have serve depression and adhd on too of other stuff i take medication for and as of now i stopped (not unnormal im very inconsistent with my meds due to schooling and home issues) Im going to talk to my pediatrician and psychiatrist before continuing and making sure whats best for me and if i end up having the baby i want it to be healthy. Im considering listening to my grandmother if im not past six weeks but i cant stand the thought of killing my own creation if it has a heart beat at six weeks. I looked a lot online and really am having a hard time deciding what to do. I want whats best for me and my boyfriends futures but i think this could be amazing as it would not only give me something to work for but also it would be great for my health as i get very unmotivated and feel like i have no purpose. Having a baby gives me something to better myself for. I understand that sounds sad and selfish to bring a baby into the world but I already know my grandparents will make sure were taken care of and his mother and other family members have offered to help however they can. I know ill be able to finish schooling and this could be a good thing for my boyfriend as he wants to step up and do what he needs to be good for us. He told me no matter what hes gonna love me either way i decide and its my choice. I feel very conflicted so im coming to other women who have experienced more than myself and hearing my situation can give me some advice. Im going to make my decision either way but i want to be heard and not judged. Please leave advice I want to make the right choice for me and my body and my baby.

PS. Im worried about post partum depression but feel like i have a good support system either way so i wont be alone in this experienced.

Update: Ive read through the comments and had a long long talk about the pro and cons and how its going to most likely end up, i have a very specific situation with my boyfriend and we feel like its for the best i terminate the pregnancy. Im also very scared and reading that ill most likely have a more simple procedure than if i was much farther along has helped calm my anxiety and guilt. I understand everyones concerns and i admit i am not ready and i shouldnt force another baby on my grandparents or anyone for that matter. Its really hard especially because im too empathetic and i feel so much about this at once but ive decided im going to terminate it , its in the best interest for me my family and my boyfriend.

Another thing Id like to add is, Ive spoken and talked to my boyfriend and hes supportive of my decision but its not fair to force us to grow up so fast when i can take responsibility and terminate this pregnancy. Its been really hard and I sobbed for hours with him but ultimately i decided its whats best for us and we will have time in the far future. 

As someone with childhood trauma and parental issues i dont doubt that i will one day be a great mom but i cant if i cant give my baby the best. I didnt have a mom or really a dad to raise me and ended up with my grandparents. I talked to my grandma and made sure she knew where i stood. My morals and personal experiences from seeing my mom go through abortions and miscarriages time and time again really messed up my head and made me very sensitive to the idea of doing the same things as her. 

My mental health is very important and i know that as well as being a hormonal teenager on top of mental illness that it will definitely worsen as time goes on with a baby and thats not fair for a child to be raise from an unstable home. Im trying my hardest to push through and make sure i do this the right way but I know im still going to mourn the thought that i was once pregnant especially because right now as im super emotional. On top of that, i know pregnancy is more than likely going to put a strain on my relationship throughout the course of the pregnancy so i personally do not want to force my partner to deal with that if it can be prevented. I appreciate everyones advice and i know im still very immature but im trying.  thank you for the comments and honesty. ",2024-01-18 9:23:51,https://www.reddit.com/r/pregnant/comments/199m6xq/teen_mom_need_advice/,,miscarriage,miscarriage-data-updated - miscarriage_related_posts.csv,a79e686a9f67b4cb602cb7e2aa55e0de3ed6b2f8a5074f30ac5f4b0f0848d0ee,miscarriage
1gcplez,Pregnant,Looks like I'm taking a vacation from r/pregnant. It was a nice month while it lasted.,"Hi all. As you can see from my posting history, I finally got pregnant after 2 1/2 years of trying. My husband and I were over the moon: we picked names, started researching childcare, made a budget. 

I have felt ""off"" recently, and I have not felt pregnant. I can't explain it, I just haven't. But I didn't want to worry, thinking I was one of the luckier ones who would have more mild symptoms once my HCG levels rose high enough and my body figured out its new ""normal"". 

I had my first ultrasound (abdominal and transvaginal) on Thursday; my husband and I walked into the hospital holding hands, all giddy. I was measuring 5 weeks when I should have been 7 weeks 5 days. That's when I knew I had been right. There was no embryo or yolk sac seen. Tech tried to assuage my concerns, but I left my appointment feeling hopeless and knew in my gut that I wasn't going to have this baby. I got deathly sick the week after I found out I was pregnant, including a fever, and that was the week my baby stopped growing. My body still acted pregnant for three weeks after, it didn't register my baby had stopped growing. 

About two hours later, I started bleeding and passing clots. I went to the hospital that night, and I was diagnosed with ""bleeding in early pregnancy"", as well as a subchorionic hematoma/hemorrhage. They did another transvaginal ultrasound, and I dissociated through the entire thing. I've been bleeding a lot and passing clots since, and I'm pretty sure I passed the empty gestational sac this morning. Hematoma is probably making my bleeding a lot worse, but I've been carefully tracking my physical symptoms in case I need to go back to the hospital. Basically waiting for next steps from my OB/PCP, but I'm assuming I'll need one more ultrasound to ensure my miscarriage completed with no complications. 

My HCG levels have halved in less than 48 hours. I am still considering myself ""pregnant"", but I will not be by this time next week, if this rate keeps up.

Barring no complications, I should be able to start tracking my ovulation again and seeing my body get itself back on track. My husband and I are both open to trying again as soon as I am physically recovered. He has been my rock through all of this, and I don't know what I would do without him. Same with my family and friends. I was afraid I was going to have a very bad mental health spiral on Thursday, but I have felt so warm and supported and loved throughout this horrible experience. I don't know what I'd do without my village.",2024-10-26 16:59:14,https://www.reddit.com/r/pregnant/comments/1gcplez/looks_like_im_taking_a_vacation_from_rpregnant_it/,,miscarriage,miscarriage-data-updated - miscarriage_related_posts.csv,883dfdd45594007d781d3797fbc9528209edcd6d419c82ace78cebf401855de1,miscarriage
1lop1gy,Pregnant,Struggling to feel excited in first trimester,"TW: talk of infant death and miscarriage. 

I (f21) am expecting my first baby with my husband (m23). I really want to be happy and excited and hopeful, but ever since I was a little girl and I found out about miscarriage/stillbirth, I’ve had such a deep fear of pregnancy/child loss. 

Lmp date was 4/20/2025, but at our first ultrasound when I should have been almost 9 weeks, baby was measuring at 6w 5d and they found a large (more than 50% the size of the sac) SCH adjacent to the gestational sac. There was no real reason or explanation for either thing and I feel like I was sent home to either miscarry or not until our next appointment on July 17th where I should be 10.5 weeks. Our fetus is confirmed IUP and viable with a good heartbeat. 

I know I should try to hold on to the indescribable joy of hearing our child’s heartbeat for the first time, but seeing the massive pocket of blood directly afterwards and being told we are measuring 2.5 weeks behind has unfortunately overshadowed that beautiful moment and made me feel like I can’t be happy or excited. 

With the lack of information of course fell into a Google search hole and from what I can tell, my risk of pregnancy loss or stillbirth has gone up quite significantly. Everytime the nausea eases up or my boobs feel slightly less sore I’m horrified that my baby is just dead. 

I just don’t know how to be happy or excited when the risk of loss is so great. I keep trying to remind myself that I am pregnant today and that’s all that matters. I’ve greatly increased my vitamin c, d and A Lipaic acid intake within my diet to help the sch heal and reabsorb and so far at 8w 2d I have not had any bleeding or spotting. I’m resting as much as I can and I’ve put myself on pelvic rest to try to help my body and hopefully not bleed. 

Idk. I just feel like I’m doing all I can but I can’t help but feel soooo guilty for how negative I’m feeling. My family keeps saying to just manifest good things and put good vibes out there, so I can’t help but feel like if I do lose the baby it’ll be because of my inability to be happy and hopeful all the time. 

Through all of this, my husband has been my absolute rock and safe space. He has lit up this experience so much and kept me as positive and happy as possible, but he’s on a work trip this week and I’m just here alone with the dogs trying to take care of all of us all while scrutinizing every tiny change in cramping and discharge and just waiting for something awful to happen. I just really don’t want to miscarry while he’s away. I really don’t want to miscarry at all. I understand that in the human experience it is a negative thing to wish to a positive experience, and a positive thing to embrace a negative experience, but how the fuck do I embrace this awful feeling. I feel like I’ll never be able to breathe again, even if the baby ends up being born how am I going to deal with the anxiety of SIDS or car accidents or fucking lightning striking my child. How do moms do this?? ",2025-07-01 1:22:41,https://www.reddit.com/r/pregnant/comments/1lop1gy/struggling_to_feel_excited_in_first_trimester/,,miscarriage,miscarriage-data-updated - miscarriage_related_posts.csv,c8d03d6e7c2413cf52d38dabf41bfaf4c976da9208693f4b8d1c196b3069d917,miscarriage
1lil1bi,BabyBumps,First Pregnancy after miscarriage last year,I'm 6 weeks officially today! I'm very nervous because I couldn't get a doctor's appointment until July 23 through my HMO. My last pregnancy ended at 6 weeks but I didn't know until I thought I was 10 weeks along. (I hope that makes sense.) How can I calm down my anxiety? Every time my pregnancy symptoms start to dissipate I get worried until they come back again. It's causing me a lot of stress which can't be good for the little human I'm trying to grow. It's a real spiderman meme situation. I thought about getting an at-home heartbeat monitor but it'll probably freak me out more when I have difficulty hearing it. I know I have no control over it. The only thing I can think to do is break into an ob-gyn office and hold them up like a bank but instead of asking for money I ask them to perform an ultrasound. I'm joking of course but will take any advice on how to be okay with the fact that I have no control over it.,2025-06-23 16:23:25,https://www.reddit.com/r/BabyBumps/comments/1lil1bi/first_pregnancy_after_miscarriage_last_year/,,miscarriage,miscarriage-data-updated - miscarriage_related_posts.csv,ca70ffc84e21d8509573a4d61bbc0fba5672807390db94220229fe61b2a963c5,miscarriage
1lf3uk9,BabyBumps,Miscarriage- when did you start trying again?,"I had a miscarriage recently and my midwife recommended waiting 3 full cycles to start trying again. I have done a lot of searching and it seems like the 3 months advice is outdated and now it’s generally recommended that if all is well it’s fine to start trying after your first period post MC. Even my midwife admitted her advice wasn’t based on any research but just her experience that she believes the body and endometrium need time to heal and rebuild (which I guess does make sense.)
But I’m approaching my mid 30s and trying for my first baby so 3 months feels like forever. I was also 3 months along when I miscarried so losing half a year to this whole thing is upsetting me. 
But I do love and trust my midwife and I don’t want to just disregard her advice. 

Any advice would be amazing. If you’ve experienced a miscarriage what was the advice you were given? How long did you wait? How did things work out? 
Thanks! 
",2025-06-19 6:32:53,https://www.reddit.com/r/BabyBumps/comments/1lf3uk9/miscarriage_when_did_you_start_trying_again/,,miscarriage,miscarriage-data-updated - miscarriage_related_posts.csv,376aedf53ace1c176277692846551a5530f39cc5402307f5b84d49c7826b461e,miscarriage
1kykxpq,Miscarriage,"Advice Needed: High HCG, Low measurements","Hi everyone, 

I found out that I was pregnant on May 10th. This is my 3rd pregnancy. My first pregnancy was a healthy baby boy, but my 2nd pregnancy (February) ended in a miscarriage. 

When I tested positive on the 10th, my line was fairly dark so I figured I was in my 4th-5th week. 

I had some light pink spotting and went to the ER when I was assumed to be in my 8th week. (The spotting was only one time and stopped before I even got to the ER, but I wanted to be sure due to past experiences) When I had my HCG tested it was around 35,000. This seemed very high compared to my miscarriage HCG which was around 500. 

When they did an ultrasound I was only measuring around 5 wk 4 days and they saw a gestational sack, yolk, but no fetal pole. 

I did not track my last menstrual cycle because of the last miscarriage and I did not track ovulation. 

On May 10th I would have been 3 weeks if the measurements are correct. Do you think that I would have had a dark positive at this time, or do you think this is another loss?

Please tell me your experience. I want to be hopeful, but I also don’t want to get my hopes up to be shattered like the last time. 

Thank you so much <3
",2025-05-29 20:14:34,https://www.reddit.com/r/Miscarriage/comments/1kykxpq/advice_needed_high_hcg_low_measurements/,,miscarriage,miscarriage-data-updated - miscarriage_related_posts.csv,428fca3a0a756a6c2e0e1638b6265254844becf416d2fdec4446681a89668d14,miscarriage
1kzblxh,Miscarriage,Not an Emergency,"I am so sick of the advice from every single medical professional being "" go to the ER"" when you ask for advice or any urgency in care. I called my OB office April 29th asking about bleeding and when I should be concerned/ get help. They wouldn't say anything other than ""we can't see you for 2 weeks, go to the ER if you want immediate help"". I just wanted to know what to do with my first ever miscarriage and how to know it was actually a miscarriage. I had to call 3 different local OBs before a midwife group was willing to even see me to assess. I was told I likely miscarried after an ultrasound and blood tests and to test with a home test in a week to confirm it got down to negative. But my test didn't get lighter, it got darker and darker. I called the midwives freaking out and they got a second round of bloodtests and called me going "" this is likely an Ectopic, go to the ER and they can do repeat blood tests and scans and monitor you and then treat it necessary"". I refused to be pushed off to the ER and the midwives did repeat bloods and ultrasounds for 3 solid weeks. They finally saw something they mislabeled as a Psuedosac in my Womb on May 14th. But they told me over and over for weeks that this read as an Ectopic in the labs and I could die from those and I need to be prepared to race to the closest ER at the first sign of pain. But the pregnancy is apparently a rare angular pregnancy but it is just an empty gestational sac even though I am supposed to be 10 weeks. We have known this since May 21st, but they keep pushing back my D&C. I got a call today pushing it back another 10 hours and I am just done. I complained on the phone with the scheduler about pushing me again and she just said that stupid phrase "" if you want you can go to the ER"". So I will hopefully get my D&C done on June 4th, more than 5 weeks after my initial miscarriage symptoms. But at this rate, I might end up going to the ER to see if they have the urgency of care all the other professionals think they do. ",2025-05-30 18:26:06,https://www.reddit.com/r/Miscarriage/comments/1kzblxh/not_an_emergency/,,miscarriage,miscarriage-data-updated - miscarriage_related_posts.csv,f1bf3f95b5f5f3027228e58fb7744b49c4300ba779c7385a70bf3cc08c242379,miscarriage
1di4ook,Pregnant,Will my baby be okay?,"I’m 16 weeks +2 and I just got into a huge screaming match and couldn’t calm down for like 30 minutes (mind you i’m not normally a yeller but they were being absolutely impossible to have an adult conversation and my hormones just kind of kicked in.) I was screaming so hard my throat hurts and I cried for like 10 minutes. I’ve always heard stress can cause miscarriage, but is that likely? Like will my baby be okay or should I go to the doctor or what do I do? Now I feel terrible and just want to cry because all I can find online is that it can lead to miscarriage or the baby having hearing problems when they become outside of the womb. So now I’m crying because what if I’m not good enough to be this baby’s mom? I don’t know. Any advice would be appreciated please. Thanks to whoever decided to read this. ",2024-06-17 18:07:23,https://www.reddit.com/r/pregnant/comments/1di4ook/will_my_baby_be_okay/,,miscarriage,miscarriage-data-updated - miscarriage_related_posts.csv,9fbece4645af29605cce547a4918dbd1b5b631ca7ad76d7e100c62aaae74c248,miscarriage
1lnfve3,Pregnant,Third ultrasound?,"I’m pregnant with my first (33 weeks) and it’s been a super healthy pregnancy so far- lots of movement, moderate but steady weight gain, etc. My midwife said there is an optional ultrasound around 36 weeks that is optional. She will do a bedside ultrasound regardless to check baby’s position / cord placement, but not much else. The other optional ultrasound would go more in depth. So far I declined the more in depth one, which she seemed totally comfortable with. Anyone have experience with this type of option? What did you do? The only reason I’m waffling is that I’m now getting more information / stories about stillbirth as I get closer to my due date. Would the third ultrasound give me any vital information, or is it more to see baby one more time? Thank you!!",2025-06-29 14:22:00,https://www.reddit.com/r/pregnant/comments/1lnfve3/third_ultrasound/,,miscarriage,miscarriage-data-updated - miscarriage_related_posts.csv,3aca464726a181b5881c7d8d6b22db4ac259a89b6a444d0671d46825f22ffbba,miscarriage
1lei0ff,Miscarriage,I am down for the count today,"I miscarried in March and have been pretty open about it with my friends. One of them just announced the birth of their second child in our group chat today. She hadn’t told anyone about her pregnancy due to health complications. I was completely blindsided. I’m happy for her, but sad for myself. We had been trying for a year and a half before the pregnancy and then when it finally happened we lost the baby at about 7 weeks. Most days I’m doing much better but today I’m a wreck. I called in sick to work and I’m staying home. 

I just hate this all so much. ",2025-06-18 14:06:52,https://www.reddit.com/r/Miscarriage/comments/1lei0ff/i_am_down_for_the_count_today/,,miscarriage,miscarriage-data-updated - miscarriage_related_posts.csv,1a54a2b432526760a7ed50cfa21bf54e7a7c24ba805e05dad595d4c2157f692f,miscarriage
18ttno1,BabyBumps,I had a chemical pregnancy and I can’t stop blaming myself. TW: Loss; Blood.,"Hello. I am 21 and on Tuesday, December 27th I had a miscarriage. I did not know I was pregnant. I’ve been told it’s not a “true” pregnancy, which seems like nothing but is everything to me. I can’t stop blaming myself, why did my body kill my baby? What did I do to cause this? I can’t sleep because I keep having nightmares about waking up in severe pain and covered in blood. It’s been 3 days, and I’ve been overworking myself so I haven’t had time to process anything. I am so distraught. I don’t know how to process, my therapist can’t see me for another two weeks. What did I do wrong?? I was supposed to have a baby, but I just have a broken heart.",2023-12-29 18:22:38,https://www.reddit.com/r/BabyBumps/comments/18ttno1/i_had_a_chemical_pregnancy_and_i_cant_stop/,,miscarriage,miscarriage-data-updated - miscarriage_related_posts.csv,dfd48081aae0ddbf8859b24f8207d5a9c1293d00e35c985cce18d1e128136d86,miscarriage
1haiqk0,Pregnant,Megan Fox’s post did something to me,"I had a pretty traumatic miscarriage back in June at 8 weeks. I’m now coming onto week 12 this Thursday. 

When I got my positive test for this pregnancy, I just happened to see Megan fox’s Instagram post announcement for her baby. Her caption was “nothing is ever really lost. Welcome back” referring to her own miscarriage last year. 

I don’t know what it was, but I just started sobbing. Little one is currently cooking, and maybe just wasn’t quite ready back in June. Maybe the vibes are better now. 👶🏽❤️❤️

Praying for my little one and all of our little ones. Best wishes to all the mothers 🫶🏽",2024-12-09 19:57:22,https://www.reddit.com/r/pregnant/comments/1haiqk0/megan_foxs_post_did_something_to_me/,,miscarriage,miscarriage-data-updated - miscarriage_related_posts.csv,310aa1fa6cda679e5e475cc327a7b25785a3113695d40af55eda721b603a27c6,miscarriage
1l892rk,Miscarriage,Any similar experiences?,"I recently experienced my first pregnancy, followed by my first miscarriage. We were supposed to be “in the clear” all tests came back fine other than always having protein in my urine. At 14 weeks I was diagnosed with pleurisy in my lungs but the symptoms did not last long. At our 16 week appointment, baby was measuring only 14 weeks but she still had a heartbeat. At 16 weeks and 5 days I began experiencing horrible pain in my upper abdominal slightly right region, as well as in my back almost right behind the abdominal pain. I went to the hospital and they checked everything, but it all looked just fine and they sent me home thinking it was gas or constipation. 2 days later I went back because they pain did not subside and I was dehydrated. I felt like I couldn’t keep even water down because of a fullness in my upper abdomen. When I went back, they ended up keeping me because of high blood pressure (I think due to the intense pain) protein in my urine and elevated liver enzymes. I was 17 weeks at this point and they suspected preeclampsia but had never seen it this early. My labs started going crazy and I had extremely high liver and kidney enzymes, also leading them to think pre-e. During my almost week hospital stay, they consistently checked baby’s heartbeat with a monitor, all was good. It wasn’t until they did an ultrasound they could not find baby’s heartbeat. I ended up delivering her that day, and eventually all my levels went back to normal. Currently about a month post delivery, I still have slightly elevated protein in urine, and I have slightly high bilirubin (associated with liver but turns out I have for many years) my blood pressure is also slightly elevated bottom number. My OB has recommended I see a GI specialist as well as a kidney specialist before TTC again, but no longer thinks this was caused by Pre-e. I am currently waiting for my GI appointment at the end of July and still waiting on kidney specialist to call me. In the meantime I have just been researching any possible answers. I was told we can’t start TTC until after all my results are in. I’m very impatient for answers and just curious if anyone has any similar experiences. Still holding hope this was just horrible luck and won’t prevent me from TTC in the future. ",2025-06-10 20:13:55,https://www.reddit.com/r/Miscarriage/comments/1l892rk/any_similar_experiences/,,miscarriage,miscarriage-data-updated - miscarriage_related_posts.csv,94b31da2513f2a3993e7684523e32ce45cccd32933ee48d25335847837ada091,miscarriage
o6fvk2,BabyBumps,"Hello, 3rd trimester!","After 13 years of thinking we were infertile and one missed miscarriage last year at 20 weeks, today I have officially hit my third trimester! 🎊🙌🏻😍",2021-06-23 16:05:06,https://www.reddit.com/r/BabyBumps/comments/o6fvk2/hello_3rd_trimester/,,miscarriage,miscarriage-data-updated - miscarriage_related_posts.csv,09150f854f70b28220d563a419e3e3630d7f58b9043bd8eb448c0a2110952072,miscarriage
1l45ygq,Miscarriage,Questions about MC,"Hello everyone. I have a question I hope someone can answer….. So I found out I was pregnant July 15, 2024. I miscarried July 24, 2024. So I keep saying I had a chemical but I’ve noticed with chemicals tests start getting lighter and lighter and they never get dye stealers. So my tests never got lighter and lighter and I had the best dye stealer until I started bleeding at 6 weeks. Was that still a chemical? ",2025-06-05 17:59:32,https://www.reddit.com/r/Miscarriage/comments/1l45ygq/questions_about_mc/,,miscarriage,miscarriage-data-updated - miscarriage_related_posts.csv,813b93e2d4176543c7c4f6b38c056a35477318aa09ca8652d5eb72cce117c061,miscarriage
1l4e4pf,Miscarriage,tinzaparin after MC at 6 weeks?,"Hi all I've had two miscarriages in the past and never had to use tinzaparin injections afterwards, but now the nurse is telling me to? Has anyone had experience with this? Why would I need them when I've miscarried? ",2025-06-05 23:41:01,https://www.reddit.com/r/Miscarriage/comments/1l4e4pf/tinzaparin_after_mc_at_6_weeks/,,miscarriage,miscarriage-data-updated - miscarriage_related_posts.csv,44f949c22aea4cd465021c96d98c4a601bb57deb4c03d56fc88921d8b496b1be,miscarriage
1lcl9ji,Miscarriage,3rd miscarriage and numb,"I got to see the heartbeat on this one, I had so much hope. Then 1.5 weeks later the doctor is doing an ultrasound and getting so excited about the baby's growth, and I look at the screen and notice there is no heartbeat before she even notices....and then her face drops. And I hear those words I am so tired of hearing ""I'm sorry....there is no heartbeat""
My heart is broken, again. I never got to see the heartbeats on the other two they were MMCs, I naively thought it meant we were finally ok. Why am I always the unwanted statistic? ",2025-06-16 5:56:02,https://www.reddit.com/r/Miscarriage/comments/1lcl9ji/3rd_miscarriage_and_numb/,,miscarriage,miscarriage-data-updated - miscarriage_related_posts.csv,cefec1a5708462abd2e7f5ff1b2bec9858f82d29c7776dbba9d395d2835df70f,miscarriage
1129hc7,Pregnant,Is what I’m feeling normal?,"Please delete if not allowed. 
So long story short my room mate got pregnant to spite me. We had an argument recently and she said that because I got married before her she now feels it’s a competition to have a baby first (which I think poor fucking child born out of spite). 
Anyways she revealed to me a day ago that that got pregnant I made a point to be like oh congratulations (because she had the opposite reaction when she found out I was pregnant and had a miscarriage). Her reaction was “what’re you gonna do get rid of it?” Lmao. Which was about 4 months ago. 

Anyways I now feel annoyed as hell maybe even slightly jealous for a start as I feel she’s a lot of growing up to do before this child keep in mind she’s 26 and acts like she’s still on the playground. 
Before I said anything the docs advised to wait for her to have kids and a lot of health concerns surround her and her friends also said they’re worried due to her poor mental health too. 
I don’t want to help her through this pregnancy I think she should’ve thought about prior to have the baby out of spite she should’ve waited till her partner was back (he’s military and away). He should be the one holding her hair back and not me. Yet I know I’ll be expected to help out with alot if things even though she’s treated me like shit. 

There are so many things I could add to this but I need opinions. Should I just stick it out?",2023-02-14 16:25:59,https://www.reddit.com/r/pregnant/comments/1129hc7/is_what_im_feeling_normal/,,miscarriage,miscarriage-data-updated - miscarriage_related_posts.csv,d3dec813de805d9c9f4806ee5f0f711787f5d5a755015bb32c0af9d4555a3e47,miscarriage
1hopvjv,relationship_advice,I (23F) can't trust my bf (26M) after he admitted he came inside of me months after having an unwanted pregnancy. What are my options on the situation?,When my bf and I met we established we didn't want anything serious. We were both on the same page on that and we only knew each other for 22 days before I fell pregnant. When I called him to tell him I had told him how much I didn't want to have a baby. He threw up and told me he'd call me back in an hour. He ended up calling me the next morning and said that he didn't want the baby either and we talked about our options. I knew I didn't want to have an abortion because of a miscarriage I had that was from a previous relationship. We agreed that putting the baby up for adoption would be best for us. He told me he'd stick with me through the pregnancy and that no matter what we'd get through it and he apologized for getting me pregnant. He cancelled so many plans during my pregnancy and never came to any appointments. All together we only saw each other 4 times the entire pregnancy. When it came time for me to deliver he showed up at the hospital unannounced. He stayed the entire labor and left the room when I gave birth. He stayed at the hospital with me while I healed and he fell in love with his son. I instantly knew he was going to want to keep him. He asked me to move in while I healed and I agreed since my family is a bit loud and it would be impossible to get some peace and quiet or help while I healed. Fast forward a month and a half I'm still there and he told me that he had a confession to make. He didn't think it mattered so he didn't tell me until now but he had ejaculated inside of me and cleaned it up before I could notice. We had worn condoms as I had told him I was off birth control for health reasons and he had taken it off because it was too tight. I was baffled and asked him why he kept that from me knowing that we could've avoided the pregnancy entirely if I had known and he said I was overreacting and that it wasn't that big of a deal; that we have our baby and a little family and he wouldn't change that for the world. All I can think about since then is how I could've prevented an unwanted pregnancy if I had known this information. I feel like I can't trust him and since then have withdrawn any form of intimacy past kissing and cuddling. He still insists that I'm taking this too serious and that I'm a great mom but I just can't get over it. I don't know what to do. What are my options in this situation?,2024-12-29 6:16:36,https://www.reddit.com/r/relationship_advice/comments/1hopvjv/i_23f_cant_trust_my_bf_26m_after_he_admitted_he/,,miscarriage,miscarriage-data-updated - miscarriage_related_posts.csv,52ab54dc4d6fa99c4a093cd3b5c97bb60a7aecda2904f62c0eccc6a53dbdfc62,miscarriage
mqf2pk,Pregnant,TIC at my ultrasound,"Driving to my ultrasound appointment was such a weird feeling today. My first pregnancy was great, everything went so smoothly. My second pregnancy I was so excited for my first ultrasound to see the baby, and was heartbroken that they couldn't find them. Leaving the ultrasound without a picture was so tough. A few weeks later I miscarried. I had a blighted ovum (meaning there's still a sac, but something happened early on and a baby never developed). 

So today, I was not excited. About 6 months after my miscarriage I found out I was pregnant and today was my first ultrasound for this pregnancy. I haven't really enjoyed this pregnancy so far. I've been detached. Just going through the motions, not wanting to get my hopes up. My husband and I have barely told anyone. My mom passed a little over a month ago, I don't need another tragedy for people to pity me if this were to end poorly again. 

The ultrasound tech was pretty quiet throughout. The silence was deafening. Last time, I had chatted with the tech about all sorts of stuff, but this time I just wanted to get through this. 

After a bit, she said ""okay, you can see now"" and turned the monitor to me. Last time, they didn't show me the monitor. There is was. A baby. A head and body and little arms. She showed me the flicker of the heartbeat. She was explaining what body parts were what but TBH I wasn't listening. I was just so damn happy that I could see them. That something was there this time. I started tearing up and told her ""To be honest, my last pregnancy was a miscarriage and I pretty much found out at the ultrasound so I am just so so happy to see this."" 

I got a picture to take home. I finally feel like I'm pregnant. I only wish my mom was here to see this (I found out I was pregnant the day after she died) because she'd be so happy for me. She was the person I brought with me for my very first ultrasound for my first pregnancy and she had said it was one of the most magical things in her life to see. I miss her so damn much. She'd be so happy today. 

Anyway, now I'm crying more. But still, it was a good day and TLDR I cried happy tears seeing my baby on the ultrasound. Pregnancy hormones I tell ya.

EDIT: 
Thank you so much for all your support! This is such a great sub, you're all too kind. :) I wish you all happy pregnancies too.",2021-04-14 0:15:55,https://www.reddit.com/r/pregnant/comments/mqf2pk/tic_at_my_ultrasound/,,miscarriage,miscarriage-data-updated - miscarriage_related_posts.csv,e53afdf43467ab6094d7c8b29af5ff3b650dbc935fe55c73a0dbe96b220ead75,miscarriage
1l2isx8,Miscarriage,Chemical pregnancy,"Hi, I had a positive pregnancy test on Saturday (14dpo - digi confirmed too) and on Monday the line appeared lighter and today all tests are negative. My period is 3ish days late now. Anyone experience similar and when did you start bleeding? With my last chemical my period came bang on time. ",2025-06-03 18:00:42,https://www.reddit.com/r/Miscarriage/comments/1l2isx8/chemical_pregnancy/,,miscarriage,miscarriage-data-updated - miscarriage_related_posts.csv,98cc796a23277ec75b96ff3f3c26118a7bd4aacb737aecdef8e7a45b98696fe0,miscarriage
1e6c3c2,Pregnant,I lied to my sister when she asked if I was pregnant,"Backstory: my sister had 3 miscarriages and is going through extensive testing to find out why her pregnancies cannot progress past 6 weeks. Her last miscarriage was about 3 months ago. I have a son that is 2 years old.

I found out on Saturday that I was pregnant (today is Thursday). My husband and I were not really trying, but I took a test just for fun and was shocked to see it was positive. During my last pregnancy, I told my sister on the morning of my positive test and I told much of my family (parents and siblings) about a week after. For this pregnancy, my husband and I both agreed not to tell anyone until after the first appointment. Well....this morning my sister texted me ""You're pregnant, aren't you?"" I replied ""Nope, Covid ruined it."" My husband had Covid around the time I thought I was ovulating which is why this pregnancy is unexpected. I must have ovulated early or late.  She went on to say ""I had a dream this morning you were pregnant and didn't tell me. I cried."" I changed the subject to talk about my husband's Covid and how it is a stroke of luck myself and my son did not get it. Anyways, it's eating me up that I blatantly lied and now I'm not sure when is the appropriate time to tell the truth.

EDIT: Below is the link to the update to this post.

[\[UPDATE\] I lied to my sister when she asked if I was pregnant](https://www.reddit.com/r/pregnant/comments/1e72c7i/update_i_lied_to_my_sister_when_she_asked_if_i/?utm_source=share&utm_medium=web3x&utm_name=web3xcss&utm_term=1&utm_content=share_button)",2024-07-18 13:57:33,https://www.reddit.com/r/pregnant/comments/1e6c3c2/i_lied_to_my_sister_when_she_asked_if_i_was/,,miscarriage,miscarriage-data-updated - miscarriage_related_posts.csv,f44a112fdded7caa6c388e5d1e15c160c66be855ff0d421be23f6b2789c3edef,miscarriage
1lomltw,Pregnant,Velamentous cord,"Today at 20w4d during the anatomy scan I found out I have velamentous cord which sounds like some Harry Potter spell honestly. My doctor doesn’t seem too panicked but I’m not sure if she just wanted to get to the next patient. What are some tips? I’m deathly worried of stillbirth. I’ve had a previous loss but it was due to incompetent cervix. OB said they’ll start with a growth scan at 32 weeks and weekly NST starting at 36 weeks. This sounds so far out and so far in between what I’d something goes wrong, how will I know? ",2025-06-30 23:26:34,https://www.reddit.com/r/pregnant/comments/1lomltw/velamentous_cord/,,miscarriage,miscarriage-data-updated - miscarriage_related_posts.csv,b5c095dfa2b7ccd8bcab169d0a0ddef9e929cdd1b02aa46545dba47925e4c6ef,miscarriage
irkfyz,Pregnant,How did yall get rid of your mommy pooch? And how long did it take to lose it ?,I miscarried at 8 weeks and that was in early march. I have a pooch and ita making me very very insecure. I wanna get rid of it,2020-09-12 20:46:27,https://www.reddit.com/r/pregnant/comments/irkfyz/how_did_yall_get_rid_of_your_mommy_pooch_and_how/,,miscarriage,miscarriage-data-updated - miscarriage_related_posts.csv,e8eabbedab4f04d5c016590131ff4090a5bf50c5281d508f0ab1070a463d6ffa,miscarriage
vbn9gq,BabyBumps,"insurance will only pay for three ultrasounds, but I want to see baby again before birth.","To get right to it, this is my 5th pregnancy, but only one baby before this has made it. He only made it to 32 weeks, and I am currently 30 weeks 5 days. I want to see the baby again before she gets here. I admit this is really for my own comfort. 

My OB says that insurance will only pay for 3 ultrasounds across a pregnancy now, unless there is a medical reason for it. I personally feel like my history of miscarriages and early birth qualifies me, but my OB says insurance would disagree. 

Do people just go in and get ultrasounds without a doctor's reference? Do you think it would be expensive? Have you ever just gone and got an ultrasound?",2022-06-13 21:41:50,https://www.reddit.com/r/BabyBumps/comments/vbn9gq/insurance_will_only_pay_for_three_ultrasounds_but/,,miscarriage,miscarriage-data-updated - miscarriage_related_posts.csv,500f76ccc79de93d8ae0e68bdcac62d3ae518f5d9723ad3a076282f799df4d54,miscarriage
1lmb77q,Pregnant,First time being pregnant-ish,"Hello, my name is Sunny and I’m a 22F and this is me and my husband second baby because I had a miscarriage so technically this is our Rainbow baby. and I just have a lot of emotions and I don’t know who to talk to about it. because I’m not really close to my biological family besides a couple of my siblings and and also most of my friends are not pregnant ,I can’t really tell anybody because technically I’m in the first trimester I’m very scared that I may lost my baby again. my husband is very supportive, but is still like he’s not girl. and I just need help and understanding about being pregnancy.",2025-06-28 1:49:54,https://www.reddit.com/r/pregnant/comments/1lmb77q/first_time_being_pregnantish/,,miscarriage,miscarriage-data-updated - miscarriage_related_posts.csv,7ab6aea08c16ea878b7ab3c25e59005ae0402551895df5e22de96f709ac7164e,miscarriage
1lfe20e,Miscarriage,Body changes after a miscarriage,"I had my MC in March 5wks6d sadly. And my body has changed soooo much. Is anyone else experiencing this? It's been a few months now and I can't seem to go back to my body pre pregnancy! My hips are wider, I went up an entire bra size, and I have more of a tummy. I had to get all new jeans and everything. Is this just me? ",2025-06-19 15:43:59,https://www.reddit.com/r/Miscarriage/comments/1lfe20e/body_changes_after_a_miscarriage/,,miscarriage,miscarriage-data-updated - miscarriage_related_posts.csv,459dbdbbdf1b7a55b645d7811546831bf8cd017ad802ba55aee08166bbaa826f,miscarriage
1g0q3f5,Pregnant,What exactly causes a full-term still born?,"A lot of people post devastating news, tiktoks and I'm finally being brave enough to ask in hopes people don't come at me screaming ""THATS NOT YOUR BUSINESS"" ok....but it is every mom's business if it was a preventable practice. I'm big on sharing not gatekeeping.   
I get the privacy for grief, but what causes stillbirth at full term? I'm nearing that and every story I read - baby was healthy, fine, great, wonderful - then they die? I'm misunderstanding or missing something here. Can anyone or is anyone willing to share what happened? Asking is darn near taboo...I'm just genuinely wondering what practices (if any) or health issues cause this?! It's so scary.",2024-10-10 18:49:31,https://www.reddit.com/r/pregnant/comments/1g0q3f5/what_exactly_causes_a_fullterm_still_born/,,miscarriage,miscarriage-data-updated - miscarriage_related_posts.csv,c35647480da335fc5c228d6f428eae51ca063edd06fbdeb0cc6f153501203294,miscarriage
1l4ui7t,Miscarriage,First D&C,"Hey. Ive always had miscarriages that passed naturally on their own, but today I’m having a d&c to complete the miscarriage. 

I’m really nervous, I don’t really know much about the procedure or what to expect. The doctor said plan to spend a good portion of the day at the hospital, so I’m bringing my laptop and a book to keep busy. But still the nerves are killer. ",2025-06-06 14:56:57,https://www.reddit.com/r/Miscarriage/comments/1l4ui7t/first_dc/,,miscarriage,miscarriage-data-updated - miscarriage_related_posts.csv,9ff6680e2c0dfdcbcebd9171f0d0ba5c44cbe573a608da3d1463184ef9214c5f,miscarriage
1lj30eu,BabyBumps,Cramps Everyday? Anyone Else Living with this?,"Cramping was one of my very first symptoms, and it has continued with me daily into the second trimester. I am almost 18 weeks now and the cramping is actually increasing in frequency and intensity. Sometimes it is period-like cramps, sometimes round ligament pain, sometimes just painful aches randomly.

Midwife and ER docs have said it is nothing to worry about unless it is coupled with bleeding, which I only had once at 13 weeks and baby was okay. 

It’s honestly starting to wear me down; the pain can be quite severe at times and it feeds into my anxiety following a miscarriage last year. I won’t know anything more for certain until the anatomy scan in a few weeks.

Has anyone else experienced this symptom? What helped?

",2025-06-24 5:33:56,https://www.reddit.com/r/BabyBumps/comments/1lj30eu/cramps_everyday_anyone_else_living_with_this/,,miscarriage,miscarriage-data-updated - miscarriage_related_posts.csv,85d70d58bdc2309d2b17238a8e7b1444da03942a6d440094854f58561d978b90,miscarriage
1l27bub,Miscarriage,What should I expect?,"So. This is my first pregnancy and I have been told I have either a missed miscarriage and or anembryonic gestation. Either way I'm waiting for the inevitable. Gestationally I would be 12ish weeks.

 I have been referred to the appropriate hospital team and am waiting on a call. But I want to wait it out if I can and naturally let it pass. But what should I expect? Are there any telling signs that it's starting? And any tips on comfort etc regarding possible pain or is it the usual period remedies? ",2025-06-03 9:17:19,https://www.reddit.com/r/Miscarriage/comments/1l27bub/what_should_i_expect/,,miscarriage,miscarriage-data-updated - miscarriage_related_posts.csv,30ebddfa19ef0565e624c9427182c9186e3ee41ced7301b3812efb1a6f59c911,miscarriage
1lf9qcg,Miscarriage,How do I cope with grief and depression after loss,I miscarried last week it was my second miscarriage and I wasn’t expecting it to have such a mental toll on me but now I’m stuck in a depression. I can’t get out of bed can’t shower can’t change my clothes can’t eat can barley sleep. And I’ve done a lot of work to get myself out of bad depression but it’s snuck up on me again with this loss. No distractions are helping and I don’t know what to do to pick myself up out of it. Any advice?,2025-06-19 12:36:50,https://www.reddit.com/r/Miscarriage/comments/1lf9qcg/how_do_i_cope_with_grief_and_depression_after_loss/,,miscarriage,miscarriage-data-updated - miscarriage_related_posts.csv,3fe618b2acd71d7eae6e0981584a5c7289cd55ce64d5472eca5695a53eaa4a4e,miscarriage
1lffoq0,Pregnant,"I had a proper, full, period... and then found out I'm pregnant?!","Hey ladies!

So, this is a bit of a confusing one. I had a proper period a week ago. No, not implantation bleeding. Not spotting. Period! Heavy flow, blood clots, curled up in pain from cramps. 5 days long. The morning that I was due for AF, my BBT dropped!

This signalled that my period would be on it's way. And sure enough, it started. It ended. All my 2WW/PMS symptoms also went away when my period started (sore boobs, hunger, bloating etc) 

Im telling you, it was a full-experience period! Fast forward to today, CD8, and I use an ovulation strip for funsies (because Im a complete psychopath) and it's blazingly positive. I normally ovulate CD13/CD14. So I take a pregnancy test. That, too, is positive!! Full on positive. What on Earth is happening?! 

I am scared and a little excited, despite knowing that it can't possibly be good news. Has this happened to anyone else?

ETA: I tested at 9/10/11/12/13 DPO, and all were stark negative.

*This is a throwaway account. I have friends and family on here, and I don't want to announce this until I know what's going on.

 [Pic of test](https://i.imgur.com/t3WuIVW.png)

**UPDATE** : Thank you, everyone! I truly appreciate all the warm replies and concern! I have a crazy update to this whole saga. I finally made it to see my doctor. I had a quantitative beta blood test. Turns out, I have 436,344 mIU/mL HCG. Doctor had me freaked out that it may be a molar pregnancy with such high numbers. I was quickly scheduled for an ultrasound. We learned that I am indeed pregnant with a baby. I am measuring at 11w4d 😬🥹. Nobody is as shocked as I am right now. This means that I had 2 or 3 fake periods. They all felt pretty real to me and happened on time. 

The real kicker here is that I was TTC for the past 2 months! I was charting. I was testing. I had stark negatives on cheapies. My BBT rose and fell each month in line with my AF.  I had my cervical mucus change in line with my cycle, too. My cervix is not that high at the moment. I had PMS symptoms come and go with my cycle. My ovulation tests weren't anything to go by either. Always pretty faint lines and never any ""true positives"". If I didn't have a blood test and ultrasound, I would not know that I'm pregnant until a bump showed up. My tummy is completely flat right now, but with my luck, I'd probably carry in the back and remain this way and end up on ""I Didn't Know I Was Pregnant""

I am in total and utter disbelief, but grateful. Baby looks healthy with a nice solid 164 BPM, and I am seemingly healthy. This just goes to show that anything is possible.

Wishing you all happiness and love x",2025-06-19 16:49:43,https://www.reddit.com/r/pregnant/comments/1lffoq0/i_had_a_proper_full_period_and_then_found_out_im/,,miscarriage,miscarriage-data-updated - miscarriage_related_posts.csv,77465ad3895b26a77b88bb365d01896f7e11eacd31bace2161a9f95abe2ced13,miscarriage
1lat6kf,BabyBumps,"Think I'm experience early miscarriage signs, need support","I just can't shake this feeling I will lose this pregnancy. Everything feels different. I started spotting such tiny amounts of blood about 5 days ago, so I went to the doc. I've had two ultrasounds since then (5 weeks, 6 weeks ish) that support normal growth, well as much as such early ultrasounds can. I have had terrible on and off cramping. Today, the blood is much worse. The back pain, hip pain... the only thing that's helps is a hot shower. I just don't know what to do. I really hope everything in this pregnancy works out and we have a healthy baby, but I'm scared to celebrate, tell anybody.. I just don't think I'm going to carry. Is this bleeding normal? Are these symptoms normal? This isn't my first baby, baby #1 was nothing like this. ",2025-06-13 22:35:15,https://www.reddit.com/r/BabyBumps/comments/1lat6kf/think_im_experience_early_miscarriage_signs_need/,,miscarriage,miscarriage-data-updated - miscarriage_related_posts.csv,9197a980baa34bb6eecc5013b1be8666d4d764c457b4c3fce07edb7d17f61225,miscarriage
1ehkbn7,BabyBumps,"Fell at 32 weeks pregnant, spent the night in the hospital. Now I'm waiting for a call back from the OBGYN. ","TW: complications, miscarriage 

I'm 32 weeks pregnant and last night I fell going up the stairs. I had to spend the night in labor and delivery and they did an extensive ultrasound (over an hour) where they took over 200 photos. Only to come back and tell me they think I might have preeclampsia/something that looks like a hematoma on my uterus but they're not sure so I need to call my OBGYN and schedule a follow up.

So I called my OB as soon as they opened and I'm waiting for a call back. This is my rainbow baby after a miscarriage and I'm so so scared to lose her. I need her to be okay. My husband keeps trying to reassure me and tell me the tech had no clue what she was doing, but I don't know how true that is and how much he's just trying to keep me sane. Anyone go through something similar and can hopefully reassure me? This is awful. 

ETA: I'm really not looking for a diagnosis or confirmation, I'm waiting to see my doctor and get their professional opinion. ",2024-08-01 16:01:21,https://www.reddit.com/r/BabyBumps/comments/1ehkbn7/fell_at_32_weeks_pregnant_spent_the_night_in_the/,,miscarriage,miscarriage-data-updated - miscarriage_related_posts.csv,3f68ded4beab2e92810750064182a26ba0dfaea3fd944788492391b583db4c81,miscarriage
rao4b4,TrueOffMyChest,I just had an abortion today and it was nothing how I thought it would be,"I did my research and knew I wanted one. It was best for myself and my partner who supported my decision.

My nurses told me how the pain level would be with moderate sedation, not too bad, just a bit of a pinch and slight discomfort. I thought that since I was getting that AND running on 4 hours of sleep at 8am (nerves) I would be knocked out! I thought I was prepared. 

Well I go in the surgery room with my partner. The nurse puts me under sedation via IV. Immediately I go under although I was slightly awake the entire time. My boyfriend is doing well keeping me calm, and then 5 minutes of excruciating pain ensues. 

It was nothing like how the nurse described it and I know pain levels differ but I couldn’t help but feel so invaded in my bottom. I’ve never had that much trauma happen down there. I started breaking down crying and shuddering, my boyfriend was scared for me and started crying too (he’s amazing, I don’t think I could have done it without him). It was short but felt like forever. The pain stopped as soon as it was done and just a bit of cramping.

Overall I’m glad I did it, abortion was truly the best option for me and I had a lot of support. No more sickness, nausea, body aches or food aversions. 

After my bf and I went to get my favorite sandwich and he took the day off to hang out and watch movies with me. 

I’m still shaken up about it. I just had to tell someone else since only my bf and a couple friends know. I have proper contraceptive and will be taking it incredibly seriously.

EDIT: So I’d like to add when I went for my check in, I thought I was 11 weeks along but the doctor told me my pregnancy stopped at 8 weeks. I would have ended up having a miscarriage even if I did go through with my pregnancy. So it was literally inevitable. 

I truly appreciate all of the positive and kind words from you all, it means so much to me that people are understanding <3 

For the pro life ppl calling me slut, whore, murderer, psychopath etc. I’d like to say get FAWKED.

LAST EDIT: wow, this blew up and I wish it hadn’t. I’m only keeping this post up because I tried to find a realistic experience of the suction method and couldn’t find any. I hope this post helps people understand how it really is, to understand that it’s better for them in the long run if they so choose to go this route, and to know any type of pain and really talk to your doctor. The attacks are unnecessary and I’ve never read such disgusting things aimed towards myself. Stop DMing me with hate. I hope you all find peace. Again thank you to the ones sharing your experiences and your well wishes <3, it’s been very emotional on and off here. It’s an important discussion to have, I just wish it could be talked about with empathy.",2021-12-07 2:15:05,https://www.reddit.com/r/TrueOffMyChest/comments/rao4b4/i_just_had_an_abortion_today_and_it_was_nothing/,,miscarriage,miscarriage-data-updated - miscarriage_related_posts.csv,532e12096d1decdeb6d61bdb2ffe3195af5f79bc364aaacc0ce77c4b52a17c51,miscarriage
1lgnbgh,Miscarriage,Low and slow hcg drops after partial molar,"I had a miscarriage in March at 11+5 and the pathology came back positive for partial molar. My hcg levels at the time of d&c were above 300k so exceptionally high. It has now been 11 weeks of weekly blood testing and I am afraid I am beginning to plateau. The last few weeks have gone 41, 27, 19, 14, and now 12. I have had one period exactly 2 months after my d&c but haven't had a positive ovulation test. Has anyone seen levels decrease this slowly in the end to finally drop to <5? I desperately want to close this chapter so we can start looking to the future again. ",2025-06-21 3:51:39,https://www.reddit.com/r/Miscarriage/comments/1lgnbgh/low_and_slow_hcg_drops_after_partial_molar/,,miscarriage,miscarriage-data-updated - miscarriage_related_posts.csv,66b32e87ea03761130ec328356f27120a8ed719603f6b855298725d1a7319b1d,miscarriage
1lgop33,relationship_advice,30M and 31F had a still birth. Are these text responses from my sister in law insane or what?,"Recently my wife and I had one of the hardest things happen - she had a stillbirth. She got a bad bacterial infection and our son died before he was born. I almost lost my wife in the process too but by the grace of God she was saved. Her sister reached out to me the following day asking to speak to my wife because she couldn’t get a hold of her (she was too weak to speak to anyone and definitely wasn’t checking her phone). I agreed to help them get in touch once i was back in the room with her. She then texted me saying she is trying to get some fund raiser together for us (which we do not need as we are financially stable) to help cover the funeral costs. I told her we are good and i got it.

Screenshots:

https://postimg.cc/gallery/Mq7pHK7



Once i was back at the ICU with my wife who was starting to be more aware other family members there told me there was a facebook post made about the fundraiser her sister was doing. Apparently my wife agreed to it. (My wife is a stay at home mom and I am the sole provider). I then asked her is she thought that was the right move as we don’t really need the financial help and value privacy (we don’t even post photos of our first born anywhere). Also that i was not comfortable and this publicity may interfere with our grieving process and make it harder. She agreed with me and said that she couldn’t think clearly earlier and it would be best to have her remove the post and the fund raiser

The facebook post not only announces her having been pregnant to everyone which only the immediate family members were made aware of before but also  has a lot of completely made up details such as medical bills (we have great insurance), past due bills (we have none), extreme financial hardship and even my wife having a job - which she does not…

How would you rate this conversation? Are her responses normal? Are mine? Also i have a pretty good feeling that this sister of hers together with her mother had been having significant negative influence on our marriage. Her mother (who is prescribed anti depressants and mood regulators which she does not take) comes over every single day to help with child care while i am at work and ever since our marriage had been in rough waters. I feel like i am only needed as a provider and have no say in anything. From how we raise our son to how we spend our free time. Hiring a nanny for which i pushed so many times (bringing up concerns of her mom being in our lives too much and affecting our relationship) is out of the question because she does not trust anyone around our son (even when i am with him she needs to micromanage everything).",2025-06-21 5:12:11,https://www.reddit.com/r/relationship_advice/comments/1lgop33/30m_and_31f_had_a_still_birth_are_these_text/,,miscarriage,miscarriage-data-updated - miscarriage_related_posts.csv,58c6e40fac380aeb07a9fd50f855d1dbd8a6ae4e70fcc79de33f8a33c2404a8e,miscarriage
1ldsxa4,Miscarriage,No heart beat at dating ultrasound,"I had my first daring ultrasound today. I should be between 7-8weeks, but they didn’t find a hear beat and said to come back in 2 weeks to test again. They said it could be measuring more like 6 weeks. 

 I ovulated later around day 16 or 17 and only got a very faint positive around day 30. I was expecting my dates to be off, but not that off. 

Any chance this is viable? I had a miscarriage at 16weeks last August and just have very little hope. ",2025-06-17 17:14:46,https://www.reddit.com/r/Miscarriage/comments/1ldsxa4/no_heart_beat_at_dating_ultrasound/,,miscarriage,miscarriage-data-updated - miscarriage_related_posts.csv,df09861004b3589bea2d78d89aebf0f4348bc461dde0b4d08243835fd4672b26,miscarriage
1kygzjo,Miscarriage,Miso,Gonna be taking miso today for a missed miscarriage any advice will be greatly appreciated. How do I know if I’m bleeding too much and how painful will it be. Super nervous from all the stories I’ve heard,2025-05-29 17:38:21,https://www.reddit.com/r/Miscarriage/comments/1kygzjo/miso/,,miscarriage,miscarriage-data-updated - miscarriage_related_posts.csv,78f72340bf2cff4e93394d61a1a8cda23852dbf91ac4143a88c053aeda4bb391,miscarriage
1lgkoip,Miscarriage,OB too busy to advise,"Good evening, everyone. I’m new to this group—first pregnancy, first miscarriage today at 9 weeks. Things are still pretty surreal. I went to the ER this morning with heavy bleeding and severe cramps. I tried to call my OB but since the office was closed, I just decided to go straight to the ER as it was pretty clear what was happening. The ER doc was incredible, but unfortunately I learned some things about my OB that really bummed me out. I ended up being in the ER for over 4 hours and I found out that was because the ER doc tried to get ahold of my OB to ask how she preferred to proceed and the girl at the front desk said she was unavailable and would call back. Well, 3 hours went by and no call back. The ER doc tried her again and found out that she was never planning to call back, and that she couldn’t talk because she had other patients and would call when she was done with them. Bear in mind, I’m an essentially hemorrhaging and in immense pain. I’m not downplaying the other patients’ needs, but by the sound of it she wasn’t delivering or tending to any emergency, just routine patients. The ER doc was really surprised by this, as was I, considering at my first appt with her, I waited for 45 minutes for her to come in. The conversation would have taken no more than 5 minutes—did she recommend I go home or transfer over for a D&C? 

Anyway, it put a bad taste in my mouth and I will obviously be looking for a new OB for future pregnancies.

Am I nuts or is this weird behavior?",2025-06-21 1:29:18,https://www.reddit.com/r/Miscarriage/comments/1lgkoip/ob_too_busy_to_advise/,,miscarriage,miscarriage-data-updated - miscarriage_related_posts.csv,897075b40e258336cbf47149ac944caa73184b0aa07e08feae16008e33360daf,miscarriage
1fvpu73,Pregnant,Pre-grieving my abortion,"Hey 

I found out last night that I’m pregnant. 

I was with my boyfriend who I’ve been with for about two years now. We’re both 23. At first I was just in shock and then I just cried and cried and cried some more. 

I scheduled my abortion for next week. It’s suspected that I’m about 6 weeks pregnant.

I’m really upset about all of this. I wish that I was a different person, with a different life, with a different situation who would be able to have the mental clarity and strength and financial ability to raise a baby.

For context I am newly sober, 2 months sober this Sunday, and trying to learn how to take care of myself. I am unemployed at the moment and live with my family in a home that is far too small for all of us. My boyfriend is also unemployed and lives at home with his family. Our relationship has been extremely strained to the say the least and has a lot of healing to do from my addiction. I have a lot of mental health issues and every day I don’t drink is a success for me right now, never mind the idea of raising a child. 

I am very sad about all of this. I know that having this abortion is the right decision but it breaks my heart. I know I would not be bringing a child into a good situation. I just wish I was normal, and had better circumstances and that this didn’t happen right now. I wish that I could get a positive pregnancy test and feel excited and tell my friends and family. I’m scared that I’m going to regret it and I’m scared that for some reason it’s going to effect my fertility in the future. It just really sucks.

Thanks for listening 

TLDR: I feel heartbroken about having to get an abortion even though I know it’s the right decision 


EDIT: Hi everyone here is an update. I ended up having a miscarriage on Wednesday :/ Very odd emotions attached to this. Very painful experience physically and mentally. ",2024-10-04 3:19:55,https://www.reddit.com/r/pregnant/comments/1fvpu73/pregrieving_my_abortion/,,miscarriage,miscarriage-data-updated - miscarriage_related_posts.csv,62a6e7bd757ab0779cf7d3870e6e5bc7c881937e77b7d2a8f84277284ebb2449,miscarriage
1ky0zfc,TwoXChromosomes,Recommendations/ Advice for Bisalp?,"As of posting this I reside in the Southern U.S. (TX), and with abortion being practically banned here (there was a woman arrested and placed in jail for 5 months because she had a miscarriage), along with other health concerns (hypothyroidism since childhood, as well as the genetic risk of lupus flairs after pregnancy), as well as my personal ambitions that leave little room for children, I've decided that as soon as I legally and financially can (still under 18 currently), I want to pursue getting a bisalp. (I also have an acute fear of pregnancy and its effects, but that's a minor factor in comparison to other variables). From a practicality perspective it seems to be the most logical since from what I've read it has a high efficacy rate, has few complications, relative cost efficiency, a quick recovery, and leaves open the option for IVF in the improbable case that I decide I do desire biological children later in life. All this being said, although it will likely be several years before I can properly execute my plans, I'd like to collect as much input/ advice as possible so that I can create the most full proof and systematic design to achieve my goal.

I am unlikely to receive any parental financial support and it will be classified as an elective surgery, and although I am not aware of what my financial situation will be in the future, I anticipate that I may not qualify for aid. Unfortunately I reside in a strange middle-class economic range that does not receive welfare but does not have the abundance to pay completely out of pocket. Regardless, I plan to prepare for the worst possible case and save to pay for the entirety of the cost myself. Due to the high medical costs in the U.S., and the general lack of autonomy women are provided in the medical world, I am seriously considering medical tourism, perhaps Turkey, Austria, Thailand, or Slovakia, as I have heard generally positive things about procedures performed in those countries.

I appreciate any advice, experiences, and perspectives, but would kindly ask that anymore providing input would abstain from attempting to dissuade me or change my decision. I am well aware of the consequences and risks of my actions and have given extensive thought to this particular topic. I realize that I am young, but please do not mistake my youth for naivety or immaturity.",2025-05-29 3:39:10,https://www.reddit.com/r/TwoXChromosomes/comments/1ky0zfc/recommendations_advice_for_bisalp/,,miscarriage,miscarriage-data-updated - miscarriage_related_posts.csv,e2ae92f02e5bd220768db24bba3ad07584e290218a515297d04111626e3675da,miscarriage
1l3803i,Miscarriage,Anyone every have a strange miscarriage?,"This is my third miscarriage and the weirdest one of all. 

The first was a CP and the second was a MMC. this one i tested positive at 10dpo ans the line would barely get darker and I knew it would be another CP. Sure enough, I got mt period almost a week later exactly on the day it was predicted to come if I didnt test positive. 

I went to the dr for a fertility panel since it was my 3rd and she took blood and determined my hcg was at 15. She told me to retest a week later

Retested and my period had been long gone by theb and my test line was DARKER!!
.Called her and went ti the er in case of ectopic. 

Ectopic completely ruled out and left both her and the er stumped since they couldnt find anything. My hcg was then at 30. 

We retested blood two days later and still rising at 34

A dnc has been ordered and she has no idea what could this be. 

Im scared bc it's mt second dnc in 5 months  ..anyone have similar or a weird experience if your own?",2025-06-04 15:08:49,https://www.reddit.com/r/Miscarriage/comments/1l3803i/anyone_every_have_a_strange_miscarriage/,,miscarriage,miscarriage-data-updated - miscarriage_related_posts.csv,b07281dcee057b33f1ecc2d83e514640aa9e0ba77cb96b5c8a6fe1dc484464d2,miscarriage
1l2vj7t,Miscarriage,Feel like I'm backsliding,"I'm 2 and a half weeks post discovery of missed miscarriage and D&C.  The last two days I have felt almost normal - my body is finally starting to come back to it's old self, I was able to get things done at work and was able to enjoy smiling and laughing.  

Today I'm cramping and bleeding (the bleeding hasn't yet stopped since my D&C, though has been consistently light); I feel so down and scattered and I've achieved nothing at work.  

Intellectually, I know grief isn't linear, it hasn't been that long, and that of course I'm going to keep feeling bad while experiencing physical symptoms still, but it just hurts and really sucks.  I think I just need to hear that this is normal and that it's ok to feel lost again even after you've started feeling better?",2025-06-04 3:28:26,https://www.reddit.com/r/Miscarriage/comments/1l2vj7t/feel_like_im_backsliding/,,miscarriage,miscarriage-data-updated - miscarriage_related_posts.csv,21bb42b14e28f6e84333781127fd739e7936a1eda937b2b8d26a15dc036e6b74,miscarriage
1doxzkb,Pregnant,4w-5w no fetal pole or heartbeat on ultrasound …. Angry with doctor,"UPDATE 

I posted here about a month ago that I was mad at my doctor regarding telling me I was going to miscarry and that I had a blighted ovum. I was measured at 6 weeks (it was measured by the ultrasound practitioner) although according to my last period I was 7 weeks. I was told there was no fetal pole and no heartbeat. My doctor told me that if I didn’t have a miscarriage in two weeks I should do a chemical abortion. I was angry at the advice and now I feel every right to be.

Well today I went back for an ultrasound reading at 10 weeks and there was our baby! 
The baby has a strong heart beat and is healthy! I am so happy I did not listen to my doctor but listened to my own intuition. I can’t imagine if I had listened to my doctor and went through with a chemical abortion (I don’t have anything against abortions it’s more so that our baby is very much wanted). 

Anyways wanted to update and give hope to anyone who may find themselves in a similar situation! I know each pregnancy is different too. Sending lots of love. 

———————————————————————-



I want to start by saying I understand that doctors sometimes have to “give it to us straight” that being said I am finding myself angry at my doctor.  This is a bit of a rant but also looking for advice.

This is my first pregnancy. Although my doctor dated my pregnancy to my last period May 5th,  my partner and I know that I became pregnant after my ovulation May 18. Due to having fibromyalgia, when I informed my doctor, she went right into the possibility of me being ectopic or having a non viable pregnancy.  It appeared my doctor was very worried about me being ectopic and told me to go to the ER if I experience any cramping and bleeding. I only experience heavy cramping for two nights and had a drop of dark red blood (literally a drop). 

She scheduled my ultrasound (transvaginal) for yesterday which in her books is about the 6 W but again I believe I’m more at 4 or 5w. My doctor called me last night at 8pm (I was out at a concert) to inform me that they only found a gestational sac ( in my uterus so hooray not ectopic) and no heartbeat or fetal pole. She told me it looks “non viable” and that I will probably miscarry over the next two weeks. She went onto to say if I don’t miscarry I should look into getting a chemically induced abortion. She stated we will have a follow up ultrasound in two weeks but that it’s “not looking good”.  Of course I began to cry and ended up leaving the concert devastated. 

This didn’t sit right with me. I spoke to my mom and looked on Reddit (thank god for this community) and saw so many comments about there being no heartbeat of fetal
Pole before sometimes 8weeks. On top of this there is NO history of miscarriages in my family  (my family is surprisingly open about this).

Lastly the doctor sent me the form from the ultrasound and it seems they didn’t measure anything and just stated “gestational sac no fetal pole no cardiac activity… ?Blighted ovum” .

I just feel angry all in all. My mom thinks I need to advocate for myself more - with this last ultrasound all I wanted to know was if it was ectopic or not. I am curious is anyone had similar experiences. 


",2024-06-26 12:58:07,https://www.reddit.com/r/pregnant/comments/1doxzkb/4w5w_no_fetal_pole_or_heartbeat_on_ultrasound/,,miscarriage,miscarriage-data-updated - miscarriage_related_posts.csv,20682607b55ebd6b9fa057e4541d9d6f5497b74040867dfedf5e3904dfd973dd,miscarriage
1l8yyna,Miscarriage,First period after miscarriage,"What was your first period after miscarriage like?

I miscarried a month ago (at home with miso). The last 5 days I’ve been pms-ing (emotional) and cramping for 3 days. For 2 days I’ve had light brown spotting when I wipe which I usually don’t get before period or if I do it’s like half a day. Trying to figure out if this is my period (I read some people have extremely light period after miscarriage) or if full flow will still start)?

HCG was confirmed zero by my fertility clinic last Tuesday. 
",2025-06-11 17:39:15,https://www.reddit.com/r/Miscarriage/comments/1l8yyna/first_period_after_miscarriage/,,miscarriage,miscarriage-data-updated - miscarriage_related_posts.csv,8a354c3a45ef3ed867aa164321c360534f36100f3dc6974fc5ad0eba1ebe7da9,miscarriage
1lg1hzk,Miscarriage,Trying to Conceive after Miscarriage,"(I’m a F 26, my husband is M 27) In January I experienced my first miscarriage and have been ttc since my first period. My period is late but I keep testing negative and this same thing happened last month and my period ended up coming. I’m just feeling really down because I really felt like this time I was pregnant. I’m also just feeling super down because I’m thinking about how we should be in such a different phase, prepping for the baby we lost in January. I pictured going through all these life events with a cute little bump, all the other things that come with expanding your family. I also just feel guilty like I should just be grateful for the life I have. I just am having a hard day, I guess I’m just asking should I be concerned with not getting pregnant yet? I feel like everyone is getting pregnant and on here when you look a lot of people talk about how they got pregnant right away after a miscarriage. ",2025-06-20 11:20:54,https://www.reddit.com/r/Miscarriage/comments/1lg1hzk/trying_to_conceive_after_miscarriage/,,miscarriage,miscarriage-data-updated - miscarriage_related_posts.csv,0aa743b9ab180158dfe9a3e658f52823d9c8a7f2c0aa00194a46f6edadc8054d,miscarriage
1htklt0,Pregnant,Rusty sharp objects as a gift?,"MIL lied about getting the Tdap shot to see our rainbow baby in 5 days. We learned when we asked for proof. A couple years ago, she told me vaccines are what caused my first pregnancy loss (specifically a vaccine I got two years before that pregnancy). The witch is lucky I didn't require all vaccines. My miscarriage was caused by a thyroid issue.

Now she thought she was going to get away with lying about getting the tdap vaccine to see our permature baby in the NICU... Knowing he's to be early because I've been in the hospital for a month with severe pre-eclampsia. Her feelings are hurt that I'm not allowing it after 3 months of telling her we wanted proof of the vaccine... She said she got it. I asked for proof. 🤦 Well now she feels like she's being scolded and her feelings are hurt because she already called off when he's due. Sorry, am I supposed to allow exceptions to the very first boundary we put in place for our son? I don't think so. Her feelings on this on this is irrelevant. Should I mention she also made this comment? ""Everyone cares about the babies health, no one cares about mine.""

I personally want to get her a box of sharp, rusty metal. Preferably found near manure or more specifically, bacterium Clostridium tetani. 

Oooh also my FIL keeps saying he wishes it was a girl that I am having. I miscarried a girl. My rainbow is a boy. I think he's a DICK

Rant over. Feel free to chime in. I hate my in-laws.",2025-01-04 18:20:18,https://www.reddit.com/r/pregnant/comments/1htklt0/rusty_sharp_objects_as_a_gift/,,miscarriage,miscarriage-data-updated - miscarriage_related_posts.csv,11f9a96f67c45d19b9e45b14e9f364e4d98093376e261bd4cb01f13f256fce27,miscarriage
1lodnli,Pregnant,Tips for dealing with early pregnancy anxiety,I am 4 weeks pregnant today and this is my first time being pregnant. I keep finding myself struggling with major anxiety about the possibility of miscarriage. I also can’t stop hyper fixating on the fact that I’m pregnant. Does anyone have any tips on how to get through the next few weeks before the first ultrasound?,2025-06-30 17:29:16,https://www.reddit.com/r/pregnant/comments/1lodnli/tips_for_dealing_with_early_pregnancy_anxiety/,,miscarriage,miscarriage-data-updated - miscarriage_related_posts.csv,fb7ab91eb93c5620404ea533402ad36913e91c5d03685a2cb2fdcb43ced7ca45,miscarriage
1ldy0f8,Miscarriage,Rings to commemorate miscarriage,Id like to get a ring that commemorates the loss of not only the miscarriage Im going through now but the one of twins from 2 years ago. Does anyone have recommendations of jewelry brands or designs or anything like that? If I can’t find something directly linked to miscarriage I’m thinking of getting one with 3 pearls to represent them.,2025-06-17 20:30:44,https://www.reddit.com/r/Miscarriage/comments/1ldy0f8/rings_to_commemorate_miscarriage/,,miscarriage,miscarriage-data-updated - miscarriage_related_posts.csv,f87aea01aa4708701ed7725afd705a44e97a94c59c5224a66e72442d64bf4459,miscarriage
1koyhtb,Parenting,"Following the death of our child, my wife is pregnant again, I’m feeling deeply unsettled","Last year, our little boy who was only two years old, passed away from an unexplained cardiac arrest. Do I even need to tell you how terrible and painful that was? In fact, it still is...

Two months ago, my wife and I decided that we wanted to have another child. She stopped her birth control, but shortly after, we became afraid that maybe we weren’t ready yet. Afraid that we weren’t stable enough.

But then...Surprise!...that small window of opportunity was enough for her to become pregnant. And we are both shaken by it. I say “we,” but from here on, I’ll speak for myself:

I’m scared. Scared of losing another child. Scared she might have a miscarriage, that something awful might happen again. Scared that I won’t be able to welcome this child with the joy they deserve. Because our first child was born in joy. Joy guided his life, we were such a very, very happy family... I’m scared of passing on my fear. Scared of not being ready. And above all, I’m scared of forgetting my son, of replacing him with new memories. I will never replace him...

I’m sad. Still grieving the death of my son, of course, but also sad because these small moments we’re living now remind me so much of those early days with him. I’m sad that he can’t be here to experience this with us. Sad that he will never meet his little brother or sister. Sad to see my wife cry when we should be feeling joy.

I’m happy. Happy to have had my son, he was the most wonderful little boy, and we spent all our time with him during those two years. We have no regrets. I’m happy to grow our family, to, in a way, give my son a little sibling who he’s watching over from above. I’m happy to become a father again. Happy, because I know this is what I want.

I’m tired. Tired of navigating all these emotions I just described. Sometimes I feel them all at once. When I walk into the room that used to be my son’s, I see the past, I see the future, I see the present... So much joy, fear, and sadness at the same time...

I wish I could feel only joy, but I just can’t, and I don’t know what to do to make it happen.

I’m writing these words because maybe other parents have been through this… How did you cope?  
My wife, who is currently pregnant, feels all of this, but even more intensely. I don’t know how to help her...

And also... I just... I just needed to write all this down somewhere. Maybe this post will vanish into the void, and that’s okay, it felt good to write it.",2025-05-17 17:33:12,https://www.reddit.com/r/Parenting/comments/1koyhtb/following_the_death_of_our_child_my_wife_is/,,miscarriage,miscarriage-data-updated - miscarriage_related_posts.csv,a6e5318f71dad570434f0f3993cd0a8397a7320f7730939749b8794ed57dfc26,miscarriage
1ldxbx0,Miscarriage,help!,"I'm currently 5w5 and worried I'm having miscarriage. It started out as on and off pink spotting, which I chalked up to implantation bleeding. Now there's more of a flow, like a light period, and little to no cramping. Should I go to the hospital, or wait for my body to pass it naturally? My mom also has some leftover miso, if I should take that. I haven't had my first obgyn appointment yet, so I don't know how to go about this",2025-06-17 20:03:48,https://www.reddit.com/r/Miscarriage/comments/1ldxbx0/help/,,miscarriage,miscarriage-data-updated - miscarriage_related_posts.csv,f5124cfa21f3c9bc0cf24e97dd3402756aac412c7b2b02cc26a4455d4220d091,miscarriage
1ljxa9h,Miscarriage,Is this a miscarriage?,"!!TW graphic images!!

So I thought my period was starting on Saturday and when I went to the toilet it like exploded out of me and it felt like a plum cane out and I just thought we’ll I’ve had a miscarriage two months ago my period is probably just heavy and didn’t think much of it. 

By Sunday I’m passing a lot of tissue exactly like my miscarriage tissue and bleeding very heavily, and in my two previous miscarriages the tissue got stuck and I needed to go to the hospital to have it removed and I am worried it’s happened again as the pain is more but I’ve not passed more tissue. 

I’ve never seen anything like this so I can’t think what it would be if not a miscarriage ",2025-06-25 5:18:20,https://www.reddit.com/r/Miscarriage/comments/1ljxa9h/is_this_a_miscarriage/,,miscarriage,miscarriage-data-updated - miscarriage_related_posts.csv,4a0b73c62a8e63c046b91e0f92b98f7a15fc835140be02bd531b00862fca924a,miscarriage
1le1wgk,Miscarriage,And here we are again…,"First MMC was in February. It was my first pregnancy. Got pregnant on our first try. Had ALL the symptoms. Had a good first scan and appointment at 8 weeks. And then 2 weeks later everything fell apart. It all happened so fast. 72 hours from the first scan without a heartbeat to my D&C. It absolutely rocked me. But the results were a genetic issue, it was unlikely to happen again! And I got pregnant right away! So nothing to worry about! 

Waited 2 months for my cycle to come back and we tried right away again. And looks like our first try luck hadn’t run out. First try and I was pregnant again! 

Nothing felt the same. My symptoms were milder. But my HCG was doubling every 48 hours. Then my first scan at 7 weeks and I knew there was trouble. Measuring a week behind, low heart rate… it was happening again. So I had to wait, 10 days. 10 days to prepare and come to terms with what was happening. And yet, I hoped that maybe it was going to be ok. But today was 10 days. No growth on the scan since the first us. No heart beat and so here I am. With another loss only 4 months since my last. D&C is scheduled for Thursday morning. And it all feels like routine now. I feel numb. Disassociated. I feel no connection to the loss. I hate that I am more familiar with what to expect with miscarriage now than I am with pregnancy. It all sucks. ",2025-06-17 23:13:51,https://www.reddit.com/r/Miscarriage/comments/1le1wgk/and_here_we_are_again/,,miscarriage,miscarriage-data-updated - miscarriage_related_posts.csv,b305f4b2e0c0da7579f9a80d6fa81a2168d5b11588282627f19f4b2707ee7327,miscarriage
vq71v4,BabyBumps,Unconventional Delivery,"Edit:

I didn't mean to worry anyone with this post! I did want to clarify a few things since words like freebirth are being tossed around in the comments.

First, my doctor follows by ACOG recommendations, which states that you can safely wait until 42+6 before you induce. She delivered my previous baby at 42 weeks, though my induction date was set for 42+4. The risk of stillbirth at 42+ weeks is only 0.1%, so you're 50 times more likely to get accepted into Harvard than you are to lose your baby from being overdue. Since I had a c-section with my first baby, I am at a higher risk of rupture if I induce instead of going into labor naturally. My mother had 3 c-sections and began to rupture with the youngest, so my provider and I take my risk of rupture VERY seriously.

Second, my contractions were exactly like my prodromal contractions. If you have not had prodromal contractions, then count yourself lucky. Cramping, back pain, contractions on the top of your belly. I've been checked out by my provider numerous times already because I thought I was in labor and wasn't. My water also broke BEFORE labor with my previous baby so my doctor was made aware right away and we knew that the following contractions were legit, but with this baby my water didn't break until he was crowning. Had my water broken before labor started, I would have known that my contractions were not just prodromal labor.

My ""transition"" contractions were SO different than when I was in transition with my previous baby that I thought maybe I was going into active labor. I cannot begin to describe just how bizarre all the contractions were. They were not your standard contractions like I had with my previous baby. Even the contractions I had throughout the night were very bearable. I literally laid in bed next to my husband and our 17 month old. I did not make a sound because they were that simple. The change from those kind of contractions to the further apart but slightly more intense contractions made me think I was going into active labor, NOT transition. Because we recognized that something was changing my husband IMMEDIATELY called my SIL because she was going to watch our kids. She's going through a very rough situation currently, and brought her children to visit with a family friend to cheer them up and that is why she was so far away. Normally she's only about 15 minutes away. I was also begging for an epidural during my previous labor and did not have the same intense feeling this time, so I did not think I was THAT far into my labor.

Third, my birth kit was from my previous birth. I never labored with my oldest since she was an emergency c-section at 32 weeks, and I had no idea how I would labor. Considering my family's history of precipitous birth, I wanted to be prepared. My husband had to literally dig the box out of storage.

Fourth, my mother is a nurse with her BSN with a 10+ year career. She came yesterday and has fully assessed us. We are both healthy and strong, so she understands my desire to not go into the hospital. I have a lot of trauma from my first baby's birth since so much was out of my control and decisions were made that in hindsight were not the best. Since baby and I are well, I just do not see the need to subject myself to that. My doctor discharged me less than 24 hours after my previous VBAC, so I don't see why I need to go in just to be discharged a few hours later when I already have medical care at home. My mother is staying with us until my appointment on Tuesday, and is doing the same routines that my nurses did after my VBAC. If there's anything alarming to her whatsoever, I will not question it and I will go in right away.

I'm sorry if these don't seem like good enough answers for some of you, but it is what it is. You can jump to your own conclusions, I can't help that. Right now I'm just celebrating my baby's birth, as bizarre, unconventional, and non-traditional as it was. I also didn't tear this time, which is AWESOME. I had a second degree tear plus I tore my clitoris with my previous baby, so not having to heal from that is amazing!!!

~

Well, at exactly 42 weeks, my baby made his way into the world! It has been a WILD ride. To sum up a long story, he was born at home and my husband delivered him!

For the past seven weeks I have had tons of contractions and cramping. So many times I have thought ""this is it"" and they fizzled out. So when contractions started around midnight last night, I assumed it was the same thing. I didn't get good sleep, but who does this far into pregnancy?

When my 17 month old woke up close to 7am, they started getting further apart. I figured that was going to be it and I was just going to have to wait another day. Boy, was I wrong!

After a few more hours, it started getting into my head that maybe, just maybe, this was the real deal. It was not long afterwards that I started having a panicky feeling during the contractions; this happened when I was going through transition (the last stage before pushing) when I was having my previous baby. However, the contractions were still further apart, while with my previous baby they were right on top of each other. I figured it was just active labor still, and decided to take a bath. My husband called his sister, who was visiting another friend a couple hours away, and she started driving to us so she could watch our two children. She did not make it in time!

In a very short amount of time, the panicky feeling went away and the urge to push came on strong! My husband was bouncing back and forth between me in the bathroom and our kids in the living room. Suddenly he tells me that he can see the baby coming, and says, ""Are we doing this?!""

The answer was yes, we had no other option! In just a few more pushes my baby came shooting out like a torpedo and my husband caught him 🤯 The cord was wrapped around his neck, which my husband untangled before placing him on my chest. It was 12:09pm ♥️

We have been doing lots of snuggling and nursing since then. Since the baby and I are both doing well, we've opted to not go to the hospital and just to see the doctor for a postpartum checkup on Tuesday.

I am very thankful that we were prepared for this kind of situation. My grandmother on my mother's side had remarkably short labors (her third child was born 20 minutes after her first contraction), and since we had no idea what birth would look like for me when we were having our previous baby (VBAC), we had a birth kit on hand. Obviously we didn't use that for him since my water broke before active labor started and we had no problem making it to the hospital of our choice at the time. But my water did not break until the very end with this baby, which I was not expecting! But we had everything we needed from cord clamps and sterile medical grade scissors to meds and even a bowl for the placenta.",2022-07-03 2:16:31,https://www.reddit.com/r/BabyBumps/comments/vq71v4/unconventional_delivery/,,miscarriage,miscarriage-data-updated - miscarriage_related_posts.csv,608f05aff957f9e25f6b5feb346e7597fb828078af1d32709df2f54ad1f9696e,miscarriage
1lcgtrc,Pregnant,Hurt by in-laws comments,I’m 8 weeks pregnant and was excited to tell my in laws the news but instead they didn’t show any excitement and said it’s too early for me to announce it since miscarriages happen. Idk how to feel. I no longer feel excited,2025-06-16 1:44:27,https://www.reddit.com/r/pregnant/comments/1lcgtrc/hurt_by_inlaws_comments/,,miscarriage,miscarriage-data-updated - miscarriage_related_posts.csv,20858c520cf10fe20235e789458efd7283b94d2d4d8bbe39873c1c7012bd4933,miscarriage
1ln9ig4,Pregnant,Should I get an amnio?,"Hi there! I’m really struggling to work out whether to get an amnio, so I thought I’d ask for some advice.

I’m a FTM (or will hopefully be one) at 42. I’ve done the NIPT, which came back low risk for the most common chromosomal conditions. I also did a scan at 12 weeks, 4 days that checked nuchal translucency. The NT result came back slightly elevated (2.9, so above 95th percentile) with no other markers of concern. I had another scan done at 15 weeks, 3 days which looked normal and this one checked the heart quite thoroughly (still early I know to detect defects, but reassuring).
The Dr who did my 15 week ultrasound seemed to think an amnio, which I was booked in for if I wanted it, was unnecessary. My OB points to my age and to the fact that even at the ambiguous range of 2.9 there’s a slightly increased risk for other genetic conditions, including cognitive ones, that the NIPT didn’t test for and that might not show up on a later ultrasound (I had pointed out that more serious conditions would likely show up on a later scan). I don’t have a good sense of what the risk of my baby having a genetic abnormality that results in serious cognitive issues that don’t show up on a scan is exactly, so I’m finding it hard to weigh up whether the risk of the amnio is worth it.

I was in perimenopause when I conceived so I think it would have to be a fairly serious cognitive issue to make me consider not going ahead with the pregnancy and the risk of a miscarriage terrifies me because I really don’t think I would be able to conceive again.

On the other hand, it would be great to know what to prepare for, if anything.

Any advice or experiences around amnio that you can share would be appreciated! TIA.",2025-06-29 8:16:32,https://www.reddit.com/r/pregnant/comments/1ln9ig4/should_i_get_an_amnio/,,miscarriage,miscarriage-data-updated - miscarriage_related_posts.csv,9e0c3306df73858c9750841499a52740615ca43055d2a7bc61bc8b374c95aab7,miscarriage
1l5d4kk,Miscarriage,First Miscarriage Help,"I had a missed miscarriage confirmed last week on Tuesday. Wednesday I started to bleed. It was controlled bleeding. Just used a liner. Last night it got heavy. I woke up at 3am and bled through pad and pj's and passed a clot. Thought that was mostly it. During the day was ok bleeding. Just now I couldn't make it to the bathroom in time. I just felt everything fall out of me and blood everywhere. This giant blood clot in assuming is the pregnancy tissue. I took a shower and cleaned up and there's just blood dripping from my vagina. Is all of this ok and ""normal"" for the miscarriage process? I was only 6 weeks when the embryo stopped growing and I have no pain fever or anything other than the bleeding. I had some mild cramping. ",2025-06-07 5:17:41,https://www.reddit.com/r/Miscarriage/comments/1l5d4kk/first_miscarriage_help/,,miscarriage,miscarriage-data-updated - miscarriage_related_posts.csv,c935437d6c37a150946f03dca610e9a2f90b671b57e73f0cc36b2d9782f76c9f,miscarriage
1lo8e5c,Pregnant,Anatomy scan didn’t go very well,"Hi ladies, I hope you are all doing great. I had my anatomy scan today at 19 weeks. Every things seems okay except for some tiny calcifications on the heart. I did the NIPT test and it came back low risk. I also did the first trimester scan and my NT was within normal range, 1.7 mm. The ultrasound tech seemed unbothered and said if the baby was his, he wouldn’t do further testing.  He said the risk of having a miscarriage from amniocentesis is higher than the risk of anything being wrong with baby.However, he did recommend I see a genetic counselor, and I have an appointment for Wednesday. I am turning 36 this year and I can’t help but worry that maybe something is wrong. I was wondering if anyone had a similar experience and,how did things turn out for you if you did? Thank you  

Update: My husband just asked his friend, who is a pediatrician and his wife, who is a midwife, and they both assured us if only this was found, then there is nothing to worry about. I will try not to worry for now.",2025-06-30 14:05:05,https://www.reddit.com/r/pregnant/comments/1lo8e5c/anatomy_scan_didnt_go_very_well/,,miscarriage,miscarriage-data-updated - miscarriage_related_posts.csv,6f37149b306b34fea7a92ecf2ddecd85ebbcf90eb45fd9940f1d4ea2722cf7cf,miscarriage
11gzwuv,BabyBumps,"And just like that, it’s over.","Went in yesterday bright eyed and bushy tailed for my first appointment at 10 weeks. Had my physical and my pap, all that good stuff. Then, midwife wanted to do a dating scan. Was excited for real ultrasound pics to take home to my husband and our 7 year old. 

Ultrasound techs face was scrunched and I could already tell something was wrong. She clicked over to the setting that shows the heartbeat, and silence. She looked at me and said she was so sorry, that she was not seeing or hearing a heartbeat. The maternal-fetal medicine doc came in to verify. He couldn’t find anything either. Just a silent baby shaped figure. They gave me condolences, my options, and ultimately I elected to do the misoprostol at home so that I could finish miscarrying in private. 

I know the statistics on miscarriages. I know how common it is. But for some reason I never considered it would be me. I’m angry and sad and confused all in one. 

Then having to tell my son (who is CONSTANTLY talking about “our baby”) that there is no more baby absolutely and utterly destroyed me. He was so heartbroken. 

Leaving BabyBumps for a while. Hopefully I can return in the future with a better story to share. Hugs and love to all of you, especially the September 2023 crew.  🖤

*Editing to update* - thank you all so much for the kind words and outpouring of love. I appreciate all of the kindness more than anyone can imagine. Hopefully there will eventually be some light again after this dark time for our family.",2023-03-03 12:47:43,https://www.reddit.com/r/BabyBumps/comments/11gzwuv/and_just_like_that_its_over/,,miscarriage,miscarriage-data-updated - miscarriage_related_posts.csv,60f8ee06f1caa1a80a623366581fb99ac14bea3bec957cec19a9c36aac1fbd11,miscarriage
1lgkhrp,Miscarriage,I’m crazy right.,"I keep reading the ultrasound results “gestational sac and a yolk sac but did not see an obvious fetal pole” 

I was coming in for my first ultrasound visit at 10 weeks. Nurse said potential baby was 5wks. It could be early or I was about to experience a miscarriage. I’m waiting for my follow up appointment in two weeks. This wait feels criminal. I have no bleeding. I also have been breastfeeding my other child. So not sure if that affects anything. 

The day after my ultrasound, I started to experience periodic cramping and back pain. This is it right- a miscarriage? Has anyone had positive experience or for some freak case of twins or late baby? I started to search the web for some wild positivity. But it feels crazy. 


Anyways I’m laying in bed with cramps, I message my ob just in case it is viable but I just feel stupid for trying to be hopeful. ",2025-06-21 1:19:27,https://www.reddit.com/r/Miscarriage/comments/1lgkhrp/im_crazy_right/,,miscarriage,miscarriage-data-updated - miscarriage_related_posts.csv,e79de50181eeb547fb34496c3c19937e1a450e3afe943ebf56e708580e6e7221,miscarriage
1jtw4bo,BabyBumps,Chemical Pregnancy,"I’m sorry but I hateee the term chemical pregnancy. For context chemical pregnancy is an early miscarriage that can occur from various different causes. How can I petition to outlaw this word😂 It almost is insulting because it generalizes early miscarriages and sounds insensitive.

Does anyone else have this opinion?",2025-04-07 20:56:53,https://www.reddit.com/r/BabyBumps/comments/1jtw4bo/chemical_pregnancy/,,miscarriage,miscarriage-data-updated - miscarriage_related_posts.csv,3604a27550d92b1efe0ef622262deb6459cc3e8f6c0c42b323ec6823279dc70d,miscarriage
1l60b39,Miscarriage,Friend is currently grieving a miscarriage and is trying to think of a way to commemorate the little life that never was,Have any of you found ways to commemorate an early loss? I’d love to help her think of some ideas.,2025-06-08 1:17:19,https://www.reddit.com/r/Miscarriage/comments/1l60b39/friend_is_currently_grieving_a_miscarriage_and_is/,,miscarriage,miscarriage-data-updated - miscarriage_related_posts.csv,eb976dc24c8e2b7c1779dd5635b157f96636683d3710936594c98cade5ac3c09,miscarriage
f7nxzf,Pregnant,I found out I’m pregnant!,"Wow, after TWO long years of trying and failing along with two heart breaking miscarriages, my and my husband are finally expecting and have made it past the first trimester!!! ❤️ and I am so grateful! 
Just wanted to put this out there for a positive note 🤍 oh boy I still can’t believe it 🎉🎉",2020-02-22 5:03:21,https://www.reddit.com/r/pregnant/comments/f7nxzf/i_found_out_im_pregnant/,,miscarriage,miscarriage-data-updated - miscarriage_related_posts.csv,d0fc17b47d2b9fd6485e874af5d25e2a28b0cb416b7d79a853c418825a328703,miscarriage
ks0hp3,Pregnant,Well I just found out I'm having twins,I had 2 miscarriages last year and I never got to hear their heartbeats before they stopped developing. This time my pregnancy symptoms seemed to kick in sooner and at my appointment at 7 week there were two little ones in there. I was so shocked but not completely surprised as my father is a faternal twin. They have healthy heartbeats at 155 and 134 so we will see where this goes!,2021-01-06 23:49:51,https://www.reddit.com/r/pregnant/comments/ks0hp3/well_i_just_found_out_im_having_twins/,,miscarriage,miscarriage-data-updated - miscarriage_related_posts.csv,076dd391fd41cec6bd648d3830c77f6c129f0607cd4056fd0e11718fed3da323,miscarriage
1f4m3di,Pregnant,Pregnant again…and I don’t want to be.,"Using my alt account because I’m scared about this getting traced back to me since I don’t live in a legal abortion state. 

I had my first in April of 23. Pregnancy was not easy, and while it was the coolest thing I’ve ever done, it was physically and mentally exhausting. She was also an IUGR baby which brought its own set of anxiety and heartache. She’s a healthy, crazy, happy 16mo now. She’s the light of my life, but we’re also going through the start of temper tantrums. So we weren’t planning on giving her a sibling any time soon.

I realized on Monday that I hadn’t gotten my period in over a month. Popped to the grocery store…and the test came back positive. So did the second. I absolutely melted down. I’m just not ready to go through this again. I feel like I’m finally just getting myself back, plus this has personally been a hellish month. And my LO is still nursing and I’m not ready to wean her yet, I have such little supply that I fear I’d dry up like most of my friends did. 

So with the help of my very supportive mother and husband, we’re driving two hours away in two weeks to the nearest Planned Parenthood to get the abortion pill. I feel certain in my decision, but I am also just so, so sad to have to do this. And I’m nervous about the pain and discomfort, and how this is going to play out. I’ve never had an abortion or miscarriage, so I don’t know what to expect.

I’m just wondering if anyone has any advice/experience they could share? I do have extra sessions with my therapist scheduled for this month too. 

EDIT: I really appreciate the support! Mods, I had someone PM me some pro-life perspectives, how do I reach out to let y’all know?",2024-08-30 3:59:13,https://www.reddit.com/r/pregnant/comments/1f4m3di/pregnant_againand_i_dont_want_to_be/,,miscarriage,miscarriage-data-updated - miscarriage_related_posts.csv,a3e0ded5a6eb4673963f39a04eed2e0639eee80d224b4f41aa7c5a334ef9b5d2,miscarriage
1k9w7p7,BabyBumps,35 week vent,I really hope they push that 5000 for new moms. I know its not a lot but damn it would really help with all the money I've  spent trying to have the baby and all the needs for him. Who knew a miscarriage was so damn expensive. I feel the the cost just keeps adding up with this pregnancy... I have to go to doctors 3 times a week because of the gestational diabetes.. spending 88-248 a week just on doctors visits with insurance..the cost to care for the gestational diabetes is so much...  I just have 5 more weeks of this hell... I've been going through this journey to have a healthy  baby for 11 months .. im so mentally and physically  tired .... I hope he just comes sooner..... he's is measuring  5 days ahead.. is their a possibility he can come sooner? What was the process like to induce early..,2025-04-28 13:58:54,https://www.reddit.com/r/BabyBumps/comments/1k9w7p7/35_week_vent/,,miscarriage,miscarriage-data-updated - miscarriage_related_posts.csv,b73da69ce66dbe95dfe9ab0c8ae1f1b9a4937199d3091dccee2f6110c3b125d5,miscarriage
1cwg7jx,Pregnant,Please please let there be a heartbeat …,History of 2 missed miscarriages and 1 ruptured ectopic. Just found out at 4 weeks I was severely hypothyroid and have been taking Synthroid since . I hope this one is progressing . First scan tomorrow at 8 weeks 4 days and I do feel sicker than I have in past pregnancies so that’s a good sign I hope . Fingers crossed because my anxiety is through the roof while trying to be excited and cautious at the same time. I don’t know if I could handle anymore bad news . Pray for me guys !,2024-05-20 13:56:24,https://www.reddit.com/r/pregnant/comments/1cwg7jx/please_please_let_there_be_a_heartbeat/,,miscarriage,miscarriage-data-updated - miscarriage_related_posts.csv,69a97e9bef472a4afca9ff2a1b9d9a4951d379a6710711685b528d5f2ee3e608,miscarriage
1ds4au1,TrueOffMyChest,My parents and brother caused my sister to have a miscarriage and I’m so unbelievably angry,"I (28f) have more stories posted up on my families behavior and bullshit if you wanna go read those to get more context.

My sister (24f) found out she was pregnant on Easter and has been keeping it on the down low. Only me, my husband, her bf and some of her close friends know. Well, I guess one of her close friends leaked the information to our mom which instantly started a chain reaction of harassment and bullying.

My mother began posting on Facebook that BIL (sister’s bf) is gonna make her abort the baby. That she just needs to give the baby up to my parents. That she’s unfit to be a mother yet as she’s still “messing around with Satan”. My sister didn’t let it affect her much till our brother cornered her in public and got in her face screaming about how she’s a worthless sister and is gonna be an even worse mother. He also shoved her. which got him arrested.

BIL has been extremely busy but has been trying to make everything as easy on my sister as possible. So ever since that incident if she wants to go out she has to take one of his friends and he’ll do all the household chores like grocery shopping, etc.

There’s so much more. From text messages to threatening voicemails. Showing up and leaving unwelcomed baby gifts on their doorstep. So much I can’t fit into here.

But apparently the stress of my parents and brother stalking and harassing her caused her to have a miscarriage. She was sick a lot too during the pregnancy. She didn’t tell any of us at first, BIL finally reached out to us and told us what happened and he sounded just devastated. He asked we come over and be with her cause she needs her family.

Again, somehow word go out she miscarried and my dad posted that it was a miracle in disguise. That my “filthy sister” never has the right to bear a child.

These past few days have just been devastating. Holding my baby sister while she cries about her child is so hard and heart shattering. I honestly think if she didn’t have the stress of our family she wouldn’t have had the miscarriage. And yes I am getting permission to post this, she wants advice and help on how to cope with this.",2024-06-30 15:39:54,https://www.reddit.com/r/TrueOffMyChest/comments/1ds4au1/my_parents_and_brother_caused_my_sister_to_have_a/,,miscarriage,miscarriage-data-updated - miscarriage_related_posts.csv,53e77d3bccb3982b16a24204e4537bc51704a8a506cbd11b0240712d3950f7ac,miscarriage
1l4nzh0,Miscarriage,No one will be honest with me about this being my fault,"This is my second miscarriage. Well, technically. I had a chemical pregnancy the cycle before this. They don’t count that but I do.

I’ve always struggled with food addiction. It’s been an issue my whole life. I got gastric sleeve and lost 135lb before TTC. I thought that would be enough. 

But I couldn’t kick my ugly habits. Mainly of drinking lots of soda with aspartame and caffeine, and green teas and bubble teas and caffeinated refreshers. Since the surgery I track everything and there were days that I had 3-4 of these drinks a day (usually a tea in the morning, a soda in the afternoon, and another tea at night). I always did rough math and I thought I was under 200mg, but it was probably very close or slightly over nearly every day of my pregnancy. And I almost never drank water either, of course. And now he’s gone at 11 weeks. And no one’s ever gonna be honest and say that this was the problem but I know in my heart that his little body could not have handled that. 

Im so sorry baby. I’m sorry I couldn’t be better for you.",2025-06-06 9:17:05,https://www.reddit.com/r/Miscarriage/comments/1l4nzh0/no_one_will_be_honest_with_me_about_this_being_my/,,miscarriage,miscarriage-data-updated - miscarriage_related_posts.csv,fdc5aec78baada3fb513d0b96fec8ec0a5165849872617dbf2aed6b13f9f7dbc,miscarriage
1l4doc2,Miscarriage,From Blighted Ovum to Childfree,"I recently experienced a miscarriage (blighted ovum) and found out around 7 weeks pregnant. Before this, my husband (32) and I (36) just assumed we should have kids because that’s what everyone expects from us and my biological clock is ticking so we decided to give it a try and low and behold we got pregnant on the first try. Pregnancy was hard on me as a type 1 diabetic and I feel almost relieved now that I know I miscarried. This spurred a conversation around how much we wanted to kids and apparently it’s about. 7/10 for both of us. I think we both feel pressure to have kids from our families and society really. After this miscarriage I’m wondering if we really even want this bad enough. I’m not sure why I’m posting, but I just want to see if anyone else out there felt this way after a miscarriage. I was obviously very sad at first but then it hit me that maybe it’s not such a bad thing after all. Idk, any thoughts? Might be a bad place to post this.

HUGE UPDATE: I was misdiagnosed with a blighted ovum. When I went into for the final scan today at 7 weeks and 2 days, there was a heartbeat!! I was shocked. Apparently the combination of ovulating a bit later than average and having a tilted uterus obscured the results and it’s currently measuring at 7 weeks today. It’s been truly a roller coaster of emotions but we’re very excited. Thanks to everyone for the encouragement and well wishes ❤️",2025-06-05 23:18:52,https://www.reddit.com/r/Miscarriage/comments/1l4doc2/from_blighted_ovum_to_childfree/,,miscarriage,miscarriage-data-updated - miscarriage_related_posts.csv,20f472bb375015c0c43e989f9ff9d34ac9b6cc86d8034795090d33bcfc9a0990,miscarriage
1l3x2hx,Miscarriage,I don’t know what to do anymore,"I miscarried at 13 weeks. Passed her naturally (got the blood test done to find out the gender early cause I was impatient), and held her in the palm of my hand and ever since then i’ve just been mad at everyone and everything. 

The dad stopped speaking to me after I told him, with the occasional message after I double texted and weeks of silence. We haven’t spoken in 6 months - him or his friends won’t even look at me, and beside some ChatGPT esque response he offered zero support. Which sucks because at the end of the day I thought him and I were friends at the core of everything. 

That isn’t what upsets me the most. It’s the fact that the universe or god or whatever is up there saw how excited I was for my baby and just snatched that from me without hesitation. And honestly I’ve just been mad at everyone and everything. One of my high school friends just gave birth to her second baby and one of my first thoughts was ‘she gets two and I couldn’t even get my one?’. It’s a wrong and selfish response for me to have and the worst part is I know my anger is misplaced. Cause I don’t know where to put it. 

I feel like it won’t get better and I’ll never even get closure with the dad who refuses to acknowledge my existence besides barring me from social events cause he can’t even look at me. 

I just don’t know what to do anymore. ",2025-06-05 11:43:50,https://www.reddit.com/r/Miscarriage/comments/1l3x2hx/i_dont_know_what_to_do_anymore/,,miscarriage,miscarriage-data-updated - miscarriage_related_posts.csv,65ea29b4c3b0afc8d4111de2bf316d8207e368180d32ee56284082909ac39927,miscarriage
1ln9xcl,Pregnant,Sleeping on back,"Hi, 37w. I woke up to sleeping on my back, and I was probably like that for hours, i just have a pillow and ontop top my pregnancy pillow so i’m not propped up that much, when i turned to my left baby felt hard as a rock on my right, and now doing slow rolls, pretty worried if baby is okay or not. I heard this increases stillbirth and other stuff, so I’m genuinely pretty worried, since I don’t know how long I was like that for, could’ve been 4 hours. ",2025-06-29 8:44:58,https://www.reddit.com/r/pregnant/comments/1ln9xcl/sleeping_on_back/,,miscarriage,miscarriage-data-updated - miscarriage_related_posts.csv,38fe7f5275b0ab7b4b2db0f61dd70f0baa7420730ff6dd4b6f046e77578e89fd,miscarriage
1l8gymm,Pregnant,"Missed Miscarriage, please help","Last week I went in for my first sono, there was no heart beat. I was 9+2 and the baby had stopped growing at 9 weeks. It’s been a full week since the scan and I have yet to have any signs of miscarriage. Still feeling very nauseous, no blood. The only thing that might be a sign is that I’ve had some (what I can best describe as) Braxton hicks, painless contractions. 

My D&C is scheduled for Thursday and I’m starting to get this sinking thought that “what if the tech was wrong, what if she just missed the heart beat?” Listen, I’m typically a very evidence based girly, and I know nine weeks should have produced a heartbeat so I am fairly certain this is just my grief talking. But I don’t know what to do. It feels a little late to ask for another sono and I also don’t know that I can take seeing my baby motionless on a monitor again. 

If you’ve experienced anything like this, first of all, I’m so sorry, second of all, can you talk me off this ledge? I’m becoming increasingly terrified that I’m about to harm my baby even though I know they aren’t really there any more. ",2025-06-11 2:05:03,https://www.reddit.com/r/pregnant/comments/1l8gymm/missed_miscarriage_please_help/,,miscarriage,miscarriage-data-updated - miscarriage_related_posts.csv,3b41787c650d5e4b20e0adaf3cfd55205ab585ae5b704bb44d0481a2d7a8a334,miscarriage
1li2jhl,Miscarriage,Implantation bleeding or miscarriage?,"I would be about three weeks pregnant and a few days. I felt implantation cramping about a week ago, no bleeding. I woke up this morning with more cramps and blood. Very minor bleeding, but what was concerning was the small blood clots that made up most of the discharge. A few pieces of small pink tissue looking things as well. Dark red gloopy clots.  But as the day has gone by the bleeding isn’t heavy, but it is there everytime I go pee. Not soaking any pads or anything but maybe that’s because it’s still such an early pregnancy (if it was a miscarriage) 
For more context I had an abortion a few months ago unfortunately, and was wondering if maybe it’s some remnants of from my uterus of that abortion. I’m heartbroken because I wanted this one to work. I’m not sure what it is. I plan on going to the doctor my next day off work but wanted some input until then. ",2025-06-23 0:03:57,https://www.reddit.com/r/Miscarriage/comments/1li2jhl/implantation_bleeding_or_miscarriage/,,miscarriage,miscarriage-data-updated - miscarriage_related_posts.csv,ee4a45a5a74a5fcad89ce32bb8e05f55d305bd3a62589ceb17dd1b803f574122,miscarriage
1dvac3v,Pregnant,Doctor couldn't find baby on ultrasound?,"So I'm 9 weeks pregnant. I had a little bit of spotting yesterday and some very mild cramps. My husband told me to go to emergency and get checked out just in case something was wrong. When I was finally able to see the doctor he did an ultrasound but he said he couldn't see anything in my uterus?? He said it could be because the baby is too small to see or maybe I'm having an etopic pregnancy. I don't exactly know what to do. I have to go get another ultrasound today and I'm scared that I'm having a miscarriage or etopic pregnancy. It sucks. I'm so emotional. Has this happened to anyone before? I hope everything is okay 😞

Update!!

Baby is okay. The ultrasound tech said that I'm actually 8 weeks pregnant. So that's probably why they couldn't see anything at the emergency room. The doctor at the emergency also said their ultrasound machine wasn't the best and I didn't have a full bladder when I went to the hospital. But everything is okay. I'm so relieved! I was very worried and crying all day. I'm having a Valentines Day baby yay 💕 ☺️ ",2024-07-04 15:59:21,https://www.reddit.com/r/pregnant/comments/1dvac3v/doctor_couldnt_find_baby_on_ultrasound/,,miscarriage,miscarriage-data-updated - miscarriage_related_posts.csv,d759f16b916cd0352d9f4d83dafc8c5961c4be73cd4909fa2bba857f54b213be,miscarriage
1la7nwd,BabyBumps,4 weeks pregnant and worried that my past alcoholism will doom my pregnancy,"
THANK YOU to everyone who has commented, I haven’t had a chance to respond to everyone but the outpouring of positivity and encouragement is truly touching. You have all helped me more than you know 🩷 

Original post: 
I’m 31 and pregnant for the first time, I’m a little over 4 weeks along and I haven’t had a single drink for a week but prior to that for the past couple years I’ve been an almost nightly liquor drinker (4-6 shots) I’ve had a few breaks in between, this year specifically I’ve had two separate almost 30 day breaks. I’m worried that my past alcohol abuse  will inevitably cause a miscarriage or issues and that it’s impossible for me to have a healthy pregnancy. I’m not asking for medical advice but I’d like to hear from moms who had a similar history but still had a successful pregnancy. Yes I know I need to be transparent with my OB, and I will. Right now I really need some compassion and reassurance.",2025-06-13 5:04:10,https://www.reddit.com/r/BabyBumps/comments/1la7nwd/4_weeks_pregnant_and_worried_that_my_past/,,miscarriage,miscarriage-data-updated - miscarriage_related_posts.csv,5732449aef48ab7863dea1ae935e3b66dc781a16085809ec0a55b8d224eaa2cc,miscarriage
1lhpemz,Miscarriage,8 week scan measuring 2 weeks behind. No heartbeat. Booking appointment tomorrow.,"This is my first pregnancy. Sadly at a private ultrasound scan yesterday I was told the pregnancy measures 6 weeks 1 day, no heartbeat. I am pretty certain of ovulation dates (clear blue digital) and first positive test was the 19th May so I don't see how it can be feasible that dates are out. 
We are preparing ourselves for a missed miscarriage and tomorrow I have my booking appointment with the NHS.

The private scan place booked me for a rescan next Monday and said to take my scan notes from yesterday to my booking appointment tomorrow. 

Can anyone advise what questions I would be best to ask tomorrow/ what to expect with this in mind? I'm trying to educate myself on my options as best as possible since it has seemingly been over 2 weeks and besides a very very small amount of brown spotting I have nothing to suggest anything wasn't right so far.

Thank you.",2025-06-22 14:37:10,https://www.reddit.com/r/Miscarriage/comments/1lhpemz/8_week_scan_measuring_2_weeks_behind_no_heartbeat/,,miscarriage,miscarriage-data-updated - miscarriage_related_posts.csv,51a4f05b4030fb8225809b99b61298130e7f924215c8ec12febd9bc2fa3a643f,miscarriage
1lofqqy,BabyBumps,what can i do about braxton hicks/extreme back pain?,"i got induced with my first & it was a failed induction so i’m not sure if what i’m feeling is braxton hicks contractions/ back contractions or if i’m feeling early labour contractions…. it’s a pain all over my lower & upper abdomen, as well as lower, upper and mid back pain. this pain is so extreme to the point we’re i’m keeled over in pain or crying. the ONLY thing that helps is a warm bath. the pain is a solid 9 and it lasts for about an hour or two each time every half hour/ hour every two hours.

 if any help or advice could be given that would be so greatly appreciated:))!! as i’m not sure what this is(this would be my second child not second pregnancy as i’ve experienced quite a few pregnancy losses in the past)",2025-06-30 18:48:26,https://www.reddit.com/r/BabyBumps/comments/1lofqqy/what_can_i_do_about_braxton_hicksextreme_back_pain/,,miscarriage,miscarriage-data-updated - miscarriage_related_posts.csv,caa261f9a78d2ec460e8b18a8fe05d996ea29f7e7cd2e9fd9a8b9a614e70f56f,miscarriage
t0bzhm,Pregnant,Stop telling other pregnant women they don’t need to be cautious,"I see it on here and my other pregnancy forums all the time. You have no idea what someone has had to go through in order to have a healthy pregnancy. They could’ve had a miscarriage, stillbirth, struggled for years to get pregnant, or any number of things. If they want to be as safe as possible then that’s their prerogative. If you want to eat raw sushi and drink wine, then that’s fine too, but you don’t need to tell other pregnant women they should stop worrying about those things themselves. I personally had a miscarriage before getting pregnant and it was very traumatic for me. If I want to be as safe as possible to ease my anxiety, then that’s what I’ll do and I don’t need to be told by other pregnant women that I’m being overly cautious. Why can’t we all just have the type of pregnancy we want to have without judgment and advice from others? Unless someone is soliciting advice on it, then maybe just keep it to yourself. Just my two cents.",2022-02-24 14:13:11,https://www.reddit.com/r/pregnant/comments/t0bzhm/stop_telling_other_pregnant_women_they_dont_need/,,miscarriage,miscarriage-data-updated - miscarriage_related_posts.csv,1e7318f3273e1d98d43ea17176a7e5f7cdaf3e16d85b331bfc41f3e1f928bfca,miscarriage
1l8b11e,BabyBumps,Looking for Hope: Any mama’s over 35 have healthy babies after miscarriage (both after age 35)?,"So I am 38.5 years old with two children from a previous relationship (10 and 12) so you can see the last time I was pregnant. Both healthy and successful pregnancies, obviously. I've never had a miscarriage before. Now, I am 6 weeks and 2 days pregnant at my ultrasound yesterday but based on my lump should be 8 weeks and 4 days. But it gets worse: no heartbeat on the embryo and progesterone is low (8.2) so basically I'm calling missed miscarriage because I have no bleeding, no cramping, only my strong pregnancy symptoms. I'm not buying the ""maybe ovulating late"" because my partner and I only see each other every other weekend due to work and my kid schedule. We'd love to do this together one day and add to our family and give him a biological child but I feel like maybe my eggs are all messed up now since my first time pregnant after age 35 is ending in miscarriage. Has anyone gone through miscarriage over 35 and still later had at least one healthy pregnancy and baby afterwards? Of course there's no guarantee for me but I guess maybe someone else's luck will help me handle this better. I'm now pissed over sad. ",2025-06-10 21:30:57,https://www.reddit.com/r/BabyBumps/comments/1l8b11e/looking_for_hope_any_mamas_over_35_have_healthy/,,miscarriage,miscarriage-data-updated - miscarriage_related_posts.csv,ddaeec50bce5a2342989b589a4af04f4f084aab7349aa91d78b7131f590132dd,miscarriage
1l7e981,BabyBumps,Feeling done with pregnancy,"I’m 28 weeks and already feel so done with pregnancy. This is my second and my body just does NOT handle pregnancy great and I just don’t have it in me to power through this time around. I want to take a three month nap and wake up when baby comes. I also feel guilty because I had two miscarriages and 18 months of fertility anxiety leading up to this pregnancy. And of course I feel extremely lucky to be pregnant and I love this baby so much… but I hate being pregnant. I hate it so much. My hips hurt and my ass hurts and I’m short of breath and I have acid reflux and my face is fat and I’m not sleeping well and I’m tired all day at work and I’m filled with dread about the months ahead! Blahhhh I guess I’m just venting. If anyone else has had similar feelings and found ways to make it more enjoyable or helpful ways to power through, please share them with me! I need some support.",2025-06-09 19:39:00,https://www.reddit.com/r/BabyBumps/comments/1l7e981/feeling_done_with_pregnancy/,,miscarriage,miscarriage-data-updated - miscarriage_related_posts.csv,36fcb31dd447edc709ea1408708a6d5d8cc9d078cd3a9cec2fc5c0a26e397acb,miscarriage
10ip4nv,BabyBumps,Rant: It’s ok to announce your pregnancy whenever the fuck you want to,"I’m so tired of seeing judgements about when other people announce their pregnancies. A pregnancy announcement is an incredibly personal choice, there is no right/wrong answer. 


We’ve been trying for two years, recently had our first egg retrieval. I haven’t talked to a lot of people about our struggles with infertility and if/when we do get pregnant, I most likely would not announce it until at least the second trimester. However, that choice is because in the event that we experience pregnancy loss, we would want support only from a small group of close friends. Also, for me personally, that choose is in part made because of the shame I feel due to infertility.  


A friend has been trying for much longer, recently completed her *fifth* IVF transfer. You can only imagine the hell she’s been through, the number of exams, procedures and surgeries she’s endured. You better believe when she peed on that stick she shared it with the world. She has *so much* to be proud of. She has worked *so hard* for this positive. 


And in return, people have been privately messaging her (not aware of her infertility struggles) to warn her that it’s “too soon” to announce a pregnancy and she should take the post down. People say this as if it’s some type of goddamned superstition - like simply the act of saying it out loud is going to cause her to miscarriage. 


This idea that people experiencing miscarriages should grieve in silence is so problematic for so many reasons. Imagine if a person said to you *“You shouldn’t tell people that you have a dog - what if they pass away? Won’t you want to keep that to yourself?”* 


My point is, the people who announce early are often the people who would *want* support from a larger network of loved ones in the event of a loss. Regardless of their motivations for announcing early, I wish people would be more supportive. 


On the opposite spectrum, a friend didn’t ‘announce’ her pregnancy until she was 30 weeks, and someone close to me speculated that she “must not be excited” about her pregnancy. 


Can’t we all just .. support personal choices and support people at whatever stage they decide to share their pregnancy?",2023-01-22 17:34:24,https://www.reddit.com/r/BabyBumps/comments/10ip4nv/rant_its_ok_to_announce_your_pregnancy_whenever/,,miscarriage,miscarriage-data-updated - miscarriage_related_posts.csv,9ebb1479eff87f26e4569471eeed14ad561aa32cc06aeaa8e98cb1966d677d5d,miscarriage
1i6ir1b,Pregnant,So scared,"So after yesterday (I can’t even write it out I’m so upset) at the inauguration. I am terrified more so than I have ever been from our own government. I’m sitting here 20 weeks pregnant with a 9 year old daughter and I feel like I can’t keep them safe that I have failed as a mother to provide them safety. 

In high school I warned the Roe v Wade was not permanent that we had to fight because it could be taken from us… to be told I was overreacting and it would never happen and then I stood in my bedroom sobbing as I lost my rights and freedoms and watched my daughter loose her rights and freedoms.

When the hate started and spread I warned, I remember saying this is right out of history, hate is strong and powerful we need to remember Germany and how it started. After yesterday, I am so heartbroken to feel right again. 

I am terrified for my children. I spent 2 years trying to conceive my little one, after a miscarriage he’s my rainbow baby. He is so loved and so wanted and I feel like I failed him.

I feel so incredibly hopeless and I sure a lot of it is pregnancy hormones and I tend to be emotional in general. But I am overwhelmed with sadness and grief. ",2025-01-21 13:37:59,https://www.reddit.com/r/pregnant/comments/1i6ir1b/so_scared/,,miscarriage,miscarriage-data-updated - miscarriage_related_posts.csv,763fb98f3545dca8c3a849e7b2f5f3fffd166c9f9b767dfae46ae96c40039b70,miscarriage
1l8b5tj,Miscarriage,Trigger warning-Chemical pregnancy,"Hi everyone,
I am just needing some validation of feelings and maybe healthy coping strategies. This morning I was on CD 35 (normal cycle is 35 days) and I had a faint positive at 3am. I was so excited and so was my partner. This pregnancy was not planned or wanted per se but the next two hours I became excited and fell in love with this baby. By 5:30 the bleeding began and I had a chemical pregnancy. Based on my symtpoms and vomiting this morning Id say I was definitely pregnant. 
My partner is neutral about it but I am having a hard time. I've been thinking about this all day and already miss a baby I only knew about for 2 hours. Part of me is hoping this is just a dream or cruel misunderstanding from the doctor and its not actually happening. Im not sure how to cope with it and no clue how to not think about it. Any advice would be appreciated. Thank you",2025-06-10 21:36:24,https://www.reddit.com/r/Miscarriage/comments/1l8b5tj/trigger_warningchemical_pregnancy/,,miscarriage,miscarriage-data-updated - miscarriage_related_posts.csv,65673d86cb3ab33736fda54a6152a808b9265e483226fc29cf25a3c88db5f29a,miscarriage
1ld85bb,Miscarriage,Hope is devastating,"I am 35 days post misoprostol miscarriage after a blighted ovum and I managed to ovulate on day 25 even with a faintly positive FRER that morning. I thought I was having pregnancy symptoms and got faint positives on FRER 8 and 9 dpo but they weren’t darkening much and at 10 dpo it was negative. I think it was just residual HCG.

I am crushed because I was just started to be happy again and hopeful since I ovulated but it didn’t happen. I wanted to be one of the lucky ones to get pregnant immediately after a MC. I don’t know how to not get my hopes up every cycle and just continue to get crushed when I just want what I lost so badly.",2025-06-16 23:30:09,https://www.reddit.com/r/Miscarriage/comments/1ld85bb/hope_is_devastating/,,miscarriage,miscarriage-data-updated - miscarriage_related_posts.csv,56860efeda9886d6d5d8436dbe07e7d5719d35b3248f652086ee838b80f3cc22,miscarriage
g51zvi,Pregnant,OB Story,"I am excited. Back in August I found out I was pregnant. I went to a doctor that many people recommended, and he turned out to be terrible. I had a miscarriage and he pushed me away, didn't give me any guidance, he was rude, terrible. 

I told myself I was never going to get a male OB again (sorta sexist...but I was not pleased lol). Well I moved, and didn't have a doc established when I found out I was pregnant a few weeks ago. They gave me a male doctor and I was a little nervous.

Today I called the office, nervous, looking for reassurance. I was nervous about another missed miscarriage. My doctor called me back within a few minutes and was so polite. And then said, ""well lets not wait three weeks for your scheduled ultrasound. Lets get you in this week. I don't believe in waiting it out. If you're worried, were worried and we want you to be comfortable."" I almost cried. 

I am so pleased to have a doc that listens after just one phone call.",2020-04-20 21:42:54,https://www.reddit.com/r/pregnant/comments/g51zvi/ob_story/,,miscarriage,miscarriage-data-updated - miscarriage_related_posts.csv,4b4d07034f81fc499054f3c286a4dd6dbb58914ffae99e2b827ac65d7d0de6df,miscarriage
