title,body,PredictedLabels
Complications after abortion?,"Hi everyone, Ive read that abortions don’t cause infertility. There is a part of me that doesn’t fully believe that. Could be my anxiety speaking.

Since my abortion (August 2024), I’ve been bleeding half way through my cycle and after sex, brown spotting, and recently my periods have been late (last three months) and my uterus, ovaries and cervix are so tender it hurts to walk, bend over or even apply a bit of pressure. It isn’t unbearable pain, it’s manageable but rn it’s at its worst and it’s still out of the normal for me. Anyone know what it possibly could be? I have a gynecologist appointment in about 3 weeks but I’m hurting now and I’m getting very worried.","[""Medical"", ""Mental Health"", ""Pregnancy""]"
Second MA abortion today and I'm absolutely terrified advice?,"I'm having my second MA abortion today and I'm so scared about the pain. I've been reading how women say its the most painful thing they've gone through and I'm having anxiety attacks and I'm so scared I won't cope with it.

My first was 3 months after I'd given birth in 2022 and honestly was completely manageable. From what I remember it was strong period type cramps that only lasted about 2 hours and the whole process was over in around 4-6 hours. I'd taken the 4 pills vaginally, started bleeding after about 2 hours, with mild cramping and bloating. Pain reached maybe a 6 and lots of clotting and then after it eased right up. Could definitely manage that again. I was 8 weeks 1 day at the time of termination

Is the pain the second time likely going to be the same as the first? How long roughly is there severe pain for people that experience it and what do you do in terms of pain management? Last time I was given codeine but this time they refused and told me to buy co-codamol over the counter. 

I'm absolutely terrified right now. ","[""Medical"", ""Mental Health"", ""Pregnancy""]"
Help needed/ live in Texas where abortion in banned,Anyone know of a legit site to support women in need with pills for this? I’m very early on and seeing if anyone has used any online sources?,"[""Pregnancy""]"
medical abortion at 6 weeks,"I’ll be doing my procedure on Friday and I got my pills from WoW, what should I expect once I do the procedure? Should I worry if I only pass blood clots or is there something to look out for?","[""Medical"", ""Pregnancy""]"
Idk what to feel about my decision after doing it…,"I just had medical abortion yesterday. I was a 100% sure about my decision to abort 6-7 weeks of pregnancy. Me and my ex also broke up before knowing i was pregnant, so i did it alone and i am facing it alone right now. I haven’t told anyone about it as well. 
The reaction i was expecting was relief but i was wrong, i felt sad and really down after the abortion. Till now i still feel terrible, depressed and i cant even push myself to go into positive thoughts. What can i do about this? I feel so alone and scared.

Its really how difficult that i have to move on from the breakup and i have to go through this alone. I feel like im drowning. I feel so alone.","[""Medical"", ""Mental Health"", ""Pregnancy""]"
my late 2nd period after abortion,"so i had my successful abortion last (april 2) im 6 weeks and i had my first period so late its been 7 weeks after my abortion did my period show up (may 18). my bf and i after no sex we had last (june 10) at first he is not wearing condoms but after like 1-2 minutes he wear one and that day too i also took my first pill and continued to take it everyday, and when we do the thing we have condoms. (mind you im not in my ovulation) and now based on my flo app my period supposed be up last (june 21) so im 5 days late. i’ve took pt (june 22) and its NEGATIVE.…. can you guys please help me whats going on should i be worried that im pregnant again or what","[""Medical"", ""Pregnancy""]"
Im so scared about having an abortion,"Im really scared to take the abortion pills. I have my consultation tomorrow, and I’m just hoping I won’t need an ultrasound and can just get the pills and move forward as soon as possible. The whole thing is terrifying to me. I’ve been reading other people’s experiences online, and honestly, it’s made me even more anxious. I keep thinking what if something goes wrong? What if the pills don’t work? What if something bad happens to me? I know a lot of people go through this safely, but right now, all I can feel is fear. I just want this to be over and for everything to go okay","[""Medical"", ""Mental Health"", ""Pregnancy""]"
I wanna know how much pain I will suffer,"I just took Misoprostol and some ibuprofen of 400mg... I'm 7 weeks pregnant and 3 days.... I wanna know how much will it hurt... I have horrible menstrual cramps so I'm used to pain, but um... in a scale of 1 to 10 how much will hurt me?...","[""Medical"", ""Pregnancy""]"
Need help 9weeks pregnant,"Hello im currently facing difficulties, I was so scared and stressed rn. Physically and emotionally drained because of my situation. I dont know how will I remove this and where can I get a pill urgently before everything notices my situation. I decided to stop this because im not ready enough to be a mother, my partner leave me bcoz he cannot be a father. I dont know what to do rn and Im seeking help. Especially im living in country where abortion is illegal (Philippines)","[""Mental Health"", ""Discrimination"", ""Pregnancy""]"
I’m 20 weeks pregnant and,"Hi everyone,

I just recently found out that I’m 20 weeks pregnant. I have very irregular periods, so I genuinely had no idea I was pregnant until about a week ago when I started feeling nauseous and went to get checked. It was a complete shock.

I’m in Minnesota, and I’m trying to figure out what my options for abortion are at this stage. I already have a child who is autistic, and I’m doing everything I can to give them the love, time, and support they need. I just don’t feel like I’m in the right place mentally, emotionally, or financially to bring another child into the world right now. I feel overwhelmed and scared, and honestly… guilty for even thinking about abortion this far along.

I keep wondering if I’m a horrible person for not wanting to go through with this pregnancy, but deep down I know I’m trying to make the best decision for everyone involved including the child I already have.

If anyone has been through something like this or has experience with later abortion, I’d really appreciate any advice, support, or just to hear that I’m not alone.

Thank you for reading.
","[""Mental Health"", ""Pregnancy""]"
Medical abortion fail?,"Hi all, I made a post a few days ago so this is a update.

Last Thursday night, I took 4 misoprostol the day after I took mifepristone. I had virtually no bleeding Thursday night, Friday night, or Saturday night. Sunday night, I started heavily bleeding, I completely bled through my pads and bedsheets. Monday morning, I went to the bathroom to pee and passed a clot about the size of a lemon (could be the fetus?)

Anyways, I’m still bleeding today and everywhere says that heavy bleeding a few days after taking the pills is a little weird. I know it’s not ectopic (I had a ultrasound to confirm last week) so just wondering if anyone else had little to no bleeding for a few days after taking the pills, and then suddenly had a burst of bleeding? ","[""Medical"", ""Pregnancy""]"
Haven’t Had a Period Since My Suction Abortion – Was the June 3 Spotting My Period?,"Hi everyone,

I had a suction abortion (manual vacuum aspiration) on **April 19th, 2025**. I was just **1 month and 1 week pregnant** at the time. I’m now over 9 weeks post-procedure, and I still haven’t had a full period, so I’m hoping to get some thoughts or shared experiences.

Here’s what’s happened:

* **Post-abortion:** I recovered normally with no pain or heavy bleeding.
* On **May 21–22,** I had intense lower abdominal cramps, but they went away after two days.
* On **June 3**, I saw some red blood on the tissue paper while wiping after urinating. It looked like a small amount of fresh blood — similar to what I might see on day 3–4 of a typical period — but it only lasted half a day. I wore a pad, but there was no blood on it at all. Little cramps but no breast tenderness or PMS-like symptoms.
* On **June 19**, I had another episode of strong cramping and pulsating pain in the lower abdomen, along with intense pain in the pelvic region during bowel movements. I went to the clinic the next day, where they performed all the necessary tests and an ultrasound, and said everything looked normal.

As of today (**June 24**), I still haven’t had a proper period. I’m not on any birth control, and I don’t have a history of irregular periods or PCOS. I do have subclinical hypothyroidism, and I tested positive for **thyroid peroxidase antibodies** earlier this year **(TPO 60)**, but my thyroid levels were said to be in the normal range recently **(TSH 2.35).**

My main questions are:

* Was the June 3rd spotting likely my first period, or just hormonal spotting?
* Is it normal to still not have a period more than 9 weeks after a suction abortion?

Would really appreciate any insight, especially from people who had delayed periods after surgical abortion. Thanks so much.","[""Medical"", ""Pregnancy""]"
I don't what path to took in,"I F(26) my bf male (23) met each other one years ago. I think we had alot of chemistry but he had a lot of problems from his past I helped financially mentally I helped him to move out from his parents. He was dealing with addiction still does but I did my best to find him things that makes him happy.
We have been fighting alot but I still tried. Long story short I don't think he loves me on the other hand I'm new to this country I found out I'm pregnant and I told him he was supportive when we were hanging out and then I called hours latter I called alot I wasn't feeling good and told him again that I feel very effected by things that happened recently I don't know what to do he said he said he have shit to do and I should respect his boundaries and he has to sell his collection cards.
I haven't been able to do anything I am master student my room is a mess I came for summer to visit him. I offered a future said I will help him with getting a job which he got on his own. 
He seems distant and always says don't put me in a shitty mode he is backed by his family and his old lady landlord and his addicted friends. I feel so empty I lost contact to my bf that I used to talk to. 
I have big dreams I want to have kids but I don't know if this is right I don't know if I should keep my child and gave it away to family that I can provide him/her what I can't or abort it all. Unfortunately I can't really tell my mom about it or I will be judged really harshly when I get back after summer soon or latter she is gonna notice. I also used to work in tech I have big dreams I don't know what to do please help.
I can't stop crying ...
","[""Mental Health"", ""Pregnancy""]"
How to get an abortion if im under the age limit,"Hi everyone i was just wondering how i can get an abortion if im under the age limit, where im from i need parental consent if under 16 and i cant tell my parents. Is there like anything else to do? Like is there anything widely available that i can take to like miscarry?","[""Not Applicable""]"
Help please feeling pain and haven’t felt any pain for about a week,It has been 2 weeks since I have taken the medical abortion pills and after the first week I just stopped feeling any pain still bleeding but not too heavy and light but suddenly I’ve started feeling really bad pains again in my thighs and pelvic area exactly the pains I was going through when the abortion was happening is this normal to still feel pain even tho I went a week without any pain?? I started feeling pain yesterday as well and now today again,"[""Medical"", ""Pregnancy""]"
Super sure before my abortion and now feel horrible,"Hey everyone, throwaway account for obvious reasons.
I had a surgical abortion 6 days ago, I was 9 weeks pregnant.
I’m almost 32 and have been with my boyfriend for 1.5 years. 
When I found out I was pregnant I immediately knew I wanted an abortion, there were no warm feelings towards the fetus, I was very annoyed how it was changing and messing with my body already,  my boobs went a cup bigger and the nausea was incapacitating. 
Aside from the physical symptoms I am not really ready to have a child right now, I’ve been out of work for 8 months and am only starting a new job next month, my boyfriend and I don’t really live in the same city, he currently doesn’t even have a permanent home of his own because he recently finished his camper van and has been bouncing between my city, the Canary Islands, his hometown and the city he last lived permanently. I think partly because of this back and forth our relationship has had its rocky patches.
We had also talked about it before and both agreed that we’re not ready yet to have kids. I wasn’t even sure I ever wanted kids.

So it was a super easy decision and one we didn’t hesitate to make. In the two weeks leading up to the appointment I was super sure and very calm and went about my life as normally as I could, I went to a festival (took some psychedelics), to a wedding and tried not to let the pregnancy bother me.

Fast forward to the day of the abortion, I went in very calm and collected, was even confused why the clinic staff treated me so kindly and carefully. The doctor even held my hand until I was out from the anaesthetic.

When I woke up I had my first crying spell. My boyfriend picked me up and the first couple of days I was mostly fine aside from the bleeding.

Then everything shifted and I have been going through intense grief, heavy crying spells and anxiety.
I’m worried I made a mistake, that I do truly want a family and that this was my only chance because I’m so old already. I’m also worried my boyfriend will never be ready and I will be left waiting until it’s too late. 
There’s many more intrusive thoughts around those topics but mostly I’m just so so sad.

Has anyone experienced this? And does it pass? Rationally speaking I know that all my reasons for having the abortion were and are still valid, and that there is still plenty of time to have a child, but emotionally I wish I could go back, so I would still have a choice. I don’t know if my decision would end up being different but I feel so awful right now. I want this to stop :(

Edit to add: I’m just so confused because I was so sure and calm and I don’t understand why this is so hard on me right now.","[""Medical"", ""Mental Health"", ""Pregnancy""]"
Had abortion 28th April still no period,"Hi, so I had my medical abortion on April 28th. I bled for about 6 days. I was told to take the termination pregnancy test on May 21st. I did and it had a faint line. I then went back to the clinic around a week later for an appointment. They gave me a scan and said they couldn’t see any pregnancy and it was probably just some tissue remaining. They gave me some antibiotics to avoid infection and to take them for 5 days. It’s now just over the 8 week mark, I still don’t have a period, I tested last night and this morning it looked negative however my mum claims she can still see a faint line. I lost all my pregnancy symptoms after the abortion. I don’t feel pregnant like I did before my abortion. I tried calling the clinic earlier and they’re saying it’s a new pregnancy. However I don’t believe this. They were supposed to give me an appointment 2 weeks ago for another scan but they never did. Is this normal to still not have a period? I’m a little paranoid and really don’t want to be pregnant or go through another abortion. ","[""Medical"", ""Mental Health"", ""Pregnancy""]"
how many dose should I take,"So I recently bought MA meds from the trusted orgs here, it finally arrived and contains 12 miso and 1 mife. Is it advisable to take it all miso for all the bloods, certain part of pregnancy, or RPOC? Or 1-2 dose is enough for me to take? 

Please need your answer  especially from those people who are in medical field :)","[""Medical"", ""Pregnancy""]"
Abortion Tips As soon as possible,"Hi, I would like to stay anonymous. I’m 18 years old and from the Philippines. I recently found out that I’m 3 weeks and 4 days pregnant, and I’ve decided that I don’t want to continue with the pregnancy. I’m currently studying nursing, and part of our school’s requirements involves undergoing a medical procedure, including a “serum pregnancy test” scheduled for the first week of July. I only found out I was pregnant yesterday (June 23), and now I’m very scared because if the school finds out, I won’t be allowed to enroll next semester.

This pregnancy was never planned, and I admit I was careless and made a mistake. But I still want to focus on my future. I’ve worked so hard to get to where I am, and I love my course deeply. I don’t want everything I’ve been working for to be taken away just because of this one mistake. More than anything, I don’t want my parents to know—I know it would break their hearts and disappoint them, and I’m not ready to face that.
I’m reaching out because I really need help. I don’t know where else to turn, and I feel like time is running out. 

Please, if there’s any way you can assist me, I would be deeply grateful. I need to do this before July. Thank you for understanding.","[""Medical"", ""Mental Health"", ""Discrimination"", ""Pregnancy""]"
Late term abortion - advice,"Throw away account. I’m (39F) considering a late term abortion. Im currently at 24 weeks pregnant. I live in GA so I’d have to travel out of state. I’ve been going to my prenatal appointments (last one was last Friday) and all is healthy, but due to the nature of my relationship with the father, I feel that this may be my best option. I’ve read that DuPont in DC is a great facility. Any recent experiences with them? I am also curious if anyone else from a very restrictive state has had to undergo the procedure after receiving prenatal care - any legal repercussions? ","[""Pregnancy""]"
Abortion Pill as a single mom,"I’m going to get the pill tomorrow , I have a 6 month old already and no help. It wasn’t my choice to get pregnant this time & I can’t do it again & alone. I already feel horrible and guilty so please no hate. But I would like to know anyone else’s experience with the pill? And should I try to find help for my child while I go through it? ","[""Medical"", ""Mental Health"", ""Pregnancy""]"
Abortion/ 7w. Did it work?,"Hello, I took mifepristone and misprostol, I have passed some clots, had heavy bleeding but nothing very large, did the abortion work? I wiped and seen a clot that kind of looked similar to left over tissue, how do I know the abortion is complete? Thank you","[""Medical"", ""Pregnancy""]"
I need help urgently,Im afraid I might’ve been raped in my sleep by one of my family members because I woke up to them next to me and I felt funny. My last period was in April of this year and my periods are always regular. I didn’t know where else to go and this is my last resort as i don’t wanna tell my family I might be pregnant as they are against abortions. I don’t have any access to pregnancy tests because I’m a minor. If anyone can help please.,"[""Mental Health"", ""Abuse"", ""Discrimination"", ""Pregnancy""]"
I've got my girl pregnant,"So I had sex with my girl around a month ago....she even took the pill plan b but today after the pregnancy test, it can put positive...what now...how to abort the foetus ?......what are the meds required and what will the process be ?
Mifeprestone and misoprostol
I just know about this...how to consume and utilise them ?

And how to get these tablets","[""Medical"", ""Pregnancy""]"
Planning on having an abortion and I feel like a horrible person,"I’m planning on having an abortion and I feel like shit. Me and my bf talked about it and we both agreed that we aren’t financially stable yet for a child. We plan on moving in together soon but right now isn’t the best time for us to have a kid (I’m 23 he’s 22) 

I plan on getting the pill cause of my state laws but right now I feel so shitty. I’m 7 weeks and I’m scared tbh. I know it’s for the best but at the same time I hate myself. Like I know it’s ok but I can’t stop crying. I really want to be a mom one day and have a family of my own. I love kids, I love being around kids and playing with them and helping them with anything they need help with.

Like I said I’m really scared and I’m kinda filled with regret because I feel like i shouldve been more careful but my bf keeps telling me things happen and it’s nobody’s fault. Idk, this felt like a good place to vent and not be judged","[""Medical"", ""Mental Health"", ""Pregnancy""]"
Trigger Warning: Was this a miscarriage?,"Let me start by saying I definitely have plans to visit the doctor soon. 

I don’t exactly know what happened, but I went to the bathroom a couple of days ago and something came out, but it didn’t look like a clot to me. It was white and pink, but not like discharge at all. It seemed more solid. It didn't look like a fibroid or anything either. I was spotting pink, not red for the rest of the day. I showed my husband and neither of us know what it was. I assumed it could've been a miscarriage, but I don't know. I looked up pictures and it doesn't look like most of them or the lining of the uterus. I unfortunately have no pictures to compare it to. I'm not sure If I'm allowed to share the image here or not. ","[""Pregnancy""]"
Am I over reacting to my family’s reaction?,"We happened to be out of state at my parents house when I miscarried. My parents knew I was pregnant and I told them I was bleeding and cramping and my husband and I were going to the ER. My mom is a doctor and works at that hospital and did not go with us. Which I get, maybe she was trying to give us our privacy. But what really gets me is their reaction in the aftermath since then. I received a hug and “sorry you had a bad day” and “don’t let this consume you” since my miscarriage and that’s it. Neither of my parents or brother who was also there for this have reached out to me to even say, “I’m sorry for your loss” or “How are you?” Like wtffff

Maybe they’re trying to give me space, but it has really shown me my family’s true colors. I could have bled out and instead they didn’t even ask what the ER doctor said or anything. Just asked if we wanted to come over to eat and we had dinner over there like nothing even happened. Like I wasn’t activity miscarrying their only grandchild and our first pregnancy. As we flew home my mother told my husband to, “make sure she doesn’t get depressed” like wtf does that even mean?!!

😪 just had to get that out there. Luckily my MIL and best friend have been amazing during this time, but just sucks when your own family can’t even be there for you. 

I always worried about what kind of grandma my mom would be and now I know she’s going to be the kind who shows up to just hold baby and buy you random baby crap you don’t need. ","[""Medical"", ""Mental Health"", ""Pregnancy""]"
Recurring miscarriages 😞😔,"Hello eveyone,
I’m new here and I’m happy to try and find answers. I’ve had four miscarriages. My fourth one happened today. All my miscarriages ended between 4-8 weeks. I’m so heartbroken and devastated. I don’t even know if I want to get pregnant again. I want to find answers and get some testing done. I’ve done a lot of testing the past year:
-me and my partner did genetic testing
-husband did semen test
-sis came back normal
-vitmain d normal 
-thyroid is normal
-I did a recurrent miscarriage panel
-my white blood cells are at a 4 
-i did vaginal biopsy. I had chronic endometritis  i took antibiotics antibiotics and was cleanered  

There’s some other testing that I did. When I got pregnant with my fourth pregnancy I took baby aspirin.progesterone twice,vitmain d and prenatal vitmain. In this pregnancy my hcg was rising but not doubling after 4 weeks. My tsh would go up and down. For an example once it was 1.98 and then weeks later it was 2.59. Same goes for my white blood cell it kept going up then suddenly dropped this week and now it’s back up. 

What type of testing should I do moving forwarding. I want recommendations. I’m lost 😔","[""Medical"", ""Mental Health"", ""Pregnancy""]"
what can i do about braxton hicks/extreme back pain?,"i got induced with my first & it was a failed induction so i’m not sure if what i’m feeling is braxton hicks contractions/ back contractions or if i’m feeling early labour contractions…. it’s a pain all over my lower & upper abdomen, as well as lower, upper and mid back pain. this pain is so extreme to the point we’re i’m keeled over in pain or crying. the ONLY thing that helps is a warm bath. the pain is a solid 9 and it lasts for about an hour or two each time every half hour/ hour every two hours.

 if any help or advice could be given that would be so greatly appreciated:))!! as i’m not sure what this is(this would be my second child not second pregnancy as i’ve experienced quite a few pregnancy losses in the past)","[""Medical"", ""Pregnancy""]"
Will I ever be able to build a real bond and life with my daughter?,"So, as the title states, I’m (21m) at a serious loss here and am looking for some sound advice, reassurance, something. My first-born, my beautiful daughter, just turned 7 months old yesterday, on the 22nd. Due to her mother’s (20f) irresponsibility and childish behavior, I’ve missed out on basically everything thus far that has to do with my baby.

Both of us had rough childhoods and we met in juvie (red flag #1) about 8 years ago. We were on and off for basically the whole time, with her being the only woman I talked to or considered a relationship with at the time, as I had so much going on, and her running around. I got sent to prison for 2 years when I was 16, and we had a miscarriage right before I went in. I’m not gonna go into detail, but she had a child shortly after I got out, while she was a minor, with a grown man more than 6 years her senior. 

Eventually, I moved back home from out of state and started talking to her while she had a boyfriend, because she told me they broke up. I was actually on probation in another state and got it transferred so I could come back home and have a relationship with her. Her and her ex split up, and I found out from her that he was apparently sterile, which will be relevant later. She moved in with me, we got engaged and had plans to get married, and all went well for ~3 months until we split up and she went back to her ex.

Two weeks later, she texts me and tells me she’s pregnant. Obviously, with her ex being sterile, I was the only one who could’ve been the father, and the dates for her last period, estimated conception date, and due date all lined up with me, and made it impossible for it to be his, not even mentioning the fact that he is sterile, which one of his ex-friends even showed me texts he sent with the medical documentation, so we knew this whole time that it was my child.

She swore up and down that the child was mine, and that she’d let me be involved, and then she did a baby shower and gender reveal  with her boyfriend and posted it on all her social media pages pretending that he was the father, and didn’t even tell me she had found out the gender prior. Shortly after this, she blocked me on everything, and the only updates I got were from our mutual friends, who were checking her pages to see if my child was born, until November, when she WAS born.

During this time, ofc I had to move on, sometimes it just clicks and you know you’ve got the one. I got married pretty quickly to the woman I’ve searched for my whole life, and my wife and I are expecting another baby in December. I filed court cases myself, and I went through the Office of the Attorney General to try to get them to investigate using child support as a basis, before they told me that I’d have to handle it on my own as they could not get in contact with the mother to obtain vital information they needed, even though I gave them her, her bf, and her families names, numbers, emails, and addresses.

Eventually, her and her ex broke up because he did a DNA test about 3 months ago and he had solid evidence it wasn’t his, so him and his family kicked her and her two kids out. Since then, she’s been living with her Mom and, once I found out, I messaged her offering to help as long as she let me be in my babies life, and she’s let me be involved since.

Here’s the problem though: I’ve missed so much in my daughter’s life, I feel like I’m a stranger and I don’t know her. I wasn’t allowed there for the birth or when she was a newborn. She went through the most important skin-to -skin phases as an infant with a stranger she’s never gonna meet pretending he’s her father. She didn’t hear my voice in the womb, so she doesn’t know my voice or my face. Shes gonna have to get a helmet cause she has a flat head from not getting enough tummy time as a newborn, so I feel like such a failure because I wasn’t able to keep her safe. She’s a very happy baby, so I can make her smile, but she cries so much, and she won’t let me hold her like a baby:(

My mother chose drugs over me when I was an infant, and my father worked and shut himself in my room as a child, so was basically absent. How can I give my daughter a better life than I had, a better father than I had, when she doesn’t hardly know me? How can I bond with her when I missed the moments that were supposed to cement her Daddy in her brain? I’m scared that she’s gonna think I love the new baby more or her less when she gets older because of what I missed.

TLDR; BM kept me out of my babies life, now my baby doesn’t hardly know me and I don’t know how to be a good father for her
","[""Medical"", ""Mental Health"", ""Pregnancy""]"
Why does society expectations about having one of each genders mess with us?,"I know there are people out there who say they generally don’t care what genders their babies are. I wish I was one of those people. First and foremost, of course I just want happy and healthy children and I know whatever I get I will love them! Yes, we all know that there are people out there who struggle with conceiving or who have a bad experience in having children. I get that! 
We have had a miscarriage in between having our children and it was a hard experience to go through. I feel society constantly makes you feel like having one of each is the ultimate dream. We are always reminded by these expectations! I know I cannot control the gender, but I just wish I didn’t feel I wasn’t missing out on not having a daughter. When I think deeply about why I want a daughter, it’s basically because I get caught up worrying about what other people say about our family or them placing their pity over us for having only boys. I hate the feeling! I love my boys, but wish I had the experience of parenting both genders as well as having my boys. I would not have another one just to try for a girl. I would only have another knowing I am 100% content about having another boy. I feel when my parents or in laws talk about it you can sense their disappointment and it makes me feel sad. Anyone else know what I mean? Can you connect to this post? If so, talk me through how you feel now and how you overcame these annoying feelings. ","[""Mental Health"", ""Discrimination"", ""Pregnancy""]"
Not sure if anyone remembers my post 2 years ago,"Two years ago I posted about my daughter going into cardiac arrest and suffering brain damage.  She was declared brain dead and passed away.  We donated her organs and have met two of the four recipient families.  But today my wife and I welcomed our baby boy into the world.  2 years of trying for a child, 2 miscarriages, 2 failed IUI’s, and doing IVF and having one viable embryo.  I’m so proud of myself for continuing to fight but I’m in absolute awe of my wife.  All she had to endure for this to come to fruition, all the twists and turns and heartache she dealt with is astounding.  She is the bravest person I know, and now we have a baby!!! It’s so surreal but I haven’t stopped smiling and crying today.  Thanks for reading my rambling rant, I can finally join this sub again!","[""Mental Health"", ""Pregnancy""]"
CPS just stopped by my home to check on my son who no one has seen or heard about in 1.5 years,"Well there’s a perfectly good reason for that. I suffered a miscarriage at almost 25 weeks pregnant in June 2017 and opted not to announce it to everyone at the time and share it privately. 

Of course, the CPS worker was doubtful and mentioned they’re aware I have Borderline Personality Disorder which raised the red flags even higher so I had to pull out the baby book we partially made with ultrasound photos and the sorry for loss card with his footprints on it. 

The worker was embarrassed and is gone. 

I call out of work and am now in my closet with the box full of little things I had bought for him crying. ","[""Mental Health"", ""Pregnancy""]"
Struggling to feel excited in first trimester,"TW: talk of infant death and miscarriage. 

I (f21) am expecting my first baby with my husband (m23). I really want to be happy and excited and hopeful, but ever since I was a little girl and I found out about miscarriage/stillbirth, I’ve had such a deep fear of pregnancy/child loss. 

Lmp date was 4/20/2025, but at our first ultrasound when I should have been almost 9 weeks, baby was measuring at 6w 5d and they found a large (more than 50% the size of the sac) SCH adjacent to the gestational sac. There was no real reason or explanation for either thing and I feel like I was sent home to either miscarry or not until our next appointment on July 17th where I should be 10.5 weeks. Our fetus is confirmed IUP and viable with a good heartbeat. 

I know I should try to hold on to the indescribable joy of hearing our child’s heartbeat for the first time, but seeing the massive pocket of blood directly afterwards and being told we are measuring 2.5 weeks behind has unfortunately overshadowed that beautiful moment and made me feel like I can’t be happy or excited. 

With the lack of information of course fell into a Google search hole and from what I can tell, my risk of pregnancy loss or stillbirth has gone up quite significantly. Everytime the nausea eases up or my boobs feel slightly less sore I’m horrified that my baby is just dead. 

I just don’t know how to be happy or excited when the risk of loss is so great. I keep trying to remind myself that I am pregnant today and that’s all that matters. I’ve greatly increased my vitamin c, d and A Lipaic acid intake within my diet to help the sch heal and reabsorb and so far at 8w 2d I have not had any bleeding or spotting. I’m resting as much as I can and I’ve put myself on pelvic rest to try to help my body and hopefully not bleed. 

Idk. I just feel like I’m doing all I can but I can’t help but feel soooo guilty for how negative I’m feeling. My family keeps saying to just manifest good things and put good vibes out there, so I can’t help but feel like if I do lose the baby it’ll be because of my inability to be happy and hopeful all the time. 

Through all of this, my husband has been my absolute rock and safe space. He has lit up this experience so much and kept me as positive and happy as possible, but he’s on a work trip this week and I’m just here alone with the dogs trying to take care of all of us all while scrutinizing every tiny change in cramping and discharge and just waiting for something awful to happen. I just really don’t want to miscarry while he’s away. I really don’t want to miscarry at all. I understand that in the human experience it is a negative thing to wish to a positive experience, and a positive thing to embrace a negative experience, but how the fuck do I embrace this awful feeling. I feel like I’ll never be able to breathe again, even if the baby ends up being born how am I going to deal with the anxiety of SIDS or car accidents or fucking lightning striking my child. How do moms do this?? ","[""Medical"", ""Mental Health"", ""Pregnancy""]"
HCG declining,"Hello
I’m about 5 weeks pregnant and my doctor sent me to do lab work due to mild cramping in my lower stomach. 
My hcg levels are the following
June 27 = 416.75
June 30 = 364.79

Should I expect a miscarriage soon? 😔 
My doctor hasn’t called me yet since I saw the results right now at 6pm , I just want to mentally prepare for the worst ","[""Medical"", ""Mental Health"", ""Pregnancy""]"
Thought we were out this month. Just popped a positive and now I’m panicked. How bad is it?,"We’ve been trying for almost two years with only a miscarriage to show for it. This month lh didn’t spike nearly as high as normal so I felt pretty sure it wasn’t going to be our time this month. Well I just took a test and got a positive. Probably only like 10-12 dpo, but it was definitely positive. 

So now I’m panicked because I did a bunch of things that probably weren’t great. I got a tooth infection and took ibuprofen like candy for 5 days. I did at least let the doctor know that we were ttc so he prescribed pregnancy safe antibiotics just in case. I also couldn’t eat anything but mushy foods for almost a week. So my diet has been terrible. And I quit taking my metformin (prescribed for PCOS) while on the antibiotics because it had terrible gastrointestinal side effects. 

So now I’m feeling guilty as crap and like I might have just ruined our second chance. I’m obviously calling my ob in the morning to get a blood test and discuss these things ASAP. But is this all as bad as I’m thinking it is? Give it to me straight. ","[""Medical"", ""Mental Health"", ""Pregnancy""]"
2 back to back miscarriages-being referred to a reproductive endocrinologist.. what was your experience after back to back losses and next steps from doctor?,"Can’t believe I have to post this. Absolutely devastated. 
Had miscarriage last week at 11 weeks. Ended up in the ER due to heavy bleeding, ended in D&C. 
First miscarriage ended at 7 weeks on March 25th, happened naturally. 

Caption says it all.. 
we got referred to a reproductive endocrinologist and we have an apt August 1st. Hoping to get some answers as to why this keeps happened.
So, just wondering what your doctor ended up doing that worked for you and just the steps they took? Looking for positive stories!!","[""Medical"", ""Mental Health"", ""Pregnancy""]"
My [25f] best friend [25f] knew my husband was cheating on me and didn’t tell me. Saying she didn’t want to hurt me?,"So, like the title said I very unfortunately found out about a month and a half ago my husband [28m] cheated on me. I know for a fact about 3 times, but I have to assume there was more. It was all with the same woman, I think she's 31 or 32 & they work together. She was a guest at our wedding 🫠

He cheated on me while I was doing IVF.. I had 3 miscarriages 1 before and 2 right after we were married. And my point in including that is i literally cried and cried to my best friend, she encouraged me to keep going and have faith. And aside from the fact she saw how much I was struggling, and crying to her because I knew how badly he wanted to be a dad.. I'm really hurt she was going to let me get pregnant knowing I was being cheated on.

Her husband also knew, he's pretty good friends with mine.

She also comforted me right after I found out, at that point I only knew about one occasion because I walked into it. 

I found out recently she knew about him cheating before our wedding... she found out the very first time he did it, let me marry him. Was my maid of honour 

If you're wondering, the way I found out was my (ex) husband came to our house. He moved out, but came back to apologize and promised to tell me everything and gave me his phone for proof. He told me who all knew, two of his friends and her. 

I saw texts between them.

There was a very odd conversation that made my stomach turn where he texted her saying he needed someone to talk to, because he ""f*cked up again"" and she was oddly sympathetic towards him


I will say, she was defending me to an extent in the rest of the conversations and arguing with him. But regardless, I wouldn't let her marry someone or have babies with them if I knew about cheating.

I'll never forgive him, but I'm really trying to see this from her perspective. I'm hurt, but we have been friends for 14 years... she said she wanted me to be happy and she thought he was changing. She also told me we should try couples therapy.. despite the fact I have said I'm done. 

There was literally never one sign from her, she never voiced any concern about our relationship and anytime I talked about him she went on about how much he loved me, how lucky I was etc. 

Also, we were raised religious. All of us, and she keeps guilting me that divorce is not okay.. yet wants me to forgive cheating? 

","[""Medical"", ""Mental Health"", ""Pregnancy""]"
"My significant other [30M] won’t stop bringing the past up my [27f], will this improve or is my relationship doomed?","Some background

I started dating my significant other [30M] about 1 and a half years ago. I [27F] was going to school and I worked as an exotic dancer on the weekends to pay for mine and my children’s needs. My SO was someone who regularly came in and some times we’d hang out for the night at work. For my birthday he wanted me to accompany him to Chicago and I agreed. We hit it off and we slept together and spent a few days having a great time. 

Two weeks after that I pretty much decided I wanted to date and I started having more boundaries at my job and stopped any other relations outside of ours. At this point I continued to work because I obviously had bills and we weren’t serious enough for him to help. I worked less, used money I had saved, and tried my best to respect him and boundaries I made for myself.)

Another month or two, I found out he went through my phone and read every message I made with a male and messages between friends and family. He crossed the line but I didn’t find out until later into our relationship. He watched a sex video and saw inappropriate text exchanges. I supposedly loved the sex and love huge penis. He started to act more insecure and he wanted to know about every sexual experience I had. Down to the man’s penis size. Looking back I should have never done that but he went through everything so I’d be lying or hiding stuff if I didn’t. In the three years I danced I slept with 3 men for money and gave oral to 2 others. I get it prostitution “blah” “blah”. These men had good character and I enjoyed their company, I saw it as going out and enjoying my time and going home with them like any other person but I got financially compensated. I get it, not my greatest moments. I talked to others my age and they’d slept with more men and I considered myself more reserved than many others but he makes me feel used and thinks I’m a whore pretty much. Like I said I’m 27 and I’ve slept with 20 men, beginning at 13 years old. I wasn’t raised in the best conditions. An issue he also has is he asked penis size and a few men I’ve been with have had very large penises. I don’t need or want huge penis and he can’t comprehend that. I had a friend that loved huge penis and she constantly encouraged and wanted large penis and I think he read her messages. He will not accept or believe that his penis 6.5/7 is large and I don’t need or want more. To the point he’s researching penis enlargement surgeries.

I now haven’t worked in a year. My job is household chores, cleaning, cooking, and sex. So pretty much I’m a whore and he also expects me to want sex 24/7 because I was a sex worker and I’d sleep with people for money as he says. We were having sex 3-4 times a day for the first 6 months, sometimes 6-7 if I was willing. Fast forward to now I have went through 3 surgeries, a miscarriage and an abortion all in a year. I was popping plan Bs like crazy. I also stopped lifting weights which I use to do 5-7 times a week. My hormones are fucked, let me be honest and I’m not always horny. Sex can also be extremely painful for me, it started after my second child and hasn’t really gotten better. We still manage sex twice a day. Which I see as excessive. If I say no he’s mean and treats me like crap until I give in. It has gotten to the point of me crying and just letting it happen.

After typing this all out I feel discouraged and sad at the situation. Some good things about our relationship, he’s thoughtful and always takes care of my needs. He has put on weight so right now he doesn’t like it but he’s hot and I loved seeing him work out and taking charge of situations for work. He treats my children as his own and is a great step father. He’s moved us into a new house and it’s allowed me to start learning to cook, grow plants, and have a space I love. I truly don’t want to lose him but I’d like for these issues to calm down but I’m not sure they will. We’ve talked about marriage but I don’t want him to live a miserable life and us regret anything.","[""Medical"", ""Mental Health"", ""Abuse"", ""Aggression"", ""Sexual"", ""Discrimination"", ""Pregnancy""]"
When is the right time for me 19f to bring of a serious conversation with my person of interest 23m?,"So me (19f), has been talking to this guy (23m) for about a month. We met through a mutual friend (21m). And things have started getting more serious. Ive only known him for about 2 months before we started talking with any real interest aswell. 

For some background information,I got out of a 5 year relationship a year ago. Yes we, (both 19f) started dating at 13 and broke up at 18. So that's basically my entire teen years lol. And a few months after that I was in a short relationship  (only 3 months) that went really horribly, he (20m)  was abusive. He even ghosted me while I was having a miscarriage with *his* baby. That relationship really effected me more than I'd like to admit.

I also struggle with alot of mental health issues. And ive briefly brushed over them and what my ex had done to me in the past. He's never been anything but supportive of me. But these past few days have been feeling more real than ever. And as much as I want to commit and make things official, I cant help but think about everything that could go wrong and how we might be rushing things. Which I know isnt a good way to look at it. 

I honestly just dont really know how I should go about bringing it up to him without making it sound like I dont want to be with him. I really do like him. ","[""Mental Health"", ""Abuse"", ""Aggression"", ""Pregnancy""]"
"I 21f think my bf 21m is a narcissist, unsure on how to handle this?","We’ve been together for roughly 2,5 years, about a year of that was situation ship because he didn’t want to make it official.

During a fight we had end of last year he had already admitted he only made it official out of pity because I had waited so long, but that he really does love me now. That same fight he also said:’I was gonna buy you a big bouquet of flowers but bc you made me mad I won’t.’ I had asked for flowers for awhile and never received them not even after a miscarriage that took place 2 weeks before the fight. Matter of fact only thing he cared about was the fact ‘It’s for the better’ It came of very manipulative.

He’s not all bad, he comes up with original gifts and dates, and even flowers now but that’s all after that big fight. However what he does still do is this:

When I say ‘I love you’ he 9/10 times replies with ‘I know’ not in a playfull way, in a cold no emotion way. When he does something wrong and I calmy and maturely tell him this, he gets so mad and defensive that he turns it into a fight and then blames me for “starting” it. When we talk about our future he just wants us to live together and have kids but I’m not allowed to marry him and the house we will live in is HIS house. Not ours, just HIS house, and then if we ever fall apart he can kick me out when he wants too. (His words) 

Before the fight he had a habit of having girls on snapchat that he would snap back and forth 24/7, would give excuses like ‘it’s for streaks’ ‘I barely know them’ ‘I’m not hanging out with them’ He would never open their snaps when I was next to him and I later found out none of these girls knew about me but they all lived close to him. They did confirm he really didn’t cheat but it’s still weird to send pictures back and forth 24/7 tbh. 

He has since deleted all those girls and admitted it was wrong of him, but now he’s started to like pictures of these and similar girls (again girls he kinda know and live close) doing suggestive poses with revealing clothes/bikini’s. Never any normal picture of them tho. When we’re out in public he’s not shy to tell me how attractive a certain woman is, and even somewhat flirting with them with jokes. Whenever I bring stuff up he never apologizes, just says stuff like ‘I guess I’ll stop doing that because I’m not in the mood for a fight’ no acknowledgement whatsoever. Again blaming me for being botherd. Also has a habit of letting me know how much more attractive I would be if I started gaining glutes in the gym.

The thing is, I love this man and I don’t want to leave. After that big fight we did break up for a short bit and it was hell, I can’t be without him but I’m so sick of this behavior. He’s the first man Ive truly loved besides having had boyfriends in the past. How can I keep doing this? 
","[""Medical"", ""Mental Health"", ""Abuse"", ""Pregnancy""]"
Always Worried I Was Not Meant To Be Born,"Before I was born my parents had gone through two other pregnancies. One of them resulted in my sister, the other tragically ended in a late miscarriage. I was conceived of about a year later and I am nearly certain I was a consolation child for my mother. I do not think my dad wanted me and I think my mom has a deep disappointment over well, me. 



I don't say this without reason. The first thing that comes to mind is that my dad has always hated me and I do mean always. For example my earliest memory of him is a mocking monologue of how I described a television show, the disgust was dripping from his tone. My mom seemed more subtly disgusted by me but it was certainly there. The overcompensated declarations of affection, the perceivable lack of joy in her eyes when around me, and the inverse with my sister all point to that being the case. There's much more I could add but it would be pedantic. I'm confident in how I have judged the situation, but confidence means little when I feel terrible about the whole thing.

  
There's no resentment for how my family feels about me in my heart, but there is a hole where something is missing. The root of that I can only imagine is that the strands of fate simply never intended for it to be filled. Point being I don't think I should have been born nor that I was meant to be born. Perhaps if I was not my consciousness would have ended up somewhere else that was better but who can say. I can say that I wish my parents' other child had been born and that I was not. 



I don't find comfort in thinking my existence is the worse of two options, predictably it fills me with dread. Like there was a cosmic mistake or misdeed when I came to exist as I do now and that it was in some way my fault. Did I take a wrong turn before I could even know it? Should I have died well before now? Would my mom feel better if I did? I don't know, but I suspect those to be true more often than not.

  
I don't want to die, but I do wish I had never existed. I'm not sure I want to change that feeling either so would something like therapy even work?","[""Mental Health"", ""Pregnancy""]"
I cheated on my wife,"I(31m) have been with my wife(28f)for over 11 years, married 4 of those years. I have known her since she was 16/17 she didn’t originally want a relationship with me just a friendship. She was in her own relationships at the time and never had any feelings towards me at the time but since I met her I have had my heart set on her. She wonderful, I love that we have everything in common. I don’t have to filter myself we can talk for hours about everything and nothing at all. She funny. Has the most beautiful smile and laugh I have ever heard. Our sex life is amazing. She has a higher sex drive than me but she never gets mad or frustrated when I can’t keep up with her. She never treated me bad. We even have a baby that’s a clone of her with some of me mix in it. My life with her is amazing. The problem is she found out I have been cheating on her with other people and I have a child with another woman, the thing that gave it away was the STDs I passed on to her, and my mistress exposing herself to my wife. Everything came out last year, my wife found everything going back to the beginning of our relationship, all the text, the dating apps, the OF account, the people I would go see and bring to our home, especially my mistress(22f) I would bring when my wife would go see her family, everyone in my side knew it was a running joke about how I always had someone on standby when my wife was working or sick. It was easy to keep them away from each other the first 2 years. My wife had a episode and was hospitalized, I didn’t want to be alone with the guilt and our baby, my AP was desperate to stay with me she moved herself in while my wife was in recovery and would threaten to hurt herself if I tried to get her to leave. I tried my hardest to have her see my point of view how I was stuck between the love of my life and daughter and my one time mistake. I just wanted her home, I missed her. My AP would drive me to the hospital and my in-laws so I could see my wife, and I would go early to the hospital and stay til visiting hours ended then I would cry on AP’s shoulder how much I wanted my wife back on the drives home. I fought with my in-laws to have my wife back home, they tried to take my daughter per my wife request and I lost it, I was scared I was going to loose everything, I begged my wife to give me a second chance and to let us fix us. But I didn’t want to tell her that AP refused to leave, I couldn’t leave my wife alone but I didn’t care I love her. I took care of her and our baby, I fed, medicated, and clothed her, while AP sat and slept in our living room, I didn’t want to end things with both I know AP was crazy and I knew my wife would never give me another chance so I would lie every time they would separately talk to me, then one day it boiled over and my wife got police to remove AP and got a RO. The whole time AP would threaten to take me to court or some other bs but she was always begging for sex and it was easy for me since my wife stopped being intimate with me, especially when she found out she was pregnant during her hospitalization. She tried to leave me the whole year and wouldn’t go through with it, she would tell me to move out  because she deserved our apartment but would never leave herself. I had no where to go my AP didn’t want me there she was seeing another man, and we’re only hooking up during visitations, I got both of them pregnant at the same time every single time, Call me a pos but I would purposefully make AP stress out each pregnancy I didn’t want more kids with her and besides she had other men come over to see her who really knew if it was my kid, I would only see her weekends for “my son”. Every time my wife was pregnant I’ll make sure AP knew it would make her crash out in the most pathetic ways, especially when my family would tell her at family functions. I just didn’t expect AP to harass my wife and tamper with her medicine when we stopped by for me to see my son. My wife completely shut down, once she figured out what she did and that it was linked to her miscarriage. She couldn’t press charges because I allowed her on the premises she got multiple RO on her but she never had enough evidence. So she got mean and cold to me, every time I tried to love her and spoil her she would throw it in my face I wasn’t good enough, or to take to my “bitches” it would get annoying i wanted my old wife with her and she didn’t want me, she stopped going our with me she stopped talking to me unless it was for our daughter and it hurt to loose her slowly like that, i would vent to my AP about it. The worst was one fight where she told me “she settled with me just to hurt the both of us (me &AP). I wouldn’t leave her and won’t let AP know I didn’t want her and AP couldn’t become his legal wife, and that her withholding details to her family made her look stupid because they all knew who I was at this point. That as long as she stayed with me, posted us as a happy family together for AP to see my little trips will always be misery because his whole family knew everything because my AP wouldn’t stop talking to my nosy family and it made me the bigger joke that I already was” My sweet beautiful wife had turned venomous, and I hated how she would look at me with hate, even when we did sleep together she made me feel inadequate and used, she stopped telling me she loved me. She would always be on her phone, I wouldn’t go through it in her sleep and couldn’t find anything but I had a gut feeling and every argument about it would turn to her laughing at me calling pathetic and insecure, that ‘she would never stoop that low as me, that she knew I was still cheating and that if I thought I was slick I was actually stupid. That her phone will always be clean because she knows how to out do a cheater if she tried” she’ll just say things to bring in doubt and cause me to overthink. I never truly stopped until this Valentine’s Day, everything was perfect she was starting to love me again but that night she found everything I never stopped, and she got physical with me, I tried to stop her my brother tried to instead I ended up too injured and scared, but I stayed even after telling g her if she hit me I would leave. She hit me twice that day telling me to leave like the dog I am. I didn’t. I wanted her. It’s been months and we are back I therapy she won’t forgive me or forget what I did, everyday is jab after jab. Or a fight and confrontation with new stuff I forgot to delete. I tried my hardest to make her feel I’m trying but she won’t see it, everyday session she tells them she doesn’t want to be with me, that she’s only with me because of our baby and financial support, but even then I struggle to bring in rent. I found all her applications for studios and messages with her friend, she told me she wants to leave after our daughter’s birthday and it hurts. She tells me therapy is the only way she can try to be with me enough to co parent, I lost my son for our family. No one wants to house me. I don’t have a job steady enough to live by myself, I hate myself I hate she’s leaving me. When she does walk away from me I grab her and refuse to let her leave. I’m so scared to loose her, why doesn’t she want to forgive me. I forgive her for being mean and toxic this past year","[""Medical"", ""Mental Health"", ""Abuse"", ""Aggression"", ""Pregnancy""]"
I feel like my boyfriend’s “replacement”. I feel guilty for being with him," We haven’t been dating very long, almost 6 months now. I didn’t really want to start dating him, it was just kind of how it played out. Not gonna go into too much detail, but the relationship definitely feels rooted in sex. 

 He has been *extremely* insistent on getting married and having a kid someday (I am 21M and he is 26M), and I wasn’t sure why. I explained to him that I do NOT want to get married, but might be open to kids in the future… like way in the future, maybe a decade from now. I’ve also explained that if we do decide to have a kid, I want to be comfortable financially, have an actual house with a small yard, and want to get my mental health issues sorted out. 

 Since our first few days being officially together, he’s always bringing up the desire to have kids… and recently, I feel like I know why. We started talking about previous relationship experiences, and he opened up about how in his last relationship, he had a fiancée who got pregnant with his kid. She ended up having a miscarriage, and they later broke up. Not sure how much later and if the miscarriage was part of the reason, but these are all hard things for him to go through. 

 Lately, however, I came to a realization. I think the reason that he’s SO insistent on getting married and having kids is because he wants to pick up where he left off on his last relationship. I understand that he’s a bit older and wants to settle down, but I am nowhere near ready for that… nor do I want to get married. At all. I have explained that multiple times, and he still is VERY insistent on marriage and children. 

 We don’t live close enough to each other to even be able to care for a child together. He lives about 2 hours away from me, so he’s been insisting we move in together. All of this is happening really fast, and I’m not sure how to feel about it all. I feel guilty for it, I guess. I feel like I’m inadvertently leading him on, but at the same time, I have explained multiple times in detail WHY I do not want to do these things. 

 Because our relationship started after becoming intimate with each other, I have also started to feel as if that’s the only thing we have going for each other, and I feel really bad about it. We didn’t get to know each other very well before we started dating, and because of that, we have little to no overlapping interests. I will add that I would’ve waited at least another month before we started dating, but again, he was extremely insistent on dating.

 I feel really bad about it all. I really can’t see a future with him, especially because I cannot willfully give him the future he wants, and so I feel like I’m inadvertently leading him on. I don’t even know how to begin discussing this with him. He’s not the overly sensitive type, but I feel like he’d crumble to pieces if I started to even imply that we won’t be together in the future. I know I should just man up and tell him these things, but I don’t even know where to begin. He crosses my boundaries a lot, annoys me constantly, always pushes my buttons like a toddler or young child would… and I just cannot see myself doing this long-term. I feel so horrible about it. Part of me wants to just tell him to his face that if he wants to get married and have kids so soon, he needs to find somebody else… but I feel that’s too harsh, even if that’s the truth. 

 I am also worried that he might retaliate physically if I tell him. He told me he got into a “stupid domestic violence” situation and had to go to court over it. He says he only acted in self defense, but I have no idea, I’ve only got his word to go with. He’s also a bit bigger than I am, and much stronger, so I worry about how things would go if he didn’t take it well.

 I know I’m prolonging the inevitable by continuing to be with him, and I know the longer this goes on, the more it’ll hurt him, but I’m just at a loss. He always makes sure to tell me what a good boyfriend I am, and I know deep down that I am not. Our relationship started while I was having a manic episode. I don’t think I would’ve done any of that had I been in a normal state of mind, and I always feel so disgusted with myself when he mentions how the first date went down, because I didn’t mean for it to go that way. 

 I just feel horrible.


TLDR: Boyfriend of nearly 6 months insists on getting married and having kids, but our relationship started during my manic episode and I don’t think I can keep doing this, and I feel horrible about it.","[""Mental Health"", ""Abuse"", ""Aggression"", ""Pregnancy""]"
"Want a tattoo, don’t want to tap out","I had a 2nd trimester miscarriage in 2015. It took me a good long while to both mentally and physically recover. I’ve been wanting to get a tattoo up my spine of larkspur as a representation of my poor lost one.

I’ve given birth naturally twice and had a uterine biopsy without so much as a peep. Will that spine tattoo top those two events?","[""Mental Health""]"
Push back against Texas' use of AI to harm women,"Machine learning has the potential to take the world to a more utopian place, where fundamental questions about chemistry, biology, and physics are answered orders of magnitude faster than would be otherwise possible. It also has the potential to create a fundamental dystopia for all but a handful of owners who establish which rules their AIs use. Indeed, this latter scenario is already playing out globally as every “AI” badged platform being controlled on the back end to provide answers which align with their creator’s personal philosophies. This would be a matter of ethics and market forces if it were not for the real world implications of such technologies and philosophies. Texas’s anti-abortion regulations are a dystopian example, with their searching of national traffic cameras a dangerous move that means any woman in Texas has her body controlled by an inscrutable algorithm.

This use of technology to control women’s bodies has been a long time coming given the anti-abortion rhetoric entrenched in US right-wing politics. Various technology companies have released period tracking apps, which while well intentioned can and have been used to keep tabs on women’s menstrual cycles with respects to miscarriages. In a society which subjugates women back to being brood mares the use of AI has made it all the more dystopian because it every application can be subtly altered to keep track of women irrespective of whether they give their explicit consent to be observed.

Herein lies the trap that AI is setting out for women’s pluralistic rights. It is not enough to for women to opt into wearing devices; if she is tracked and followed across an entire nation for exercising her personal autonomy it is only a few steps away from circumscribing her movement if an app considers her pregnant. It is not unthinkable that in countries such as China where AI has become embedded in transport, access to facilities, and public services that those systems can tweak what a woman can and cannot do based on the potential she may be pregnant. Given that most early pregnancies either end in miscarriage or are flushed out by the body without a woman noticing this becomes very dark indeed.

You do not even need to step inside *The Handmaid’s Tale* to see the implicit and implied danger. Modern machine learning is dumb as a box of rocks when it comes to contextualising human lives. As much as we want it to be responsive to our needs ultimately most systems still operate on a normative understanding using a best fit model. No woman is the same as any other, thus what may work for 95% of women inherently excludes all other women. Texas’ restrictions on abortion make a normative assumption that women *ought* to get pregnant and keep the baby, stripping every Texan woman of her right to bodily autonomy. Under this normative framework AI is being used to surveil all women on the assumption that she could get pregnant at any moment and must be observed for her own good. When society becomes an open prison AI becomes the warder.

What Texas has done with using traffic cameras and machine learning to track women who have had abortions is tantamount to creating that open prison. No Texan woman is now safe in her own body. It does not take a leap to suggest that at a state and Federal level a small change in data protection and HIPA laws and regulations would change period collection data and medical records so they can be used to enforce anti-abortion and maternity laws. Indeed, one only has to look at the Fugitive Slave Act 1850 to see how the Federal government could carve out a “settlement” between pro- and anti-abortion states, or, indeed, use Interpol red notices to extradite American women who have abortions overseas.

If you think this is hyperbole look at how international immigration systems are integrating machine learning into core functionality to “protect” borders. Again, it would not take a leap to install a heat mapper in X-Ray machines to track where a woman is in her menstrual cycle based on normative assumptions, and if she fails to mean an arbitrary parameter she is then pulled from the line for an enforced pregnancy test. Machine learning can enforce normative assumptions based on what those on the backend assume to be normative human bodies. It is not beyond the realms of possibility that ICE and US border agents at some point in the future stop pregnant women from leaving the US based on anti-abortion states’ denying a woman a right to leave.

In fiction most dystopias are already in media res, we rarely see in real time how they arose. Even real world examples such as the Third Reich, the Taliban, North Korea, and the People’s Republic of Iran took time and popular willingness to achieve. Texas has been heading in this direction for two decades, indeed, it is arguable that right from its independence it has been weaponizing minorities to mollify white settlers and white citizens. Now all women are on the receiving end of a creeping dystopia which machine learning and AI are the tools of choice.

Keeping perspective is hard to do, especially when what is reported in public is likely the tip of a much larger issue. Unless there is scrutiny and accountability of the systems which are being set over women’s life all women face the hidden boundaries being laid out for them from the onset of puberty to menopause. At no point are men facing surveillance over vasectomies or masturbation; indeed, can you imagine the uproar if men’s health data was pulled to see if men were spilling their seed or not fulfilling their reproductive potential. You can see the X-Ray exemptions for “virile” young men, along with the prescriptions for red meat and eggs just to keep the swimmers going. All keep in rhythm by AI. Lordy.

Women’s bodies have always been policed, and the hidden AI warders are insidious because women are being sold these technologies as the panacea to their period problems. Companies want women to consume their products, use them, and then willingly give their personal data which is then inscrutably used for whatever purpose the company deems necessary. Texas and other anti-abortion states want that data precisely because it will given them control, which is why many feminist organisations have recommended women ditch those apps if they live in anti-abortion states.

It is not enough to state the dangers AI pose to women’s bodies. What is needed is a concerted effort to remove even the possibility of society becoming an open prison for women. No-one wants to willingly live in North Korea or Iran unless they are inculcated into the state’s ideology. Texas and other deep red states are getting that way, fetishising women’s purity and fecundity at the expense of women themselves. We cannot let AI and machine learning be weaponised against women, especially when even driving in your car becomes a dangerous exercise.","[""Mental Health"", ""Abuse"", ""Discrimination""]"
Recommendations/ Advice for Bisalp?,"As of posting this I reside in the Southern U.S. (TX), and with abortion being practically banned here (there was a woman arrested and placed in jail for 5 months because she had a miscarriage), along with other health concerns (hypothyroidism since childhood, as well as the genetic risk of lupus flairs after pregnancy), as well as my personal ambitions that leave little room for children, I've decided that as soon as I legally and financially can (still under 18 currently), I want to pursue getting a bisalp. (I also have an acute fear of pregnancy and its effects, but that's a minor factor in comparison to other variables). From a practicality perspective it seems to be the most logical since from what I've read it has a high efficacy rate, has few complications, relative cost efficiency, a quick recovery, and leaves open the option for IVF in the improbable case that I decide I do desire biological children later in life. All this being said, although it will likely be several years before I can properly execute my plans, I'd like to collect as much input/ advice as possible so that I can create the most full proof and systematic design to achieve my goal.

I am unlikely to receive any parental financial support and it will be classified as an elective surgery, and although I am not aware of what my financial situation will be in the future, I anticipate that I may not qualify for aid. Unfortunately I reside in a strange middle-class economic range that does not receive welfare but does not have the abundance to pay completely out of pocket. Regardless, I plan to prepare for the worst possible case and save to pay for the entirety of the cost myself. Due to the high medical costs in the U.S., and the general lack of autonomy women are provided in the medical world, I am seriously considering medical tourism, perhaps Turkey, Austria, Thailand, or Slovakia, as I have heard generally positive things about procedures performed in those countries.

I appreciate any advice, experiences, and perspectives, but would kindly ask that anymore providing input would abstain from attempting to dissuade me or change my decision. I am well aware of the consequences and risks of my actions and have given extensive thought to this particular topic. I realize that I am young, but please do not mistake my youth for naivety or immaturity.","[""Medical"", ""Discrimination"", ""Not Applicable""]"
"Cervical stenosis terrified of endo biopsy, dilation assistance","I am scheduled to meet a new doctor for a surgical consultant for a robotic hysterectomy due to pelvic pain. Pelvic ultrasound results found polyp and cervical stenosis which my referring gynecologist connects to cervical cryotherapy after 2 failed endometrial biopsies (1 lost sample, 1 inconclusive 10 years ago). This consult will also include an endometrial biopsy which is giving me anxiety. The first two where so painful and my symptoms have gotten so worse in the 10 years that's passed. I won't be able to call the new doctor until Monday, the day of the consult. I have misoprostol from a previous prescription. Would it be ok to use misoprostol to help dilation be less painful or would that hide some the symptoms I need the doctor to see? 0 live births 2 miscarriages stenosis so intense iud insertion failed. Of course I would tell the doctor but I don't have an opportunity to discuss before choosing to take or not. Im just so anxious I'm in tears. ","[""Medical"", ""Mental Health""]"
Fluid on pelvis,"I am 6 months post partum and at five months post partum went into my CNM clinic to get an ultrasound because I was feeling what felt like bad period pain with no period,he did an ultrasound and I wasn't pregnant but a mass was found on what looked like my left ovary.I got an MRI and there is a pocket of fluid on my pelvis,the pain has been gone for several weeks.I don't have endometriosis and he said that it's not from a cyst so I'm going to come back in in a month to see if it's still there.Its just really confusing because I haven't had any infections and no signs of endometriosis(my mom and sisters have it so I got tested after a miscarriage two years ago).Has anyone had a similar experience of random fluid?","[""Medical""]"
Period Problems,"Hi everyone, this is my first time using reddit so bear with me. I’ve been having extensive period problems over the last few years. Without fail in may every year, I’ll bleed for three-four months straight and have severe pains for no reason at all. No dietary changes, nothing. I’ll have my period every two weeks over April then it won’t stop throughout May, June and July. I’ve recently been admitted to the hospital because I was bleeding so heavily and was in so much pain my partner was concerned I was having a miscarriage. Went to the hospital and all my MALE doctor had to say was “you’re fine, you have heavy periods now leave”. I was then referred to a gyno by my everyday GP and she then inserted a marina and scaped my uterus lining. Then all she had to say was, “yeah we think you have endo but can’t tell you anything else”. Ive had the marina for 5 weeks now and still bleeding as if I had a normal period, bleeding for nearly 3 months total. Please someone tell me if they know why this is happening to me. My mother and grandmother have endo and I was 6 years of IVF due to them ignoring my mother endo. ","[""Medical"", ""Discrimination"", ""Pregnancy""]"
How do I tell my boss to stop touching me without offending him?,"I’m a 26 year old chinese female living and working in Singapore. I would say that I have a close relationship / friendship with my boss and he treats me almost like a daughter. I’ve been working with him for 1.5 years, known him for about 2 years. In the past half a year, I feel like he has grown more touchy towards me and another younger female colleague - he would give us hugs, pat or rub us on the head, touch our hands or hold our arms occasionally when he’s being extra friendly (just for background he is 50+ married with no children). He is quite flirty sometimes too through texts and phone calls (which I find very inappropriate given he is my superior and he is married) I find it very hard to tell him that I’m uncomfortable with the level of touchiness because I’m afraid it will make things awkward or sour our good relationship or make him think I’m accusing him of sexual harassment (I know it sounds silly but this is how I feel). The most I have done is to tell him I’m being squished (e.g when he hugs me) and tell him to keep his safe distancing (this is covid times) as a hint to him that I’m not liking it. I’ve also never told my fiancé about this because he would FLIP... 

Any advice on how to handle this diplomatically is appreciated.","[""Abuse""]"
"Was I harassed, assaulted or neither?","I had an experience last year that I've recently began being more open about, but I haven't been able to shake the uncertainty of what it was that happened. It might be societal conditioning making me gaslight myself, but getting an opinion outside that of my family and friends might help me understand it better. If anyone can give me some advice, I would be really grateful. Also, sorry in advance if my English is weird, it's my second language.

Just over a year ago, I got on a bus heading to music festival in a nearby city. For a lot of the ride, the bus was quite crowded so pushing against other people when passengers wanted to embark or disembark was unavoidable. Half way through the drive, a man got on the bus and stood a short distance behind me. I was holding onto the metal pole to the right of the door in the middle of the bus while he was standing to the left of the door. The driver was having passengers swipe their bus card in the front of the bus and board from the middle door, which happens when the bus gets too full. When the next passengers boarded the bus, this man pushed himself onto me, with both of his hands on the pole I was holding. Since it was a crowded bus I didn't think anything of it.

At the next stop, some passengers from the back wanted to get off the bus and again he pushed himself onto me, this time more forcefully. At this point I started feeling like something was up because of the force with which he pushed onto me, the fact that his hands around the pole were essentially trapping me and the fact that there was no effort to shift himself so that it wasn't his full front pressed against my back side. Now would also be a good time to mention that he was quite large, being quite tall and overweight.

When the next group of passengers tried to board the bus, he pushed himself onto me harder than ever, again with his arms around the pole. He squeezed me so hard onto the pole that it hurt, badly, and I shouted ""sir you're hurting me"". A woman standing closer to the front looked at us, stared daggers into him and pushed a few people aside to get to where I was and pull me away from him. She had seen the positions both me and this man were in and sounded concerned for me. She began asking me ""what did he do?"" ""what did you feel?"" and if I was alright. Already I knew that his behaviour was odd since his previous position meant that he had to cross the new passenger's paths to get to where I was when it would have been simpler to move back. Also, even if it was the simpler way, it's absurd to push yourself so hard onto someone that you hurt them. But what made me realise what his intentions might have been was when I looked to where I was moments ago and saw him there looking embarrassed with no one behind him. I had bruises on my breast for a couple of days from what he did.

I always thought that this was sexual harassment but I've also doubted it, wondering if maybe he was just inconsiderate, although it's basic common sense not to press your front against a women's back when there's space behind you to move. However I've just opened up to a family member who thinks that the force I described and the fact that I had bruises could mean that it was more that simple harassment, but assault. I honestly want to hear some opinions because thinking about what might have been going on in his mind when he pressed himself onto my body hard enough to bruise my chest is something that still creeps me out to this day and I want to understand what I experienced.","[""Mental Health"", ""Abuse"", ""Aggression""]"
my brother just sexually harrassed me,"I'm still in college, so i just got into pleasuring &amp; toys if u understand. God i can't even tell my frds or smth but i'm not proud of this nonetheless. So basically there's a toy in a box in the lowest shelf in my room, which no one would go mess with, except my brother. 

It's been years since he harrassed me ( public masterbait when parents not home, poses, walk in shower when i'm in there ), i've never expressed these to my parents cuz he was still young but now he's in adolescence. I've stopped talking to him, mostly stayed in my room, and be reli nervous when parents r not home, I've been scarred. He made my mum believe I reli hate him (cuz before we've in many big fights) and my mum has been standing on his side saying i'm always picking on him. 

Just now my parents left the house, I went out for a few minutes. For some reason he called me, mentioned that my fans (in my room) r on, i didn't pay attention and cut the call. When I was back, things seem fine exc I knew he's in my room when i was out. Then it happened. He suddenly walked in and closed the door, ""Do u hate me?"" I told him no, then he walked right beside my chair and pointed to the box, it's moved, ""I saw it, can u demonstrate how u use it?"" The fact that he closed the door when no one's home, he walked straight beside me, and after long time of no conversation the first thing he said is this, pointing at the sex toy and tell me to use it. wtf?","[""Mental Health"", ""Abuse""]"
I think I was sexually harassed when I was young but I’m not sure if I’m overreacting or if it actually happened,"So when I was in 4th-6th grade I was new in my school and I didn’t really talk much with my classmates or other kids cuz I was still learning the language since I was away for a while because of parents work. Anyways there were these guys in my class and same learning group as me let’s just call them (E) (B), B used to always say sexual comments to girls and just only talk about sexual stuff with everyone and I didn’t know what sex was or what anything in that subject meant I was just 9-11 yrs old. Now I remember that he always made sexual comments and talked about jerking off or having sex or kissing all the time to me and idk I also remember how he and E used to make fun of my body. When I ran in P.E they made comments directly to my face how my boobs bounce and they laughed at it too and it made me so uncomfortable and insecure cuz my boobs were really big for my age back then and even girls always said they were big. Besides that E once even made up a story about me and B having sex in the bathroom which was obv not true and that’s how I sorta started to understand what sex was and I cried in class because of that too cuz E said that in class in front of everyone and the teacher. I was doing work when he came up to me and asked “did you and B have sex in the bathroom cuz he told me so” I was like “huh no??” And then he kept on saying the same thing over and over again and I started crying before the teacher helped me. E left school next year and only B was left and he kept on saying disgusting sexual stuff to me and others I don’t remember if there was touching but I don’t think so cuz I always tried staying away from him but I did see him purposely try touching another girl and she did get mad at him but ofc no teachers were involved we hardly knew that this stuff was wrong I even cried today about it...it’s been about 6-7 years now.","[""Mental Health"", ""Abuse""]"
What should I do if I'm being stalked for almost four years now?,"Here's how it started - I was new to facebook, and I made my phone number public by mistake. Now this guy calls me up, informs me that my phone number was public. We had this one person in our mutuals who was a nice guy(we went to the same school) who didn't have random unknown people on his friendlist. So I assumed he was not a bad person, so I had a few small chit chats with him. Valentine's day was like just around the corner and I was fucking 15 at that time and the only thing that grabbed my attention was Powerpuff girls and he was talking about love and shi. I freaked out obviously. I made it clear that I am just 15 and I was clearly not into him. He kept on insisting so I had to block him. Now he has been calling me every months from 4-7 new phone numbers and I have to block all of them. I'm turning 18 this january (2022). I live in India, and if you aren't aware then imma tell you this- rape cases, molestation, harassment, acid attacks are extremely frequent here. He has found a lot about me and it is honestly scary. I told my parents about this, but I have my entrance exams going on so I don't really go out of my house right now. This one time my maa picked up his call because truecaller showed the location of Bihar(the stalker lives there too, like that is his hometown. I can tell by his surname, and the number of times I've got calls from Bihar. But he lives in my city so he probably goes there occasionally.) I've got dms on my instagram saying that ""He's a bad guy, please stay away from him"", ""He talks nasty about you and talks about taking your virginity."" I've got v cringe emails like ""I could do anything for you"", ""No one could be like you"". What should I do? How do I deal w this? Also if you're from India it would be great because you'll probably understand the laws and security better. But other suggestions are also welcome because I clearly need help. :)","[""Mental Health"", ""Abuse""]"
Was this sexual harassment? I don’t want to call it something it’s not,"A few months back, a guy friend of mine texted me. I could tell he liked me but the feeling was not mutual so whenever I saw him, I made it abundantly clear that I really liked/was speaking to another guy (who we both know.) Anyway, he texted me and told me he was ‘touch starved’ and proceeded to say ‘i’m not going to ask you for sex because you’re probably saving yourself for X (the guy I liked), but if you want to platonically make out that would be great’ Upon receiving these texts I was completely baffled as i’d made it clear I was into another guy. I rejected him and told him things had progressed between me and the guy and we were now sleeping together (I genuinely don’t understand how he could POSSIBLY think i’d say yes). He then replied with something along the lines of ‘No problem, but the fact you managed to pull X is impressive.’ This annoyed me as he implied I was punching above my weight. I saw him a few weeks after he texted me and he was awkward around me for the entire night, sheepishly saying ‘sorry for asking you to shag me’ (implying that he did want to do more than make out) when we were alone together. He was awkward around me in school (we were in the same friend group.) A few months after the text, our friend group were all out together to get drunk in a field (socially distanced). We were walking in twos bc of covid restrictions and I ended up getting stuck walking with him. He was on the side of the pavement closest to the road whilst I was on his other side. At one point he said ‘you’re too drunk you’re going to fall into the road’ and tried to put his arm around me. I was completely sober and was not about to do that (I wasn’t even near the road). I pushed him off and told him to get off me, as I felt incredibly uncomfortable around him at this point. I ended up leaving early because he kept sitting too close to me. I thought we were on okay terms, but he unfollowed me on social media today. Here is my question- does this count as sexual harassment? I only ask as one of my friends was talking about him (I told her what happened) and said that he sexually harassed me. But I don’t know if it necessarily is harassment. He certainly made me feel uncomfortable both times, but when he texted me but he didn’t make any attempt to try and persuade me to say yes after I rejected him. In regards to him trying to put his arm around me, this could have been seen as just a friendly gesture, but it made me uncomfortable because he knew I’m still romantically involved with X and I wasn’t even drunk. But then again, does trying to put your arm around someone count? I’m still hurt at the fact he tried to make our friendship sexual, as he was a good friend to me for a while. So- was this a case of sexual harassment or merely me putting him deep in the friendzoned?","[""Not Applicable""]"
Coworkers being hostile towards me for reporting another coworkers harassment,"This is going to be quite vague for obvious reasons. 

I have (had, I guess) a coworker. For reference I am 21 and he is 46. When I first began this job I was 16. 

This man is generally well liked amongst our coworkers. He can generally be described as kind of meek, quiet, obedient but a little bit stupid. From an outside perspective he appears harmless and unremarkable. 

However there have been instances in the past that seem to prove otherwise. My sister (same age as me, we’re identical twins) had an unnerving experience with him. He cornered her in the break room and in her ear (she was 17 at the time) insisted she put his phone number into her phone but warned her not to tell anybody about it. She took his phone number to get him to back off, then immediately told a manager, and he was promptly written up for it and told that if he pulls any crap like that again he’s getting fired.

So fast forward about 2 years. He seems to have gotten comfortable again. It happens multiple times a day where he’ll walk by my sister/I and rub his entire body up against our backs and then turn looking for a reaction but insist it was a joke. Or shoving us with his arm when he walks by. He has a particular liking for my sister and I, has passed me a note in the past telling me I’m pretty, and it began getting really uncomfortable. Not to mention he got caught 1) masturbating in the bathroom on the clock and 2) was eating the underage female cashiers with another male coworker while so was standing right there (and 18 at the time).

2 weeks ago it all came to a head. He rubbed against my sister one too many times and my sister went to the store manager and said, “Someone needs to tell (his name) to please stop touching me.” And the rest is basically history. Store manager went to corporate, corporate stool statements from my sister and I, and he was fired a week later. 

But our coworkers are starting to talk. One woman in particular was good friends with him and slowly became suspicious when he stopped showing up for work. And I’m assuming she found out the truth (or at least some version of the truth) because she’s been completely ignoring my sister and I and going out of her way not to talk to us for about a week now when previously she’s stated she loves us both and thinks the world of us. It’s making things really uncomfortable and I’m starting to feel like I/we did the wrong thing. I’m afraid my coworkers will blame me/become incredibly hostile towards me for getting the coworker in question fired especially since a lot of people like him. I’m feeling frustrated and defeated. I’m starting to wish I never said anything at all.","[""Mental Health"", ""Abuse"", ""Discrimination""]"
Discord to help females escape from harassment online.,"I game with my girlfriend a lot, right now we live distant from one another, but soon that will change. She frequently has to deal with guys online being creeps, not only creeping because of a profile picture, but also because of the fact that it's online so they think they will get away with it. I would like to start a discord where females can feel safe, and their partners can know they don't have to worry about them being harassed online. I will be leading it, but I will be asking my girlfriend to join, and be asking that anyone who would like this support it, bump it, or just in general leave a comment. I'm not sure if there is already a server like this, if there is please let me know.  I hope to not only stop males from doing this, but to also make it known that people are tired of it. Those of us that are males and don't act like this online are also tired of it, I want to make a stand against harassment in any form online.","[""Not Applicable""]"
Is this harassment was I taken advantage of or just naive,"So I took up this job and the manager of the partner company decided to manage it. At first I thought he was being a really good manager and mindful of the staff. He asked if I wanted to work out of the office on a Friday afternoon and described a serene environment. I agreed and was sent directions. When I got to the location I was shown the room and thought it was well just a meet up point as he said it was his 2nd office.

When he showed up he was upset that I was working and gently shut my laptop, told me about himself and put me in a very awkward position that had me have relations with him and once he was done it was like clockwork, he had a meeting and I had to leave. Since I loved my job I didn't know how to mention it to the parent company that had hired me and he had the money and position.

From then henceforth communications broke down. If I wasn't talking about work he didn't have time for it unless when I'd go quiet and then he'd send me I miss you messages. Around the holidays when the office closed he too went silent and showed up when holidays were over with I hope you've been well and tried to keep me in check again

As soon as my time at the place was over so was his interaction and in his words ""we are incompatible and it would never work, you are a slut"". Since I couldn't raise the harassment issue again as I no longer work with the organization I did ask why he did what he did and he never bothered to respond

Over time I find myself very upset and once in a while I lash out and remind him he took advantage of me but what's more upsetting was the parent company that had hired me never took note of it as each time I tried to raise the issue the director always seemed busy and now I don't work for either i don't know how to raise the issue or if I should.

No person should be taken advantage of and I'd really want him to know what he did was wrong. He lead me on and I was very naive but am I an asshole for wanting both organisation's to know the truth?","[""Mental Health"", ""Abuse""]"
Is this sexual harassment,"So this guy, I’ll call him T, has a major crush on me. It was obvious. My best friend (P) and I started to hang out with him on the weekends. We all became really good friends. It wasn’t long before T started checking my location all the time. He would ask where I was and what I was doing. He claimed he just wanted to make sure I was safe. Eventually, he only invited me over. I tried to get my friend P to also come, but he didn’t want her there for some reason. I have an issue with wanting to please everyone, so I would go hang with him. He also would guilt trip me if I said I couldn’t. He never took “no” as an answer. Every time I was with him, I felt like he was trying to get closer. One day, he begged me to drink with him. I did. He was also drunk. He kept trying to grab my hand. He then put my arm around him. I was nervous and didn’t say anything. I tried to keep my arm far off of him. Then, he laid right on top of me. I was panicked. He would always try to hand feed me food too. One day we were both drinking and I wanted to go home. He tried to beg me to stay the night. I said “no” and came up with a million excuses to get me out of it. He just kept arguing. I had no choice but to get up and try to leave. He then followed me home to make sure “I was safe.” I want him to leave me alone. He has caused me several panic attacks and I don’t know what to do. Especially because P and I have started dating. We told him with hopes to get him off my back. He was upset and said he had planned to confess his feelings for me. But he promised that he would back off. Now, he’s still asking me to go get food and I don’t want to hurt his feelings (because I’m a people pleaser) but I can’t do this anymore. Also, he has made several comments about my ass.","[""Mental Health"", ""Abuse""]"
I have been inappropriately touched by women. How do I say ni when this happens?,"I need an advice on this matter. I (m) have been touched by several females in my life. For example, there was this girl in college I was good friends with. One day, out of blue, she looked at my chest and touched it, saying, ""Wow, you have nice packs!"" I was confounded and didn't know even what to say right away. But I thought it would only be fair if I could do the same, so I tried grab her boob (not roughly). She retracted and told me that it was not the same.

Or there is this another girl who pinched my nipple for making a sarcastic joke. I mean, what the heck?? Do people think men's nipples are not as sensitive as women's?? Or that men too would feel insulted by being treated that way?

These two are just few examples of many. There have been incidents where an older woman touched my butt with a compliment, but I felt pressured to put on a mask just because I'm a guy. They seemed to normalize it without even being conscious of the fact that what they did to me would be considered sexual harassment. It took me years even for me to come to realize this. I was even once told to take these actions as compliment.

Though I don't think I need to see a counselor or amything, I still feel a bit insulted by actions. Whenever I see these women sometimes, I can't really be at ease. Is this something usual that happen to other guys too? How do I address this to women who do this?","[""Abuse"", ""Discrimination""]"
Who do I even report this to?,"On Sunday night an old friend of mine came to visit me. She was incredibly wasted. As soon as she got out of her car and we walked to the park she said ""I'm going to kill you"" I told her no you're not. She then proceeded to compliment and flirt with me-- asking me how I was. Later, she told me she had a gun in her backpack &amp; made a joke about someone being in her trunk. 

I invited her into my house and she insisted she bring a gun with her, I felt safe knowing she couldn't harm me. Anyway, she asked me to fuck her and I said I would put on a condom and then she lost interest so I took it off. I lost my erection. She started seducing me again to get me hard and then she pushed me to the floor, pinned me down and started choking me. She wasn't showing any sign of letting go of her chokehold so I wrapped my legs around her neck and threw her to the floor.

She continually hit me throughout the night and I kept telling her ""would you please stop that?"" and she said but i thought you don't feel pain. I said I don't but that doesn't mean I want you hitting me and choking me and biting me.

She bit the main arteries on my neck as hard as she could and left a bruise on my arm from where she punched me. No signs of damage on my abs or my penis but my neck is very sore. Then she went to her backpack and started fiddling with her gun and pointing it at me, that was around the time I told her to leave and she kept buying more time.

I put her in a position where if she would've tried to pull the gun she'd be disarmed immediately. Then I took her on a walk and throughout the walk, she kept slowing down to try to get a clear shot at me.

I honestly have no idea who I could report this too, if anyone would believe me, or what I should do but it's very disturbing me because she came over with the pretense of hooking up with me and then basically took advantage of me, refused my advances if I was wearing a condom, and left a bruise. I've never been a snitch but I have a history with this woman and in the past (she's older than I) she would buy me liquor (me 20 her 21), ruffie me, and then tell her friends I raped her when I never so much have even touched a woman without consent.

&amp;#x200B;

TL;DR -- Who do I report this to?","[""Mental Health"", ""Abuse"", ""Aggression"", ""Sexual""]"
I think i suppressed trauma,"Me and my bf were going at it today, and in the middle of it, i felt so much fear. I felt panicked even tho he wasnt doing anyrhing wrong. How we were laying down felt familiar, and i felt like i remembered something but it doesnt make sense. Im sorry if this doesnt make any sense, im a little shaken up. 

Just to clarify, my bf wasnt making me feel bad, i just think i remembered something.

Anyone whose repsressed something before, how does it feel?","[""Mental Health""]"
Is this sexual harassment?," 

Before everything, pardon my English level, is not my first language.

I am a 14 years old female. I live with my mother´s family, because she is a doctor and I just can´t be in the same place as she is due to her exposure to covid 19. It is not a new thing that my uncle acts, in my opinion, really weird. But now that I have to live in the same house as him, I noticed more things. He often hugs me and touches my waist kind of often. He sends me kisses awkwardly… I get very happy when he is away and he can´t be with me. Once, I had a mental breakdown or something, because I realized he will live with me for more than a year. My aunt was concerned, and asked me what happened. I told her I hated him, but didn´t say why, because I thought she will tell my mother who is already busy. Finally, she just told me I was being exaggerating and thought I was crying only because he always tells her to punish me for being too much hours on the computer and things like that. Days later, he was sitting on the sofa watching his phone. I tried to look at what he was watching, and… he has thousands and thousands of porn files. He had naked girl’s photos, and had them in his gallery. 

I tried to ask for help. But I couldn´t. Maybe he is not awkward, and the only one who thinks he has bad intentions is me. 

I sleep with a box cutter under my pillow. First, I slept with it to “defend” if he ever tries to touch me. But now, I just… don´t know. I feel really uncomfortable. I just can´t stand it. I am sick of this. I am too paranoid. The reason I write this, is because I need to know if I am being sexually harassed, or if I am only a crazy human being. Also, yesterday I watched “split” the film, because I read in the internet that people with TID where not like the beast they express in the movies, so I gave it a try. (I watch a girl in Youtube named long soul system, although I have no TID, I want to understand people with it.) I clarify, I don´t want to have TID, and I don´t want to be sexually harassed. After watching this movie, I couldn’t sleep all night that fucked up guy acts exactly like my uncle. Except mine hasn´t told me to take off my clothes.

Please help me.","[""Mental Health"", ""Abuse""]"
Is this sexual harassment?,"I (18) work at a grocery store. A guy (60) that works in the meat department is known for being a little creepy. he was demoted from his last position for being “creepy” and was moved to our store. 

today, he was standing behind me and fixed the tag that was hanging out of my shirt. he didn’t even ask he just did it. my shirt has definitely a lower neck line, not super low but a bit of upper back was exposed, not just neck. it felt super creepy because he is older than me by a lot, i barely talk to him unless i’m making his coffee, who just fixes someone’s tag without asking? 

last weekend he also made a comment calling me “his favorite”. mixed with this incident it gives me the heebies. 

i reported it to my store director and they’re taking it to HR which is nice. i can’t help but feeling embarrassed that this happened to me/ also feeling like i overreacted because it could seem totally innocent.","[""Abuse""]"
I feel like I can never trust anyone,"I been going through my fresh year in high-school recently and so far with the events it's going terrible so far. It's been 5 months of things building up ather another and haven't really trusted anyone because of my fear of leaving me. Well I decided to talk about my feelings on the internet to start to grow my courage to ask for help, so here we go.


 I had a good friend, let's call him Adrian (not real name). Adrian has been a friend of mine since 7th grade and pretty chill to hang out with.

He was one of my only male friends I could open up to and was very kind to me. But at early October I was home alone, me and Adrian were texting each other and ultimately joking around. Then he changed the subject as he said he wanted something, and being the people pleaser I am, I told him I would do anything for him as in return for actually caring for me when I was sick or down. 
He told me he wanted to see something that girls have.
I was considering at first but when I came to my senses, I was getting uncomfortable. I told him no and tried changing the subject on matters. Yet he kept insisting and telling me things that I realized later on was manipulation. Telling me he was empty and it would cheer him up and I was in shock.

I was panicking.
I was home alone with nobody I can trust to tell about my situation.

I can never tell anyone off unless I really hated them

Adrian was very kind to me and I can never treat him badly or make him upset in any way

Yet I kept saying no

If I told anyone It would show how vulnerable and weak I am and see I can't even defend myself 

It got to the point where I finally told my trusted friend who used to date Adrian and she defended me 

At that point it was it's worse 
He was sending overly sexual comments and creepy stuff I rather not want to remember 

And loss all trust in one of my trusted friends

After a day of feeling like a bad person as I felt I was a bad friend for asking for help and not being able to defend myself properly.
I apologized to Adrian for asking for help
He told me to chill and that he was ""just joking"" and that he would've stopped if I asked him too
But clearly a no wasn't enough to tell him to stop

Now I don't like spilling my emotions out all at once as I'm afraid that if I do my friends might stab me in the back again. So I kept telling myself that this doesn't matter and other people faced worse and I'm being ungrateful for not being happy that I'm not in a much worse situation.

After that I got more anxious thinking I'm a terrible person and started blaming myself for everything that happens 
I also gotten into a depressive state of mind and getting some pretty stressful thoughts after I found out my friend just sexually harassed me 

I was (and still) in denial because such a good friend can't possibly do that to me.


I'm started on January trying to open up more to my friends and get help.

I'm sorry I still think this isn't sexually harassment and I'm just overeating but just in case I'm right im sorry","[""Mental Health"", ""Abuse""]"
Legal Action Advice,"About three/four weeks ago I went through an incident of sexual harassment/assault at work from a customer. He was black out drunk (I work at a pub) and the way it was handled by my work wasn’t very professional. He was kicked out and told he wasn’t allowed to come back in to pay his tab without talking to my boss or my male coworker first since I made it clear I did not want to have contact with him. 

Well my boss allowed him to come into work yesterday without informing me. And not just to pay his tab, he was allowed to stay and drink. Thankfully I had someone else covering the opening part of my shift but was planning on coming in earlier to help with the bar since there was an event so I knew the restaurant was super busy. I was notified by my male coworker that he showed up so I had to wait till he was gone to come in for my shift. 

One of my regulars is a state trooper and he pulled me aside to tell me that from a professional view, I could take it further if the incident made me this uncomfortable (he wasn’t informed much on what happened). I didn’t have intent to pursue anything legal cause I thought he’d be barred on the days i work, but now I’m not sure what I want to do. 

The statie told me that the guy admits he doesn’t remember what happened but takes full accountability for it and that he wants to apologize to me in person but on my terms. My boss also has talked about him coming in to apologize and I’ve expressed very clearly before that I don’t want to talk to him or hear an “I’m sorry for sexually assaulting you” apology, even if he has owned up to what happened. 

I just wanted to not have him in when I’m working or still be there when I’m into work. He’s been very drunk/overserved numerous times before this incident, and now dealing with that, i don’t want to deal with what could happen if he got blacked out drunk again (if he didn’t remember what he did, he could just as well do it again). But now since he’s just allowed back I’m not sure what legal action I could take if i chose to do that. What would be the options I could take? Cause honestly my biggest option is just quitting my job and working at a different place since it’s not the first sexual harassment incident I’ve gone through and it’s definitely not the last, and it’s clear my boss can’t handle dealing with situations properly.","[""Mental Health"", ""Abuse"", ""Discrimination""]"
I'm scared I scarred my friend,"Hey everyone, my friend is having a real hard time with the last thing that happened between us, and its literally killing me.

So for context, me and this friend knew each other for 6 years, we'd always get high together and chill. So about 2 days ago, we were on G and I asked him if he wanted to make out and he said sure. We made out and then proceeded back to our friend group. Later on, I asked if he wanted to make out again and he said sure, so we got things going, at one point I asked him what do you want me to do? and I asked him if we should stop, he said no he doesnt mind it and that liked it. So we kept going. However, my friend told me yesterday that the guy is struggling with what happened, he said he couldnt say no to me because he was afraid that if he rejected me, that would cause me to stop talking to him and cut him off from my life. 

He said that he felt pressured to say yes to me, even though I asked several times and he said he liked it. I feel very confused as why he would say yes (keep in mind, I dont make out with people normally) if he didnt want to make out? It breaks my heart to see the amount of pain he is in, I feel like such a monster right now, even though I asked him a lot. 

I really don't know how to feel about this, I thought it was ok since I asked him several times and he said he liked it, but now I hear from a mutual that he's crying and is very troubled about the whole situation. 

How can I fix this? I dont want to invalidate his emotions the guy is obviously going through a hard time, Im just so confused because he said yes several times, and now I feel so ashamed and guilty for not knowing better. 

This is the first time I ever go through something like this, I never imagined I could cause this much pain and its been in my head all day. Can you guys tell me what you think of the whole situation?","[""Mental Health"", ""Abuse""]"
I need advice and a little rant,"Um Hi, this is a past situation but nothing has been done about it and I'm not really coping with it well since my depression and anxiety has gotten worst......also I was 11 to 13 at the time I'm 20 now
But My mom's ex use to do make me very very uncomfortable.
By looking at me in the shower,going through my stuff when I'm not home and literally taking my phone whenever I get given one. he even pretended to be someone when he was messaging me thinking I wouldn't notice but i found out through my moms phone when I was sending a message for her, he also asked for a picture as well.....but I stopped replying after noticing it was him and kept my distance but that wasn't all he has done.

He asked if I let the soap drip down or do I scrub my body in the shower 
I was 13 when he asked so I didn't much of think of it.

Sometimes he would invite me to my mom's room to play a game alone with him, he told me to close my eyes and guess what the food was in my mouth also tried giving me messages, made me get on his lap while he drives,always sat by me on the couch,wrote inappropriate things on my drawings I did,he also made holes in the walls by my room to spy on me just like in the shower.
I was scared to take a shower when it was just him there since my mom works and he didn't.

I lost trust in him and stayed in the house in fear thinking he could do something to me any day,thinking what if my mom is asleep and he sneaks into my room. just those thoughts were scaring me. I was still a kid and I was scared to sleep and stay home with him and I told nobody.

He was a big tall man so guess that what scared me to not tell anyone since I was worried for my mom as well like what would've happened to her if I said something.
It wasn't always like this, it all happened after he started drinking and he started to change and just became a scary guy to be around well mostly for me.
I always smiled but I was deeply scared to be around him. in pictures and by him I smiled trying to pretend I didn't know anything and nothing was wrong but I blame myself for letting it happen, I blame myself for not saying something,I blame my depression on myself since everytime I think of his face I get scared and start to cry.
I lost trust in men at a young age, I hate myself to say this but I don't trust my dad and uncle's or other men in that matter when they are intoxicated.
I love my dad and know very well he wouldn't hurt me or my siblings that goes for my uncles
But this asshole made me have trust issues and I lost interest in dating since I don't want anything like that to happen to my family....
Only a couple of people know, by a couple I mean 4.

Ps. This asshole moved out long ago to his hometown which is far from me but still I have younger siblings which are his so can't really cut him out of my life without having my sister talk about him or talk to him on the phone.","[""Mental Health"", ""Abuse"", ""Aggression""]"
Am I overreacting or is my orthodontist a creep?,"I’ve had braces for about 2 years now and have been to the orthodontists quite a bit. At first, I had this younger orthodontist which was really nice and never creepy. But these last two visits I’ve gotten a different one. He’s nice but he makes me uncomfortable. The first time I met him he told me I was beautiful and I had very pretty eyes. The whole time he was there he kept rubbing my arm and hands and squeezing them. I was uncomfortable but I didn’t think he meant anything by it. I Thought I was overreacting. The second time I went (yesterday) he did the same thing. He told me how I was so beautiful and he kept doing the squeezing my hand and arm thing and would sometime pinch my side. He made small talk and he also did some other things that just made me get bad vibes from him. I don’t know if he does it intentionally to make me feel uncomfortable or he does it just to make me not feel nervous. I hate this because I feel gross and that I am wrong for thinking he’s a creep. I am also a minor, 13, and because of covid my mom does not stay at the appointments and just drops me off. I don’t usually feel scared around most men, I have 2 male swim coaches who are amazing and never make me uncomfortable, so I don’t know how to feel. I know this is stupid but I need to know. Is he trying to be nice and is just creepy or is he purposely touching me to make me feel uncomfortable? I’m scared if I keep going to the appointments and don’t say anything it will escalate.","[""Mental Health"", ""Abuse""]"
Was i sexual harassed?,"Hey, So months ago i started living with a uncle of mine and he is off age like almost at his 40’s and i used to talk a lot w him get a long w him and he started being off w me, Started saying things he wasn’t supposed to say to me when i was only 14. He started talking about sexual stuff w me and what he has done to women and he used to ask me if i ever engaged in such sexual act like blowjobs and that i should hurry not to be a virgin because sex is way to good, Then he started talking about my body,about my boobs, my ass and i didn’t like it but i thought it was normal i never been closed to any of my relatives like that maybe it was normal because that what made him feel young but one day he made a joke ab me and him that i didn’t like it at all.i tried telling people i love but some don’t believe me. so was i sexual harrased?","[""Abuse"", ""Sexual""]"
My friend told me that she's been molested by a mutual acquaintance of ours. How can I help her?,"So, there is this guy I know. He actually works in the lab that I used to work in at my college. A close female friend of mine knew him via a college club.
She called me today that she was molested by him a couple of months back when she used to hang out with him. She also found other women who have went through the same thing with that guy. She seems very stressed. I would like to support her in the best way I can but this is the first time I am involved in a situation like this. She's a very close friend of mine and I don't want to say or do anything that would appear as being insensitive. I am not friends with the guy but he's like the one of the incharge of the lab and if you have to do anything in the lab you have to talk to him. I now feel disgusted by that person. I will try to talk to other incharge of the lab in case I need anything. 

If you have any advice on how to deal with this then let me know.

Also if you know of any other subreddits which provide help and support for women who have gone through sexual harassment.

Thanks for hearing me out.","[""Mental Health"", ""Abuse""]"
Was it really assault or am I just crazy?,"Gonna keep this as short as possible but in February a guy I had been hanging out with came over and we were making out and he asked what else I wanted to do, but I told him I was depressed and didn’t really want to do anything else; he said okay and didn’t bring it back up again for a little while until he tried to move my hand onto his crotch; i said no again. he dropped it for a bit until he was pushing himself against me while i was in his lap, and i can’t remember what he said but i know i told him i didn’t want to do anything again. then he was on top of/in front of me(we were on a couch. i don’t sit on that side of the couch anymore) and he slid his hand up my leg and into my shorts. And i didn’t stop him. I don’t know why i didn’t stop him. i mean part of me was scared of how he’d react if i said no again because i barely knew him, but i also didn’t feel like fighting it anymore because i knew he’d keep asking. i didn’t let him keep going, like i pushed his hand out of my pants and told him that he didn’t have to do that, i just gave him a handjob and he left. 

i’ve been told by friends, by my mom and my sisters, i’ve been told by a therapist and someone else who worked at a psych ward i was in that it was assault but i can’t stop thinking that maybe i did want it? i mean if i didn’t want it why would i let it happen? i don’t know. i just feel like it was my fault, like i should have kicked him out the second time he tried or i should’ve kept saying no and it wouldn’t have happened. i don’t know. i just think i would’ve done more if i really didn’t want it to happen","[""Mental Health"", ""Abuse""]"
How can I report sexual harassment at previous job?,"I tried to find information about this on google but was still confused so I figured I’d post it here and see if anyone can let me know how to proceed with this situation. I’m a teenager and in high school so I’m not really sure what to do about this. From the summer up until mid October I worked at a fast food restaurant, all the staff was high schoolers and college students and the one general manager was an old man in his 50’s/60’s. He used to touch my butt when he would walk by me all the time. At first I thought it was an an accident because the back of the restaurant was very small so I tried to brush it off. But as I continued working there it happened so often and in places where there was obviously enough space to walk by me without touching me. And it wasn’t just a slight brush against me, but full on touching. As i said before, everyone else who worked there was in high school or college so I ended up becoming friends with a lot of my coworkers, and eventually the topic of the general manager got brought up. Every single girl I worked with (about 5 girls I think?) said he did the exact same thing to them. I mentioned it to this one guy who had worked there for a couple years, and he said that since he’s worked there, every single girl who’s ever worked here has said the exact same thing, and that he hates it but there’s nothing he can do about it. This eventually ended up being the reason I quit in October. The harassment plus other factors relating to the manager. He didn’t take covid-19 seriously, wouldn’t wear his mask, would come to work sick, and also would constantly make fun of me and all the other female employees. After I quit Ive tried to forget about it but at this point I want to report him for harassment, especially since I know this is something he’s been doing to many employees for a long time. I’m just not sure how to report it. I want it to be anonymous as well, I don’t want to be involved in any kind of scandal or whatever, I just want it to be documented that there was an accusation against him. How I could do this? If anyone could give me any advice on how to move forward I’d appreciate it so much.","[""Abuse"", ""Discrimination""]"
Unsure if i was sexually harassed by my cousin,I am now 18 (f) and recently a suppressed memory came up for me. My mom was talking to me about my female cousin (who’s a couple years older than me) who i haven’t seen for years. Then I remembered a couple times when I was around 11 and she was probably 16 she would make me watch porn with her and a couple times she made me skinny dip and get undressed in front of her. even though she never touched me herself i still feel really wrong about this whole situation because i was young and didn’t know what i was doing and don’t know how to completely feel. what was it that she did to me?,"[""Mental Health"", ""Abuse""]"
