_text_key,title,body,PredictedLabels,max_ppl
"8 week incomplete miscarriage, undecided next steps || tw: describe symptoms of what i've experienced so far in the incomplete miscarriage hi all, i am 37 and going through my first miscarriage. i had a scan last wednesday that showed baby measuring around 8 weeks with a healthy heartbeat. i had also had a scan a little over a week prior, where the baby was measuring closer to 6 weeks but also with a healthy heartbeat (125 at that scan). i share that just to include we saw good healthy growth during that time. i actually started spotting brown for a few days before the 8 week scan but thought it could be bc of having sex once. i spotted a very light pink the day before the scan, then the afternoon of the scan light red spotting started. after a few days i did start wearing a panty liner, it never filled up but would get some light spotting on it. every time i wiped over the week there was either red or brown spotting and i started to drip some in the toilet like maybe a teaspoon of blood. yesterday (wednesday), i woke up and had that full feeling in my bladder type cramp and had a gush of blood when i went to the bathroom. over the next two hours i bled heavily, had very mild cramping - the kind that felt like very mild labor cramps like it would kind of move across my abdomen and vibrate - and i passed a bunch of small clots and one large clot with a gush. there could have been other large ones in the toilet, but the one i got in my underwear was long and thick i'd say the size of a kid toy matchbox car maybe a little longer. the bleeding went back to mild/moderate, still wearing a heavier pad, cramping absent or maybe not even there by the afternoon. had an ultrasound which confirmed no longer a gestational sac. i hopefully thought maybe i had passed it but my doctor said there was still a lot of tissue, that the sac was kind of getting squished down. she made it sound like there's a lot to pass, like the worst is yet to come. she gave me the three options, pass on my own, take meds, or d&c and said i can change my mind/ take my time. thank you so much if you've read this far. i really thought i'd pass everything last night since things seemed to kick into gear yesterday morning and am disappointed it didn't happen. i'm curious about other people's experiences if similar to mine and if you have recommendations? one thing on my mind is my age and that we would probably like to eventually try again for another.","8 week incomplete miscarriage, undecided next steps","TW: describe symptoms of what I've experienced so far in the incomplete miscarriage 

Hi all,
I am 37 and going through my first miscarriage. I had a scan last Wednesday that showed baby measuring around 8 weeks with a healthy heartbeat. I had also had a scan a little over a week prior, where the baby was measuring closer to 6 weeks but also with a healthy heartbeat (125 at that scan). I share that just to include we saw good healthy growth during that time. I actually started spotting brown for a few days before the 8 week scan but thought it could be bc of having sex once. I spotted a very light pink the day before the scan, then the afternoon of the scan light red spotting started. After a few days I did start wearing a panty liner, it never filled up but would get some light spotting on it. Every time I wiped over the week there was either red or brown spotting and I started to drip some in the toilet like maybe a teaspoon of blood. Yesterday (Wednesday), I woke up and had that full feeling in my bladder type cramp and had a gush of blood when I went to the bathroom. Over the next two hours I bled heavily, had very mild cramping - the kind that felt like VERY mild labor cramps like it would kind of move across my abdomen and vibrate - and I passed a bunch of small clots and one large clot with a gush. There could have been other large ones in the toilet, but the one I got in my underwear was long and thick I'd say the size of a kid toy matchbox car maybe a little longer. The bleeding went back to mild/moderate, still wearing a heavier pad, cramping absent or maybe not even there by the afternoon. Had an ultrasound which confirmed no longer a gestational sac. I hopefully thought maybe I had passed it but my doctor said there was still a lot of tissue, that the sac was kind of getting squished down. She made it sound like there's a lot to pass, like the worst is yet to come. She gave me the three options, pass on my own, take meds, or d&c and said I can change my mind/ take my time. 

Thank you so much if you've read this far. I really thought I'd pass everything last night since things seemed to kick into gear yesterday morning and am disappointed it didn't happen. I'm curious about other people's experiences if similar to mine and if you have recommendations? One thing on my mind is my age and that we would probably like to eventually try again for another. ","[""Medical"", ""Mental Health"", ""Pregnancy""]",1.000013425309668
"help with an answer || i have a friend who says it’s not right that actresses call out people like weinstein years later because they could choose between doing what they asked or not, so they should own their decision. plus they should have said it right away, not years later when nothing is provable except for the fact that there’s many reports. i told him that it’s not really a choice since it was the only way to enter the business, but he says then they should own their decision. other arguments except that by speaking up they could spare future generations from going through that? thank’s a lot.",Help with an answer,"I have a friend who says it’s not right that actresses call out people like Weinstein years later because they could choose between doing what they asked or not, so they should own their decision. Plus they should have said it right away, not years later when nothing is provable except for the fact that there’s many reports. I told him that it’s not really a choice since it was the only way to enter the business, but he says then they should own their decision. Other arguments except that by speaking up they could spare future generations from going through that? Thank’s a lot. ","[""Not Applicable""]",
"wibta for telling my parents that my brother brought a random girl into my room and did the deed with her? || i (22f) just moved back home from college after graduating. my home is a small 3-bedroom townhouse and being that i am the middle child, i have never had my own room. i would either share rooms with my younger brother (20m) or older sister (25f). as my siblings and i grew older, my brother moved into the basement and his old bedroom was inhabited by whichever family was staying with us at the time, so i continued to share a room with my sister. when i went off to college i was happy to finally have my own room and a space to call my own. now that i am done with school, i moved out of my college apartment and back home. the room that my extended family members used to stay in is now vacant, so i was ok moving back knowing that i could be in that room and would still have my own personal space. one weekend i left the house to go visit some friends, and when i came back to my new room, i noticed there were brown stains on my bed. upon investigating further, i realized it was foundation. i don’t wear foundation, and neither does anyone else in my family, so i started to wonder where they came from. then, i had remembered my mother talking about how she saw my brother with a girl through our ring doorbell at 2:00 am in the morning. i then connected the dots and realized the foundation must be from her. i was livid and confronted my brother about it immediately. i asked him if he brought the girl into my room and if they had done the deed, and he said yes to both. i cannot begin to explain how disgusted and angry i felt. i have never had a space in our house to call my own and when i finally do, he violates it in the worst way. when i called him out, he apologized, but justified his actions by stating that my mom and sister had fallen asleep in the basement where he stays and that they had no where else to go. he elaborated that it was only her face on the bed, so no bodily fluids got on it (which to me does not matter because they did it in my room!). he also feigned ignorance by claiming that he didn’t know i would be upset because he would not care if me and my boyfriend did the same to him (lies). he also said that i was making a big deal out of nothing and that it used to be his old room anyways, and that it was not my room. lastly, he said i was a bad sister for threatening to tell on him because he is always driving me places and “covered” for me when i first started seeing my boyfriend and leaving the house to go on dates. it has been three days since i confronted him and i am still very angry. not only did he disrespect and violate my personal space and boundaries by bringing a random girl into my room and doing unspeakable things with her, but he didn’t even have the decency to change the sheets, let alone make the bed. i am contemplating telling my parents because i am so angry that i want to get a lock for the room that only i would have the key for. so would i be the a-hole for snitching on my brother?",WIBTA for telling my parents that my brother brought a random girl into my room and did the deed with her?,"I (22F) just moved back home from college after graduating. My home is a small 3-bedroom townhouse and being that I am the middle child, I have never had my own room. I would either share rooms with my younger brother (20M) or older sister (25F). As my siblings and I grew older, my brother moved into the basement and his old bedroom was inhabited by whichever family was staying with us at the time, so I continued to share a room with my sister. When I went off to college I was happy to finally have my own room and a space to call my own.



Now that I am done with school, I moved out of my college apartment and back home. The room that my extended family members used to stay in is now vacant, so I was ok moving back knowing that I could be in that room and would still have my own personal space.



One weekend I left the house to go visit some friends, and when I came back to my new room, I noticed there were brown stains on my bed. Upon investigating further, I realized it was foundation. I don’t wear foundation, and neither does anyone else in my family, so I started to wonder where they came from. Then, I had remembered my mother talking about how she saw my brother with a girl through our ring doorbell at 2:00 am in the morning. I then connected the dots and realized the foundation must be from her. I was livid and confronted my brother about it immediately.



I asked him if he brought the girl into my room and if they had done the deed, and he said yes to both. I cannot begin to explain how disgusted and angry I felt. I have never had a space in our house to call my own and when I finally do, he violates it in the worst way. When I called him out, he apologized, but justified his actions by stating that my mom and sister had fallen asleep in the basement where he stays and that they had no where else to go. He elaborated that it was only her face on the bed, so no bodily fluids got on it (which to me does not matter because they did it in my room!). He also feigned ignorance by claiming that he didn’t know I would be upset because he would not care if me and my boyfriend did the same to him (lies). He also said that I was making a big deal out of nothing and that it used to be his old room anyways, and that it was not my room. Lastly, he said I was a bad sister for threatening to tell on him because he is always driving me places and “covered” for me when I first started seeing my boyfriend and leaving the house to go on dates.



It has been three days since I confronted him and I am still very angry. Not only did he disrespect and violate my personal space and boundaries by bringing a random girl into my room and doing unspeakable things with her, but he didn’t even have the decency to change the sheets, let alone make the bed. I am contemplating telling my parents because I am so angry that I want to get a lock for the room that only I would have the key for. So would I be the a-hole for snitching on my brother?","[""Not Applicable""]",
"how to get over the fact that my boyfriend has exes? || hi, how do i (22f) get over the fact that my boyfriend (24m) has exes? for context, this is my first real relationship so i've never dealt with this before. my boyfriend has been married twice before and has admitted to having a long hookup period, resulting in 50-60 ""bodies"". now, i don't care about the bodies at all. i'm having trouble accepting the fact that he's loved other women, that's he's been intimate with them, that they were once his world. i know it seems childish to think this way but like i said it is my first relationship. any tips appreciated :) tl;dr: boyfriend has been married 2x, hooked up a lot. first relationship for me. how to get over the fact that he's loved and cherished others before?",How to get over the fact that my boyfriend has exes?,"Hi,
How do I (22F) get over the fact that my boyfriend (24M) has exes? 
For context, this is my first real relationship so I've never dealt with this before. My boyfriend has been married twice before and has admitted to having a long hookup period, resulting in 50-60 ""bodies"". Now, I don't care about the bodies at all. 

I'm having trouble accepting the fact that he's loved other women, that's he's been intimate with them, that they were once his world. I know it seems childish to think this way but like I said it is my first relationship. 

Any tips appreciated :)

TL;DR: boyfriend has been married 2x, hooked up a lot. First relationship for me. How to get over the fact that he's loved and cherished others before?","[""Not Applicable""]",
"so scared || i am currently pregnant at 6 weeks after two losses at 9 weeks. had the d&c twice. i have been nothing but a nervous wreck. my ob put my on a vaginal progesterone that i put in every night and everything has been ok. i’ve noticed that i’ve had small amounts brown blood come out. i know this can be normal in early pregnancy and with progesterone, but this is how my second miscarriage started last time. i’ve had slight cramping (2/10 pain) but none today. i messaged my doctor about it again but haven’t heard back and i am riddled with anxiety. i’m still having vivid dreams and feeling bleh, i just can’t help but think the worst.",So scared,"I am currently pregnant at 6 weeks after two losses at 9 weeks. Had the D&C twice. I have been nothing but a nervous wreck. My OB put my on a vaginal progesterone that I put in every night and everything has been ok. I’ve noticed that I’ve had small amounts brown blood come out. I know this can be normal in early pregnancy and with progesterone, but this is how my second miscarriage started last time. I’ve had slight cramping (2/10 pain) but none today. I messaged my doctor about it again but haven’t heard back and I am riddled with anxiety. I’m still having vivid dreams and feeling bleh, I just can’t help but think the worst. ","[""Medical"", ""Mental Health"", ""Pregnancy""]",1.0000136637196528
"not telling family || had a miscarriage about 2 months ago at 10 weeks. i have not told my parents and they didn't know i was pregnant. the only people who know are a few close friends and my husband. i speak with my mom like once a week, but don't feel super close. she tends to want to gossip about other people more than ask about my actual life. given all of this my gut feeling was to not tell her, i don't think she will be helpful in my healing process and just worry that she will tell all of her friends/my distant family. it sucks because i would love to have that support from them, but i just think it'll do more harm than good. honestly, none of my friends have followed up with me after i told them the first time and even my husband doesn't want to talk about it unless i bring it up. it feels like everyone wants to move on and i am all alone grieving.",Not telling family,"Had a miscarriage about 2 months ago at 10 weeks. I have not told my parents and they didn't know I was pregnant. The only people who know are a few close friends and my husband. I speak with my mom like once a week, but don't feel super close. She tends to want to gossip about other people more than ask about my actual life. 
Given all of this my gut feeling was to not tell her, I don't think she will be helpful in my healing process and just worry that she will tell all of her friends/my distant family. It sucks because I would love to have that support from them, but I just think it'll do more harm than good.

Honestly, none of my friends have followed up with me after I told them the first time and even my husband doesn't want to talk about it unless I bring it up. It feels like everyone wants to move on and I am all alone grieving. ","[""Mental Health"", ""Pregnancy""]",1.000035478526093
"i want this baby so bad. || i just found out i’m pregnant again after having a miscarriage two months ago(first time pregnant). i’m feeling really anxious and scared, and i want to do everything i can to take care of myself and the baby this time. what kind of plan should i follow to help me through this pregnancy and feel more confident? i am 34 years old.",I want this baby so bad.,"I just found out I’m pregnant again after having a miscarriage two months ago(first time pregnant). I’m feeling really anxious and scared, and I want to do everything I can to take care of myself and the baby this time. What kind of plan should I follow to help me through this pregnancy and feel more confident? I am 34 years old. ","[""Mental Health"", ""Pregnancy""]",1.0000015048541353
"my psychiatrist once called me ""manipulative"" bc i felt emotional during a session and started crying || back to the end of 2019, my father had died and i was forced to live with relatives (even being almost 24 years old). i had two cats, and my cousin (who hates pets) made me unwillingly to find someone to adopt them. a friend of mine kept them until i was able to live on.my own, and i lied to my cousin, telling her he was keeping them permanently. this cousin were very intrusive in my life, accompanying me to medical appointments, including the psychiatrist, and once i was talking to him (she was by my side) and i told i felt bad and was missing my kitties, then i got very emotional and started crying. he told me to stop acting so manipulative and said i use my crying to get what i want. i felt so outraged and misunderstood by everyone plus the controlling attitude of my relatives that in the beginning of 2020 i packed my stuff and left to live with my ex girlfriend without saying a word, cause i was done about being threatened and controled and all their bullshit, and bc i also felt betrayed by my psychiatrist, the only person who could help me to go through it.","my psychiatrist once called me ""manipulative"" bc i felt emotional during a session and started crying","back to the end of 2019, my father had died and i was forced to live with relatives (even being almost 24 years old). I had two cats, and my cousin (who hates pets) made me unwillingly to find someone to adopt them. a friend of mine kept them until i was able to live on.my own, and i lied to my cousin, telling her he was  keeping them permanently. this cousin were very intrusive in my life, accompanying me to medical appointments, including the psychiatrist, and once i was talking to him (she was by my side) and i told i felt bad and was missing my kitties, then i got very emotional and started crying. he told me to stop acting so manipulative and said i use my crying to get what i want. i felt so outraged and misunderstood by everyone plus the controlling attitude of my relatives that in the beginning of 2020 i packed my stuff and left to live with my ex girlfriend without saying a word, cause i was done about being threatened and controled and all their bullshit, and bc i also felt betrayed by my psychiatrist, the only person who could help me to go through it.","[""Not Applicable""]",
"husband (36m) causes me (35f) to have asthma attacks with his deodorant || i am allergic to aerosols. i have had this allergy since 2014, and my symptoms are an asthma attack, several hours of constant coughing and throat clearing, followed by a couple days of post nasal drip. my husband uses copious amounts of axe deodorant and body spray. i have had countless asthma attacks because of it and this has been a recurrent issue during the 8 years we’ve lived together. i’ve been late to work because of them (back when i used to have to bike to work). sometimes he seems like he believes me and cares about me, but other times he does what he wants and gets angry at me when i start coughing. sometimes he will respect my allergy and keep the products out for the house, and sometimes he won’t. he will not agree to stop using my allergen in the house altogether permanently, so i have tried to “compromise” by asking him to restrict its use to the bathroom, the garage, his car, but i’m getting extremely frustrated because then i will just end up having a slightly less intense asthma attack when i next go into whichever space he’s using the product. this is the best i’ve been able to negotiate out of him, but it’s not enough for me to feel respected and cared about. i’m still dealing with the fallout multiple times a week. he just leaves for the day and doesn’t see the effect it has on me. when he does witness an attack, he gets angry at me for being “dramatic.” this morning i had a sudden and severe coughing fit while helping my son in the bathroom where my husband had just used the axe. i used my rescue inhaler, lay down, and asked my husband to please stop using it in the house altogether. in the process, i started crying from the combination of coughing itself, chest discomfort, anxiety, and frustration. he got upset with me and insisted, as he has on other occasions, “but i used it in the bathroom!” and “you could have communicated this without crying.” except i have made variations of the same request dozens of times, and my request doesn’t make a difference. if i’m calm while communicating something, i get ignored. if i’m not calm, he lashes out at me and dismisses my concern because i didn’t communicate it the right way. i’m not deliberately crying to be manipulative. my husband thinks this is a thing, but for me crying is involuntary and not an underhanded tactic. i’m crying because i feel helpless. my chest hurts, i can’t stop coughing, i now have to cancel the plans i just made with my son to take him to the library, and my husband is now angry with me and we’re fighting about it in front of my son. add to this, i get anxiety about being home alone caring for my son when my asthma is acting up. i don’t like the thought of something worse happening (i’ve already been to months of therapy for intrusive thoughts of variations of this scenario, not specific to asthma but just anything that leaves my son uncared for while i’m incapacitated). everything about my husband’s reaction makes me feel crazy. this is not a new allergy. i’ve had it for a decade. i’ve asked nicely, i’ve asked insistently without crying, and i’ve begged while crying (not on purpose but just due to circumstance). what can i do differently to impress upon him the physical distress of a respiratory allergy? he’s never had an asthma attack, so i wonder if he thinks they’re fake. i don’t understand why he can’t switch to a non-aerosol. at the very least, i wish he would use it outdoors 100% of the time. i don’t want aerosols in the house. i don’t understand why he is so comfortable causing me to have asthma attacks. or how he justifies lashing out at me when i do. please help me find a way to help him empathize with me and take this seriously, as nothing i’ve done has made a lasting difference. tdlr: my husband uses aerosols in the house, causing me to have asthma attacks. i’m exhausted of trying to cater to his deodorant preference while he has so little regard for my ability to breathe.",Husband (36M) causes me (35F) to have asthma attacks with his deodorant,"I am allergic to aerosols. I have had this allergy since 2014, and my symptoms are an asthma attack, several hours of constant coughing and throat clearing, followed by a couple days of post nasal drip.

My husband uses copious amounts of Axe deodorant and body spray. I have had countless asthma attacks because of it and this has been a recurrent issue during the 8 years we’ve lived together. I’ve been late to work because of them (back when I used to have to bike to work).

Sometimes he seems like he believes me and cares about me, but other times he does what he wants and gets angry at me when I start coughing. Sometimes he will respect my allergy and keep the products out for the house, and sometimes he won’t. He will not agree to stop using my allergen in the house altogether permanently, so I have tried to “compromise” by asking him to restrict its use to the bathroom, the garage, his car, but I’m getting extremely frustrated because then I will just end up having a slightly less intense asthma attack when I next go into whichever space he’s using the product. This is the best I’ve been able to negotiate out of him, but it’s not enough for me to feel respected and cared about. I’m still dealing with the fallout multiple times a week. He just leaves for the day and doesn’t see the effect it has on me. When he does witness an attack, he gets angry at me for being “dramatic.”

This morning I had a sudden and severe coughing fit while helping my son in the bathroom where my husband had just used the Axe. I used my rescue inhaler, lay down, and asked my husband to please stop using it in the house altogether. In the process, I started crying from the combination of coughing itself, chest discomfort, anxiety, and frustration.

He got upset with me and insisted, as he has on other occasions, “But I used it in the bathroom!” and “You could have communicated this without crying.” Except I have made variations of the same request dozens of times, and my request doesn’t make a difference. If I’m calm while communicating something, I get ignored. If I’m not calm, he lashes out at me and dismisses my concern because I didn’t communicate it the right way. I’m not deliberately crying to be manipulative. My husband thinks this is a thing, but for me crying is involuntary and not an underhanded tactic. I’m crying because I feel helpless.

My chest hurts, I can’t stop coughing, I now have to cancel the plans I just made with my son to take him to the library, and my husband is now angry with me and we’re fighting about it in front of my son. Add to this, I get anxiety about being home alone caring for my son when my asthma is acting up. I don’t like the thought of something worse happening (I’ve already been to months of therapy for intrusive thoughts of variations of this scenario, not specific to asthma but just anything that leaves my son uncared for while I’m incapacitated).

Everything about my husband’s reaction makes me feel crazy. This is not a new allergy. I’ve had it for a decade. I’ve asked nicely, I’ve asked insistently without crying, and I’ve begged while crying (not on purpose but just due to circumstance). What can I do differently to impress upon him the physical distress of a respiratory allergy? He’s never had an asthma attack, so I wonder if he thinks they’re fake. I don’t understand why he can’t switch to a non-aerosol. At the very least, I wish he would use it outdoors 100% of the time. I don’t want aerosols in the house.

I don’t understand why he is so comfortable causing me to have asthma attacks. Or how he justifies lashing out at me when I do. Please help me find a way to help him empathize with me and take this seriously, as nothing I’ve done has made a lasting difference.

TDLR: My husband uses aerosols in the house, causing me to have asthma attacks. I’m exhausted of trying to cater to his deodorant preference while he has so little regard for my ability to breathe.","[""Not Applicable""]",
"it only happened the once, am i valid || i’m only recently like realizing this, because the memory is unrepresentative itself, and it hurts, but sometimes i don’t feel valid, since it only occurred once. when i was younger, about 10, my cousin, who’s about 5 years older than me brought me down to his basement, which wasn’t weird at the time, since he usually had legos and stuff down there which 10 year old me, hell 21 year old me, loves. when we were down there, he asked to play a new game and i said okay. he explained the game was to touch each other’s penis and try to pull them back and forth. it got to the point where he eventually finished, and forced me to wipe my hand off. i know i should be mad and upset at him, because he hurt me, but i only feel mad at myself, because he didn’t mean to hurt anyone, i think, and it only happened once. i just am confused and overall scared somewhat.","It only happened the once, am I valid","I’m only recently like realizing this, because the memory is unrepresentative itself, and it hurts, but sometimes I don’t feel valid, since it only occurred once. When I was younger, about 10, my cousin, who’s about 5 years older than me brought me down to his basement, which wasn’t weird at the time, since he usually had legos and stuff down there which 10 year old me, hell 21 year old me, loves. When we were down there, he asked to play a new game and I said okay. He explained the game was to touch each other’s penis and try to pull them back and forth. It got to the point where he eventually finished, and forced me to wipe my hand off. I know I should be mad and upset at him, because he hurt me, but I only feel mad at myself, because he didn’t mean to hurt anyone, I think, and it only happened once. I just am confused and overall scared somewhat.","[""Abuse"", ""Sexual"", ""Mental Health""]",1.0005534242338618
"early miscarriage || i’m just feeling so lost and confused and so sad. i barely found out i was pregnant because i was bleeding. i knew something was wrong and something in me told me to take a test. it was positive and i went to the er. for 2 days i was waiting on labs to see if my levels were doubling or if i had a miscarriage. man those 2 days were so hard. i kept getting excited and then i’d be sad knowing i felt like something was wrong. i let myself get excited so when the labs came back that my hcg went from 193 to 139, i just couldn’t believe it. and now it’s a few days after, still bleeding, and i keep thinking about what could have been. i know i barely knew about it but why is it so heartbreaking? my boyfriend has been very sweet with me and taking care of me, but it’s hard. need some advice or just guidance through this. i feel like i shouldn’t care is much but i really do.",Early miscarriage,"I’m just feeling so lost and confused and so sad. I barely found out I was pregnant because I was bleeding. I knew something was wrong and something in me told me to take a test. It was positive and I went to the ER. For 2 days I was waiting on labs to see if my levels were doubling or if I had a miscarriage. Man those 2 days were so hard. I kept getting excited and then I’d be sad knowing I felt like something was wrong. I let myself get excited so when the labs came back that my HCG went from 193 to 139, I just couldn’t believe it. And now it’s a few days after, still bleeding, and I keep thinking about what could have been. I know I barely knew about it but why is it so heartbreaking? My boyfriend has been very sweet with me and taking care of me, but it’s hard. Need some advice or just guidance through this. I feel like I shouldn’t care is much but I really do. ","[""Medical"", ""Mental Health"", ""Pregnancy""]",1.000096514828972
"6 week hcg & fertility specialist advising ‘it’s not looking good’ || *tw - miscarriage* i need some advice/experiences regarding hcg at 6 weeks (possibly 6+2-6+4). i feel so scared and heartbroken. i’ve struggled with secondary infertility for the past 18 months, done several rounds of oi, had my pituitary adenoma regrow and set things back, and then by miracle (and some weight loss + changes) my ovulation came back. i conceived first natural cycle and sadly miscarried very early. i conceived again straight away, currently pregnant with our little miracle. due to my anxiety following the miscarriage, i’ve been having repeat beta hcg tests every two days (posted results below) to check that everything is tracking well and so far everything has been promising, until today.. i skipped a test on saturday, trying to teach my anxiety that it’s okay to push the blood tests back to every four days until our scan on the 9th, and instead had one today. i got the results back just after lunch and my heart immediately sank. although my hcg increased, it didn’t quadruple like it should’ve. i immediately sent the results to my fertility specialist and noted the above. she called me at 4.40pm and said ‘those test results aren’t looking good’ and advised they should’ve been about 16,000, and i would need to go for a scan to see what’s going on. she asked how far along i am, to which i responded with ‘between 6+2 and 6+4’, to which she responded with the concern about doing the scan too early and not getting to see what we need, therefore recommending thursday, noting that even then i may have to go back for a repeat the following week or one after. the clinic i need to book the scan with was also closed by the time she called, so i’ve left a message for tomorrow. how the heck do i survive until thursday? i’m already so disheartened and sad. my hcg have been the below: 1 (18/6) - 148 2 (20/6) - 410 3 (22/6) - 1,133 (46hrs) 4 (24/6) - 1,993 5 (26/6) - 3,829 6 (30/6) - 9,182 (98hrs) what has been your experience with figures such as above? 🥺 and how have you combatted the waits in a situation like this and following miscarriage? thanks for reading if you made this far ❤️",6 week HCG & fertility specialist advising ‘it’s not looking good’,"*TW - Miscarriage*

I need some advice/experiences regarding HCG at 6 weeks (possibly 6+2-6+4). I feel so scared and heartbroken. 

I’ve struggled with secondary infertility for the past 18 months, done several rounds of OI, had my pituitary adenoma regrow and set things back, and then by miracle (and some weight loss + changes) my ovulation came back. I conceived first natural cycle and sadly miscarried very early. I conceived again straight away, currently pregnant with our little miracle. 

Due to my anxiety following the miscarriage, I’ve been having repeat beta HCG tests every two days (posted results below) to check that everything is tracking well and so far everything has been promising, until today..  

I skipped a test on Saturday, trying to teach my anxiety that it’s okay to push the blood tests back to every four days until our scan on the 9th, and instead had one today. I got the results back just after lunch and my heart immediately sank. Although my HCG increased, it didn’t quadruple like it should’ve. I immediately sent the results to my fertility specialist and noted the above. 

She called me at 4.40pm and said ‘those test results aren’t looking good’ and advised they should’ve been about 16,000, and I would need to go for a scan to see what’s going on. She asked how far along I am, to which I responded with ‘between 6+2 and 6+4’, to which she responded with the concern about doing the scan too early and not getting to see what we need, therefore recommending Thursday, noting that even then I may have to go back for a repeat the following week or one after. 

The clinic I need to book the scan with was also closed by the time she called, so I’ve left a message for tomorrow. 

How the heck do I survive until Thursday? I’m already so disheartened and sad. 

My HCG have been the below: 
1 (18/6) - 148
2 (20/6) - 410
3 (22/6) - 1,133 (46hrs) 
4 (24/6) - 1,993
5 (26/6) - 3,829
6 (30/6) - 9,182 (98hrs)

What has been your experience with figures such as above? 🥺 and how have you combatted the waits in a situation like this and following miscarriage? 

Thanks for reading if you made this far ❤️

","[""Medical"", ""Mental Health"", ""Pregnancy""]",1.000058724337382
"threatened to kick me out if i comply with dv case. i will be homeless. i don't know what to do || location: ny i have been stuck living with my mom and brother for about 5 years. my brother has been physically and verbally abusing me the entire time. i have called the police when he has assaulted me on numerous occasions. for most of those, he faced no consequences, the police simply wrote a report, told us to stay away from each other, and drove off. about a year ago, i was finally able to get a protective order against him that stipulated no harassment or physical touch, but it was not a stay-away order, so he was able to continue living in our home. i warned my mom and brother on multiple occasions that violating it would be a felony, but they mocked me and told me it was ""just a piece of paper that nobody gives a shit about"". so a few weeks ago, he drunkenly (he is usually drunk when he gets physical) slapped me across the face and i immediately called the police. he was arrested and charged with contempt for violating the protective order. the next morning, he was released and despite now not being allowed near me at all, my mother let him come stay back at our house even though this is a violation. she says she can't just ""make him homeless"". my mother demanded i ask to have the charges dropped and i made her a deal that i would under a few stipulations that i thought were reasonable: that he refrains from drinking, does not engage in any verbal or physical abuse, and gets therapy, and that if any of those were broken, i would have him sent right back to jail. she agreed and signed her name on paper. it only took two days for me to find a bottle of liquor my brother had purchased. i confronted my mother about it, then she started putting up a fight about how she can't control him and that there's nothing she can do about him drinking. i told her i was about to call the police to have him remanded because the deal we had made two days ago was broken. she then threatened to drag me to a homeless shelter if i did so and so i didn't call the police out of fear. since then, she has been threatening to kick me out if i do not tell the da that i want to have the charges dropped. she says that if i ruin my brother's life by cooperating with the da, she'll ruin mine in return. i am socially isolated, have no income and no other friends or family to stay with, so this would make me homeless. the abuse has caused me mental and physical health issues that have made it difficult to find work, though i am looking. naturally, i cannot afford a lawyer and i just don't know what to do. i want to go through with the charges and cooperate because i cannot bear living in an abusive situation any more, but i also do not want to be homeless. i assume what she is doing is witness intimidation, but she says she has the right to kick me out at any time if she wants (i am in my 20s, my brother is older. he does not have a job either). i'm worried that if i discuss this with the da they will charge her too and i'll just end up homeless anyway?",Threatened to kick me out if I comply with DV case. I will be homeless. I don't know what to do,"Location: NY

I have been stuck living with my mom and brother for about 5 years. My brother has been physically and verbally abusing me the entire time. I have called the police when he has assaulted me on numerous occasions. For most of those, he faced no consequences, the police simply wrote a report, told us to stay away from each other, and drove off. 

About a year ago, I was finally able to get a protective order against him that stipulated no harassment or physical touch, but it was not a stay-away order, so he was able to continue living in our home. I warned my mom and brother on multiple occasions that violating it would be a felony, but they mocked me and told me it was ""just a piece of paper that nobody gives a shit about"".

So a few weeks ago, he drunkenly (he is usually drunk when he gets physical) slapped me across the face and I immediately called the police. He was arrested and charged with contempt for violating the protective order. The next morning, he was released and despite now not being allowed near me at all, my mother let him come stay back at our house even though this is a violation. She says she can't just ""make him homeless"".

My mother demanded I ask to have the charges dropped and I made her a deal that I would under a few stipulations that I thought were reasonable: that he refrains from drinking, does not engage in any verbal or physical abuse, and gets therapy, and that if any of those were broken, I would have him sent right back to jail. She agreed and signed her name on paper. 

It only took two days for me to find a bottle of liquor my brother had purchased. I confronted my mother about it, then she started putting up a fight about how she can't control him and that there's nothing she can do about him drinking. I told her I was about to call the police to have him remanded because the deal we had made TWO DAYS AGO was broken. She then threatened to drag me to a homeless shelter if I did so and so I didn't call the police out of fear. 

Since then, she has been threatening to kick me out if I do not tell the DA that I want to have the charges dropped. She says that if I ruin my brother's life by cooperating with the DA, she'll ruin mine in return. I am socially isolated, have no income and no other friends or family to stay with, so this would make me homeless. The abuse has caused me mental and physical health issues that have made it difficult to find work, though I am looking. 

Naturally, I cannot afford a lawyer and I just don't know what to do. I want to go through with the charges and cooperate because I cannot bear living in an abusive situation any more, but I also do not want to be homeless. I assume what she is doing is witness intimidation, but she says she has the right to kick me out at any time if she wants (I am in my 20s, my brother is older. He does not have a job either). I'm worried that if I discuss this with the DA they will charge her too and I'll just end up homeless anyway? ","[""Not Applicable""]",
"my daughter just proved me that she is definitvly smarter then her age || today one of my daughter's friends had her 9th birthday party and m(the friend's name) invited 12 people to the party in a restaurant. obviously we were late cause sofi (my 8 years old adopted daughter) couldn't decide what dress was better. but the thing is that even if we arrived a bit late we noticed that no one was there a part m and her parents. but we didn't thought much cause come on we were only a few minutes late and in fact m and sofi started talking, laughing and running around. but as time passed no one was arriving and no one said anything about being late or something like this. so 30 minutes passed by, then 1 hour and then another hour, when i asked m's mother (she was the one that organized the whole thing) when others would arrive. she was just checking her phone and texting others and finally replied that she didn't knew. i think m heard her mother because she asked her ""mom why no one is coming? did i do something wrong?"". her mom started to get emotional but reassured her that everything was fine and maybe a few couldn't make it but as time was passing no one came and then m started again asking her mother why no one was coming and here comes sofi. she asked me if she can invite m at our house to play with our dogs, i was taken a back cause i wasn't expecting this but i told her that it was ok and m started to jump of joy because m too like dogs so no big deal for me. the thing is that when m's parents agreed the mom started crying asking why no one came if they all accepted yesterday and asking why and how they should hurt a 9 years old.( i sincerly have no idea why no one came and why no one replied to the texts and calls or just came up with something, asked sorry or justified their absence. bah....) so while we were going home sofi asked me if she can invite her friends to our house and i immediatly accepted but then asked her why she was doing this and her reply made me realize what i said in the title, she replied ""because m was very sad that no one came and i want to make her happy and have a good birthday party"". i mean a very simple reply that made me understand how lucky i'm to have such an emotionally smart daughter and that my years of efforts were finally showing up. so i invited sofi's friends and surprisingly a few of them came for real so in total they were 8. once home i arranged quickly some things with tables, drinks and a few standard celebration decorations and everything went well fortunetly. m was happy, she enjoyed her day, they all had fun, eat, drink and the this is where m's parents really thanked me for this saying that i saved the day and even if nothing went as they planned they couldn't see m sad and crying but i just told them that a 9 years old shouldn't deserve something like this and that sofi was the one that made this and they thanked sofi too. the main point is this: sofi didn't took all this emotional intelligence from me for sure because i was diagnosed with my syndromes and issue (they are similar to autism) when i was 5 and until now i'm struggling a lot to show emotions, recognize other people emotions and i don't understand sarcasm at all so i'm not exactly made for this. but i wanted sofi to be different from me and to be caring, understanding and being there for family and friends. so as i said finally my years of teaching and sacrifices are paying off i think even if i still don't understand why all this people didn't came if they accepted. how they could let an innocent girl suffer? and why? what did m do for this? edit: wow, people thank you all for support because i wasn't expecting it and just thought that my post would go under radar but again thank you all for your compliments and support. you know i always have those thoughts like ""you aren't doing enough, you should do more"" and similar stuff but when things like this happens and sofi shows me that maybe i'm not that terrible father that i think i just get surprised because like i said i'm extremely critical on myself and with my thoughts holding me back i always think that i should do more more and more for sofi. so thank you all for your compliments and encouragment and i promise to keep up like this for her sake because at the end what i really want for sofi is to be a decent human with some values, being kind and help others. this is all i really want for her.",My daughter just proved me that she is definitvly smarter then her age,"Today one of my daughter's friends had her 9th birthday party and M(the friend's name) invited 12 people to the party in a restaurant. Obviously we were late cause Sofi (my 8 years old adopted daughter) couldn't decide what dress was better.

But the thing is that even if we arrived a bit late we noticed that no one was there a part M and her parents. But we didn't thought much cause come on we were only a few minutes late and in fact M and Sofi started talking, laughing and running around. But as time passed no one was arriving and no one said anything about being late or something like this. So 30 minutes passed by, then 1 hour and then another hour, when i asked M's mother (she was the one that organized the whole thing) when others would arrive. She was just checking her phone and texting others and finally replied that she didn't knew. I think M heard her mother because she asked her ""mom why no one is coming? Did i do something wrong?"".

Her mom started to get emotional but reassured her that everything was fine and maybe a few couldn't make it but as time was passing no one came and then M started again asking her mother why no one was coming and here comes Sofi. She asked me if she can invite M at our house to play with our dogs, I was taken a back cause i wasn't expecting this but i told her that it was ok and M started to jump of joy because M too like dogs so no big deal for me. The thing is that when M's parents agreed the mom started crying asking why no one came if they all accepted yesterday and asking why and how they should hurt a 9 years old.( I sincerly have no idea why no one came and why no one replied to the texts and calls or just came up with something, asked sorry or justified their absence. Bah....)

So while we were going home Sofi asked me if she can invite her friends to our house and i immediatly accepted but then asked her why she was doing this and her reply made me realize what i said in the title, she replied ""because M was very sad that no one came and i want to make her happy and have a good birthday party"". I mean a very simple reply that made me understand how lucky i'm to have such an emotionally smart daughter and that my years of efforts were finally showing up. So i invited Sofi's friends and surprisingly a few of them came for real so in total they were 8. Once home i arranged quickly some things with tables, drinks and a few standard celebration decorations and everything went well fortunetly. M was happy, she enjoyed her day, they all had fun, eat, drink and the this is where M's parents really thanked me for this saying that i saved the day and even if nothing went as they planned they couldn't see M sad and crying but i just told them that a 9 years old shouldn't deserve something like this and that Sofi was the one that made this and they thanked Sofi too.

The main point is this: Sofi didn't took all this emotional intelligence from me for sure because i was diagnosed with my syndromes and issue (they are similar to autism) when i was 5 and until now i'm struggling a lot to show emotions, recognize other people emotions and i don't understand sarcasm at all so i'm not exactly made for this. But i wanted Sofi to be different from me and to be caring, understanding and being there for family and friends. So as i said finally my years of teaching and sacrifices are paying off i think even if i still don't understand why all this people didn't came if they accepted. How they could let an innocent girl suffer? And why? What did M do for this?

Edit: wow, people thank you all for support because i wasn't expecting it and just thought that my post would go under radar but again thank you all for your compliments and support. You know i always have those thoughts like ""you aren't doing enough, you should do more"" and similar stuff but when things like this happens and Sofi shows me that maybe i'm not that terrible father that i think i just get surprised because like i said i'm extremely critical on myself and with my thoughts holding me back i always think that i should do more more and more for Sofi. So thank you all for your compliments and encouragment and i promise to keep up like this for her sake because at the end what i really want for Sofi is to be a decent human with some values, being kind and help others. This is all i really want for her.","[""Not Applicable""]",
"my experience as a man, and my hope for support. || i've created a throwaway account for this post because i fear that i may be harassed otherwise. the social norm is to keep this topic behind closed doors, under lock and key, and i've fallen victim to that. it may even be that i fear my true identity being discovered somehow. i understand that i am not providing you with much integrity here, but i'm looking for support from anyone that is willing to give it. &#x200b; nearly a year ago i experienced an abortion with a woman who i am no longer seeing. as a man, i feel my experience was very different. i did not have to take a pill, or undergo a medical procedure. i didn't have to make the final decision, but the decision was amicable. we knew we could not support a child, and there was nothing that could change that. from the positive pregnancy test to the day of the abortion i attempted to be as supportive as possible. i offered to be as involved, or not involved, as she wanted. i knew that what she was going through was ultimately much tougher. after the abortion, we communicated regularly for the first few weeks. eventually the communication thinned out though, and we haven't spoken much since last winter. the only update i've received from her pertained to her new engagement with another man and how she is again pregnant. it was quite shocking to hear that she had moved forward so fast. i don't have any negative feelings towards her about it though, i know we all grieve differently. it has however left me feeling more isolated in my experience. i see a therapist regularly, and this is a common talking point. i've looked online for possible support groups, but most are for women (understandably so). i've talked with my family and close friends about it. i've tried other forums. i still feel isolated and alone. i don't know how to process this. ultimately, i don't really know what i'm looking for through posting this. i'm 24, and have no idea what to do with this pile of emotion that keeps eating away at me. i'm scared from it most of the time. exercise and hobbies have kept me distracted, but its still always there in the back of my mind. what do you/did you do to overcome this experience? what keeps you from getting caught up and letting it swallow you whole? is the grass really greener on the other side? will i be okay? thank you for taking the time to read my fumbling words. i appreciate you all.","My experience as a man, and my hope for support.","I've created a throwaway account for this post because I fear that I may be harassed otherwise. The social norm is to keep this topic behind closed doors, under lock and key, and I've fallen victim to that. It may even be that I fear my true identity being discovered somehow. I understand that I am not providing you with much integrity here, but I'm looking for support from anyone that is willing to give it. 

&#x200B;

Nearly a year ago I experienced an abortion with a woman who I am no longer seeing. As a man, I feel my experience was very different. I did not have to take a pill, or undergo a medical procedure. I didn't have to make the final decision, but the decision was amicable. We knew we could not support a child, and there was nothing that could change that. 

From the positive pregnancy test to the day of the abortion I attempted to be as supportive as possible. I offered to be as involved, or not involved, as she wanted. I knew that what she was going through was ultimately much tougher. After the abortion, we communicated regularly for the first few weeks. Eventually the communication thinned out though, and we haven't spoken much since last winter. The only update I've received from her pertained to her new engagement with another man and how she is again pregnant. It was quite shocking to hear that she had moved forward so fast. I don't have any negative feelings towards her about it though, I know we all grieve differently. It has however left me feeling more isolated in my experience. 

I see a therapist regularly, and this is a common talking point. I've looked online for possible support groups, but most are for women (understandably so). I've talked with my family and close friends about it. I've tried other forums. I still feel isolated and alone. I don't know how to process this. Ultimately, I don't really know what I'm looking for through posting this. I'm 24, and have no idea what to do with this pile of emotion that keeps eating away at me. I'm scared from it most of the time. Exercise and hobbies have kept me distracted, but its still always there in the back of my mind. 

What do you/did you do to overcome this experience? What keeps you from getting caught up and letting it swallow you whole? Is the grass really greener on the other side? Will I be okay? 

Thank you for taking the time to read my fumbling words. I appreciate you all.","[""Mental Health"", ""Pregnancy""]",1.0000752947567657
"no one warns you about this || i have a 9.5 week old and caught some type of a bug. sore throat, nasty headache, fever, the works. my mom and younger brother are in town just coincidentally so they’re helping a lot but holy shit i haven’t missed anything from pre baby life more than being able to be sick in peace and quiet. thankfully my son doesn’t have any fever, just a slight cough and is mostly a happy baby. i’m sad, angry, sweaty, weak and literally can’t imagine how i would do this without my family’s help especially because my husband works long hours. sorry if this was all over the place, i just needed to vent.",NO ONE warns you about this,"I have a 9.5 week old and caught some type of a bug. Sore throat, nasty headache, fever, the works. My mom and younger brother are in town just coincidentally so they’re helping a lot but holy shit I haven’t missed anything from pre baby life more than being able to be sick in peace and quiet. Thankfully my son doesn’t have any fever, just a slight cough and is mostly a happy baby. I’m sad, angry, sweaty, weak and literally can’t imagine how I would do this without my family’s help especially because my husband works long hours. Sorry if this was all over the place, I just needed to vent.","[""Not Applicable""]",
"i think my married boss likes me but i think i am just overthinking.... || i'm in a bit of a situation. i work for a small company, with fewer than 50 employees. i've been here for over three years, and i never really thought about getting close to my boss. i'm an extrovert who vibes with everyone and teases people once i'm comfortable, so i do this with everyone at work; it's just my friendly and funny personality. my boss actually matches my energy. we have daily banter and chat about random, non-work-related topics during workdays—i'd say it's more of a ""getting to know you"" phase. he also loves being there for everyone and always tries his best to get close to his team. so, we became super close, to the point where all my coworkers are aware of it. they know i'm the only one who can tease him like he's just a regular coworker or even a friend, not my boss. i swear, for me, it was all about platonic friendship until we had a team outing. i got drunk, and he randomly asked me if i was leaving the company. i was caught off guard and just answered ""secret"" while laughing. after that, he went silent and ignored me the whole night. he continued drinking with our other coworkers and sang karaoke songs like he was going through something. i took it as if he was sad about my answer and the thought of losing a friend at work. it was really awkward because before he ignored me, we were just normal friends teasing each other about small things, and then everyone was shocked why we weren't talking anymore. i approached him the next day to talk and shared my side of the story so things wouldn't be awkward going home, since he was driving us. i told him i was still unsure about my decision and was still thinking about it. the next week, he was still acting very cold towards me. he wasn't the usual friend i could joke around with. even my friends at work kept telling me that his mood hadn't changed since our outing. i talked with him and our other boss about it again, and after he learned about my decision to stay, his whole mood changed and he was back to his old self. my other coworker even said, ""what happened to him? his whole mood changed out of nowhere!"" and then explained that i was planning to stay in the company. to add more context from my other coworkers' point of view, they keep telling me he likes me more than just a friend and coworker. i'm brushing that idea off since he's a married man, and i don't want to imply other things, but his behavior seems to stem from us being close friends. what are your thoughts on this? i am just overthinking, right?",I think my married boss likes me but I think I am just overthinking....,"I'm in a bit of a situation. I work for a small company, with fewer than 50 employees. I've been here for over three years, and I never really thought about getting close to my boss. I'm an extrovert who vibes with everyone and teases people once I'm comfortable, so I do this with everyone at work; it's just my friendly and funny personality.

My boss actually matches my energy. We have daily banter and chat about random, non-work-related topics during workdays—I'd say it's more of a ""getting to know you"" phase. He also loves being there for everyone and always tries his best to get close to his team. So, we became super close, to the point where all my coworkers are aware of it. They know I'm the only one who can tease him like he's just a regular coworker or even a friend, not my boss.

I swear, for me, it was all about platonic friendship until we had a team outing. I got drunk, and he randomly asked me if I was leaving the company. I was caught off guard and just answered ""secret"" while laughing. After that, he went silent and ignored me the whole night. He continued drinking with our other coworkers and sang karaoke songs like he was going through something. I took it as if he was sad about my answer and the thought of losing a friend at work. It was really awkward because before he ignored me, we were just normal friends teasing each other about small things, and then everyone was shocked why we weren't talking anymore.

I approached him the next day to talk and shared my side of the story so things wouldn't be awkward going home, since he was driving us. I told him I was still unsure about my decision and was still thinking about it. The next week, he was still acting very cold towards me. He wasn't the usual friend I could joke around with. Even my friends at work kept telling me that his mood hadn't changed since our outing.

I talked with him and our other boss about it again, and after he learned about my decision to stay, his whole mood changed and he was back to his old self. My other coworker even said, ""What happened to him? His whole mood changed out of nowhere!"" and then explained that I was planning to stay in the company. To add more context from my other coworkers' point of view, they keep telling me he likes me more than just a friend and coworker. I'm brushing that idea off since he's a married man, and I don't want to imply other things, but his behavior seems to stem from us being close friends.

What are your thoughts on this? I am just overthinking, right?","[""Not Applicable""]",
"there is no hope left for america, it's your fault, and i no longer feel your side of story is worth consideration. || nearly half of the u.s. is made up of uneducated, simple minded, selfish, naive, and just straight up trashy mother fuckers. up until now i've been sticking up for you. it's not your fault you're too stupid to see what you have caused, no mentally disabled person chooses to be that way. trump is just preying on he weak, i said. little did i know that soon enough that would no longer be a valid excuse. now i see that it's not that you don't have the ability to think critically, but rather it's that you choose not to. you're a weak people desperate for a master to relieve you of the burden of being a decent human being. in an alarmingly short amount of time you god damned idiots have managed to do more harm to the us than anyone ever thought possible. we're teetering on the brink of total collapse but instead of taking just a few minutes to give an honest look at reality you treat all difficult information as something evil and out to trick you. there is no trick dumbasses, you fucked up. i used to feel bad when i would hear that it's actually trumps voter base who will suffer most from the gutting of public resources, but you know what? you fucking asked for it. you begged and cried and acted like a spoiled little brat until you were allowed to let a fat old rich guy fuck you in the ass. you are motivated by nothing other than selfishness and hatred. you're a spitful little group of cunts and if it were up to me you would all lose your right to vote, because apparently you don't understand that there should be more to your vote than ""omg pc cucks are persecuting me for being white!"" grow the fuck up. each and every one of you deserves to have your face spit on. you're god damned traitors and you sold us all out in exchange for some vague idea of freedom that has no room for pc, but all the room in the world robbing you blind. so go to your firing range and shoot your guns and pretend you're anything other than the stupid, weak little bitches you are. go to your anti abortion group meetups and your clan rallies and jobs that you probably won't have for too much longer and talk to you're ignorant ass friends about how corrupt your dictator told you clinton was or how terrible of a president obama was be cause...stuff. yeah, i know you don't hate him because he is black, it's all that other terrible shit he did that you can never put your finger on and you're too lazy to research. do whatever you need to do to silence to the screaming truth that you will be remembered forever as the twats that ruined the great experiment because starbucks switched to saying happy holidays instead of merry christmas. you degenerate ass fucks. you've wasted your freedom.","There is no hope left for America, it's your fault, and I no longer feel your side of story is worth consideration.","Nearly half of the U.S. is made up of uneducated, simple minded, selfish, naive, and just straight up trashy mother fuckers. Up until now I've been sticking up for you. It's not your fault you're too stupid to see what you have caused, no mentally disabled person chooses to be that way. Trump is just preying on he weak, I said. Little did I know that soon enough that would no longer be a valid excuse. Now I see that it's not that you don't have the ability to think critically, but rather it's that you choose not to. You're a weak people desperate for a master to relieve you of the burden of being a decent human being. 

In an alarmingly short amount of time you god damned idiots have managed to do more harm to the US than anyone ever thought possible. We're teetering on the brink of total collapse but instead of taking just a few minutes to give an honest look at reality you treat all difficult information as something evil and out to trick you. There is no trick dumbasses, you fucked up.

I used to feel bad when I would hear that it's actually Trumps voter base who will suffer most from the gutting of public resources, but you know what? You fucking asked for it. You begged and cried and acted like a spoiled little brat until you were allowed to let a fat old rich guy fuck you in the ass. 

You are motivated by nothing other than selfishness and hatred. You're a spitful little group of cunts and if it were up to me you would all lose your right to vote, because apparently you don't understand that there should be more to your vote than ""OMG PC cucks are persecuting me for being white!""

Grow the fuck up.

Each and every one of you deserves to have your face spit on. You're god damned traitors and you sold us all out in exchange for some vague idea of freedom that has no room for PC, but all the room in the world robbing you blind. 

So go to your firing range and shoot your guns and pretend you're anything other than the stupid, weak little bitches you are. Go to your anti abortion group meetups and your clan rallies and jobs that you probably won't have for too much longer and talk to you're ignorant ass friends about how corrupt your dictator told you Clinton was or how terrible of a president Obama was be cause...stuff. Yeah, I know you don't hate him because he is black, it's all that other terrible shit he did that you can never put your finger on and you're too lazy to research. Do whatever you need to do to silence to the screaming truth that you will be remembered forever as the twats that ruined the great Experiment because starbucks switched to saying happy holidays instead of merry Christmas. You degenerate ass fucks. You've wasted your freedom. ",[],1.000075175545784
i have a dilemma || [removed],I have a dilemma,[removed],"[""Not Applicable""]",
"can cinnamon really cause a miscarriage? || this is my first pregnancy and first baby. this has been a dream of mine for as long as i can remember... i’m worrying about *everything*. today, i sprinkled a good amount of cinnamon into my yogurt and started getting cramps shortly after eating. i’ve been panicking since. 😔",Can cinnamon really cause a miscarriage?,"This is my first pregnancy and first baby. This has been a dream of mine for as long as I can remember... I’m worrying about *everything*. Today, I sprinkled a good amount of cinnamon into my yogurt and started getting cramps shortly after eating. I’ve been panicking since. 😔","[""Mental Health"", ""Pregnancy""]",1.0000018624656668
please please let there be a heartbeat … || history of 2 missed miscarriages and 1 ruptured ectopic. just found out at 4 weeks i was severely hypothyroid and have been taking synthroid since . i hope this one is progressing . first scan tomorrow at 8 weeks 4 days and i do feel sicker than i have in past pregnancies so that’s a good sign i hope . fingers crossed because my anxiety is through the roof while trying to be excited and cautious at the same time. i don’t know if i could handle anymore bad news . pray for me guys !,Please please let there be a heartbeat …,History of 2 missed miscarriages and 1 ruptured ectopic. Just found out at 4 weeks I was severely hypothyroid and have been taking Synthroid since . I hope this one is progressing . First scan tomorrow at 8 weeks 4 days and I do feel sicker than I have in past pregnancies so that’s a good sign I hope . Fingers crossed because my anxiety is through the roof while trying to be excited and cautious at the same time. I don’t know if I could handle anymore bad news . Pray for me guys !,"[""Medical"", ""Mental Health"", ""Pregnancy""]",1.0000520485603064
advice about handled innapropriate behavior from supervisor || i'm a male. 4 females co-workers have come to me and told me about our supervisor being innapropriate and creepy. i heard enough to feel bad at night when i thought about what they they said they went through. our job is hard enough without our supervisor saying innapropriate things. in my eyes they're not too outlandish but still very innapropriate. if he said those exact things to me in private i wouldn't care at all. everyone is different. also the context of what he says makes it specifically awkward for those women. for example he will tell a colombian girl that colombians are freaky in bed. if he told me that it in private it wouldn't even faze me. i went to my male and female managers above him and told them i was feeling really bad about what they told me and i felt like i needed to speak up. there was just too many things they told me that made me feel bad. i didn't want this to keep continuing. i know i should speak to him first but it makes it very awkward because he's my supervisor. if this was someone on the same level as us i would have no problem telling them they need to knock it off. it has been 2 months since i told them and the senior managers have done nothing. since then i just keep hearing about the stuff he says to these women. makes me feel dumb for even going to them. everything i told them was very serious and i expressed how much it took a toll on me for even going to them about that. what should i do? a part of me wants to tell off the entire staff. another part of me wants to just do the bare minimum and keep collecting that check. i worked hard to be where i got. i'm not going down like joe paterno though.,Advice about handled innapropriate behavior from supervisor,"I'm a male. 4 females co-workers have come to me and told me about our supervisor being innapropriate and creepy. I heard enough to feel bad at night when I thought about what they they said they went through. Our job is hard enough without our supervisor saying innapropriate things. In my eyes they're not too outlandish but still very innapropriate. If he said those exact things to me in private I wouldn't care at all. Everyone is different. Also the context of what he says makes it specifically awkward for those women. For example he will tell a Colombian girl that Colombians are freaky in bed. If he told me that it in private it wouldn't even faze me.

I went to my male and female managers above him and told them I was feeling really bad about what they told me and i felt like I needed to speak up. There was just too many things they told me that made me feel bad. I didn't want this to keep continuing. I know I should speak to him first but it makes it very awkward because he's my supervisor. If this was someone on the same level as us I would have no problem telling them they need to knock it off.

It has been 2 months since I told them and the senior managers have done nothing. Since then I just keep hearing about the stuff he says to these women. Makes me feel dumb for even going to them. Everything I told them was very serious and I expressed how much it took a toll on me for even going to them about that. 

What should I do? A part of me wants to tell off the entire staff. Another part of me wants to just do the bare minimum and keep collecting that check. I worked hard to be where I got. I'm not going down like Joe Paterno though.","[""Not Applicable""]",
"my bf's ex (30f) spent the night in my bed with my bf (30m) but he recorded it to show me (25f) nothing happened... how do we overcome this? || i'm extremely hurt but to my bf's credit, he was very upfront about everything. he texted me immediately the morning after to tell me everything. my bf, let's call him james, broke up with his ex gf, winnie about 2 years ago. they chose to stay friends and this has caused some issues between james and i, mostly because winnie just can't get over the breakup. she thinks her and james are soulmates and she just refuses to accept that he stopped being in love with her. so a conversation they will very often have is james literally spending hours going over the logic of why he broke up with her. he tries to reassure her since they're still friends and she's hurting but i have witnessed some of these conversations and he's loving but firm. i suspect some of you will say there's still something going on but there really isn't. james is definitely over her. james and i moved in together just 2 weeks ago and this has caused winnie to be worse than ever. like she relapsed with the depression and the crying fits, they're happening constantly again. i went back to my parent's place this weekend because i had to pack my car full of some more of my things, and i spent saturday night there. winnie must have known this because saturday night she showed up at our place. crying, wailing, the works. we have a doorbell camera and i got a notification as soon as she was at the door. i didn't see it right away but as soon as i saw it i texted and called james and checked our indoor camera to see what was going on. this is where james messed up, and he admits that he messed up. he didn't text me the whole night while winnie was there. so all i knew was that she showed up, i checked our indoor camera we keep in the living room by the front door and it was turned off. this is normal, we only turn it on when we're away from home. but i was extremely upset and distraught as i was imagining the worst. i trust james but i just didn't understand why he wouldn't answer my calls, and he admits it was horrible of him. i was ready to break up with him sunday morning but he texted me and immediately let me know that winnie had come over. he said it sounds really bad but she spent the night but nothing happened and he set up our indoor camera in the bedroom to prove it. i didn't want to believe him but i did watch the footage and even though it shows both of them laying in bed, it's true that winnie was just crying while james was consoling her. there are some things he did that bother me a lot. at some point he kissed her forehead, and he hugged her and held her close several times. i'm honestly speechless at that. but i understand he knew there was a camera on him the whole time and he knew i would see him doing that. so i guess he doesn't see that as cheating. so basically james is asking me for understanding and for forgiveness. i have the proof that nothing happened, but i'm still hurt. this isn't how i imagined us starting our life together. what are the healthy next steps for our relationship?",My bf's ex (30F) spent the night in my bed with my bf (30M) but he recorded it to show me (25F) nothing happened... how do we overcome this?,"I'm extremely hurt but to my bf's credit, he was very upfront about everything. He texted me immediately the morning after to tell me everything.

My bf, let's call him James, broke up with his ex gf, Winnie about 2 years ago. They chose to stay friends and this has caused some issues between James and I, mostly because Winnie just can't get over the breakup. She thinks her and James are soulmates and she just refuses to accept that he stopped being in love with her.

So a conversation they will very often have is James literally spending hours going over the logic of why he broke up with her. He tries to reassure her since they're still friends and she's hurting but I have witnessed some of these conversations and he's loving but firm. I suspect some of you will say there's still something going on but there really isn't. James is definitely over her.

James and I moved in together just 2 weeks ago and this has caused Winnie to be worse than ever. Like she relapsed with the depression and the crying fits, they're happening constantly again.

I went back to my parent's place this weekend because I had to pack my car full of some more of my things, and I spent Saturday night there. Winnie must have known this because Saturday night she showed up at our place. Crying, wailing, the works. We have a doorbell camera and I got a notification as soon as she was at the door. I didn't see it right away but as soon as I saw it I texted and called James and checked our indoor camera to see what was going on. This is where James messed up, and he admits that he messed up. He didn't text me the whole night while Winnie was there.

So all I knew was that she showed up, I checked our indoor camera we keep in the living room by the front door and it was turned off. This is normal, we only turn it on when we're away from home. But I was extremely upset and distraught as I was imagining the worst. I trust James but I just didn't understand why he wouldn't answer my calls, and he admits it was horrible of him.

I was ready to break up with him Sunday morning but he texted me and immediately let me know that Winnie had come over. He said it sounds really bad but she spent the night but nothing happened and he set up our indoor camera in the bedroom to prove it. I didn't want to believe him but I did watch the footage and even though it shows both of them laying in bed, it's true that Winnie was just crying while James was consoling her.

There are some things he did that bother me a lot. At some point he kissed her forehead, and he hugged her and held her close several times. I'm honestly speechless at that. But I understand he knew there was a camera on him the whole time and he knew I would see him doing that. So I guess he doesn't see that as cheating.

So basically James is asking me for understanding and for forgiveness. I have the proof that nothing happened, but I'm still hurt. This isn't how I imagined us starting our life together. What are the healthy next steps for our relationship?","[""Not Applicable""]",
"when i was 12 this happened and i didn't talk about it to anyone and it still haunts me today.. || i always been a introvert with anxiety issues and i didn't have many friends, always been a shut-in but there was a guy who lives near me and he was 5 years older than me(around 17 to 18 i think) we used to play alot mobile games, watch movies etc. and yeah we were close and one day we were just teasing each other by touching each other's body parts then he suddenly pull down his pants and started jerking off.. i was confused and didn't moved a inch.. suddenly he just pushed my head down.. trying to open my mouth and i resisted a bit but couldn't do it.. yeah i was 12 he was 17-18.. after that idk what come over me and he started asking me to take his penis in my mouth and yeah continued doing it for some days and we stopped.. it's been more than 8 years since and we still in contact and we don't talk about it. another thing happened some days after this incident, that time i was skipping school alot and one day i was sitting near a park and somebody approach me, he said let's get inside park and we did, sat on bench near some trees and bushes.. he started talking about something then suddenly grabbed my hand and pulled it closer to his pants yeah i was again shocked and couldn't think of anything and he said do you like it i didn't say anything i was like frozen there.. he them just grabbed my head unzipped pants and put in my mouth and i couldn't do anything.. yeah i know i should have done something but i didn't wanna make my parents angry about that and was too afraid to talk to my parents.. since then i have trusting issues and social anxiety also i am confused about my sexuality if i am straight or bisexual idk i just get hard when i see penis but not really attracted to men body and yeah i am attracted to women.. but these incidents are the reason i am still suffering and i am now 20m gonna be 21 soon.. being a male it's really hard i just can't talk about it to anyone they will think i am too weak to be men..",When I was 12 this happened and I didn't talk about it to anyone and it still haunts me today..,"I always been a introvert with anxiety issues and
I didn't have many friends, always been a shut-in but there was a guy who lives near me and he was 
5 years older than me(around 17 to 18 I think) we used to play alot mobile games, watch movies etc. 
And yeah we were close and one day we were just 
Teasing each other by touching each other's body parts then he suddenly pull down his pants and started jerking off.. I was confused and didn't moved a inch.. Suddenly he just pushed my head down.. Trying to open my mouth and I resisted a bit but couldn't do it.. Yeah I was 12 he was 17-18..
After that idk what come over me and he started asking me to take his penis in my mouth and yeah
Continued doing it for some days and we stopped.. It's been more than 8 years since and
We still in contact and we don't talk about it. 
Another thing happened some days after this incident, that time I was skipping school alot and one day I was sitting near a park and somebody approach me, he said let's get inside park and we did, sat on bench near some trees and bushes.. 
He started talking about something then suddenly grabbed my hand and pulled it closer to his pants yeah I was again shocked and couldn't think of anything and he said do you like it I didn't say anything I was like frozen there.. He them just grabbed my head unzipped pants and put in my mouth and I couldn't do anything.. Yeah I know 
I should have done something but I didn't wanna make my parents angry about that and was too afraid to talk to my parents.. Since then I have trusting issues and social anxiety also I am confused about my sexuality if I am straight or bisexual idk I just get hard when I see penis but not really attracted to men body and yeah I am attracted to women.. But these incidents are the reason I am still suffering and I am now 20m gonna be 21 soon.. Being a male it's really hard I just can't talk about it to anyone they will think I am too weak to be men.. ","[""Not Applicable""]",
"hot take- pregnant people can act so entitled for the silliest things. || edit: some people are getting upset because they think i’ve forgotten about miscarriages, abusive partners and families members and such. just so we are clear. complaining about your partner beating you is not entitlement. complaining about having a high risk pregnancy and being sacred is not entitlement. here is the definition of entitlement. entitlement: the belief that one is inherently deserving of privileges or special treatment. i will not give grace to people using pregnancy as an excuse to be assholes to other humans. yes we all have our moments, but being able to regulate, rationalize and apologize is more than welcomed. ——————— im sure many are going to disagree with me, or maybe feel called out by this. i’m 22 weeks pregnant with my rainbow baby, and since joining these pregnancy groups i’ve notice some of the most entitled behaviors from us pregnant people. seriously, some of these post make me cringe so hard with the entitlement. “so and so won’t change their baby’s name, even though i told them i was going to name mine that 8 years ago, someone made me walk 5 feet, mil look at me weird, my husband went on a trip and i’m due in 20 weeks. “ pregnancy is hard. we put our bodies through so much. but also, there have been pregnant women since the beginning of time. we are not all that special. no one really cares that much about your pregnancy but your super most inner circle. we are not unique. sorry to rant /:",Hot take- pregnant people can act so entitled for the silliest things.,"EDIT: some people are getting upset because they think I’ve forgotten about miscarriages, abusive partners and families members and such. Just so we are clear. Complaining about your partner beating you IS NOT ENTITLEMENT. Complaining about having a high risk pregnancy and being sacred IS NOT ENTITLEMENT. 

Here is the definition of entitlement. 

Entitlement: the belief that one is inherently deserving of privileges or special treatment.

I will not give grace to people using pregnancy as an excuse to be assholes to other humans. Yes we all have our moments, but being able to regulate, rationalize and apologize is more than welcomed. 

———————



Im sure many are going to disagree with me, or maybe feel called out by this. 

I’m 22 weeks pregnant with my rainbow baby, and since joining these pregnancy groups I’ve notice some of the most entitled behaviors from us pregnant people. 

Seriously, some of these post make me cringe so hard with the entitlement. 

“So and so won’t change their baby’s name, even though I told them I was going to name mine that 8 years ago, someone made me walk 5 feet, MIL look at me weird, my husband went on a trip and I’m due in 20 weeks. “

Pregnancy is hard. We put our bodies through so much. But also, there have been pregnant women since the beginning of time. We are not all that special. No one really cares that much about your pregnancy but your super most inner circle. We are not unique. 

Sorry to rant /:


","[""Not Applicable""]",
"am i overreacting about something i thought was inappropriate? || i was at a birthday party for my moms friend, with my cousin, uncle and mom. i recently turned 18. my moms friend was turning 65 and has a 45 to 50ish year old son. i haven't seen them in a long time. after her son hugged me and kept his hands very low on my back, he left for a while and drank a little bit. every time he would walk past me, he would ""hip check"" me, basically slamming his ass/hips into my hips/ very front region.. most of the time it was the front region. he did it at least 10 times and i felt extremely uncomfortable and shocked. i couldn't say anything. i couldn't make eye contact with him. when we were leaving, my mom, cousin and uncle said it was creepy how much he was looking at my boobs and putting his arm around me. i just can't believe he thought it was ok to put his ass on my pelvic area at least 10 times and i haven't seen him in 2 years. i'm very angry right now and never want to see him again. am i overreacting?",am I overreacting about something I thought was inappropriate?,"I was at a birthday party for my moms friend, with my cousin, uncle and mom. I recently turned 18. my moms friend was turning 65 and has a 45 to 50ish year old son. I haven't seen them in a long time. after her son hugged me and kept his hands very low on my back, he left for a while and drank a little bit. every time he would walk past me, he would ""hip check"" me, basically slamming his ass/hips into my hips/ very front region.. most of the time it was the front region. he did it at least 10 times and I felt extremely uncomfortable and shocked. I couldn't say anything. I couldn't make eye contact with him. when we were leaving, my mom, cousin and uncle said it was creepy how much he was looking at my boobs and putting his arm around me. I just can't believe he thought it was ok to put his ass on my pelvic area at least 10 times and I haven't seen him in 2 years. I'm very angry right now and never want to see him again. am I overreacting?","[""Not Applicable""]",
"aita for refusing to bring my ex's other children along on days out with our two sons? || i (32m) have two sons ""jamie"" (11m) and ""jayden"" (10m). their mother and i were high school sweethearts who had the boys before we finished college. we had planned to get married but then i found out my ex was cheating on me and i broke up with her. jayden was 14 months old at the time. we split custody and i paid child support for the first 18 months post breakup, until my ex was earning similarly to me which meant child support was ceased and costs were simply split with nobody giving anyone ""extra"". my ex had another son two years after we broke up. the father was not in the picture. she told me he was the guy she cheated on me with and that she realized he was a pos, etc, and asked if i would consider adopting her son and raising him as my own alongside our boys. i told her i wasn't going to do that. we ended up arguing about this for so long that she had time to get into another relationship and move this man in, so i told her that he should be a father figure to her son since they plan on building a life together. within a year that guy was gone and she had a daughter he fathered. i continued being a dad to my sons only. i didn't interact with her other two children but i would see them from a distance during exchanges. she asked me to adopt both her additional children stating they needed a father. i told her to go and find their fathers then. she eased up when she met her husband. i thought maybe it was finally the end of her trying to make me responsible for her other children. she has a child with her husband now too, so five in total in her household when our boys are included. but it has not lasted. my ex has admitted her husband isn't involved in the lives of her other children and they are still missing out on having a father. so she asked me to include her three other children, and that does include the child she has with her husband, in days out i have with my sons. she said especially during summer and around christmas when i take them to do fun holiday themed activities, it's not something she can give her other children and she wants them to experience these things also. she finds out when i do these things with my boys because she will quiz them about their time with me. and each time she gets angry. but when the boys were with her two weeks ago she got extra pissed. she had mentioned to me that her son (the oldest of her other three kids) didn't get much for his birthday and she had wanted to make it up to him. that was meant to mean me. so when she heard our boys and i had visited an amusement park around his birthday, she blew a fuse and asked me how i can be such an asshole to children. she told me i should be doing better as a father. aita?",AITA for refusing to bring my ex's other children along on days out with our two sons?,"I (32M) have two sons ""Jamie"" (11M) and ""Jayden"" (10M). Their mother and I were high school sweethearts who had the boys before we finished college. We had planned to get married but then I found out my ex was cheating on me and I broke up with her. Jayden was 14 months old at the time. We split custody and I paid child support for the first 18 months post breakup, until my ex was earning similarly to me which meant child support was ceased and costs were simply split with nobody giving anyone ""extra"".

My ex had another son two years after we broke up. The father was not in the picture. She told me he was the guy she cheated on me with and that she realized he was a POS, etc, and asked if I would consider adopting her son and raising him as my own alongside our boys. I told her I wasn't going to do that. We ended up arguing about this for so long that she had time to get into another relationship and move this man in, so I told her that he should be a father figure to her son since they plan on building a life together. Within a year that guy was gone and she had a daughter he fathered.

I continued being a dad to my sons only. I didn't interact with her other two children but I would see them from a distance during exchanges. She asked me to adopt both her additional children stating they needed a father. I told her to go and find their fathers then.

She eased up when she met her husband. I thought maybe it was finally the end of her trying to make me responsible for her other children. She has a child with her husband now too, so five in total in her household when our boys are included. But it has not lasted. My ex has admitted her husband isn't involved in the lives of her other children and they are still missing out on having a father. So she asked me to include her three other children, and that does include the child she has with her husband, in days out I have with my sons. She said especially during summer and around Christmas when I take them to do fun holiday themed activities, it's not something she can give her other children and she wants them to experience these things also.

She finds out when I do these things with my boys because she will quiz them about their time with me. And each time she gets angry. But when the boys were with her two weeks ago she got extra pissed. She had mentioned to me that her son (the oldest of her other three kids) didn't get much for his birthday and she had wanted to make it up to him. That was meant to mean me. So when she heard our boys and I had visited an amusement park around his birthday, she blew a fuse and asked me how I can be such an asshole to children. She told me I should be doing better as a father.

AITA?","[""Not Applicable""]",
"i need to talk about my mom's response, and how can i get over it? || my mom's first words when i told her was ""don't think that this changes anything"". we didn't talk about it until years later, when i was 21. i was just starting to heal, and she brought it up randomly. said a psychic told her about it, apparently my grandma told her from the dead. told me about stuff i don't remember, made me question how long the abuse was happening. i'm not sure if i remember what she told me about. she told me that the psychic told her not to tell my dad, but she felt like he needed to know. i asked her not to and she said ""fine"". she pulled me aside the next day, told me she told my dad. my dad continued to talk to my abuser, right in front of me. after months of this, i flipped out on him and asked how dare he continue to talk to my abuser after he learned the truth. my dad had a panic attack, apparently my mom didn't tell him. why would my mom lie about this...why would he lie about this. i sometimes feel like the pain won't go away. i am flirting with the idea of just ending it but i'm too scared to actually do it.","I need to talk about my mom's response, and how can I get over it?","My mom's first words when I told her was ""don't think that this changes anything"". We didn't talk about it until years later, when I was 21.

I was just starting to heal, and she brought it up randomly. Said a psychic told her about it, apparently my grandma told her from the dead. Told me about stuff I don't remember, made me question how long the abuse was happening. I'm not sure if I remember what she told me about.

She told me that the psychic told her not to tell my dad, but she felt like he needed to know. I asked her not to and she said ""fine"". She pulled me aside the next day, told me she told my dad.

My dad continued to talk to my abuser, right in front of me. After months of this, I flipped out on him and asked how dare he continue to talk to my abuser after he learned the truth.

My dad had a panic attack, apparently my mom didn't tell him. Why would my mom lie about this...why would he lie about this.

I sometimes feel like the pain won't go away. I am flirting with the idea of just ending it but I'm too scared to actually do it.","[""Not Applicable""]",
"had an ultrasound can and drank 8-10cups of water in 2 hours || i had an ultrasound scan today and drank lots of water so they could see my organs etc. it was recommended to drink 5 cups, i drank 5-6 cups before going but also a whole water bottle because i couldn't feel myself being full. i also had to fast so i didn’t eat anything just drink water. after my scan ended which was roughly 1pm-3:30pm - i have peed 6 times. i also had some food and chocolate. currently resting, but slight headache.",Had an ultrasound can and drank 8-10cups of water in 2 hours,"
I had an ultrasound scan today and drank lots of water so they could see my organs etc. It was recommended to drink 5 cups, I drank 5-6 cups before going but also a whole water bottle because I couldn't feel myself being full.

I also had to fast so I didn’t eat anything just drink water.

After my scan ended which was roughly 1pm-3:30pm - I have peed 6 times.

I also had some food and chocolate.

Currently resting, but slight headache.","[""Not Applicable""]",
"hear me out (badly needed advice) || i'm currently here at the medical city. i was rushed to the er because i'm 12 weeks pregnant (first pregnancy), and i started bleeding with cramps. after being evaluated, they told me that my cervix is already 1cm dilated and very soft, so there's a possibility of a miscarriage😢. i need to undergo an ultrasound tomorrow to confirm if it really is a miscarriage. i’m honestly overwhelmed and don’t know what to think right now. i've been really looking forward to this baby. i have pcos, and my husband and i have been trying so hard to conceive. we did everything — even switched to a healthy lifestyle just for this pregnancy. and if i do need to go through a d&c (raspa), the medical city said it could cost around 50,000 to 60,000 pesos. i was wondering if anyone here could share their experience or suggest any options that could help us save on the costs?",Hear me out (Badly needed advice),"I'm currently here at The Medical City. I was rushed to the ER because I'm 12 weeks pregnant (first pregnancy), and I started bleeding with cramps. After being evaluated, they told me that my cervix is already 1cm dilated and very soft, so there's a possibility of a miscarriage😢.
I need to undergo an ultrasound tomorrow to confirm if it really is a miscarriage.

I’m honestly overwhelmed and don’t know what to think right now. I've been really looking forward to this baby. I have PCOS, and my husband and I have been trying so hard to conceive. We did everything — even switched to a healthy lifestyle just for this pregnancy.

And if I do need to go through a D&C (raspa), The Medical City said it could cost around 50,000 to 60,000 pesos. I was wondering if anyone here could share their experience or suggest any options that could help us save on the costs?

","[""Medical"", ""Mental Health"", ""Pregnancy""]",1.0003357569599831
"i (40f) had a miscarriage and my husband (44m) really let me down. how do we build trust again? || we have one son (3m) and generally our relationship has been good. we recently had a miscarriage and his response was terrible. while i’m in pain, i still cooked for him and his mother (she stays with us) and took care of our child. i laid down in our bedroom after being in too much pain and he didn’t check on me once for over 24 hours. i was so weak and dehydrated. he only came to drop off our child at 7am because “he really wanted you”. i stopped talking to him after getting some strength back. i gray stoned him for a few weeks. he has bought flowers once, cooked only once the entire time. the separation left me thinking about all the things i’ve done for him and he hasn’t done for me. the past 6 years of marriage, i quit my life to move to him, he’s never planned a single date or trip, never planned a single wedding anniversary. i’ve never taken his money. this isn’t the first time he didn’t take care of me when i was sick. last time, i told him how he should take care of a sick person. whenever he was sick, i babied him. i brought up divorce. he said i should have asked for him help. but he didn’t even check up on me once. we’ve been in counseling and our counselor said i need to forgive him (don’t forget, just forgive him) and my husband needs to learn empathy. we need to build our trust again. but honestly, my tank is empty. i don’t even want to talk to him. i don’t see him budging to change either. he’s not any more attentive than before and that’s already a low bar. is this marriage done? is it even possible to bring back trust if there’s no indication of change? update: went to several sessions of therapy. all of the therapist we’ve seen are positive that my husband is depressed. we are working through it. i didn’t see that he was grieving as much as i was. he thought i needed space and held our kid as much as he can. he has apologized and we are becoming stronger together.",I (40F) had a miscarriage and my husband (44M) really let me down. How do we build trust again?,"We have one son (3M) and generally our relationship has been good. We recently had a miscarriage and his response was terrible. While I’m in pain, I still cooked for him and his mother (she stays with us) and took care of our child. I laid down in our bedroom after being in too much pain and he didn’t check on me once for over 24 hours. I was so weak and dehydrated. He only came to drop off our child at 7am because “he really wanted you”. 

I stopped talking to him after getting some strength back. I gray stoned him for a few weeks. He has bought flowers once, cooked only once the entire time. The separation left me thinking about all the things I’ve done for him and he hasn’t done for me. The past 6 years of marriage, I quit my life to move to him, he’s never planned a single date or trip, never planned a single wedding anniversary. I’ve never taken his money. This isn’t the first time he didn’t take care of me when I was sick. Last time, I told him how he should take care of a sick person. Whenever he was sick, I babied him. I brought up divorce. He said I should have asked for him help. But he didn’t even check up on me once. 

We’ve been in counseling and our counselor said I need to forgive him (don’t forget, just forgive him) and my husband needs to learn empathy. We need to build our trust again. But honestly, my tank is empty. I don’t even want to talk to him. I don’t see him budging to change either. He’s not any more attentive than before and that’s already a low bar. Is this marriage done? Is it even possible to bring back trust if there’s no indication of change? 

Update: went to several sessions of therapy. All of the therapist we’ve seen are positive that my husband is depressed. We are working through it. I didn’t see that he was grieving as much as I was. He thought I needed space and held our kid as much as he can. He has apologized and we are becoming stronger together. ","[""Medical"", ""Mental Health"", ""Pregnancy""]",1.0003358761801917
"my fiancé is hiding my medication from me || i could use some help navigating this situation, please. my (26f) fiancé (33m), together a total of over 4 years, are getting married this august. we have a 2.5 year old son as well. i am diagnosed with bipolar disorder, borderline personality disorder, general anxiety disorder, post traumatic stress disorder, and obesity. my fiancé is diagnosed with asperger's syndrome. my family has extensive history of mental health disorders and my childhood was traumatic. i've always had issues, but they got worse after having my baby and i was finally receiving extra care through a postpartum program so i received medications for the first time. an antipsychotic and an antidepressant. i took those for about a year and a half, and they helped me a lot. things weren't perfect, but i was much more level headed and capable of facing life's challenges. well, around last fall my fiancé decided he can't stand me on medication. he never loved the idea, but he really started to hate it then. i gained 30lb from the antipsychotic and that was certainly part of his concern. now i'm 40lb heavier than when we got together. over the course of many months, he would guilt me every day about being ""drugged"" and ""dependant"" and encourage me to come off of my medication. he believes that i'm being manipulated by ""big pharma"" and prescribed something that i don't really need. i consulted a psychiatrist and they didn't support me coming off of my meds but helped me do it anyway. i've been off of all of my meds for a month and a half and guys it is not. going. well. my mood swings are incredible, i'm agressive and mean, violent, having insane manic episodes, spent literally all of my money (financially dependant on him now... i'm a full time student who doesn't work), and also miserable depressive episodes. i also had a 4.19 gpa in school, but this semester i am failing. my fiancé believes that if i: have proper sleep, eat half my maintenance calories, and exercise, among other healthy habits, then my mental health issues would be resolved. believe me when i tell you that he puts immense guilt and pressure on me every day to push these things on me. my mom, his mom, my siblings, my friends, my therapists (i have 2), my family doctor, and myself all believe that i need to be medicated. he says he refuses to marry someone who is ""on drugs"" and has given me that ultimatum. i had a very scary manic episode last week and i reached for my antipsychotic, and he wrestled it from my hands, spilling it all over the floor. he picked them up and hid the bottle from me, and refuses to tell me where it is. yes, i know these are red flags, but please remember that he has asperger's syndrome, and that i am putting him through hell too. he cries every day from the stress of dealing with my mood swings. but he believes it will get better without medication. i don't. my question is, how can i navigate this situation? how can i convince him that this medication is not a ""drug"", it's literal medicine to ease the symptoms of my very real conditions? how can i convince him that these intense symptoms are not only withdrawal? and how can i convince him that all those cruxes of health that are ever so important to him that i achieve cannot be accomplished or even worked on while i am struggling just to stay sane? thank you. tl;dr: my fiancé is preventing me from taking medication that i believe i need. i don't know how to convince him to let me make my own choice and respect that decision.",My fiancé is hiding my medication from me,"I could use some help navigating this situation, please.

My (26f) fiancé (33m), together a total of over 4 years, are getting married this August. We have a 2.5 year old son as well.

I am diagnosed with Bipolar Disorder, Borderline Personality Disorder, General Anxiety Disorder, Post Traumatic Stress disorder, and obesity.

My fiancé is diagnosed with Asperger's syndrome. 

My family has extensive history of mental health disorders and my childhood was traumatic. 

I've always had issues, but they got worse after having my baby and I was finally receiving extra care through a postpartum program so I received medications for the first time. An antipsychotic and an antidepressant. I took those for about a year and a half, and they helped me a lot. Things weren't perfect, but I was much more level headed and capable of facing life's challenges.

Well, around last fall my fiancé decided he can't stand me on medication. He never loved the idea, but he really started to hate it then. I gained 30lb from the antipsychotic and that was certainly part of his concern. Now I'm 40lb heavier than when we got together.

Over the course of many months, he would guilt me every day about being ""drugged"" and ""dependant"" and encourage me to come off of my medication. He believes that I'm being manipulated by ""big pharma"" and prescribed something that I don't really need. 

I consulted a psychiatrist and they didn't support me coming off of my meds but helped me do it anyway.

I've been off of all of my meds for a month and a half and GUYS it is not. going. well.

My mood swings are incredible, I'm agressive and mean, violent, having insane manic episodes, spent literally all of my money (financially dependant on him now... I'm a full time student who doesn't work), and also miserable depressive episodes. I also had a 4.19 GPA in school, but this semester I am failing. 


My fiancé believes that if I: Have proper sleep, eat half my maintenance calories, and exercise, among other healthy habits, then my mental health issues would be resolved. Believe me when I tell you that he puts IMMENSE guilt and pressure on me every day to push these things on me. 

My mom, his mom, my siblings, my friends, my therapists (I have 2), my family doctor, and myself all believe that I need to be medicated.

He says he refuses to marry someone who is ""on drugs"" and has given me that ultimatum. 
I had a very scary manic episode last week and I reached for my antipsychotic, and he wrestled it from my hands, spilling it all over the floor. He picked them up and hid the bottle from me, and refuses to tell me where it is. 

Yes, I know these are red flags, but please remember that he has Asperger's syndrome, and that I am putting him through hell too. He cries every day from the stress of dealing with my mood swings. But he believes it will get better without medication. I don't. 

My question is, how can I navigate this situation? How can I convince him that this medication is not a ""drug"", it's literal medicine to ease the symptoms of my very real conditions? How can I convince him that these intense symptoms are not only withdrawal? And how can I convince him that all those cruxes of health that are ever so important to him that I achieve cannot be accomplished or even worked on while I am struggling just to stay sane?

Thank you.

Tl;Dr: My fiancé is preventing me from taking medication that I believe I need. I don't know how to convince him to let me make my own choice and respect that decision.","[""Not Applicable""]",
"he made me trust him and tried to take advantage of me (tw for grooming) || hi there.. so today i met a guy on reddit who said he liked my dress. he asked for my discord, even after i stated i was a minor. he added me on discord and we talked for a while. he started to call me handsome, and said we should call. i thought it’d be fine bc we are both gamers and we can game. we talked for a bit before he started getting overly sexual, and asked me to change into my dress and show him. i thought “ok” and he asked me to change in front of him. i was scared to say no, so i did. i kept my pants and binder on, and he said he wanted to see my ass. i panicked and showed him my boxers, and he said he wanted to see me fully nude. i said no, and he backed off for a bit. he proceeded to talk about his kinks and such, and pressured me to talk about my sexual stuff. i told him what he was talking about reminded me of my ex, but he didn’t even ask if i wanted him to stop. he also claimed to be severely autistic. he kept saying he didn’t want me to be uncomfortable, but didn’t fucking stop. finally, i snapped and told him i’m still a minor. he then asked how long until i was an adult. he didn’t stop asking for sexual stuff, so i finally broke out of flight fight or freeze (i was in freeze) and blocked him fully and reported him to the mods of the sub we met on. i just feel so.. gross. he called me my favorite nickname in my favorite accent, and now it feels so, so dirty and tainted. i’m sorry if this is long. i just wanted to reorganize my thoughts.",He made me trust him and tried to take advantage of me (TW for grooming),"Hi there..

So today I met a guy on Reddit who said he liked my dress. He asked for my discord, even after I stated I was a minor. He added me on discord and we talked for a while.

He started to call me handsome, and said we should call. I thought it’d be fine bc we are both gamers and we can game.

We talked for a bit before he started getting overly sexual, and asked me to change into my dress and show him. I thought “ok” and he asked me to change in front of him.

I was scared to say no, so I did. I kept my pants and binder on, and he said he wanted to see my ass. I panicked and showed him my boxers, and he said he wanted to see me fully nude. I said no, and he backed off for a bit.

He proceeded to talk about his kinks and such, and pressured me to talk about my sexual stuff. I told him what he was talking about reminded me of my ex, but he didn’t even ask if I wanted him to stop. He also claimed to be severely autistic.

He kept saying he didn’t want me to be uncomfortable, but didn’t fucking stop. Finally, I snapped and told him I’m still a minor. He then asked how long until I was an adult.

He didn’t stop asking for sexual stuff, so I finally broke out of flight fight or freeze (I was in freeze) and blocked him fully and reported him to the mods of the sub we met on.

I just feel so.. gross. He called me my favorite nickname in my favorite accent, and now it feels so, so dirty and tainted.

I’m sorry if this is long. I just wanted to reorganize my thoughts.","[""Abuse"", ""Sexual"", ""Mental Health""]",1.0009121177210758
sad || how do you guys deal with this sadness of miscarriage and just be okay in every day to day life i’m so sad and my heart is just so broken i really wanted my baby,Sad,How do you guys deal with this sadness of miscarriage and just be okay in every day to day life I’m so sad and my heart is just so broken I really wanted my baby,"[""Mental Health"", ""Pregnancy""]",1.0000019816695012
"it just hit me. she actually tried to kill me. || just had the biggest breakthrough i've ever had. typing through tears. i've always been well aware that this happened because i remember it clearly. it was my fifth birthday. she and my dad had a fight in the car on our drive down to disneyland. he slapped her. she waited a while then hit him in the head with her shoe while he was driving. we swerved across the highway. didn't crash. he pulled over and beat her in the back seat. i sat in the front screaming and crying. then we went to disneyland. i spent my birthday walking through the park wondering if i should try to discreetly let someone know i needed help, but decided against it because i was afraid of my dad. she told me after that she had decided to kill us all. i'm turning 30 soon and just able to fully conceive that my mother made a choice to kill not only me but another person, along with herself, and acted on it. she went on a rant one day shortly after we got back from the trip. we were riding in the car. she said ""...so mad at your daddy it makes me want to swerve the car into a pole on your side"", then swerved violently. she made a new habit of it up until i was too old to buy it anymore. continued to use the isolation and close proximity of the front seat to abuse me other ways. all this time she has been trying to divert attention away from that fact that she was a monster. insisting that the reason i was depressed and obese from a young age is because i was molested by my dad and concealed it, when in actuality she is the reason i gained 60 pounds, as a five year old, immediately following the trip. as a kid, it looked to me like my dad was the bad guy for beating her. last time i spoke to her, i mentioned that my 5th birthday was the initial trigger for my ptsd, and she actually asked ""what happened on your 5th birthday, because something did happen..."". further fishing/insinuating that there must be someone or something else at fault. all my struggles suddenly make sense. i am not a bad person. i am not worthless. there is nothing inherently wrong with me. even better, i'm okay now.",It just hit me. She actually tried to kill me.,"Just had the biggest breakthrough I've ever had. Typing through tears.

I've always been well aware that this happened because I remember it clearly. It was my fifth birthday. She and my dad had a fight in the car on our drive down to Disneyland. He slapped her. She waited a while then hit him in the head with her shoe while he was driving. We swerved across the highway. Didn't crash. He pulled over and beat her in the back seat. I sat in the front screaming and crying. Then we went to Disneyland. I spent my birthday walking through the park wondering if I should try to discreetly let someone know I needed help, but decided against it because I was afraid of my dad.

She told me after that she had decided to kill us all. I'm turning 30 soon and just able to fully conceive that my mother made a choice to KILL not only ME but ANOTHER PERSON, along with herself, and acted on it.

She went on a rant one day shortly after we got back from the trip. We were riding in the car. She said ""...so mad at your daddy it makes me want to swerve the car into a pole on your side"", then swerved violently. She made a new habit of it up until I was too old to buy it anymore. Continued to use the isolation and close proximity of the front seat to abuse me other ways.

All this time she has been trying to divert attention away from that fact that she was a monster. Insisting that the reason I was depressed and obese from a young age is because I was molested by my dad and concealed it, when in actuality she is the reason I gained 60 POUNDS, as a five year old, immediately following the trip. As a kid, it looked to me like my dad was the bad guy for beating her.

Last time I spoke to her, I mentioned that my 5th birthday was the initial trigger for my PTSD, and she actually asked ""what happened on your 5th birthday, because something did happen..."". Further fishing/insinuating that there must be someone or something else at fault.

All my struggles suddenly make sense. I am not a bad person. I am not worthless. There is nothing inherently wrong with me.

Even better, I'm okay now.","[""Not Applicable""]",
i should be due soon || my would-be due date is coming up soon and i can’t stop thinking about where i should be in pregnancy. i should be big and pregnant. i should be feeling them move and kick. i should be getting their nursery ready for them. i should have their ultrasound pictures on the fridge. instead i’m grieving the loss of them and triggered by the memories of the miscarriage all while not knowing when we’ll get pregnant again. and when we do get pregnant i don’t want to be scared that i’ll miscarry again. i’m just feeling sad right now.,I should be due soon,"My would-be due date is coming up soon and I can’t stop thinking about where I should be in pregnancy. I should be big and pregnant. I should be feeling them move and kick. I should be getting their nursery ready for them. I should have their ultrasound pictures on the fridge.

Instead I’m grieving the loss of them and triggered by the memories of the miscarriage all while not knowing when we’ll get pregnant again. And when we do get pregnant I don’t want to be scared that I’ll miscarry again. I’m just feeling sad right now.","[""Mental Health"", ""Pregnancy""]",1.000001624057927
"when is the right time for me 19f to bring of a serious conversation with my person of interest 23m? || so me (19f), has been talking to this guy (23m) for about a month. we met through a mutual friend (21m). and things have started getting more serious. ive only known him for about 2 months before we started talking with any real interest aswell. for some background information,i got out of a 5 year relationship a year ago. yes we, (both 19f) started dating at 13 and broke up at 18. so that's basically my entire teen years lol. and a few months after that i was in a short relationship (only 3 months) that went really horribly, he (20m) was abusive. he even ghosted me while i was having a miscarriage with *his* baby. that relationship really effected me more than i'd like to admit. i also struggle with alot of mental health issues. and ive briefly brushed over them and what my ex had done to me in the past. he's never been anything but supportive of me. but these past few days have been feeling more real than ever. and as much as i want to commit and make things official, i cant help but think about everything that could go wrong and how we might be rushing things. which i know isnt a good way to look at it. i honestly just dont really know how i should go about bringing it up to him without making it sound like i dont want to be with him. i really do like him.",When is the right time for me 19f to bring of a serious conversation with my person of interest 23m?,"So me (19f), has been talking to this guy (23m) for about a month. We met through a mutual friend (21m). And things have started getting more serious. Ive only known him for about 2 months before we started talking with any real interest aswell. 

For some background information,I got out of a 5 year relationship a year ago. Yes we, (both 19f) started dating at 13 and broke up at 18. So that's basically my entire teen years lol. And a few months after that I was in a short relationship  (only 3 months) that went really horribly, he (20m)  was abusive. He even ghosted me while I was having a miscarriage with *his* baby. That relationship really effected me more than I'd like to admit.

I also struggle with alot of mental health issues. And ive briefly brushed over them and what my ex had done to me in the past. He's never been anything but supportive of me. But these past few days have been feeling more real than ever. And as much as I want to commit and make things official, I cant help but think about everything that could go wrong and how we might be rushing things. Which I know isnt a good way to look at it. 

I honestly just dont really know how I should go about bringing it up to him without making it sound like I dont want to be with him. I really do like him. ","[""Abuse"", ""Mental Health"", ""Pregnancy""]",1.0002614891999495
"ectopic and it just won’t end. || this is my forth loss, and it is beating out all of the others right now. nothing found in the uterus or anywhere else, so they’re suspecting ectopic. hcg dropped down so low and yet it’s still slowly increasing. i’m on day six of bleeding with methotrexate shot on day 4, and i can tell from the test i took this morning that it’s still increasing. i just want this nightmare to be over. did anyone see hcg increase after their mtx shot by the day 4 blood draw, and then saw it decrease after by day 7? really hoping against a d&c. wednesday - 240 saturday - 33 monday - 47 tuesday - 51 next test is tomorrow but i can tell from home tests it is much darker than the test i took monday.",Ectopic and it just won’t end.,"This is my forth loss, and it is beating out all of the others right now. Nothing found in the uterus or anywhere else, so they’re suspecting ectopic. HCG dropped down so low and yet it’s still slowly increasing. I’m on day six of bleeding with methotrexate shot on day 4, and I can tell from the test I took this morning that it’s still increasing. I just want this nightmare to be over.

Did anyone see HCG increase after their MTX shot by the day 4 blood draw, and then saw it decrease after by day 7? Really hoping against a d&c.

Wednesday - 240
Saturday - 33
Monday - 47
Tuesday - 51
Next test is tomorrow but I can tell from home tests it is much darker than the test I took Monday.","[""Medical"", ""Mental Health"", ""Pregnancy""]",1.000013425309668
"i’m still in shock || it was two of my friends. i can’t believe this happened to me. or that out of everyone it would be someone i trusted. everyone’s telling me i’m a strong woman and a badass for how i’m handling it, but on the inside i feel like a part of me died.",I’m still in shock,"It was two of my friends. I can’t believe this happened to me. Or that out of everyone it would be someone I trusted. Everyone’s telling me I’m a strong woman and a badass for how I’m handling it, but on the inside I feel like a part of me died.","[""Not Applicable""]",
i was manipulated into sending child pornography when i was 12 years old. nothing has been done || [removed],I was manipulated into sending child pornography when I was 12 years old. Nothing has been done,[removed],"[""Not Applicable""]",
is me too only for women? || just wondering,Is me too only for women?,Just wondering,"[""Not Applicable""]",
"the funniest thing i can’t tell anyone || i am 13w and a first time mom here. my partner and i told his mother early on because she is a doctor and i was experiencing a lot of random bleeding, and i love and trust her, so it made sense to let her in on the team. she’s had miscarriages before and we knew if something didn’t work out, she wouldn’t freak out about it (like i am sure my own mom would.) my partner’s dad is also a doctor, but is one of those people who are very smart but maybe lack some basic social skills, and if we told him, he would probably tell every single person he knows, which although i appreciate the enthusiasm, would make for a very uncomfortable situation should things not work out with the pregnancy. so dr. mil has not said anything to dr. fil because she knows how he is. a couple of weeks ago, i was experiencing bleeding again and called dr. mil, who happened to be in the car with dr. fil. she booted him out of the car and said she had to talk to me about lady problems. i ended up going to the er but everything was fine. a few days after, we went to their house to hang out and dr. fil put his hand on my shoulder. “how are you feeling?” i looked around. “uh, i’m fine. thank you for asking.” “good, good. it’s a very common problem. nothing to be embarrassed about. lots of women experience it, so don’t feel any shame.” then he walks away and i am like oh my god. what did she tell him i have? when we were leaving, she walked us outside and i was like, “mil, what did you tell fil?” and she was like, “oh god. why? did he say something?” and i told her about the interaction. she was immediately mortified and said, “well, he had asked what was wrong and i panicked and told him you had a bartholin cyst….it’s basically a pimple on your vagina.” i could not stop laughing. so now my father in law thinks i have a pimple on my vagina. one gross enough to require medical intervention. and since mil went to my 12 week doctor’s appointment, she kept up the story and said she had to go with me to have it drained. i am dying. we aren’t telling anyone anything about the pregnancy until i get the genetic testing results back, but i really can’t wait to set the record straight with this. i just thought one of y’all might appreciate this.",The funniest thing I can’t tell anyone,"I am 13w and a first time mom here. My partner and I told his mother early on because she is a doctor and I was experiencing a lot of random bleeding, and I love and trust her, so it made sense to let her in on the team. She’s had miscarriages before and we knew if something didn’t work out, she wouldn’t freak out about it (like I am sure my own mom would.) My partner’s dad is also a doctor, but is one of those people who are very smart but maybe lack some basic social skills, and if we told him, he would probably tell every single person he knows, which although I appreciate the enthusiasm, would make for a very uncomfortable situation should things not work out with the pregnancy. So Dr. MIL has not said anything to Dr. FIL because she knows how he is. A couple of weeks ago, I was experiencing bleeding again and called Dr. MIL, who happened to be in the car with Dr. FIL. She booted him out of the car and said she had to talk to me about lady problems. I ended up going to the ER but everything was fine. A few days after, we went to their house to hang out and Dr. FIL put his hand on my shoulder.

“How are you feeling?” 

I looked around. “Uh, I’m fine. Thank you for asking.”

“Good, good. It’s a very common problem. Nothing to be embarrassed about. Lots of women experience it, so don’t feel any shame.” Then he walks away and I am like OH MY GOD. WHAT DID SHE TELL HIM I HAVE?

When we were leaving, she walked us outside and I was like, “MIL, what did you tell FIL?” And she was like, “Oh god. Why? Did he say something?” And I told her about the interaction.

She was immediately mortified and said, “Well, he had asked what was wrong and I panicked and told him you had a Bartholin Cyst….It’s basically a pimple on your vagina.”

I could not stop laughing. So now my father in law thinks I have A PIMPLE ON MY VAGINA. One gross enough to require medical intervention. And since MIL went to my 12 week doctor’s appointment, she kept up the story and said she had to go with me TO HAVE IT DRAINED. I am dying. We aren’t telling anyone anything about the pregnancy until I get the genetic testing results back, but I really can’t wait to set the record straight with this. I just thought one of y’all might appreciate this.","[""Not Applicable""]",
"missed miscarriage - d&c advice? || i just had what should have been a 11 week, 6 day appointment… baby no longer had a heart beat. the 8 week appointment went well and the baby had a heartbeat. from measurements they think the baby stopped developing around 9 1/2 weeks. my body has been acting like it’s carrying a viable baby since my 8 week appointment. only thing would be the morning sickness finally starting getting mild about a week ago and i did have very minimal brown spotting that started last week too (but it wasn’t every day)- but nothing that i thought would be alarming. anyways, i have two options… d&c or medication to start a miscarriage. i’m leaning towards the d&c, as i feel having a miscarriage at home could be a bit traumatizing. plus, i’m over the age of 30 and would like to try again soon after. mentally i’m just in a weird space and don’t know what to feel. if you have any d&c experience(s), i would love to hear them. good or bad. especially if you have tried the medication prior. did you do genetic testing after? was in worth it?",Missed Miscarriage - D&C Advice?,"I just had what should have been a 11 week, 6 day appointment… baby no longer had a heart beat. The 8 week appointment went well and the baby had a heartbeat. From measurements they think the baby stopped developing around 9 1/2 weeks. My body has been acting like it’s carrying a viable baby since my 8 week appointment. Only thing would be the morning sickness finally starting getting mild about a week ago and I did have very minimal brown spotting that started last week too (but it wasn’t every day)- but nothing that I thought would be alarming. Anyways, I have two options… D&C or medication to start a miscarriage. I’m leaning towards the D&C, as I feel having a miscarriage at home could be a bit traumatizing. Plus, I’m over the age of 30 and would like to try again soon after. Mentally I’m just in a weird space and don’t know what to feel. If you have any D&C experience(s), I would love to hear them. Good or bad. Especially if you have tried the medication prior.  Did you do genetic testing after? Was in worth it? ","[""Medical"", ""Mental Health"", ""Pregnancy""]",1.000553662784416
"endometrial hyperplasia w/out progesterone? || background info: in april 2022, i had a hysteroscopy, d&c, and biopsy out of an abundance of caution. (there were a few periods (amongst a bounty of irregular periods) that were less than 3 weeks apart during peri-menopause that my gyn didn't want to disregard.) everything came back normal. my last period was december 2022. in december 2023 my gyn advised that i was officially ""post-menopausal"". i threw myself a party. seriously, i did. it was the moment i had been waiting (years) for! my husband & i have been together more than 25 years, and by choice do not have any children. we managed to do so w/ out using any form of bc. so to me, menopause = freedom! (it should also be noted that the women in my family have been blessed to not really suffer the usual symptoms of menopause; my mother & aunts all report having had rather seamless transitions. i found this to be true for myself, as well. so far.) cut to september 2024, and i have a period. umm, what? it's been 21 months since my last period, so this must be a fluke, right? seven weeks later (november 2024), two days in to our 12 night anniversary cruise, and i get another period. ayfkm??!! so, i head back to my gyn's office; she orders both internal & external u/s. my endometrial stripe is 29mm; biopsy scheduling is in process. (pretty sure it’s how i'll be spending my 50th b-day. *sigh*) meanwhile, i've consulted drs. google & reddit (i know, i know). i'm not concerned about cancer, because in addition to the relative ease of transitioning to menopause, there is no family hx of endo, ovarian, or uterine cancers, etc. same for hysterectomies. so, i find it hard to believe that i'd be the first. what does have me concerned is the possibility of endometrial hyperplasia. the thought of having to take progesterone (or any hormone for that matter) upsets me greatly. i'm not really willing to entertain the idea of a hysterectomy, either, because imo they are over prescribed. so, does anyone know whether it's possible to be dx w/ endometrial hyperplasia and not have to take progesterone? because, aside from the unexpected return of random periods, i have no other symptoms. and while i'm incredibly disappointed, i can certainly live with it. if there are other pages that might be helpful for me to post this on, please advise! *i understand and acknowledge that responses may only be personal opinions and experiences.*",Endometrial Hyperplasia w/OUT Progesterone?,"Background info:  In April 2022, I had a hysteroscopy, D&C, and biopsy out of an abundance of caution.  (There were a few periods (amongst a bounty of irregular periods) that were less than 3 weeks apart during peri-menopause that my GYN didn't want to disregard.)  Everything came back normal.

My last period was December 2022.  In December 2023 my GYN advised that I was officially ""post-menopausal"".  I threw myself a party.  Seriously, I did.  It was the moment I had been waiting (years) for!  My husband & I have been together more than 25 years, and by choice do not have any children.  We managed to do so w/ out using ANY form of bc.  So to me, menopause = freedom!  (It should also be noted that the women in my family have been blessed to not really suffer the usual symptoms of menopause; my mother & aunts all report having had rather seamless transitions.  I found this to be true for myself, as well.  So far.)

Cut to September 2024, and I have a period.  Umm, what?  It's been 21 months since my last period, so this must be a fluke, right?  Seven weeks later (November 2024), two days in to our 12 night anniversary cruise, and I get another period.  AYFKM??!!

So, I head back to my GYN's office; she orders both internal & external U/S.  My endometrial stripe is 29mm; biopsy scheduling is in process.  (Pretty sure it’s how I'll be spending my 50th b-day.  *Sigh*)

Meanwhile, I've consulted Drs. Google & Reddit (I know, I know).  I'm not concerned about cancer, because in addition to the relative ease of transitioning to menopause, there is no family Hx of endo, ovarian, or uterine cancers, etc.  Same for hysterectomies.  So, I find it hard to believe that I'd be the first.

What does have me concerned is the possibility of Endometrial Hyperplasia.  The thought of having to take progesterone (or any hormone for that matter) upsets me greatly.  I'm not really willing to entertain the idea of a hysterectomy, either, because IMO they are over prescribed.

So, does anyone know whether it's possible to be Dx w/ Endometrial Hyperplasia and NOT have to take progesterone?  Because, aside from the unexpected return of random periods, I have no other symptoms.  And while I'm incredibly disappointed, I can certainly live with it.

If there are other pages that might be helpful for me to post this on, please advise!

*I understand and acknowledge that responses may only be personal opinions and experiences.*","[""Not Applicable""]",
"things did not get more difficult once baby was here! || this post ist for the pregnant moms who are tired of hearing things like „you are tired now? just wait until the baby is here!“ „there is no tired like new born tired“ etc. every pregnancy, birth and baby is different, but i just want to describe my experience: the first trimester was hell. the kind of tired like when you are severely sick. all day on the sofa. had to go on sick leave from work. some nausea as well. additionally i was terrified of having a miscarriage. i was sooo worried that this was the kick off for an even more terrible time but it turns out: the first trimester was actually by far the worst part of pregnancy and newborn time for me!!! second trimester i fest sooo much better, just a bit more tired than usual. my nerves calmed down. third trimester i felt uncomfortable and a bit more tired, but i was able to start my maternity leave at 30 weeks and my bump looked cute. the heart burn got very annoying towards the end. i had a bit more stress than i would have liked, because we moved apartments (i do not recommend a move during pregnancy 🙈). but still overall i did not feel nearly as bad as during the first trimester. i started to get nervous about the birth. birth experience: i went into spontaneous labour 2 days before my due date. everything went well, absolutely no complications. i had a pda, which made the pain bearable. newborn time: i was immediately in love with my perfect baby girl. the 2 days after the birth i was at the hospital (standard procedure where i live) and did not get a lot of sleep (shared room). this really really sucked. after getting home everything got much much better. my husband and my mom took wonderful care of me. i got used to my little angel quickly. we found a good rhythm. i am privileged because my parents are supportive and live close by, my husband can mostly work in home office, i get a year of paid maternity leave and our baby is so far not especially difficult. i’d like to lose some weight and i am not able to fully breastfeed, those are the points i am not loving right now. but overall i am actually having a great time and not too many difficult moments with my adorable baby. 🥰",Things did NOT get more difficult once baby was here!,"This post ist for the pregnant moms who are tired of hearing things like „you are tired now? Just wait until the baby is here!“ „There is no tired like new born tired“ etc. EVERY pregnancy, birth and baby is different, but I just want to describe my experience: 

The first trimester was hell. The kind of tired like when you are severely sick. All day on the sofa. Had to go on sick leave from work. Some nausea as well. Additionally I was terrified of having a miscarriage. I was sooo worried that this was the kick off for an even more terrible time but it turns out: The first trimester was actually by far the worst part of pregnancy and newborn time for me!!! 

Second trimester I fest sooo much better, just a bit more tired than usual. My nerves calmed down.

Third trimester I felt uncomfortable and a bit more tired, but I was able to start my maternity leave at 30 weeks and my bump looked cute. The heart burn got VERY annoying towards the end. I had a bit more stress than I would have liked, because we moved apartments (I do not recommend a move during pregnancy 🙈). But still overall I did not feel NEARLY as bad as during the first trimester. I started to get nervous about the birth.

Birth experience: I went into spontaneous Labour 2 days before my due date. Everything went well, absolutely no complications. I had a PDA, which made the pain bearable. 

Newborn time: I was immediately in love with my perfect baby girl. The 2 days after the birth I was at the hospital (standard procedure where I live) and did not get a lot of sleep (shared room). This really really sucked. After getting home everything got much much better. My husband and my mom took wonderful care of me. I got used to my little angel quickly. We found a good rhythm. I am privileged because my parents are supportive and live close by, my husband can mostly work in home office, I get a year of paid maternity leave and our baby is so far not especially difficult. I’d like to lose some weight and I am not able to fully breastfeed, those are the points I am not loving right now. But overall I am actually having a great time and not too many difficult moments with my adorable baby. 🥰 

","[""Pregnancy""]",1.0002039187905385
at home this weekend. is there any advice for me please help. || i will be doing the at home abortion. i think i am 6 weeks. hopefully tomorrow we do ghe ultrasound before i get the pills. im off this weekend and my friend will come over to help me with anything i need. is there anything anyone wishes they knew to physically prepare for ? i do have some stronger pain meds from a surgery i had so i can take those. i had maxi pads and was even gonna get puppy pads to lay on the bed. im just really nervous about the pain bjf i need to do this sooner than later. how long did you guys cramp and bleed? i understand everyone is different. i know i am making the right decision and i actually broke up with my boyfriend and week after finding ojt. he's still being supportive but i also still feel alone.,At home this weekend. Is there any advice for me please help.,"I will be doing the at home  abortion. I think I am 6 weeks. Hopefully tomorrow we do ghe ultrasound before I get the pills. Im off this weekend and my friend will come over to help me with anything I need. Is there anything anyone wishes they knew to physically prepare for ? I do have some stronger pain meds from a surgery I had so I can take those. I had maxi pads and was even gonna get puppy pads to lay on the bed. Im just really nervous about the pain bjf I need to do this sooner than later. How long did you guys cramp and bleed? I understand everyone is different. 
I know i am making the right decision and I actually broke up with my boyfriend and week after finding ojt. He's still being supportive but I also still feel alone. ","[""Medical"", ""Mental Health"", ""Pregnancy""]",1.000710419277288
"misoprostol 200mg pre-op || i was prescribed misoprostol 200mg as a pre-op prior to my surgery, medication to be inserted vaginally the night before. anyone have any suggestions to insert properly and has anyone had any side effects from the medication? i am nervous!",Misoprostol 200mg Pre-op,"I was prescribed Misoprostol 200mg as a pre-op prior to my surgery, medication  to be inserted vaginally the night before.  anyone have any suggestions to insert properly and has anyone had any side effects from the medication? I am nervous!","[""Not Applicable""]",
aita for kicking my sister out of my house over a garden? || my sister has lived with me since she was a teen mom. she has her own little space for her and her kids. it’s my house. i own it. my fiancee amy moved in and as my wife amy can remodel the home as she likes. amy and i have been together for 4 years. my sister has lived with me for 6. my sister and amy got in this huge argument over ripping out my grass where her kids play and making a garden that will bloom next spring. amy had discussed this with me and it was agreed on. because of our different schedules we forgot about my sister and telling her about the garden. amy took a few days off from work to meet with the contractors for the initial digging up the yard. this happened while i was at work. my sister made a scene with the contractors and yelled at amy. amy told my sister that it’s time for her to move out and get on with her own life. i have been supporting her and her kids for too long. a neighbor got involved and called the police saying amy wasn’t authorized to have the contractors dig up the yard. amy was asked to leave the property by the police with an overnight bag. this was a supervised by the police because i was not reachable at work. my sister told me “can you believe this bitch ripping up the yard like that” i have to leave work and take my hour commute home to deal with my sister. i told her it’s time for her to move out and she should have never been involved with the garden. it wasn’t her place. it’s not her fucking home. my sister was complaining that her boys love to play in that patch of grass and she can’t believe i would make changes to her play area without consulting her. amy is fucking pissed at my sister and the neighbor. the neighbor tried to apologize but i had to tell the neighbor there is no more coming over because she will be trespassed and she had no business calling the police and making the situation worse. the neighbor explained she didn’t know amy was authorized to make those changes and i told the neighbor too fucking bad. she’s banned from the property even though she’s friends with my sister and their kids play together. i told my sister that her and the boys have to go and she needs to be out by the new year or will take legal action on her. my sister keeps crying and apologizing but her actions showed amy what her married life would be like with my sister lived with us and i’m putting my wife first and my sister has to go. edit: amy and i talk to a lawyer and we are getting the legal paperwork together for my sister's eviction. the lawyer also suggested cameras for the yard and those will be installed next week. i'm sending my sister legal notice of the cameras being installed to cover my ass per the lawyer's request. i do not blame the police for their reaction and neither does amy. our destanation wedding is upcoming in a few weeks. my sister was not going because of her relationship with our parents. but the cameras will be installed by then with the legal notice my sister is not to tamper with the cameras or make any cosmetic changes to the property while we are out of town. edit: my sister has never paid rent or utilities or any other upkeep of the home. we have maid that comes every other week to do basic cleaning because the house gets dirty with the kids. my sister does have a job and both amy and i do watch the boys several nights a week.,AITA for kicking my sister out of my house over a garden?,"My sister has lived with me since she was a teen mom. She has her own little space for her and her kids. It’s my house. I own it. 

My fiancee Amy moved in and as my wife Amy can remodel the home as she likes. Amy and I have been together for 4 years. My sister has lived with me for 6. 

My sister and Amy got in this huge argument over ripping out my grass where her kids play and making a garden that will bloom next spring. Amy had discussed this with me and it was agreed on. Because of our different schedules we forgot about my sister and telling her about the garden. Amy took a few days off from work to meet with the contractors for the initial digging up the yard. This happened while I was at work.

My sister made a scene with the contractors and yelled at Amy. Amy told my sister that it’s time for her to move out and get on with her own life. I have been supporting her and her kids for too long. 

A neighbor got involved and called the police saying Amy wasn’t authorized to have the contractors dig up the yard.

Amy was asked to leave the property by the police with an overnight bag. This was a supervised by the police because I was not reachable at work. My sister told me “can you believe this bitch ripping up the yard like that” 

I have to leave work and take my hour commute home to deal with my sister. I told her it’s time for her to move out and she should have never been involved with the garden. It wasn’t her place. It’s not her fucking home. 

My sister was complaining that her boys love to play in that patch of grass and she can’t believe I would make changes to her play area without consulting her. 

Amy is fucking pissed at my sister and the neighbor. The neighbor tried to apologize but I had to tell the neighbor there is no more coming over because she will be trespassed and she had no business calling the police and making the situation worse.  The neighbor explained she didn’t know Amy was authorized to make those changes and I told the neighbor too fucking bad. She’s banned from the property even though she’s friends with my sister and their kids play together. 

I told my sister that her and the boys have to go and she needs to be out by the New Year or will take legal action on her. 

My sister keeps crying and apologizing but her actions showed Amy what her married life would be like with my sister lived with us and I’m putting my wife first and my sister has to go. 

Edit: Amy and I talk to a lawyer and we are getting the legal paperwork together for my sister's eviction. The lawyer also suggested cameras for the yard and those will be installed next week. I'm sending my sister legal notice of the cameras being installed to cover my ass per the lawyer's request. 

I do not blame the police for their reaction and neither does Amy. 

Our destanation wedding is upcoming in a few weeks. My sister was not going because of her relationship with our parents. But the cameras will be installed by then with the legal notice my sister is not to tamper with the cameras or make any cosmetic changes to the property while we are out of town. 

Edit: My sister has never paid rent or utilities or any other upkeep of the home. We have maid that comes every other week to do basic cleaning because the house gets dirty with the kids. My sister does have a job and both Amy and I do watch the boys several nights a week. ","[""Not Applicable""]",
"2 back to back mmc - onto testing || hello, looking for some insight into testing from those who have been in a similar situation. my first pregnancy ended in mmc in november (lmp 9w1d baby measuring 5w6d, spontaneously miscarried at 9w3d, had synchronic hematoma but docs didn’t think that caused the mc). my second pregnancy just ended very similarly over the weekend. at 7w4d we went for an ultrasound and baby measured 6w0d. follow up scan at 9w0d showed no growth. i took misoprostol at 10w1d and passed the tissues on 10w2d. my doctor already diagnosed me with reoccurant pregnancy loss and that we would do testing. looking for insight of anyone who’s had two mmc as to what testing you did and if you found anything.",2 back to back MMC - onto testing,"Hello, looking for some insight into testing from those who have been in a similar situation. 

My first pregnancy ended in MMC in November (LMP 9w1d baby measuring 5w6d, spontaneously miscarried at 9w3d, had synchronic hematoma but docs didn’t think that caused the MC).

My second pregnancy just ended very similarly over the weekend. At 7w4d we went for an ultrasound and baby measured 6w0d. Follow up scan at 9w0d showed no growth. I took misoprostol at 10w1d and passed the tissues on 10w2d. 

My doctor already diagnosed me with Reoccurant pregnancy loss and that we would do testing. Looking for insight of anyone who’s had two MMC as to what testing you did and if you found anything.","[""Medical"", ""Mental Health"", ""Pregnancy""]",1.0002614891999495
"my fears || to never get pregnant again to have miscarriage after miscarriage to never bear children to fail my man and myself to not have the life i want, to not be able to give him children of his own to blame myself and my body to blame time and age and all the things that make it harder to regret not starting sooner to resent him for not being ready sooner to never have children earthside to never have the life we planned for come to fruition to never feel my baby in my arms i didn’t fear these things before my miscarriage. being pregnant filled me with hope and joy and power. now i’m scared. will i ever get pregnant again? and even if i do, will i ever be successful? are the odds really that bad? should i contact a doctor to increase our chances? is there anything i can do now to help?",My fears,"To never get pregnant again

To have miscarriage after miscarriage 

To never bear children

To fail my man and myself

To not have the life I want, to not be able to give him children of his own

To blame myself and my body

To blame time and age and all the things that make it harder

To regret not starting sooner

To resent him for not being ready sooner

To never have children earthside

To never have the life we planned for come to fruition

To never feel my baby in my arms

I didn’t fear these things before my miscarriage. Being pregnant filled me with hope and joy and power.

Now I’m scared. Will I ever get pregnant again? And even if I do, will I ever be successful? Are the odds really that bad? Should I contact a doctor to increase our chances? Is there anything I can do now to help?","[""Mental Health"", ""Pregnancy""]",1.0000278492501566
"miscarriage at 18+2.. || i just found out yesterday that i lost my baby girl. this was my first pregnancy, i was 18 weeks 2 days. i’m not sure if it’s okay to ask this here but i’m curious. how long did you wait before trying again?",Miscarriage at 18+2..,"I just found out yesterday that I lost my baby girl. This was my first pregnancy, I was 18 weeks 2 days. I’m not sure if it’s okay to ask this here but I’m curious. How long did you wait before trying again? ","[""Mental Health"", ""Pregnancy""]",1.000710299925068
"my husband left me alone with our sick daughter to travel for a week with his mistress || he’s been gone a week, a whole fucking week. our 15 month old got sick on friday and he still left on monday. not only that, but he barely asked about her. she was so weak and thin, refusing to eat or drink anything for days. i was desperate. she lost 5% of her weight in 4 days. i was ready to take her to the emergency room. luckily, she suddenly got better. but the sob waited 8 hours to ask me how she was. i tore him a new one for that and so he became more distant, only asking how she was doing three times a day. didn’t call, didn’t ask for a single picture or video. nothing. turns out she had chickenpox, which i never had as a child and caught as well. i was alone the whole week with her. sick, crying and breaking down. and he knew, but still didn’t care at all. and then yesterday it just clicked for me. he’s with another woman. he tried ignoring me when i called until i told him how cruel it was to do that to the mother of his child, and both being sick! so he called back. and ended up admitting. for fucks sake. couldn’t postpone his romantic getaway to help care for his daughter?! what a shitty dad, jesus. he’s been nasty to her for a while. always impatient and mean in his way of talking to her. i had a huge fight with him about it, but i doubt he’ll change. specially if i’m not around. he was supposed to come home last night and then tells me that he messed up trying to get an earlier flight and accidentally changed to for the day after. are you fucking serious?! how dumb does this asshole think i am??! i know he’s avoiding the reality that awaits him at home. i told his family and his best (and only) friend so that he cannot save face. what a coward piece of garbage. i don’t know what lies he’s told her but if she’s aware, that makes her character questionable to say the least. i don’t know how long it’s been going on but i suspect it’s been months. our marriage has been shitty but to show this level of neglect towards our daughter is simply disgusting. i’m deeply disgusted by this man. 10 years together, 6 married, a child, a dog, a house… he couldn’t come out and say he was done. i would’ve agreed, wouldn’t force him to stay. he says he loves her more than anything, but his actions show otherwise. at least i’m still young and looking better than ever. unlike him, i have plenty of friends who have been rallying around me for support and helping me with my little girl. i’m so so angry. he’s done this before and i stupidly forgave him. little man with a big ego. nail biting, cigarette stinking breath, boring, no fun, uninteresting douche. always tense and on edge, unpleasant to be around. incapable of hearing any kind of criticism, always acting like he knows better. mediocre father and husband at best. fuck this. fuck him. can’t wait to meet him face to face tonight.",My husband left me alone with our sick daughter to travel for A WEEK with his mistress,"He’s been gone a week, a whole fucking week. Our 15 month old got sick on Friday and he still left on Monday. 
Not only that, but he barely asked about her. She was so weak and thin, refusing to eat or drink anything for days. I was desperate. She lost 5% of her weight in 4 days. I was ready to take her to the emergency room. Luckily, she suddenly got better. But the SOB waited 8 hours to ask me how she was.
I tore him a new one for that and so he became more distant, only asking how she was doing three times a day. Didn’t call, didn’t ask for a single picture or video. Nothing. 

Turns out she had chickenpox, which I never had as a child and caught as well. 
I was alone the whole week with her. Sick, crying and breaking down. And he knew, but still didn’t care at all.

And then yesterday it just clicked for me. He’s with another woman. He tried ignoring me when I called until I told him how cruel it was to do that to the mother of his child, and both being sick! So he called back. And ended up admitting. For fucks sake. Couldn’t postpone his romantic getaway to help care for his daughter?! What a shitty dad, Jesus. 
He’s been nasty to her for a while. Always impatient and mean in his way of talking to her. I had a huge fight with him about it, but I doubt he’ll change. Specially if I’m not around. 

He was supposed to come home last night and then tells me that he messed up trying to get an earlier flight and accidentally changed to for the day after. ARE YOU FUCKING SERIOUS?! How dumb does this asshole think I am??! I know he’s avoiding the reality that awaits him at home. 
I told his family and his best (and only) friend so that he cannot save face. 
What a coward piece of garbage.

I don’t know what lies he’s told her but if she’s aware, that makes her character questionable to say the least. I don’t know how long it’s been going on but I suspect it’s been months. 

Our marriage has been shitty but to show this level of neglect towards our daughter is simply disgusting. I’m deeply disgusted by this man.
10 years together, 6 married, a child, a dog, a house… he couldn’t come out and say he was done. I would’ve agreed, wouldn’t force him to stay. 
He says he loves her more than anything, but his actions show otherwise. 
At least I’m still young and looking better than ever. 

Unlike him, I have plenty of friends who have been rallying around me for support and helping me with my little girl.

I’m so so angry. He’s done this before and I stupidly forgave him.
Little man with a big ego. Nail biting, cigarette stinking breath, boring, no fun, uninteresting douche. Always tense and on edge, unpleasant to be around. Incapable of hearing any kind of criticism, always acting like he knows better. Mediocre father and husband at best.
Fuck this. Fuck him.

Can’t wait to meet him face to face tonight.","[""Not Applicable""]",
"it’s happening! i’m in labor!! 38 weeks ftm. || so there i was playing sims. sitting on my exercise ball for a good 2 hours. i had just had dates and raspberry tea lol. i had my partner there and my sister and best friend were over. i got up to go pee. peed, washed my hands, pulled my pants up and boom, huge gush of warm water. this was around 10:30- 10:45pm 2-1-25. got to the hospital and they told me i am having contractions even though i can’t feel them. they tested my underwear and it is amniotic fluid. started antibiotics for strep b. admitted to hospital around 12:30 2-2-25. check again in 2 hrs! i really thought i was getting sent back home so this is crazy. when the nurse said you’re not leaving here without a baby i cried. i had two miscarriages back to back before this miracle. excited to share updates!",It’s happening! I’m in labor!! 38 weeks FTM.,"So there I was playing Sims. Sitting on my exercise ball for a good 2 hours. I had just had dates and raspberry tea lol. I had my partner there and my sister and best friend were over. I got up to go pee. Peed, washed my hands, pulled my pants up and boom, huge gush of warm water. This was around 10:30- 10:45pm 2-1-25.
Got to the hospital and they told me I am having contractions even though I can’t feel them. They tested my underwear and it is amniotic fluid. Started antibiotics for strep b. Admitted to hospital around 12:30 2-2-25. 
Check again in 2 hrs! 
I really thought I was getting sent back home so this is CRAZY. When the nurse said you’re not leaving here without a baby I cried. I had two miscarriages back to back before this miracle. Excited to share updates! ","[""Not Applicable""]",
"mmc & probable partial molar pregnancy || just seeing if there is anyone out there with a similar situation.. i got pregnant with my second pregnancy back in april. i am so grateful that i have my healthy baby boy at home and thought nothing could go wrong this go around (despite knowing i have an abnormal uterus, but again, i carried a healthy pregnancy to term). i couldn’t get in to my obgyn until 9w2d. i was sick, extreme nausea for 3 weeks, the last 2 weeks i was nauseous but not as terrible as the previous 3 weeks. show up to my appointment and just had a feeling that there was a chance the baby wasn’t well, and sure enough the second the ultrasound went in, i just knew something was wrong (since my first one we got the congrats so quickly!). my ob saw a sack, and we could kinda see a baby, but she was very suspicious that it looked like a molar pregnancy and told me to get a second ultrasound immediately that day. we went to the hospital and got the ultrasound and found out later that it looks highly suspicious for a partial molar pregnancy. 4 days later (and after waiting through a long weekend), i went for my d&c. i’m now awaiting pathology reports near the end of this week, early next week. i’m taking pregnancy tests daily to see that the line is getting lighter (and it is!) and will do weekly hcg blood tests. my hcg was 39k prior to my d&c, and while it’s in range, my ob said it’s kinda high. all i want to do is to start trying to conceive again. all my friends are pregnant, my sil is pregnant and i was supposed to be due around 4 weeks from everyone. we are devastated. if you have experience with this, what was the turn around for being able to start trying again? how did you cope with the weekly tests and the in between? i obviously want a healthy baby, but i would do anything to be pregnant or get pregnant again asap!!",MMC & Probable Partial Molar Pregnancy,"Just seeing if there is anyone out there with a similar situation..

I got pregnant with my second pregnancy back in April. I am so grateful that I have my healthy baby boy at home and thought nothing could go wrong this go around (despite knowing I have an abnormal uterus, but again, I carried a healthy pregnancy to term).

I couldn’t get in to my OBGYN until 9w2d. I was SICK, extreme nausea for 3 weeks, the last 2 weeks I was nauseous but not as terrible as the previous 3 weeks. 

Show up to my appointment and just had a feeling that there was a chance the baby wasn’t well, and sure enough the second the ultrasound went in, I just knew something was wrong (since my first one we got the congrats so quickly!). My OB saw a sack, and we could kinda see a baby, but she was very suspicious that it looked like a molar pregnancy and told me to get a second ultrasound immediately that day. 

We went to the hospital and got the ultrasound and found out later that it looks highly suspicious for a partial molar pregnancy.

4 days later (and after waiting through a long weekend), I went for my D&C. I’m now awaiting pathology reports near the end of this week, early next week. 

I’m taking pregnancy tests daily to see that the line is getting lighter (and it is!) and will do weekly hcg blood tests. My hcg was 39k prior to my d&c, and while it’s in range, my OB said it’s kinda high. 

All I want to do is to start trying to conceive again. All my friends are pregnant, my SIL is pregnant and I was supposed to be due around 4 weeks from everyone. We are devastated.

If you have experience with this, what was the turn around for being able to start trying again? How did you cope with the weekly tests and the in between? I obviously want a healthy baby, but I would do anything to be pregnant or get pregnant again ASAP!!","[""Medical"", ""Mental Health"", ""Pregnancy""]",1.0009121177210758
domestic abuse please help || my girlfriend we will call melissa who lived with her ex for 8 years we will call him greg. greg was with melissa for for 7 out of the 8 years and when greg and melissa were first starting to date they moved away from melissa's friends and family to a small town in bell county tx now melissa as three kids 2 from a previous marriage and 1 we will call him luis with greg. so luis is greg's blood son but he was never put on the birth certificate but is cited in melissa's divorce decree that he has 50% join custody now. melissa broke up with greg last year but melissa hasnt been able to move out and a couple of the reason she hasnt is be cause greg beats her and holds her hostage removing her ability to go to work and contact friends and family. she has to contact her mother and bf in secrecy she is trying to move back home to ga but cant without leaving her son luis. greg has had the cops call multiple times on him but injures himself before they arrive to ensure if he goes to jail so does she. melissa feels trapped because she doesnt want to leave her son luis with greg because he doesnt work and plays csgo all day melissa cares and cleans greg has 2 other girlfriends but claims he has feelings for melissa and threatens others involved. what should melissa and her new boyfriend due especially during the covid-19 crisis,Domestic abuse Please Help,"My girlfriend we will call Melissa who lived with her Ex for 8 years we will call him Greg. Greg was with Melissa for for 7 out of the 8 years and when Greg and Melissa were first starting to date they moved away from Melissa's friends and Family to a small town in Bell County TX now Melissa as three kids 2 from a previous marriage and 1 we will call him Luis  with Greg. So Luis is Greg's Blood son but he was never put on the birth certificate but is cited in Melissa's Divorce Decree that he has 50% Join Custody now. Melissa broke up with Greg last year but Melissa hasnt been able to move out and a couple of the reason she hasnt is be cause Greg beats her and holds her hostage removing her ability to go to work and contact friends and family. She has to contact her mother and bf in secrecy she is trying to move back home to GA but cant without leaving her son 
Luis. Greg has had the cops call multiple times on him but injures himself before they arrive to ensure if he goes to jail so does she. Melissa feels trapped because she doesnt want to leave her son Luis with Greg because he doesnt work and plays CSGO all day Melissa cares and cleans Greg has 2 other Girlfriends but claims he has feelings for Melissa and threatens others involved. What should melissa and her new Boyfriend due especially during the COVID-19 Crisis","[""Not Applicable""]",
"consistently excluded from social group || hello. i’ll get right into it. this is something that plagues me constantly and always has, and i know it’s partially me being overly sensitive, but also, there’s some truth to it or it wouldn’t be the situation it is. i’m in a social group that i would call found family. they mean the world to me. we’ve been together for 10+ years and i feel as if i’d get through anything if i have these people. they constantly do things without my husband and i. we werentt invited to the family vacation. i found out that one person went to vacation because i saw her location (which she promptly turned off after i message her “hey! you didn’t mention you were going to x state!” they didn’t reply. i was mad. i then saw that two others from the group were there too. i asked why they didn’t tell me. the person said “idk, i’m sorry” and then i felt bad. i figured they flitted off together for the weekend. well, everyone went for the week. except us. there were five people there who aren’t even a part of this group, who ended up posting on social media about what a wonderful week with family. i was dumbfounded. i sobbed for hours. my husband mentioned that perhaps we weren’t invited because he’d confided about our financial situation; maybe they didn’t want to make us feel bad. i think that’s a poor excuse but whatever. we were somewhere else that weekend but would have rearranged to go with them. and yes we could afford it. i even was with some of them who were shopping for “an upcoming vacation” and they deliberately did not tell me that we were shopping together for something i wasn’t invited to. i can’t deal with this kind of thing. the rejection is strong. i do not have a family of my own. i was adopted and have never felt like i’m not alone, other than when this group of people pay attention to me. when they returned, no one said one word to me. i was visibly upset and i could tell that they knew i was, and i know they knew why. i didn’t ask any questions like i normally would because i don’t want others to have a hold over my emotions. but i am still devastated that we seem to be no longer a part of the family but a disposable appendage. i am autistic and so is my husband. could it be our social skills? i have a history of romantic feelings for one of the people, over 10 years ago. i also attempted suicide and one of them was involved and caught me in the middle of it (7 years ago). could it be that they’re simply uncomfortable around me? maybe my social skills are bad? no one is perfect and i don’t see why i’m in the family group chat and everything, and occasionally invited, but not every time. i don’t even know what i’m asking you all. maybe i’m asking should i approach one of them at an appropriate time? i have the feeling i will get an eye roll because i’ve always flown off the handle when something like this happens. this time i tried to be cool, but it bothers me. i even considered moving away because i can’t handle the pain of being rejected by the people i love most and whose approval i really need for some reason. i don’t want to jeopardize our friendship if i’m just overthinking, but i also shouldn’t be treated like a doormat or like my feelings don’t matter because i’m more emotional than some. eta, i don’t want to feel like a dog waiting for scraps on the floor. i’m a human being with a place at the table. i am confused about whether i should assert this or i’m being dramatic or misunderstanding something.",Consistently excluded from social group,"Hello. I’ll get right into it. This is something that plagues me constantly and always has, and I know it’s partially me being overly sensitive, but also, there’s some truth to it or it wouldn’t be the situation it is. 

I’m in a social group that I would call found family. They mean the world to me. We’ve been together for 10+ years and I feel as if I’d get through anything if I have these people. 

They constantly do things without my husband and I. We werentt invited to the family vacation. I found out that one person went to vacation because I saw her location (which she promptly turned off after I message her “hey! You didn’t mention you were going to x state!” They didn’t reply. I was mad. I then saw that two others from the group were there too. I asked why they didn’t tell me. The person said “idk, I’m sorry” and then I felt bad. I figured they flitted off together for the weekend. 

Well, everyone went for the week. Except us. there were five people there who aren’t even a part of this group, who ended up posting on social media about what a wonderful week with family. I was dumbfounded. I sobbed for hours. My husband mentioned that perhaps we weren’t invited because he’d confided about our financial situation; maybe they didn’t want to make us feel bad. I think that’s a poor excuse but whatever. We were somewhere else that weekend but would have rearranged to go with them. And yes we could afford it. 

I even was with some of them who were shopping for “an upcoming vacation” and they deliberately did not tell me that we were shopping together for something I wasn’t invited to. 

I can’t deal with this kind of thing. The rejection is strong. I do not have a family of my own. I was adopted and have never felt like I’m not alone, other than when this group of people pay attention to me. 

When they returned, no one said ONE WORD to me. I was visibly upset and I could tell that they knew I was, and I know they knew why. I didn’t ask any questions like I normally would because I don’t want others to have a hold over my emotions. But I am still devastated that we seem to be no longer a part of the family but a disposable appendage. 

I am autistic and so is my husband. Could it be our social skills? I have a history of romantic feelings for one of the people, over 10 years ago. I also attempted suicide and one of them was involved and caught me in the middle of it (7 years ago). Could it be that they’re simply uncomfortable around me? Maybe my social skills are bad? No one is perfect and I don’t see why I’m in the family group chat and everything, and occasionally invited, but not every time. 

I don’t even know what I’m asking you all. Maybe I’m asking should I approach one of them at an appropriate time? I have the feeling i will get an eye roll because I’ve always flown off the handle when something like this happens. This time I tried to be cool, but it bothers me. 

I even considered moving away because I can’t handle the pain of being rejected by the people I love most and whose approval I really need for some reason. I don’t want to jeopardize our friendship if I’m just overthinking, but I also shouldn’t be treated like a doormat or like my feelings don’t matter because I’m more emotional than some. 

ETA, I don’t want to feel like a dog waiting for scraps on the floor. I’m a human being with a place at the table. I am confused about whether I should assert this or I’m being dramatic or misunderstanding something. ","[""Not Applicable""]",
"personality disorder? || i have a family member who is always negative, always has something bad to say , always looks at the glass empty, always creates fake fears and scenarios. i feel awful because it feels like the air is sucked out of me and i feel anxious being around them. they also try to reprimand people who don't listen to what they say and get very mad when someone doesn't follow what they say. what kind of disorder is this? i feel deflated and can't even have a normal conversation anymore without the constant creation of fear and doom and gloom.",Personality disorder?,"I have a family member who is always negative, always has something bad to say , always looks at the glass empty, always creates fake fears and scenarios. I feel awful because it feels like the air is sucked out of me and I feel anxious being around them. 
They also try to reprimand people who don't listen to what they say and get very mad when someone doesn't follow what they say. 
What kind of disorder is this? 
I feel deflated and can't even have a normal conversation anymore without the constant creation of fear and doom and gloom.","[""Not Applicable""]",
"abortion after ivf with donor embryo || hi.. this is very diffcult for me. im from south america, so sorry if my english is not the best. im 5w pregnant, after a double donor embryo transfer. my fertility journey started with my own eggs a couple of years ago, with a missed miscarriage at 6 weeks. that was the only pregnancy i achieved with my own eggs. for this donor embryo transfer, i spent thousands of dollars, time, energy, therapy. today i feel all that for nothing. please dont judge me, but i feel (and always have) that i had never had a big desire to be a mother. i know i would be a great one, i adore children, spending time with them, taking care of them, teaching them things. but i know deep in my heart that it´s been more than a decade of fighting with myself for not knowing if i want to have children or not. i know deep in my heart that i have come to this ivf treatment today not being sure if i want this or not. i did it not because of a dream or a desire, but because of ""fear of regretting"". i know anyone will think im irresponsible, but i have arrived here after years of therapy (with a fertility specialist) and not being able to resolve my doubt. this is so sad for me. i have arrived here because of lack of time to do it in the future.. im already 43 years old. fear of regretting not having kids took me to this place. and now fear of having kids has completely taken my body after knowing this treatment worked. fear, anxiety, panic, rejection, hate to what i did. i feel i dont want this, and i also feel if i terminate this, this will be the end of the chance of having kids, for good. im struggling so much with my feelings and my mind. i feel i cannot continue with this. 2 nights ago i had a bit of spotting, and instead of worrying, i felt relief. i cant cope with the anxiety i feel after knowing im pregnant. i have a hole in my chest and i cannot stop crying. im desperate. most probable i will not continue this pregnancy. will i regret it? how do i start living without the ambivalence of fear of regretting having or not having kids? thanks for reading.",Abortion after IVF with donor embryo,"Hi.. this is very diffcult for me. Im from South America, so sorry if my English is not the best.

Im 5W pregnant, after a double donor embryo transfer.  My fertility journey started with my own eggs a couple of years ago, with a missed miscarriage at 6 weeks.  That was the only pregnancy I achieved with my own eggs.

For this donor embryo transfer, I spent thousands of dollars, time, energy, therapy.  Today I feel all that for nothing.

Please dont judge me, but I feel (and always have) that I had never had a big desire to be a mother.  I know I would be a great one, I adore children, spending time with them, taking care of them, teaching them things.  But I know deep in my heart that it´s been more than a decade of fighting with myself for not knowing if I want to have children or not.  I know deep in my heart that I have come to this IVF treatment today not being sure if I want this or not.  I did it not because of a dream or a desire, but because of ""fear of regretting"".  

I know anyone will think Im irresponsible, but I have arrived here after years of therapy (with a fertility specialist) and not being able to resolve my doubt.  This is so sad for me.   I have arrived here because of lack of time to do it in the future.. Im already 43 years old.

Fear of regretting not having kids took me to this place.  And now fear of having kids has completely taken my body after knowing this treatment worked.  Fear, anxiety, panic, rejection, hate to what I did.  I feel I dont want this, and I also feel if I terminate this, this will be the end of the chance of having kids, for good.  Im struggling so much with my feelings and my mind.  I feel I cannot continue with this.  2 nights ago I had  a bit of spotting, and instead of worrying, I felt relief.

I cant cope with the anxiety I feel after knowing Im pregnant.  I have a hole in my chest and I cannot stop crying.  Im desperate.  Most probable I will not continue this pregnancy.  Will I regret it?  How do I start living without the ambivalence of fear of regretting having or not having kids?

Thanks for reading.



  












","[""Mental Health"", ""Pregnancy""]",1.0002036803379246
i want to tell my story... || [removed],I want to tell my story...,[removed],"[""Not Applicable""]",
"what did i do wrong? || i’m trying to figure out what i did to get this to happen to me. they say when you get into a routine it makes you a sitting target. everyday i’d go for walks for hours around my town, i’d get the same coffee at the same coffee shop. i stopped doing that and i’m still scared. i wish he could just tell me what i did to make me a target so i can stop doing it.",What did i do wrong?,"I’m trying to figure out what I did to get this to happen to me. They say when you get into a routine it makes you a sitting target. Everyday I’d go for walks for hours around my town, I’d get the same coffee at the same coffee shop.
I stopped doing that and I’m still scared.
I wish he could just tell me what I did to make me a target so I can stop doing it.","[""Not Applicable""]",
"missed miscarriage - d&c advice? || i just had what should have been a 11 week, 6 day appointment… baby no longer had a heart beat. the 8 week appointment went well and the baby had a heartbeat. from measurements they think the baby stopped developing around 9 1/2 weeks. my body has been acting like it’s carrying a viable baby since my 8 week appointment. only thing would be the morning sickness finally starting getting mild about a week ago and i did have very minimal brown spotting that started last week too (but it wasn’t every day)- but nothing that i thought would be alarming. anyways, i have two options… d&c or medication to start a miscarriage. i’m leaning towards the d&c, as i feel having a miscarriage at home could be a bit traumatizing. plus, i’m over the age of 30 and would like to try again soon after. mentally i’m just in a weird space and don’t know what to feel. if you have any d&c experience(s), i would love to hear them. good or bad. especially if you have tried the medication prior. did you do genetic testing after? was in worth it?",Missed Miscarriage - D&C Advice?,"I just had what should have been a 11 week, 6 day appointment… baby no longer had a heart beat. The 8 week appointment went well and the baby had a heartbeat. From measurements they think the baby stopped developing around 9 1/2 weeks. My body has been acting like it’s carrying a viable baby since my 8 week appointment. Only thing would be the morning sickness finally starting getting mild about a week ago and I did have very minimal brown spotting that started last week too (but it wasn’t every day)- but nothing that I thought would be alarming. Anyways, I have two options… D&C or medication to start a miscarriage. I’m leaning towards the D&C, as I feel having a miscarriage at home could be a bit traumatizing. Plus, I’m over the age of 30 and would like to try again soon after. Mentally I’m just in a weird space and don’t know what to feel. If you have any D&C experience(s), I would love to hear them. Good or bad. Especially if you have tried the medication prior.  Did you do genetic testing after? Was in worth it? ","[""Medical"", ""Mental Health"", ""Pregnancy""]",1.0004311197613724
"mmc after nipt || hello all, i’m not quite sure even what i’m looking for. i just can’t stop crying and thinking about my baby. i went through ivf for a very wanted pregnancy and had concerns about gestational sac size that were completely brushed off by my ob. had scans at 7, 8 and 10 weeks that all showed my beautiful baby wiggling around with a strong heartbeat. had nipt testing which came back with no abnormalities and showed i was having a little girl…. my little girl 💔. i went in alone after work yesterday for a routine 4 week follow up at just over 14 weeks thinking that everything would be okay since genetics were good and we were starting the second trimester and “safe” and then when the ultrasound tech didn’t show me a snip of the heartbeat or print pictures, i started to freak out. texted my husband to please be close to his phone. then my ob came in, told me my little girl no longer had a heartbeat and hadn’t for quite some time and my world crashed and my heart broke. how do you survive knowing that your body has carried your baby for literally 1-2 weeks without realizing she’s gone. we had started discussing names and last night named her grace as she deserves a name, she lived. for a short time, she lived. now i just have to wait to schedule a d&c and continue carrying her, knowing she’s no longer truly there, and i think that’s the worst part.",MMC after NIPT,"Hello all, I’m not quite sure even what I’m looking for. I just can’t stop crying and thinking about my baby. I went through IVF for a very wanted pregnancy and had concerns about gestational sac size that were completely brushed off by my OB. Had scans at 7, 8 and 10 weeks that all showed my beautiful baby wiggling around with a strong heartbeat. Had NIPT testing which came back with no abnormalities and showed I was having a little girl…. My little girl 💔. I went in alone after work yesterday for a routine 4 week follow up at just over 14 weeks thinking that everything would be okay since genetics were good and we were starting the second trimester and “safe” and then when the ultrasound tech didn’t show me a snip of the heartbeat or print pictures, I started to freak out. Texted my husband to please be close to his phone. Then my OB came in, told me my little girl no longer had a heartbeat and hadn’t for quite some time and my world crashed and my heart broke. How do you survive knowing that your body has carried your baby for literally 1-2 weeks without realizing she’s gone. We had started discussing names and last night named her Grace as she deserves a name, she lived. For a short time, she lived. Now I just have to wait to schedule a d&c and continue carrying her, knowing she’s no longer truly there, and I think that’s the worst part. ","[""Medical"", ""Mental Health"", ""Pregnancy""]",1.0002039187905385
"first period after miscarriage? || update!!! wanted to do a pregnancy test kit this morning after waking up and was surprised to see my period came!! 🥺 i posted awhile ago about how my medicated miscarriage (i was 9 weeks but sac stayed 5w-ish with no heartbeat) made me needing blood loss resuscitation + an emergency d&c. it has been almost 7 weeks since my emergency d&c and i’m feeling a bit anxious as my period has not yet returned.. i didn’t track my ovulation / hcg level since i don’t want to stress about these but well, i’m stressing about the returning of period now lol. anxious also because my previous loss at 21 weeks - my period came back 5 weeks after d&c. so i’m really a bit worried did my d&c this time round probably resulted in some damage in my uterus (like asherman) just wanted to ask how long did it took for your first period to come back? also not sure when should i find my gynae about it cos i think there’s some pills to eat that can help start period or something?",First period after miscarriage?,"Update!!! Wanted to do a pregnancy test kit this morning after waking up and was surprised to see my period came!! 🥺


I posted awhile ago about how my medicated miscarriage (I was 9 weeks but sac stayed 5w-ish with no heartbeat) made me needing blood loss resuscitation + an emergency D&C. 

It has been almost 7 weeks since my emergency D&C and I’m feeling a bit anxious as my period has not yet returned.. I didn’t track my ovulation / hcg level since I don’t want to stress about these but well, I’m stressing about the returning of period now lol. 

Anxious also because my previous loss at 21 weeks - my period came back 5 weeks after D&C. So I’m really a bit worried did my D&C this time round probably resulted in some damage in my uterus (like asherman)

Just wanted to ask how long did it took for your first period to come back? Also not sure when should I find my gynae about it cos I think there’s some pills to eat that can help start period or something? ","[""Medical"", ""Mental Health"", ""Pregnancy""]",1.0000093723386188
"should i let daycare families know? || i experienced my first pregnancy and miscarriage yesterday (still bleeding and exhausted) i do childcare (just myself, 8 students, i've had the same families for years) no one knew i was pregnant. i am so tired and sore today, i have a migraine and i'm dreading monday. i feel like i want to warn them in case i need to close. i don't want to just tell them i'm just sick, i hate lying. my concern is that it would be unprofessional i guess? i'm not sure. i'm so lost and i can't think.",Should I let daycare families know?,"I experienced my first pregnancy and miscarriage yesterday (still bleeding and exhausted)

I do childcare (just myself, 8 students, I've had the same families for years) 

No one knew I was pregnant. I am so tired and sore today, I have a migraine and I'm dreading Monday.

I feel like I want to warn them in case I need to close. I don't want to just tell them I'm just sick, I hate lying. My concern is that it would be unprofessional I guess? I'm not sure. I'm so lost and I can't think.","[""Medical"", ""Mental Health"", ""Pregnancy""]",1.0001586168564365
"this is gonna be a long one, but well worth your investment to read, at least i think so. || a little backstory first. my mom and step-dad are and have never been decent parents to me or my brother. my brother makes a very decent living so he doesn't have to deal with my mom at all. i had to put up with my mother and step-father's bullshit for decades, because they had power of attorney over me, by forged documents, my mom always worked at public schools and was intimidating and knew a notary who she could pressure into getting things notarized without any consent from me, this happened often. my brother took over my ssi accounts very recently. i was almost to the point of going to a gas station, turning on a pump, covering my body in gasoline and flicking on a lighter, just to spite my mother, who has to have everything perfect, i wanted to see the look on her face having to verify my remains all extra crispy. anyways, things are a little better with my brother. he now has a big portion of my life under his command and can't seem to resist the urge to treat me like shit either, but once again it's my fault. onto this email. so i still ask my mom for money from time to time, not often, but every now and then. most of this is explained slightly in the email, but it, for some reason unbeknownst to me, enrages my stepfather. he always sends emails to me, never calls on the phone, my stepmother does this too, but only when she feels like taking out her frustrations on me for no reason, sounds weird, but it's true. anyways, i guess i got tired of the email bullshit today and what i call the little man who lives in the cage in my chest, i let him out for just a bit. i consider myself a fairly decent writer, but usually i save it for talking points online. you'll need to read this from the bottom up. the first email starts from my stepfather at the very bottom and then goes up to the last one at the very top. so far he hasn't answered me back as of right now, but if he does and there's interest, i'll keep posting. these emails usually end quickly, with me a mess, crying in my bed tucked in a ball alone. oh, the gay stuff. my stepfather has a gay best friend that he leaves my mom for constantly. they've been on cruises together, taken vacations together, they also spend weekends together as they don't live to far from each other. it enrage me and it hurts my mom, that's why i mention it often on the emails. i have no issues and get along with all gender types and conformities, basically i love err'body. ok here it is, remember read from bottom to top. this last one wasn't abusive, it was stuff that you need to hear. quit acting like a man-child whose feelings get hurt on the playground. i put up with decades of abuse from you and mom. you could do me the curiosity of taking 5 minutes and reading the email below and doing some self-reflection. you're an adult and when backed into a corner you sure as hell don't act like one. an infant jellyfish has a thicker spine than you. read the damn email. jesus christ, this is who you really are huh? what a joke. -------- original message -------- from: j <j.> date: 3/7/21 9:08 am (gmt-06:00) to: h <> subject: re: i know you don't have a walk in closet. i said stop your abusive emails! on mar 7, 2021, at 9:05 am, h wrote: you stop them too then. also. stop pretending you're an adult. you're a soft handed, uneducated nancy boy that lives off women and tough talks over the internet. if mom wants to help me, she can, and you need to fuck off about it. it's unfortunate that you have chosen to utilize the trust this family extended to you after you became a part of it, to abuse, steal, and otherwise harm us. like a slow rot in the grain of an otherwise sturdy plank of oak, you have weakened us all through your shabby comportment. other people may feel bound to tolerate you by circumstance, i do not, not any longer at least. you disgust me, and you should be disgusted with yourself, as well. you're a sociopath, however, all jokes aside, so i don't forsee you taking responsibility for who you really are. just know, that when i speak down to you, it's because i truly despise you. -------- original message -------- from: j <j.> date: 3/7/21 8:13 am (gmt-06:00) to: h <> subject: re: i know you don't have a walk in closet. stop these abusive emails on mar 7, 2021, at 7:56 am, h wrote: but it's time to step out of your own personal one. i never said you were homophobic, don't put words in my mouth, you know, kinda like how you put f's penis in your own mouth. i find it funny that you didn't really address any of my gay comments, other than saying and speaking in third person that, ""j is not gay"", i found that strange, why not just say ""i'm not gay"", in all seriousness that is a bit awkward. it's like you want to avoid the answer, i wonder why? also thanks for completing my writing style, do you give similar compliments to f before y'all have gay sex? do y'all have nicknames for each other, i bet y'all do. once again, why does it enrage you so that i ask my mom for money every now and then. aren't you using money from the trust fund your mommy left you, be honest? that may not be worded correctly, but that is true right? i mean i can't go out and buy a several thousand dollar what 65"" or 75"" lg tv on a whim. where are you getting your money from. maybe you're spending your nights down on montrose giving handjobs out for cash. look if that's what you want to do, when you're not able to hang out with f, that's cool, but it's going to catch up with you and you'll eventually end up getting locked up. i would like to know where you're getting your extra spending cash, especially since according to you and mom, y'all are always broke. didn't you buy a convertible benz at some point, for a 60 something year old ""man"" and i use the term loosely, probably like your butthole by now, reeks of gay. you know, i didn't think about it when i was typing that previous sentence, but isn't that like a double entendre. i know you're angry you no longer have access to my ssi funds, which was giving you some extra pocket cash, it's funny how y'all were giving me like 50 dollars a week to live off of, which was absolutely insane to expect someone to live off that amount of money and now that bub has control of those accounts i get about 4 times that amount, which still isn't a lot of money and he's using that account to pay for my electric, phone bill, and a few other things, which y'all were supposedly doing too. so here's the short end of things, when you stop using your mom's left over money, or whatever funds you have to buy you all the cool stuff you get every couple of months, that far exceed things that i could ever afford and stop having gay sex with f, i'll stop asking mom for a little help ever and then. you know it's somewhat abusive, mentally and emotionally to tell my mother what she can and can't do with her finances. i know i haven't been a model son to her, but you necessarily haven't been the model husband to her either. if she wants to help her son(s) out, that should be her choice, without any interface from some bully. that's all i got for now, except one last thing, most of, if not all of this was sincere, even if a little bit of snarky humor was added to it, but this part i mean with all seriousness, you do know that mom hates f. she may tell you she doesn't when and if you decide to ask her to save face as she often does, but we've discussed it a number of times and when i've said ""you know i really don't like f."" she's responded with ""i really don't like f either."". if i knew my wife didn't like one of my friends, especially one of my gay friends who i've been on several cruises with solo, which would never happen in the first place, they'd be out of my life in a snap, no questions asked. just something to think about... - h -------- original message -------- from: j <j.> date: 3/6/21 7:01 am (gmt-06:00) to: h <> subject: re: stop asking f for gay sex.. your writing style has certainly improved. you really know how to put multiple specious ideas together into a single sentence. great brevity. but anyway, stop panhandling your mother. you'll be getting another stimulus check soon. b has given you the other, right? $1,200 + $600 + maybe $1,400 this month. j ps: j is neither gay nor homophobic on mar 5, 2021, at 10:47 pm, h wrote: j, what concern is it of yours what my mother does with her money. if she wants to help me out, why does that enrage you so much. you remind me of that little emporer in the first shrek movie lord farquaad. look we get it, your gay and that's cool dude, now and gay people can do all kinds of cool stuff. heck you can even become a woman now and it's totally cool man or should i say wo-man ;) . i guess the point i'm trying to make is no one, except me really, bothers you about your gay stuff, so stop bothering all of us about money stuff, when it's none of your business, you big silly goose! i know it's frustrating having to wait for super awesome gay times with f on your cruises, that's probably why your angry all the time. so why don't you go live with f, move to a, get a yorkie and leave mom alone. i'm sure there are tons of guys that have loved my mom for years, who aren't gay, are over 5'10"" at least, and don't purposely run over stray dogs when they see them crossing the street, i mean come on really? well i'm about done spending 7.4 trillion dollars on a platinum toothbrush, it's all the money i had left in the world, but i thought it was a good investment, the bristle are made from endangered rhinoceros' eyelashes, well worth the price. night! - h ps - don't take your anger from reading this email, if you have any, out on mom. we've both given her enough stress in her life already. find something productive, maybe take up exercising or palates or gay sex. totally your call, just some suggestions. -------- original message -------- from: j <j.> date: 2/23/21 5:44 pm (gmt-06:00) to: h <>, h <>, h <>, ""h."" <h.> cc: b <>, b <b.>, b <b_> subject: stop asking your mom for money most all of her $600 stimulus check went to you last month, and this month you've asked for $380 to date. if you don't have money for food, and are asking for $80 today, start finding a better way to manage your money. food on your table comes first. there are all these people in food lines and you buy $250 car cameras? b- call and fuss at your mother. that is where one problem is. call and fuss at h. j","This is gonna be a long one, but well worth your investment to read, at least I think so.","A little backstory first. My mom and step-dad are and have never been decent parents to me or my brother. My brother makes a very decent living so he doesn't have to deal with my mom at all. I had to put up with my mother and step-father's bullshit for decades, because they had power of attorney over me, by forged documents, my mom always worked at public schools and was intimidating and knew a notary who she could pressure into getting things notarized without any consent from me, this happened often. My brother took over my SSI accounts very recently. I was almost to the point of going to a gas station, turning on a pump, covering my body in gasoline and flicking on a lighter, just to spite my mother, who has to have everything perfect, I wanted to see the look on her face having to verify my remains all extra crispy. Anyways, things are a little better with my brother. He now has a big portion of my life under his command and can't seem to resist the urge to treat me like shit either, but once again it's my fault. Onto this email. So I still ask my mom for money from time to time, not often, but every now and then. Most of this is explained slightly in the email, but it, for some reason unbeknownst to me, enrages my stepfather. He always sends emails to me, never calls on the phone, my Stepmother does this too, but only when she feels like taking out her frustrations on me for no reason, sounds weird, but it's true. Anyways, I guess I got tired of the email bullshit today and what I call the little man who lives in the cage in my chest, I let him out for just a bit. I consider myself a fairly decent writer, but usually I save it for talking points online. You'll need to read this from the bottom up. The first email starts from my stepfather at the very bottom and then goes up to the last one at the very top. So far he hasn't answered me back as of right now, but if he does and there's interest, I'll keep posting. These emails usually end quickly, with me a mess, crying in my bed tucked in a ball alone. Oh, the gay stuff. My stepfather has a gay best friend that he leaves my mom for constantly. They've been on cruises together, taken vacations together, they also spend weekends together as they don't live to far from each other. It enrage me and it hurts my mom, that's why I mention it often on the emails. I have no issues and get along with all gender types and conformities, basically I love err'body. OK here it is, remember read from bottom to top. 


This last one wasn't abusive, it was stuff that you need to hear. Quit acting like a man-child whose feelings get hurt on the playground. I put up with decades of abuse from you and mom. You could do me the curiosity of taking 5 minutes and reading the email below and doing some self-reflection. You're an adult and when backed into a corner you sure as hell don't act like one.  An infant jellyfish has a thicker spine than you. Read the damn email. Jesus Christ, this is who you really are huh? What a joke. 


-------- Original message --------

From: J <J.> 

Date: 3/7/21 9:08 AM (GMT-06:00) 

To: H <> 

Subject: Re: I know you don't have a walk in closet. 


I SAID STOP YOUR ABUSIVE EMAILS!


On Mar 7, 2021, at 9:05 AM, H wrote:


You stop them too then. Also.


Stop pretending you're an adult. You're a soft handed, uneducated Nancy boy that lives off women and tough talks over the internet. If mom wants to help me, she can, and you need to fuck off about it. It's unfortunate that you have chosen to utilize the trust this family extended to you after you became a part of it, to abuse, steal, and otherwise harm us. Like a slow rot in the grain of an otherwise sturdy plank of oak, you have weakened us all through your shabby comportment.


Other people may feel bound to tolerate you by circumstance, I do not, not any longer at least. You disgust me, and you should be disgusted with yourself, as well. You're a sociopath, however, all jokes aside, so I don't forsee you taking responsibility for who you really are.



Just know, that when I speak down to you, it's because I truly despise you.


-------- Original message --------

From: J <J.> 

Date: 3/7/21 8:13 AM (GMT-06:00) 

To: H <> 

Subject: Re: I know you don't have a walk in closet. 


STOP THESE ABUSIVE EMAILS


On Mar 7, 2021, at 7:56 AM, H wrote:


But it's time to step out of your own personal one. I never said you were homophobic, don't put words in my mouth, you know, kinda like how you put F's penis in your own mouth. I find it funny that you didn't really address any of my gay comments, other than saying and speaking in third person that, ""J is not gay"", I found that strange, why not just say ""I'm not gay"", in all seriousness that is a bit awkward. It's like you want to avoid the answer, I wonder why? Also thanks for completing my writing style, do you give similar compliments to F before y'all have gay sex? Do y'all have nicknames for each other, I bet y'all do. Once again, why does it enrage you so that I ask my mom for money every now and then. Aren't you using money from the trust fund your mommy left you, be honest? That may not be worded correctly, but that is true right? I mean I can't go out and buy a several thousand dollar what 65"" or 75"" LG TV on a whim. Where are you getting YOUR money from. Maybe you're spending your nights down on Montrose giving handjobs out for cash. Look if that's what you want to do, when you're not able to hang out with F, that's cool, but it's going to catch up with you and you'll eventually end up getting locked up. I would like to know where you're getting your extra spending cash, especially since according to you and mom, y'all are always broke. Didn't you buy a convertible Benz at some point, for a 60 something year old ""man"" and I use the term loosely, probably like your butthole by now, reeks of gay. You know, I didn't think about it when I was typing that previous sentence, but isn't that like a double entendre. I know you're angry you no longer have access to my SSI funds, which was giving you some extra pocket cash, it's funny how y'all were giving me like 50 dollars a week to live off of, which was absolutely insane to expect someone to live off that amount of money and now that Bub has control of those accounts I get about 4 times that amount, which still isn't a lot of money and he's using that account to pay for my electric, phone bill,  and a few other things, which y'all were supposedly doing too. So here's the short end of things, when you stop using your mom's left over money, or whatever funds you have to buy you all the cool stuff you get every couple of months, that far exceed things that I could ever afford AND stop having gay sex with F, I'll stop asking mom for a little help ever and then. You know it's somewhat abusive, mentally and emotionally to TELL my mother what she can and can't do with her finances. I know I haven't been a model son to her, but you necessarily haven't been the model husband to her either. If she wants to help her son(s) out, that should be her choice, without any interface from some bully. That's all I got for now, except one last thing, most of, if not all of this was sincere, even if a little bit of snarky humor was added to it, but this part I mean with all seriousness, you do know that mom hates F. She may tell you she doesn't when and if you decide to ask her to save face as she often does, but we've discussed it a number of times and when I've said ""You know I really don't like F."" she's responded with ""I really don't like F either."". If I knew my wife didn't like one of my friends, especially one of my gay friends who I've been on several cruises with solo, which would never happen in the first place, they'd be out of my life in a snap, no questions asked. Just something to think about...


- H


-------- Original message --------

From: J <J.> 

Date: 3/6/21 7:01 AM (GMT-06:00) 

To: H <> 

Subject: Re: Stop asking F for gay sex.. 


Your writing style has certainly improved. You really know how to put multiple specious ideas together into a single sentence. Great brevity. But anyway, stop panhandling your Mother. You'll be getting another stimulus check soon. B has given you the other, right? $1,200 + $600 + maybe $1,400 this month. J


PS: J is neither gay nor homophobic



On Mar 5, 2021, at 10:47 PM, H wrote:


J, what concern is it of yours what my mother does with her money. If she wants to help me out, why does that enrage you so much. You remind me of that little Emporer in the first Shrek movie Lord Farquaad. Look we get it, your gay and that's cool dude, now and gay people can do all kinds of cool stuff. Heck you can even become a woman now and it's totally cool man or should I say Wo-man ;) .  I guess the point I'm trying to make is no one, except me really, bothers you about your gay stuff, so stop bothering all of us about money stuff, when it's none of your business, you big silly goose! I know it's frustrating having to wait for super awesome gay times with F on your cruises, that's probably why your angry all the time. So why don't you go live with F, move to A, get a Yorkie and leave mom alone. I'm sure there are tons of guys that have loved my mom for years, who aren't gay, are over 5'10"" at least, and don't purposely run over stray dogs when they see them crossing the street, I mean come on really? Well I'm about done spending 7.4 trillion dollars on a platinum toothbrush, it's all the money I had left in the world, but I thought it was a good investment, the bristle are made from endangered Rhinoceros' eyelashes, well worth the price. Night! 

- H


PS - Don't take your anger from reading this email, if you have any, out on mom. We've both given her enough stress in her life already. Find something productive, maybe take up exercising or palates or gay sex. Totally your call, just some suggestions. 


-------- Original message --------

From: J <J.> 

Date: 2/23/21 5:44 PM (GMT-06:00) 

To: H <>, H <>, H <>, ""H."" <H.> 

Cc: B <>, B <B.>, B <B_> 

Subject: Stop asking your Mom for money 


Most all of her $600 stimulus check went to you last month, and this month you've asked for $380 to date. If you don't have money for food, and are asking for $80 today, start finding a better way to manage your money. Food on your table comes first. There are all these people in food lines and you buy $250 car cameras?



B- call and fuss at your Mother. That is where one problem is. Call and fuss at H.


J","[""Not Applicable""]",
"hemoglobin dropping || this is mostly a rant because this last doctors i saw at the obgyn was so dismissive and frustrating. i brought to her attention that i’ve been having spells of dizziness, nausea, restless legs, feeling shortness of breath. so, they ordered a hemoglobin finger prick test. well it came back to 11. not back right? two weeks ago i had my hemoglobin tested and it was 12.5 (all while still in the third trimester). in the first trimester when i had more blood work done it was 14, in the second trimester it went to 13.4 (not bad and complete normal) it took it 4-5 months to drop to 12.5. even then it was a gradual decrease. all this doctor told me was to drink more water and watch my blood sugar (i’ve been a t2d for the past five years). i told her i’ve been drinking 128-160 oz of water a day and everytime i had a spell my blood sugars were normal! she literally dismissed me. 🤧🤧🤧 currently writing this while having another spell the third one today and i’m documenting everything! i am glad we have rotating doctors and this doctor i gave an appointment with monday listens and will do more testing to me!",Hemoglobin Dropping,"This is mostly a rant because this last doctors I saw at the OBGYN was so dismissive and frustrating. I brought to her attention that I’ve been having spells of dizziness, nausea, restless legs, feeling shortness of breath. So, they ordered a hemoglobin finger prick test. 

Well it came back to 11. Not back right? Two weeks ago I had my hemoglobin tested and it was 12.5 (all while still in the third trimester). In the first trimester when I had more blood work done it was 14, in the second trimester it went to 13.4 (not bad and complete normal) it took it 4-5 months to drop to 12.5. Even then it was a gradual decrease. 

All this doctor told me was to drink more water and watch my blood sugar (I’ve been a T2D for the past five years). I told her I’ve been drinking 128-160 oz of water a day and everytime I had a spell my blood sugars were normal! She literally dismissed me. 🤧🤧🤧

Currently writing this while having another spell the third one today and I’m documenting everything! I am glad we have rotating doctors and this doctor I gave an appointment with Monday listens and will do more testing to me! ","[""Not Applicable""]",
why my pee pee hard? || can someone please tell me why my pee pee is hard?,Why my pee pee hard?,Can someone please tell me why my pee pee is hard?,"[""Not Applicable""]",
"when does the bleeding stop after natural miscarriage || tw: graphic description i had a spontaneous natural mc this past saturday at 9 weeks. i had light bleeding for a week but we saw baby and a strong heartbeat just days before the mc. the only real concern was that baby was measuring behind, but all measurements were looking positive and they just assumed my dates were wrong. given the miscarriage, i don’t think my dates were wrong, but rather something was off with development. my spotting started on 5/26, light bleeding started on 6/2, heavy bleeding/passing of (what i assume) tissue/gestational sac on 6/7. my bleeding on sunday and monday was relatively light. however, yesterday it really picked up and is heavy again. i was passing golf ball sized blood clots all night. bright red blood. wondering if anyone else had continued or sporadic heavy bleeding after their natural miscarriage? it’s been 16 days of some type of bleeding and i’m ready for it to be over with :(",When does the bleeding stop after natural miscarriage,"TW: graphic description

I had a spontaneous natural MC this past Saturday at 9 weeks. I had light bleeding for a week but we saw baby and a strong heartbeat just days before the MC. The only real concern was that baby was measuring behind, but all measurements were looking positive and they just assumed my dates were wrong. Given the miscarriage, I don’t think my dates were wrong, but rather something was off with development.

My spotting started on 5/26, light bleeding started on 6/2, heavy bleeding/passing of (what I assume) tissue/gestational sac on 6/7. My bleeding on Sunday and Monday was relatively light. However, yesterday it really picked up and is heavy again. I was passing golf ball sized blood clots all night. Bright red blood. Wondering if anyone else had continued or sporadic heavy bleeding after their natural miscarriage?

It’s been 16 days of some type of bleeding and I’m ready for it to be over with :(","[""Medical"", ""Mental Health"", ""Pregnancy""]",1.0003357569599831
"is being pressured to have sex without a condom a form of assault? || hi everyone, i (f 27) was hoping to get some insight from an outsider's pov and gain some clarity as i've been thinking of an old fuckbuddy and the sex we used to have and it's been bothering me. apologies and thank you for reading in advance, this might be a long read. i was speaking to a friend recently about sexual assault and she mentioned that guys removing their condoms mid sex/ pressuring their partner into agreeing to not use a condom can be considered assault in a way. this made me think of a fuckbuddy i had around 3 years ago. he was a very nice guy all around but during sex we'd start off with a condom and mid sex he'd start asking me if he could take it off and i remember him telling me he'll only go 'a few pumps' without a condom. and i feel so stupid looking back that he convinced me almost every time to agree even though i am so scared of stds and pregnancy and normally in my head i never thought i'd put up with that kinda stuff. i remember always buying the morning after pill after every single hookup and being so scared ( i wasn't on the pill at the time) + feeling horrible for a few days as plan b fucked with my hormones. and i remember realizing something wasn't quite right when i went to the dr's for an std check ahead of getting an iud inserted. the dr was asking me if there was any possibility i could be pregnant and i remember lying to her saying the condom had broken last time i'd had sex but that i'd taken planb. and i remember her saying ' that sounds really stressful for both you and your boyfriend'. and what she said really hit me causeai realized it was only stressful for me and he didn't really care. - i stopped seeing/talking to him shortly after this. on top of this i remember us doing anal (consensually) and he took his dick out of my ass and put it in my vagina. i remember expressing my concern at the time that it could cause an infection but he said sth along the lines ' its okay ive done it before and it was fine'. and i'd allow it and convince myself it was fine despite knowing it wasn't. these things bothered me a little bit at the time but i always blamed myself for not having stronger boundaries. but now i am starting to doubt my experience - is it possible these instances could have had an assault element to them? i remember in the moment i just went along with these things without really thinking about them. as a bit of background i suffered physical/verbal abuse as a kid/teenager and i used to have and still have a hard time telling when behaviour is healthy or not and have been working in therapy for years on boundaries and all that kinda stuff. thank you so much for reading, i hope some of your opinions can help me see this more clearly.",Is being pressured to have sex without a condom a form of assault?,"Hi everyone, I (F 27) was hoping to get some insight from an outsider's POV and gain some clarity as I've been thinking of an old fuckbuddy and the sex we used to have and it's been bothering me.

Apologies and thank you for reading in advance, this might be a long read.

I was speaking to a friend recently about sexual assault and she mentioned that guys removing their condoms mid sex/ pressuring their partner into agreeing to not use a condom can be considered assault in a way.

This made me think of a fuckbuddy I had around 3 years ago. He was a very nice guy all around but during sex we'd start off with a condom and mid sex he'd start asking me if he could take it off and I remember him telling me he'll only go 'a few pumps' without a condom. And I feel so stupid looking back that he convinced me almost every time to agree even though I am so scared of STDs and pregnancy and normally in my head I never thought I'd put up with that kinda stuff.

I remember always buying the morning after pill after every single hookup and being so scared ( I wasn't on the pill at the time) + feeling horrible for a few days as plan b fucked with my hormones. And I remember realizing something wasn't quite right when I went to the Dr's for an STD check ahead of getting an IUD inserted. The Dr was asking me if there was any possibility I could be pregnant and I remember lying to her saying the condom had broken last time I'd had sex but that I'd taken planB. And I remember her saying ' that sounds really stressful for both you and your boyfriend'. And what she said really hit me causeai realized  it was only stressful for me and he didn't really care. - I stopped seeing/talking to him shortly after this.

On top of this I remember us doing anal (consensually) and he took his dick out of my ass and put it in my vagina. I remember expressing my concern at the time that it could cause an infection but he said sth along the lines ' its okay Ive done it before and it was fine'. And I'd allow it and convince myself it was fine despite knowing it wasn't. These things bothered me a little bit at the time but I always blamed myself for not having stronger boundaries. But now I am starting to doubt my experience - is it possible these instances could have had an assault element to them?

I remember in the moment I just went along with these things without really thinking about them.

As a bit of background I suffered physical/verbal abuse as a kid/teenager and I used to have and still have a hard time telling when behaviour is healthy or not and have been working in therapy for years on boundaries and all that kinda stuff.


Thank you so much for reading, I hope some of your opinions can help me see this more clearly.","[""Abuse"", ""Sexual"", ""Mental Health"", ""Pregnancy""]",1.0005534242338618
"was my doctor wrong? || i’m in the process of passing my miscarriage with the aid of mifepristone and misoprostol. i had a scan yesterday at what should’ve been 8w4d, but there was no baby or heartbeat found. the image on the screen appeared to be an empty sac, and the doctor informed me that at this stage there should be a clearly visible baby with a heartbeat (i had a previous scan at 6w that showed the fetal pole and heartbeat). i had been experiencing very light brown spotting for a week, so i had already expected to receive bad news, and accepted the miscarriage diagnosis. i just passed my gestational sac, and expected it to look empty, but there was a fully formed embryo inside, with little eye spots, arm buds and everything. i’m in shock. how was this embryo not visible on my scan? could this have been a mistake? it makes me sick to think so, and i’m hoping someone can offer reassurance that it’s not possible. just spiraling right now… 😥",Was my doctor wrong?,"I’m in the process of passing my miscarriage with the aid of mifepristone and misoprostol. I had a scan yesterday at what should’ve been 8w4d, but there was no baby or heartbeat found. The image on the screen appeared to be an empty sac, and the doctor informed me that at this stage there should be a clearly visible baby with a heartbeat (I had a previous scan at 6w that showed the fetal pole and heartbeat). I had been experiencing very light brown spotting for a week, so I had already expected to receive bad news, and accepted the miscarriage diagnosis. 

I just passed my gestational sac, and expected it to look empty, but there was a fully formed embryo inside, with little eye spots, arm buds and everything. I’m in shock. How was this embryo not visible on my scan? Could this have been a mistake? It makes me sick to think so, and I’m hoping someone can offer reassurance that it’s not possible. Just spiraling right now… 😥","[""Medical"", ""Mental Health"", ""Pregnancy""]",1.000013186898831
"college student, struggling with independence from her family || hi everyone, here’s some background information. i’m 21 years old and currently am attending college. i live on campus but i see my parents every weekend as i am their only child and they kind of get antsy and expect me to see them every weekend. the issue isn’t that i see them every weekend, the issue is that i always feel kind of emotionally exhausted, overwhelmed and anxious when i’m back home. you see, they are very traditional people in the way that they are religious, expect me to not drink/smoke or have sex with my boyfriend because they consider it to be an action which is demoralizing and disrespectful to oneself. i will add that they pay for some of my college tuition. the issue is that they are somewhat controlling with what i do , where i go, what i say , what i wear. i just feel like a shriveled up version of myself each time i’m home. i truly love them and value all they do for me they are good people , i just don’t know how i could make this everlasting anxiety and emotional suppression go away. they found out i was smoking weed 2 weeks ago and freaked out, this not being the first time. i prefer weed over alcohol in social settings firstly because i take adhd medication and secondly because it doesn’t disinhibit me as much as alcohol does. they fail to understand this point and continue to make me feel terribly for smoking weed. again, it’s not like i am a chronic smoker.. just on social occasions or if i’m struggling with sleep. i just feel so judged, unheard and anxious all the time i’m home. does anyone have any advice or suggestions as to how i could maybe approach this situation with grace and find some kind of solution so that home can feel like home and not a prison? i know it sounds dramatic but i feel so much guilt and anxiety all the time because i feel that all of their expectations, needs and desires in a child are up to me. i also carry the burden of the peacemaker in my family and therapist. i’ve had to find a way to balance my parents issues since i was a child. this burden has carried onto me for years. i’m doing well in school, have great friends and a great boyfriend. i don’t know why they can’t see that i can do great on my own and that i can make decisions for myself without them feeling like they have to oversee all of my decisions and judge me for them.","College student, struggling with independence from her family","Hi everyone, here’s some background information. I’m 21 years old and currently am attending college. I live on campus but I see my parents every weekend as I am their only child and they kind of get antsy and expect me to see them every weekend. The issue isn’t that I see them every weekend, the issue is that I always feel kind of emotionally exhausted, overwhelmed and anxious when I’m back home. 

You see, they are very traditional people in the way that they are religious, expect me to not drink/smoke or have sex with my boyfriend because they consider it to be an action which is demoralizing and disrespectful to oneself. I will add that they pay for some of my college tuition. 

The issue is that they are somewhat controlling with what I do , where I go, what I say , what I wear. I just feel like a shriveled up version of myself each time I’m home. I truly love them and value all they do for me they are good people , I just don’t know how I could make this everlasting anxiety and emotional suppression go away. 

They found out I was smoking weed 2 weeks ago and freaked out, this not being the first time. I prefer weed over alcohol in social settings firstly because I take ADHD medication and secondly because it doesn’t disinhibit me as much as alcohol does. They fail to understand this point and continue to make me feel terribly for smoking weed. Again, it’s not like I am a chronic smoker.. just on social occasions or if I’m struggling with sleep. I just feel so judged, unheard and anxious all the time I’m home. 

Does anyone have any advice or suggestions as to how I could maybe approach this situation with grace and find some kind of solution so that home can feel like home and not a prison? I know it sounds dramatic but I feel so much guilt and anxiety all the time because I feel that all of their expectations, needs and desires in a child are up to me. 

I also carry the burden of the peacemaker in my family and therapist. I’ve had to find a way to balance my parents issues since I was a child. This burden has carried onto me for years. I’m doing well In school, have great friends and a great boyfriend. I don’t know why they can’t see that I can do great on my own and that I can make decisions for myself without them feeling like they have to oversee all of my decisions and judge me for them.","[""Not Applicable""]",
"i’m moving out tomorrow after 3 years of living with my bf, and i feel like a kid on christmas eve. || throwaway because my bf knows my main. well, after 3 years of living together (together for 4), i am moving out of my bfs apartment and into my own apartment. i signed the lease yesterday after having a panic attack in the car, and have been cool as a cucumber ever since. we started having issues in december last year after he did not get me a christmas present (literally nothing) because he “couldn’t figure out what to get”. i was hurt. that hurt uprooted a lot of neglect i had been feeling over the past year and a bit once we had gotten comfortable living together. i had done the groceries, the cooking, the cleaning, the laundry, all while going to nursing school full time and working part time as a care aide. i was working 12 hour shifts both day and night, caring for people in their dying moments and then coming home to no food made and my bf being a vegetable on the couch. i made comments and let him know this lack of effort sucked, and there was always a knee jerk reaction of effort that was always short lived. and in the moments i had time to myself he made me feel i was not giving him enough attention. the sex nearly stopped completely, i had been gaining weight from having no time to workout, and i started hating myself. i had stopped being able to give effortlessly to my bf like i used to, the house was a mess, i stopped cooking every night, and only bought the groceries, did my own laundry, and cleaned up after myself (which has continued to present day). so january rolls around this year and i decide i need there to be permanent change, or i was done. i talked about couples counselling, he was resistive. however, after many conversations, he reluctantly agreed and we went to a few sessions. i took a girls trip in march for a week to give myself an opportunity to have some space, and i came home to flowers and a few home cooked meals, feeling like this truly could be permanent change. then slowly the effort stopped, he became self centered again. no instance had brought it on, it was just a continuation of the pattern i had grown all too familiar with. i talked to him seriously this time, explaining i will leave if things don’t change. he makes effort again, more of the same. the effort lasts for less and less each time until a week ago when i had enough and broke up with him. i had been scouring marketplace looking for a place i could afford and had found the perfect one. everything felt right. he was heart broken. he said he “never thought you would really leave”. we both cried because there is love for eachother and all of the pieces for things to be amazing were there, but the glue had cracked and dried and couldn’t keep things together anymore. i’ve spent the past week reliving the good times, as everyone does at the end. we have had moments this week where we have laughed together and there have been apologies from both ends. there have been talks about us continuing to date while living separate and working on things. but i realized today, that no matter what happens, i’m just so happy to be living alone again. watching a relationship you thought was forever crumble in front of you is one of the most painful experiences of my life. you throw whatever you can at it, and nothing seems to help. the love is there, the want to make it work is there, but it doesn’t matter. yet i feel like i have mourned the loss over the past few months, i feel like as much as i am telling myself to be sad, the sad won’t come. i feel like a horrible person watching my bf cry and tell me how much i have hurt him. but i have tried all i can. i have nothing left to give.","I’m moving out tomorrow after 3 years of living with my BF, and I feel like a kid on Christmas Eve. ","Throwaway because my BF knows my main. 

Well, after 3 years of living together (together for 4), I am moving out of my BFs apartment and into my own apartment. I signed the lease yesterday after having a panic attack in the car, and have been cool as a cucumber ever since. 

We started having issues in December last year after he did not get me a Christmas Present (literally nothing) because he “couldn’t figure out what to get”. I was hurt. That hurt uprooted a lot of neglect I had been feeling over the past year and a bit once we had gotten comfortable living together. 

I had done the groceries, the cooking, the cleaning, the laundry, all while going to nursing school full time and working part time as a care aide. I was working 12 hour shifts both day and night, caring for people in their dying moments and then coming home to no food made and my BF being a vegetable on the couch. I made comments and let him know this lack of effort sucked, and there was always a knee jerk reaction of effort that was always short lived. And in the moments I had time to myself he made me feel I was not giving him enough attention. The sex nearly stopped completely, I had been gaining weight from having no time to workout, and I started hating myself. I had stopped being able to give effortlessly to my BF like I used to, the house was a mess, I stopped cooking every night, and only bought the groceries, did my own laundry, and cleaned up after myself (which has continued to present day). 

So January rolls around this year and I decide I need there to be permanent change, or I was done. I talked about couples counselling, he was resistive. However, after many conversations, he reluctantly agreed and we went to a few sessions. I took a girls trip in March for a week to give myself an opportunity to have some space, and I came home to flowers and a few home cooked meals, feeling like this truly could be permanent change. Then slowly the effort stopped, he became self centered again. No instance had brought it on, 
It was just a continuation of the pattern I had grown all too familiar with. 

I talked to him seriously this time, explaining I will leave if things don’t change. He makes effort again, more of the same. The effort lasts for less and less each time until a week ago when I had enough and broke up with him. I had been scouring marketplace looking for a place I could afford and had found the perfect one. Everything felt right. He was heart broken. He said he “never thought you would really leave”. We both cried because there is love for eachother and all of the pieces for things to be amazing were there, but the glue had cracked and dried and couldn’t keep things together anymore. 

I’ve spent the past week reliving the good times, as everyone does at the end. We have had moments this week where we have laughed together and there have been apologies from both ends. There have been talks about us continuing to date while living separate and working on things. But I realized today, that no matter what happens, I’m just so happy to be living alone again. 

Watching a relationship you thought was forever crumble in front of you is one of the most painful experiences of my life. You throw whatever you can at it, and nothing seems to help. The love is there, the want to make it work is there, but it doesn’t matter. Yet I feel like I have mourned the loss over the past few months, I feel like as much as I am telling myself to be sad, the sad won’t come. I feel like a horrible person watching my BF cry and tell me how much I have hurt him. But I have tried all I can. I have nothing left to give. ","[""Not Applicable""]",
"quietly stockpiling || i told a friend this morning that i was stockpiling extra food ‘just in case’. she laughed and called me a prepper. and i reminded her that 3 weeks ago on a random weekday, with no warning, all of spain (where i live), all of portugal and parts of other eu countries lost all power, internet, no phone service for an entire day. let that sink in. i’d been caught off guard. i hadn’t shopped and i didn’t have any cash (who does?). for just over 8 hours we had no idea why we were completely isolated. the only supermarket with backup power had a 3 hour queue. of the few stores and bars that remained open, they only accepted cash. so i was 100% fucked. people were put at real risk. vulnerable individuals on life support, isolated elders, and anyone reliant on tech for survival were suddenly without it. for eight hours, it was chaos, and that’s being generous. fortunately, it lasted only one day. this morning, the uk very quietly issued a ‘grey zone’ warning and advised people to stock up on extra supplies. enough for 2 weeks’ worth. thats not nothing. nor is it anything to panic about, but please… if i’m being too optimistic, let me know. i’m just adding extra items to my cupboards that i’ll eventually use anyway. but deep down, ever since that day 3 weeks ago in which many of us experienced a very real panic, i have been quietly adding extras to my cupboards.",Quietly Stockpiling,"I told a friend this morning that I was stockpiling extra food ‘just in case’. She laughed and called me a prepper. And I reminded her that 3 weeks ago on a random weekday, with no warning, all of Spain (where I live), all of Portugal and parts of other EU countries lost all power, internet, no phone service for an entire day. Let that sink in. I’d been caught off guard. I hadn’t shopped and I didn’t have any cash (who does?). For just over 8 hours we had no idea why we were completely isolated. The only supermarket with backup power had a 3 hour queue. Of the few stores and bars that remained open, they only accepted cash. 

So I was 100% fucked.

People were put at real risk. Vulnerable individuals on life support, isolated elders, and anyone reliant on tech for survival were suddenly without it. For eight hours, it was chaos, and that’s being generous.

Fortunately, it lasted only one day.

This morning, the UK very quietly issued a ‘grey zone’ warning and advised people to stock up on extra supplies. Enough for 2 weeks’ worth.

Thats not nothing. Nor is it anything to panic about, but please… if I’m being too optimistic, let me know.

I’m just adding extra items to my cupboards that I’ll eventually use anyway.

But deep down, ever since that day 3 weeks ago in which many of us experienced a very real panic, I have been quietly adding extras to my cupboards.","[""Not Applicable""]",
i am kind of messed up right now || [removed],I am kind of messed up right now,[removed],"[""Not Applicable""]",
"does it count for guys? am i misunderstanding this or is it not a big deal? || to this day that i can think of i've had at least 5 older women (and i mean much older) have grabbed me by the crotch and another 5 or more have ""playfully"" grabbed my ass. there was one crotch grab that i was upset about at the time. i was passing through a security line and the girl patting me down grabbed and stroked my crotch. more than necessary to check and see if i was smuggling contraband into a paramours concert. the other times it was either accidental or a bad joke. the butt grabs have typically been a joke. or at least as i perceived them. which leads me to my question. am i of the wrong mindset to perceive these sexually geared gestures as a harmless joke? should i have said something? should i forget about these instances? should i file a complaint with the concert venue? i was furious about it and my girlfriend at the time laughed me off. #metoo what do i do?",Does it count for guys? Am I misunderstanding this or is it not a big deal?,"To this day that I can think of I've had at least 5 OLDER women (and I mean much older) have grabbed me by the crotch and another 5 or more have ""playfully"" grabbed my ass. There was one crotch grab that I was upset about at the time. I was passing through a security line and the girl patting me down grabbed and stroked my crotch. More than necessary to check and see if I was smuggling contraband into a paramours concert. The other times it was either accidental or a bad joke. The butt grabs have typically been a joke. Or at least as I perceived them. Which leads me to my question. Am I of the wrong mindset to perceive these sexually geared gestures as a harmless joke? Should I have said something? Should I forget about these instances? Should I file a complaint with the concert venue? I was furious about it and my girlfriend at the time laughed me off. #metoo what do I do?","[""Not Applicable""]",
"i have a bunch of questions about metoo. i'm sure that these are basic questions that have been asked many times. obviously feel free to just point me to the best explanation/answer that you know of rather than responding yourself, since these questions are definitely not original. || 1) what do you do in cases where it's genuinely 50/50 as to whether someone behaved inappropriately? i have in mind lawrence krauss. i have zero idea as to whether lawrence krauss did anything bad. you can read about the allegations here: [https://en.wikipedia.org/wiki/lawrence\_m.\_krauss#allegations\_of\_sexual\_misconduct](https://en.wikipedia.org/wiki/lawrence_m._krauss#allegations_of_sexual_misconduct). 2) i know someone who went on krauss's podcast and got labeled an ""enabler"" for doing that. is that fair, given how little evidence there is to tell us whether krauss did anything wrong or not? 3) there's a scholar named richard carrier who got accused of inappropriate behavior that made people uncomfortable. i don't know how much damage the accusations did to his career, but i know that one subreddit that deals with the topics that carrier writes about has people on it who are saying that posts about carrier should be removed, etc., etc. i don't know if he's been disinvited from academic conferences, but people have called for him to be disinvited from various conferences on the grounds that he is a ""victimizer"" and he might jeopardize people's safety or make people feel uncomfortable. i know that it's a lot to ask for you guys to form an opinion on a particular case, but let me know your thoughts on what he says for himself here: [https://www.richardcarrier.info/casesummary.html](https://www.richardcarrier.info/casesummary.html). it's a fascinating case to me, because i've seen at least one community (it's just a subreddit, mind you, but still) where this man's reputation seems to have been destroyed by allegations. if you scroll through all the images/gifs in this article (just ignore the text) then you will see how he's being mocked by being compared to a comical pervert character from the simpsons: [https://historyforatheists.com/2018/10/richard-carrier-is-displeased-again/](https://historyforatheists.com/2018/10/richard-carrier-is-displeased-again/). 4) if you actually are innocent, and you get accused, then how are you supposed to educate people on the minutiae of your case? suppose that carrier's defense is actually very convincing. how is carrier supposed to get people to read his whole defense of himself? most people just hear that he's a pervert and then spread that around. an innocent person is up the creek when it comes to being able to combat false allegations. what % of the people spreading the allegations against carrier have read carrier's defense of himself? maybe like 0.01% of them? who knows. 5) this is an interesting paper, and i wonder what you guys think about it: [https://philarchive.org/archive/crerca-2](https://philarchive.org/archive/crerca-2). 6) i heard a weird definition of cancel culture [here](https://www.youtube.com/watch?v=wng5hlfu1xc) where the guy says that you can only be ""cancelled"" by people who have ideological clout with your audience. so the guy doing that youtube video is a left-winger and he says that there are certain prominent left-wingers who if they called him (for example) a transphobe could *ruin* him such that he would be ""cancelled."" so it takes someone who has ideological clout with *your* audience to bring an end to your career as a content-creator. what do you guys make of that definition? by that definition, right-wingers can't complain about being cancelled by left-wingers. only left-wingers can cancel left-wingers. and only right-wingers can cancel right-wingers. etc. this is the definition that comes up on google: ""cancel culture refers to the popular practice of withdrawing support for (canceling) public figures and companies after they have done or said something considered objectionable or offensive. cancel culture is generally discussed as being performed on social media in the form of group shaming."" 7) how do the metoo movement and ""cancel culture"" (is ""cancel culture"" ever non-pejorative?) deal with these questions: - what if it's ambiguous as to whether the person did something wrong? - what if it's the person's ""first strike"" (this seems crucial; if someone makes one racist comment and has no record of ever having done this then that's a crucial difference from someone who has done this over and over and over) - what if the person profusely and sincerely apologizes - what if the person promises sincerely to never do it again - what if the person demonstrates that they're getting help and rehabilitating themselves, so that it's not just a promise that they'll never do it again but there's actually a plan being implemented to make sure that they never do it again? 8) when it comes to public figures, is the position of metoo/""cancel culture"" that public life is a *privilege* and therefore it's ok to drive people out of public life? if you ""cancel"" krauss then you're trying to get his podcast shut down and prevent him from going to conferences; you're trying to eliminate him from public life completely. but if he's working in fast-food or something or just trying to live his private life then you shouldn't protest and try to get him ""cancelled"" from his job at a fast-food place, because that would be cruel and if we're going to do that then we might as well give these people capital punishment because we're not even allowing them to live within society. 9) if anyone who goes on krauss's podcast is an ""enabler"" then obviously krauss's podcast will have to get shut down. he will be ""shunned"" and driven out of public life. is that the goal with accused people? 10) i assume that the goal (whether it's with sexual harassment or racism) is to deter the behavior. but how is ""cancelling"" celebrities supposed to deter the behavior in society more broadly? it would certainly deter it among *celebrities*, but i don't see how it would deter the behavior among people who aren't part of public life (and aren't content-creators, etc.) and therefore don't need to worry about being ""cancelled"" because they have nothing to be cancelled *from*. 11) if you cancel people for being racist in too aggressive a manner, then won't it cause careful career-minded people to simply stay away from black people because they're genuinely frightened that they might say something wrong at a party to a black person (maybe something wrong or maybe something that got misinterpreted) and someone will film it on their phone and then next thing you know it gets posted on the internet and this person's life/career is ruined? 12) also, if you cancel people too aggressively for being racist then won't civil discourse totally shut down and careful career-minded people will stop voicing any opinion at all on these matters, and then the only people talking about these issues will be right-wing grifters and the like, because all the reasonable/sane/intelligent people will be way too savvy to ever wade into discussions of race/gender/etc.?","I have a bunch of questions about MeToo. I'm sure that these are basic questions that have been asked many times. Obviously feel free to just point me to the best explanation/answer that you know of rather than responding yourself, since these questions are definitely not original.","1) What do you do in cases where it's genuinely 50/50 as to whether someone behaved inappropriately? I have in mind Lawrence Krauss. I have ZERO idea as to whether Lawrence Krauss did anything bad. You can read about the allegations here:  [https://en.wikipedia.org/wiki/Lawrence\_M.\_Krauss#Allegations\_of\_sexual\_misconduct](https://en.wikipedia.org/wiki/Lawrence_M._Krauss#Allegations_of_sexual_misconduct). 

2) I know someone who went on Krauss's podcast and got labeled an ""enabler"" for doing that. Is that fair, given how little evidence there is to tell us whether Krauss did anything wrong or not? 

3) There's a scholar named Richard Carrier who got accused of inappropriate behavior that made people uncomfortable. I don't know how much damage the accusations did to his career, but I know that one subreddit that deals with the topics that Carrier writes about has people on it who are saying that posts about Carrier should be removed, etc., etc. I don't know if he's been disinvited from academic conferences, but people have called for him to be disinvited from various conferences on the grounds that he is a ""victimizer"" and he might jeopardize people's safety or make people feel uncomfortable. I know that it's a lot to ask for you guys to form an opinion on a particular case, but let me know your thoughts on what he says for himself here:  [https://www.richardcarrier.info/casesummary.html](https://www.richardcarrier.info/casesummary.html). It's a fascinating case to me, because I've seen at least one community (it's just a subreddit, mind you, but still) where this man's reputation seems to have been DESTROYED by allegations. If you scroll through all the images/GIFs in this article (just ignore the text) then you will see how he's being mocked by being compared to a comical pervert character from The Simpsons:  [https://historyforatheists.com/2018/10/richard-carrier-is-displeased-again/](https://historyforatheists.com/2018/10/richard-carrier-is-displeased-again/).

4) If you actually are innocent, and you get accused, then how are you supposed to educate people on the minutiae of your case? Suppose that Carrier's defense is actually very convincing. How is Carrier supposed to get people to read his whole defense of himself? Most people just hear that he's a pervert and then spread that around. An innocent person is up the creek when it comes to being able to combat false allegations. What % of the people spreading the allegations against Carrier have read Carrier's defense of himself? Maybe like 0.01% of them? Who knows. 

5) This is an interesting paper, and I wonder what you guys think about it:  [https://philarchive.org/archive/CRERCA-2](https://philarchive.org/archive/CRERCA-2).

6) I heard a weird definition of cancel culture [here](https://www.youtube.com/watch?v=wNG5HlFu1xc) where the guy says that you can only be ""cancelled"" by people who have ideological clout with your audience. So the guy doing that Youtube video is a left-winger and he says that there are certain prominent left-wingers who if they called him (for example) a transphobe could *ruin* him such that he would be ""cancelled."" So it takes someone who has ideological clout with *your* audience to bring an end to your career as a content-creator. What do you guys make of that definition? By that definition, right-wingers can't complain about being cancelled by left-wingers. Only left-wingers can cancel left-wingers. And only right-wingers can cancel right-wingers. Etc. This is the definition that comes up on google: ""Cancel culture refers to the popular practice of withdrawing support for (canceling) public figures and companies after they have done or said something considered objectionable or offensive. Cancel culture is generally discussed as being performed on social media in the form of group shaming.""

7) How do the MeToo movement and ""cancel culture"" (is ""cancel culture"" ever non-pejorative?) deal with these questions: 

- what if it's ambiguous as to whether the person did something wrong? 

- what if it's the person's ""first strike"" (this seems crucial; if someone makes one racist comment and has no record of ever having done this then that's a crucial difference from someone who has done this over and over and over) 

- what if the person profusely and sincerely apologizes 

- what if the person promises sincerely to never do it again

- what if the person demonstrates that they're getting help and rehabilitating themselves, so that it's not just a promise that they'll never do it again but there's actually a plan being implemented to make sure that they never do it again? 

8) When it comes to public figures, is the position of MeToo/""cancel culture"" that public life is a *privilege* and therefore it's OK to drive people out of public life? If you ""cancel"" Krauss then you're trying to get his podcast shut down and prevent him from going to conferences; you're trying to eliminate him from public life completely. But if he's working in fast-food or something or just trying to live his private life then you shouldn't protest and try to get him ""cancelled"" from his job at a fast-food place, because that would be cruel and if we're going to do that then we might as well give these people capital punishment because we're not even allowing them to live within society. 

9) If anyone who goes on Krauss's podcast is an ""enabler"" then obviously Krauss's podcast will have to get shut down. He will be ""shunned"" and driven out of public life. Is that the goal with accused people? 

10) I assume that the goal (whether it's with sexual harassment or racism) is to deter the behavior. But how is ""cancelling"" celebrities supposed to deter the behavior in society more broadly? It would certainly deter it among *celebrities*, but I don't see how it would deter the behavior among people who aren't part of public life (and aren't content-creators, etc.) and therefore don't need to worry about being ""cancelled"" because they have nothing to be cancelled *from*. 

11) If you cancel people for being racist in too aggressive a manner, then won't it cause careful career-minded people to simply stay away from black people because they're genuinely frightened that they might say something wrong at a party to a black person (maybe something wrong or maybe something that got misinterpreted) and someone will film it on their phone and then next thing you know it gets posted on the internet and this person's life/career is ruined? 

12) Also, if you cancel people too aggressively for being racist then won't civil discourse totally shut down and careful career-minded people  will stop voicing any opinion at all on these matters, and then the only people talking about these issues will be right-wing grifters and the like, because all the reasonable/sane/intelligent people will be way too savvy to ever wade into discussions of race/gender/etc.?","[""Not Applicable""]",
"after 5 years of being in a toxic relationship, i finally gave in and became the villain he so accused me of being and i don't feel any regrets. || he was my first in almost everything. my first time, my first formal boyfriend and long term relationship. i learned to crochet as i wanted to show him how much i loved him beyond physical contact. i made him sweaters, a kirby with an comically huge ass, a scarf and a small bear that he could take with him for company, that in a way, i could metaphorically be with him always to support him. when i learned how to bake, i made him cookies and his favourite pastries, i also taught myself in my free time how to rig and create models in blender cuz at the time he was majoring in videogame development and he always complained that he was packed with homework. he left his major anyways and decided to not finish college. i tried to help, but after that things only went downhill. he always sought to fight, no matter what i was doing or saying, he always wanted to be right and have the last word. he then cheated on me but justified it by saying that it was just ""one time"" and that i was unfaithful to him and his ego. when in reality at the time i was r ped by one of his ""friends"". whenever we spent time alone he'd tell me i was always sensitive either by crying at a movie, smiling at an old couple or telling him i worried about a certain friend who was going through something difficult. in his mind, empathy was a weakness. he told me i was a good person but that i should care less about people, and as an example he told me that at the same time one of his best friends was going through a divorce, he laughed and mocked his own best friend, saying that he cared very little about what he had to tell him. i was mortified and confronted him about it. he just dismissed me. yesterday he started arguing that i was uninterested in his life, that i barely spent any time with him and that i always gaslit him into believing he always had to justify me. when i asked him why he was saying that he told me that it was because i decided to go out with some of my friends in a day we had planned to watch a movie marathon. the thing is, the date with them was changed at last moment and everything had already been paid. fyi i did inform him a week ago and he said he didn't have any problems with our plans postponing. well, apparently he did and he just hid it and decided to not talk about how he felt. again… as he always hid what he felt and i had to insist him to open up. but i was tired. so this time instead of explaining, or complaining or even trying to make him see that from my perspective i thought everything was solvable if he had just told me how he really felt. i took the blame. i accepted whatever deprecating thing he directed at me. he accused me of gaslighting him, manipulating him into being considerate, that i always was the one to cancel our plans, that i was always exaggerating things between us, that i was a b tch, that i was oversensitive about everything, etc. and i accepted all of it. i admitted to all of that even if all of those were lies. i then told him he could leave and that i was sorry for being awful. he did, he even told me he was leaving because i was ""too toxic for our own good."" he then blocked me on everything this morning, he started telling his friends how awful i am. i couldn't leave him at first. because i really loved him. but now? the problem is that i was afraid of leaving him, because i stupidly thought i could ""fix him"" or even try to make him see that life was not so awful as he always said. at this point i know i was just looking for an excuse to leave him, but i didn't had the guts to actually do it. until now. thanks for reading.","After 5 years of being in a toxic relationship, I finally gave in and became the villain he so accused me of being and I don't feel any regrets.","He was my first in almost everything. My first time, my first formal boyfriend and long term relationship.

I learned to crochet as I wanted to show him how much I loved him beyond physical contact.
I made him sweaters, a kirby with an comically huge ass, a scarf  and a small bear that he could take with him for company, that in a way, I could metaphorically be with him always to support him.
When I learned how to bake, I made him cookies and his favourite pastries, I also taught myself in my free time how to rig and create models in Blender cuz at the time he was majoring in videogame development and he always complained that he was packed with homework. He left his major anyways and decided to not finish college.

I tried to help, but after that things only went downhill.

He always sought to fight, no matter what I was doing or saying, he always wanted to be right and have the last word.

He then cheated on me but justified it by saying that it was just ""one time"" and that I was unfaithful to him and his ego. When in reality at the time I was r ped by one of his ""friends"".

Whenever we spent time alone he'd tell me I was always sensitive either by crying at a movie, smiling at an old couple or telling him I worried about a certain friend who was going through something difficult.

In his mind, empathy was a weakness. He told me I was a good person but that I should care less about people, and as an example he told me that at the same time one of his best friends was going through a divorce, he laughed and mocked his own best friend, saying that he cared very little about what he had to tell him.

I was mortified and confronted him about it. He just dismissed me.

Yesterday he started arguing that I was uninterested in his life, that I barely spent any time with him and that I always gaslit him into believing he always had to justify me.

When I asked him why he was saying that he told me that it was because I decided to go out with some of my friends in a day we had planned to watch a movie marathon. The thing is, the date with them was changed at last moment and everything had already been paid.

Fyi I did inform him a week ago and he said he didn't have any problems with our plans postponing.

Well, apparently he did and he just hid it and decided to not talk about how he felt. Again… As he always hid what he felt and I had to insist him to open up.

But I was tired. So this time instead of explaining, or complaining or even trying to make him see that from my perspective I thought everything was solvable if he had just told me how he really felt.

I took the blame. I accepted whatever deprecating thing he directed at me.

He accused me of gaslighting him, manipulating him into being considerate, that I always was the one to cancel our plans, that I was always exaggerating things between us, that I was a b tch, that I was oversensitive about everything, etc.

And I accepted all of it. I admitted to all of that even if all of those were lies.

I then told him he could leave and that I was sorry for being awful. He did, he even told me he was leaving because I was ""too toxic for our own good.""

He then blocked me on everything this morning, he started telling his friends how awful I am.

I couldn't leave him at first. Because I really loved him.
But now? The problem is that I was afraid of leaving him, because I stupidly thought I could ""fix him"" or even try to make him see that life was not so awful as he always said.

At this point I know I was just looking for an excuse to leave him, but I didn't had the guts to actually do it. Until now.

Thanks for reading.
","[""Not Applicable""]",
"trigger state || *im in utah* i just found out i was pregnant two days ago and i made an appointment for next week at pp to get the scan and abortion referral. i am terrified of what this means for me. is it in effect immediately? should i start looking into other options? i can’t travel due to the monetary cost, so it would have to be something i can order online. i’m sorry this post is all over the place, having my rights taken away from me has me absolutely freaked out.",Trigger State,"*Im in Utah* 
I just found out I was pregnant two days ago and I made an appointment for next week at PP to get the scan and abortion referral. I am terrified of what this means for me. Is it in effect immediately? Should I start looking into other options? I can’t travel due to the monetary cost, so it would have to be something I can order online. I’m sorry this post is all over the place, having my rights taken away from me has me absolutely freaked out.","[""Mental Health"", ""Discrimination"", ""Pregnancy""]",1.0001588552983067
"update: bad news at 13w ultrasound || tw: pregnancy loss hi everyone, i had a lot of requests for updates on my last post so here goes. after being advised to terminate by our doctor due to what she thought was likely hypoplastic left heart syndrome, we ultimately decided to wait a few weeks to get a second opinion when our baby was a bit bigger, and they could hopefully see her heart more clearly. we also wanted to wait for nipt results. we received them about a week after our initial scan and found out she was a girl with no chromosomal abnormalities. we breathed a sigh of relief and clung to hope that the doc, who told us this was almost certainly due to a chromosomal issue, was wrong about her heart as well. the wait for today’s scan was torture, but i tried to just enjoy every moment i could carrying her and telling her how loved she is. sadly, the sonographer was not able to find a heartbeat. she stopped growing at 13 weeks, so she likely passed very shortly after our last appointment. we are crushed and mourning our daughter, but find peace in knowing we will try again. i’m so grateful to this sub and all those who shared their insights, support, and advice. it was instrumental in helping me through these last few weeks. all of your struggles in pregnancy are valid, but please remember how much of a gift it is to have a healthy baby.",Update: bad news at 13w ultrasound,"Tw: pregnancy loss

Hi everyone, I had a lot of requests for updates on my last post so here goes. After being advised to terminate by our doctor due to what she thought was likely hypoplastic left heart syndrome, we ultimately decided to wait a few weeks to get a second opinion when our baby was a bit bigger, and they could hopefully see her heart more clearly. We also wanted to wait for NIPT results. We received them about a week after our initial scan and found out she was a girl with no chromosomal abnormalities. We breathed a sigh of relief and clung to hope that the Doc, who told us this was almost certainly due to a chromosomal issue, was wrong about her heart as well. 

The wait for today’s scan was torture, but I tried to just enjoy every moment I could carrying her and telling her how loved she is. Sadly, the sonographer was not able to find a heartbeat. She stopped growing at 13 weeks, so she likely passed very shortly after our last appointment. We are crushed and mourning our daughter, but find peace in knowing we will try again. 

I’m so grateful to this sub and all those who shared their insights, support, and advice. It was instrumental in helping me through these last few weeks. All of your struggles in pregnancy are valid, but please remember how much of a gift it is to have a healthy baby. ","[""Medical"", ""Mental Health"", ""Pregnancy""]",1.0009119983447996
"i'm 8 months pregnant after 11 miscarriages and i'm starting to realize that it's okay and i really am going to have this baby. || it seems like just a few weeks ago that i got the positive test and then spent way too much time comparing tests after every pee to make sure they were getting darker. i have only just now bought any baby clothes or referred to her by name. i know it's not logical, but i didn't want to jinx it. this is really going to happen, isn't it??? i'm really going to have my rainbow baby.",I'm 8 months pregnant after 11 miscarriages and I'm starting to realize that it's okay and I really am going to have this baby.,"It seems like just a few weeks ago that I got the positive test and then spent way too much time comparing tests after every pee to make sure they were getting darker. I have only just now bought any baby clothes or referred to her by name. I know it's not logical, but I didn't want to jinx it.

This is really going to happen, isn't it??? I'm really going to have my rainbow baby.","[""Mental Health"", ""Pregnancy""]",1.0001586168564365
"baby shower fail || hello ladies! so, we had our baby shower yesterday, and it was honestly very disappointing. i was hoping for a day when everyone would come together to celebrate our child, and that was honestly not what we got. to keep it short i will do my venting in point form: -found out about an twenty minutes before heading to the shower that my dad would not be attending. no one had bothered to mention this to me. i phoned my mom in tears and wasn't even able to get two sentences out before i hung up on her in frustration because she called me ""silly"" for being so upset. to my awesome mom's credit, she phoned my dad, rescued him from work, and brought him to the shower. -my mother in law left my cake out...and the dog ate it...i was super upset because one of the reasons i had originally wanted to have a baby shower was for a dinosaur shaped cake. and my brother worked super hard to find us an ""affordable"" cake that could be done in time. what hurt the most is that my mother in law brushed it off and laughed about it like it was no big deal. i was literally destroyed at this point. -on my way to the shower a friend texts me to ask what the name of this one baby store is. i tell him, but also inform him that we aren't registered there and that they don't really have anything we want. he tells me to ""suck it up"". he shows up two hours after our shower starts. -husband and i arrive at the shower. several people don't even bother saying hi to me, and just head for the food platters. -once everyone showed up we played a really cool baby trivia game. i was actually really impressed with my brother and friend for finding something fun for us to do that was not too embarrassing! -gift opening time! i really didn't want to do this but apparently it's just bad form not to. so we sat around and opened presents. our friends made a big deal about us registering and making sure we got what we ""needed"" for the shower. i don't know why, since only two people bought things we asked for. everyone else went off registry. i wouldn't have minded, had they included gift receipts since a lot of the stuff we already had, or they were just not things we would use. someone actually bought us a girl's onsie (we are having a boy...everyone knows this...) that i couldn't return because the person sharpied out the price tag. so now i have all this baby stuff that i don't want, and that i cannot return or exchange. i think we will just donate it. -one of our best friends actually got us a gift card from a store that he knows (if he has listened to any of the things we have been talking about for the last couple of months) my husband and i hate shopping at. -a friend came up to me and told me that she needed a ride into town right at that moment (we were at the inlaw's acreage which is 25 minutes out of the city limits) because she was overwhelmed (i later found out she had been crying to my mom about her divorce, which i completely understand...but this is not the sixth party where she has been ""the girl who cries, makes everyone uncomfortable, and leaves""). i figured since she was asking me she must have exhausted all her options, and so i agreed to do it, because, really, what else was i going to say? turns out she didn't ask anyone else ride. -after dropping my friend off i come back to find that half the people have left. we all head out over to the fire pit area and it starts to hail. in june. lucky for us the parents had set up a pretty amazing tarp and i was able to enjoy the fire and have some pretty decent conversations with people. i do have to admit though that i was really glad when everyone went home. i actually just dropped into the bed and cried into my husband's arms for about half an hour. i finally calmed down but was unable to fall asleep. i got up at 5 o'clock in the morning and started cleaning up. i literally could not sit still. so i cleaned up, drove the presents to my house, put things away, tried to return/exchange some stuff with no luck, and sat on my couch, all while trying to not cry. i'm just so...disappointed. i was really hoping my friends would pull through and make this an awesome event for us, and there was this complete lack of caring from 90% of the people there. i will say that the other 10% are so freaking amazing, and i am so glad to have them in my life! so...bumpers...tell me something awesome about your weekend? i could use some adorable pregnant lady stories to cheer me up. edit: thank you guys for providing some much needed perspective. i guess i sort of got caught up in my pity party. i'm really sorry if the post is insensitive or offensive to anyone. that wasn't my intent. i just wanted to share a ""bad day"".",Baby Shower Fail,"Hello ladies!

So, we had our baby shower yesterday, and it was honestly very disappointing. I was hoping for a day when everyone would come together to celebrate our child, and that was honestly not what we got. 

To keep it short I will do my venting in point form:

-Found out about an twenty minutes before heading to the shower that my dad would not be attending. No one had bothered to mention this to me. I phoned my mom in tears and wasn't even able to get two sentences out before I hung up on her in frustration because she called me ""silly"" for being so upset. To my awesome mom's credit, she phoned my dad, rescued him from work, and brought him to the shower. 

-My mother in law left my cake out...and the dog ate it...I was super upset because one of the reasons I had originally wanted to have a baby shower was for a dinosaur shaped cake. And my brother worked super hard to find us an ""affordable"" cake that could be done in time. What hurt the most is that my mother in law brushed it off and laughed about it like it was no big deal. I was literally destroyed at this point.

-On my way to the shower a friend texts me to ask what the name of this one baby store is. I tell him, but also inform him that we aren't registered there and that they don't really have anything we want. He tells me to ""suck it up"". He shows up TWO HOURS after our shower starts. 

-Husband and I arrive at the shower. Several people don't even bother saying hi to me, and just head for the food platters. 

-Once everyone showed up we played a really cool baby trivia game. I was actually really impressed with my brother and friend for finding something fun for us to do that was not too embarrassing! 

-Gift opening time! I really didn't want to do this but apparently it's just bad form not to. So we sat around and opened presents. Our friends made a big deal about us registering and making sure we got what we ""needed"" for the shower. I don't know why, since only two people bought things we asked for. Everyone else went off registry. I wouldn't have minded, had they included gift receipts since a lot of the stuff we already had, or they were just not things we would use. Someone actually bought us a girl's onsie (we are having a boy...everyone knows this...) that I couldn't return because the person  sharpied out the price tag. So now I have all this baby stuff that I don't want, and that I cannot return or exchange. I think we will just donate it. 

-One of our best friends actually got us a gift card from a store that he knows (if he has listened to any of the things we have been talking about for the last couple of months) my husband and I hate shopping at. 

-A friend came up to me and told me that she needed a ride into town right at that moment (we were at the inlaw's acreage which is 25 minutes out of the city limits) because she was overwhelmed (I later found out she had been crying to my mom about her divorce, which I completely understand...but this is not the sixth party where she has been ""the girl who cries, makes everyone uncomfortable, and leaves""). I figured since she was asking me she must have exhausted all her options, and so I agreed to do it, because, really, what else was I going to say? Turns out she didn't ask anyone else ride.  

-After dropping my friend off I come back to find that half the people have left. We all head out over to the fire pit area and it starts to HAIL. In JUNE. Lucky for us the parents had set up a pretty amazing tarp and I was able to enjoy the fire and have some pretty decent conversations with people. 

I do have to admit though that I was really glad when everyone went home. I actually just dropped into the bed and cried into my husband's arms for about half an hour. I finally calmed down but was unable to fall asleep. I got up at 5 o'clock in the morning and started cleaning up. I literally could not sit still. So I cleaned up, drove the presents to my house, put things away, tried to return/exchange some stuff with no luck, and sat on my couch, all while trying to not cry. 

I'm just so...disappointed. I was really hoping my friends would pull through and make this an awesome event for us, and there was this complete lack of caring from 90% of the people there. I will say that the other 10% are so freaking amazing, and I am so glad to have them in my life!

So...bumpers...tell me something awesome about your weekend? I could use some adorable pregnant lady stories to cheer me up. 

Edit: Thank you guys for providing some much needed perspective. I guess I sort of got caught up in my pity party. I'm really sorry if the post is insensitive or offensive to anyone. That wasn't my intent. I just wanted to share a ""bad day"". ","[""Not Applicable""]",
"stillbirth at week 39 || my wife was a having a normal pregnancy with no protein in her urine, normal blood pressure but she did have gestational diabetes and was using initially 6 but later increased to 7 units of insulin. we completely changed our diet as well as with the insulin the fasting sugar level was in the normal range (85-95) . we were doing regular ultrasound on a weekly basis to measure fluid levels and all the things was absolutely in normal range. the doctor had called us a few days before our due date but a week before that my wife started feeling contractions and we went to the hospital only to find out that our baby had no heartbeat. the doctor told us that this was a completely new case for her as she had never seen anything like this considering her every measurement was in normal range. she did a c-section on my wife and told that the my wife had suffered from preclamsia within the last 24 hours and as a result the placenta had ruptured causing our baby to pass away. she had slightly lower fasting blood sugar level a day before (around 70). obviously this came as a huge shock for us as the everything was going normally and no one ever saw this coming. but for some reason i find it very hard to accept doctor's explanation.",Stillbirth at Week 39,"My wife was a having a normal pregnancy with no protein in her urine, normal blood pressure but she did have Gestational Diabetes and was using initially 6 but later increased to 7 units of insulin. We completely changed our diet as well as with the insulin the fasting sugar level was in the normal range (85-95) . We were doing regular ultrasound on a weekly basis to measure fluid levels and all the things was absolutely in normal range. The doctor had called us a few days before our due date but a week before that my wife started feeling contractions and we went to the hospital only to find out that our baby had no heartbeat. The doctor told us that this was a completely new case for her as she had never seen anything like this considering her every measurement was in normal range. She did a C-section on my wife and told that the my wife had suffered from preclamsia within the last 24 hours and as a result the placenta had ruptured causing our baby to pass away. She had slightly lower fasting blood sugar level a day before (around 70). Obviously this came as a huge shock for us as the everything was going normally and no one ever saw this coming. But for some reason I find it very hard to accept doctor's explanation. ","[""Medical"", ""Mental Health"", ""Pregnancy""]",1.000045611249943
"how do i avoid what could possibly be a trigger to me? || to sum up my story basically i was touched innapropriately when i was 6 by two other 6 year olds. this gave me trauma. i've noticed because of this experience, porn gives me panic attacks when i see it, especially when it's of a women being naked in front of a man. sadly, porn like this is very common on the internet and i don't know how to avoid it. i just let myself have a panic attack when i see it because i don't want trauma to affect my internet experience. people say that this possible trigger is dumb and stupid. i know it's not because once i was in a discord server during online class breaks and someone sent that stuff and i had a panic attack so during the class after that i couldn't focus.",How do i avoid what could possibly be a trigger to me?,"To sum up my story basically I was touched innapropriately when I was 6 by two other 6 year olds. This gave me trauma. 

I've noticed because of this experience, porn gives me panic attacks when I see it, especially when it's of a women being naked in front of a man. Sadly, porn like this is very common on the internet and I don't know how to avoid it. I just let myself have a panic attack when I see it because I don't want trauma to affect my internet experience. People say that this possible trigger is dumb and stupid. I know it's not because once I was in a discord server during online class breaks and someone sent that stuff and I had a panic attack so during the class after that I couldn't focus.","[""Not Applicable""]",
"x link ichthyosis / pregnancy / abortion second baby || please no judgement. i just don’t know what to do or how to process. i found out when our son was born that i carry a genetic skin condition that only affects males. males have the condition (i.e my dad) and they can only pass it onto their daughters, not their sons. and their daughters are then carriers. daughters can pass it onto their daughters (who would then be a carrier) or their sons who would actually have the condition. it’s a dry skin condition called x - link ichthyosis. so we found out once our son was born because he sadly got it from me. it can be really severe but luckily so far it hasn’t with our son. it isn’t just a skin condition it also has other issues, hearing problems or eye issues and even slow development. there’s no way to tell how severe it would get until they grew up. we were offered genetic counselling and had the options of getting pregnant naturally and testing the baby to see if they were male/female and for if they had the condition or ivf. we explored ivf but decided we didn’t want to because we were worried on how long it would take to actually conceive but also felt we were taking it away from other people who couldn’t conceive at all. so we took a stupid gamble and decided to conceive naturally. i feel like we didn’t really think it through on how badly the decisions we needed to make would affect us and how hard it would be. we found out today we’re having a boy, they can’t test to see if this boy has the skin condition until i’m 11.5 weeks, and it can then take up to a few weeks to get the results, which brings me to almost 16 weeks so if they had the condition and i terminated i’d be so far along. and i’m stuck. i don’t know what to do. my husband and i know we don’t want another child with this condition and especially knowingly passing it on, and living with the guilt of doing that. but we also don’t want to get to 16 weeks and find out they have the condition and that makes termination 1000000x harder because of how far along we are. but we also don’t want to terminate without knowing if they have it or not because we could be terminating a healthy baby. and i’m stuck: i feel frozen in time where i don’t know what to do. i’m scared and any decision i make will have guilt and regret on it. i don’t know why i’m posting this here i just don’t know where to vent to. and i’m hoping there’s mums out there who have or know of people who have been in this situation. i feel so alone in this. and yes my husband is here and he’s supportive as ever but it’s me who has to go through it. i feel so broken 😞",X link ichthyosis / pregnancy / abortion second baby,"



Please no judgement. I just don’t know what to do or how to process. 

I found out when our son was born that I carry a genetic skin condition that only affects males. 

Males have the condition (I.e my dad) and they can only pass it onto their daughters, not their sons. And their daughters are then carriers. Daughters can pass it onto their daughters (who would then be a carrier) or their sons who would actually have the condition. It’s a dry skin condition called x - link ichthyosis. 



So we found out once our son was born because he sadly got it from me. 

It can be really severe but luckily so far it hasn’t with our son. It isn’t just a skin condition it also has other issues, hearing problems or eye issues and even slow development. 

There’s no way to tell how severe it would get until they grew up. 



We were offered genetic counselling and had the options of getting pregnant naturally and testing the baby to see if they were male/female and for if they had the condition or IVF. 



We explored IVF but decided we didn’t want to because we were worried on how long it would take to actually conceive but also felt we were taking it away from other people who couldn’t conceive at all. 



So we took a stupid gamble and decided to conceive naturally. I feel like we didn’t really think it through on how badly the decisions we needed to make would affect us and how hard it would be. 



We found out today we’re having a boy, they can’t test to see if this boy has the skin condition until I’m 11.5 weeks, and it can then take up to a few weeks to get the results, which brings me to almost 16 weeks so if they had the condition and I terminated I’d be so far along. 



And I’m stuck. I don’t know what to do. 

My husband and I know we don’t want another child with this condition and especially knowingly passing it on, and living with the guilt of doing that. 



But we also don’t want to get to 16 weeks and find out they have the condition and that makes termination 1000000x harder because of how far along we are. 



But we also don’t want to terminate without knowing if they have it or not because we could be terminating a healthy baby. 



And I’m stuck: 

I feel frozen in time where I don’t know what to do. 

I’m scared and any decision I make will have guilt and regret on it. 



I don’t know why I’m posting this here 

I just don’t know where to vent to. And I’m hoping there’s mums out there who have or know of people who have been in this situation. 



I feel so alone in this. And yes my husband is here and he’s supportive as ever 

But it’s me who has to go through it. 



I feel so broken 😞

","[""Medical"", ""Mental Health"", ""Pregnancy""]",1.0001588552983067
"aita for telling my parents that my husband that if they don't like our lifestyle they can leave? || i'm upset so i will get right to the point. my husband and i both make well over six figures. but we work long hours and as a result when we are not working or at the gym working out, we just want to veg out. so, we (when not working) will generally make breakfast but order out lunch and dinner or go out to eat. if we are working, we eat out all three meals. our loans are paid off, we own our condo, and we have no children. so, eating/ordering out makes us happy. we also have a cleaning lady come twice a week to clean out home and do our laundry. our parents came to visit and were upset that we didn't cook for them the whole week except for breakfast (we took the week off because we both knew both sets of parents were coming). we told them we don't cook except for breakfast but our condo is right next store to a plaza that has a grocery, and they are welcome to cook if they like. but there were quite a few restaurants that we have yet to take them to so why not try one of them? they got on us on how much money we were spending, and my mil got on me when the cleaning lady came and said i should be doing the cleaning b/c she worked and cleaned and took care of kids so she doesn't get why i can't. which pissed me off so i went off and told her ""because i'm not super woman, have no desire to be and refuse to try and if she wants a participation trophy for being over worked and under paid, she can head to the bar and have a shot of jameson."" i then told her and my parents that i did not spend 4 years in college and two in graduate school to play florence from the jeffersons (it’s an 80s show that my parents love to watch). so, they went on to complain about how much money we were ""wasting"". my husband told them that it is not their money its ours and we don't consider it a waste. we told them the last thing we want to do when we get off from work is cook and clean. my husband told his mom that he never understood why she would work herself to the bone like that even when he and his sisters tried to pitch in and help, she insisted on doing everything herself. i told her i will not be doing that. so, they went on about an emergency fund. we told them before we started living the way we do we made sure our student loans were paid off and we each have a year's salary saved up plus investments, so we are good thank you. my dad tried to be intrusive and ask how much money we both made, and we said, ""none of your business!!!"" at the same time, which made us both laugh but they were not laughing. they didn't like our reaction and felt we were wasting money. we told them if they have a problem with our lifestyle, they could all leave. so, they ubered to a hotel. we really didn't want them to leave just to drop the subject. so, are we idiots for telling them they could leave? update: i've texted both sets of parents and told them i'm sorry for what i said and want them to come back as i never wanted them to leave. that i know what i said about them leaving was out of line, i just wanted to drop the subject but my way about it was wrong. i told them whether they decide to come back i would like to reimburse them for the hotel rooms. 2nd update: yeah, we just met up at a restaurant near the hotel. they didn't want to eat so we sat at the bar and talked. we told them that our finances are our business and though we told them that if they didn't like it, they could leave we were not literal when we said it. we just wanted to drop the subject. they continued that we are wasting money. we told them it is our money to waste and just bc they consider it wasting money we don't. we consider it one of the perks of our very fortunate life and it was not going to change. we told them that we appreciate their concern, but we know what we are doing, that they don't have to agree with it but it is not up for discussion or debate. we told them we would love to have them back and to enjoy the rest of the week with them but any comments or conversation about how we spend our money will not be allowed. they agreed and we are taking them to a restaurant a little off the beaten path that we know they all will love. no, they didn't apologize but we didn't expect them to.",AITA For telling my parents that my husband that if they don't like our lifestyle they can leave?,"I'm upset so I will get right to the point. My husband and I both make well over six figures.  But we work long hours and as a result when we are not working or at the gym working out, we just want to veg out.

So, we (when not working) will generally make breakfast but order out lunch and dinner or go out to eat.  If we are working, we eat out all three meals.   Our loans are paid off, we own our condo, and we have no children. So, eating/ordering out makes us happy.  We also have a cleaning lady come twice a week to clean out home and do our laundry.

Our parents came to visit and were upset that we didn't cook for them the whole week except for breakfast (we took the week off because we both knew both sets of parents were coming).  We told them we don't cook except for breakfast but our condo is right next store to a plaza that has a grocery, and they are welcome to cook if they like.  But there were quite a few restaurants that we have yet to take them to so why not try one of them? They got on us on how much money we were spending, and my MIL got on me when the cleaning lady came and said I should be doing the cleaning b/c she worked and cleaned and took care of kids so she doesn't get why I can't. Which pissed me off so I went off and told her ""Because I'm not super woman, have no desire to be and refuse to try and if she wants a participation trophy for being over worked and under paid, she can head to the bar and have a shot of Jameson."" I then told her and my parents that I did not spend 4 years in college and two in graduate school to play Florence from The Jeffersons (it’s an 80s show that my parents love to watch).  So, they went on to complain about how much money we were ""wasting"". My husband told them that it is not their money its ours and we don't consider it a waste. We told them the last thing we want to do when we get off from work is cook and clean.  My husband told his mom that he never understood why she would work herself to the bone like that even when he and his sisters tried to pitch in and help, she insisted on doing everything herself. I told her I will not be doing that.

So, they went on about an emergency fund. We told them before we started living the way we do we made sure our student loans were paid off and we each have a year's salary saved up plus investments, so we are good thank you. My dad tried to be intrusive and ask how much money we both made, and we said, ""None of your business!!!"" at the same time, which made us both laugh but they were not laughing. They didn't like our reaction and felt we were wasting money.  We told them if they have a problem with our lifestyle, they could all leave. So, they ubered to a hotel. We really didn't want them to leave just to drop the subject.

So, are we idiots for telling them they could leave?

  
UPDATE: I've texted both sets of parents and told them I'm sorry for what I said and want them to come back as I never wanted them to leave. That I know what I said about them leaving was out of line, I just wanted to drop the subject but my way about it was wrong.  I told them whether they decide to come back I would like to reimburse them for the hotel rooms. 

2nd UPDATE:
Yeah, we just met up at a restaurant near the hotel. They didn't want to eat so we sat at the bar and talked.  

We told them that our finances are our business and though we told them that if they didn't like it, they could leave we were not literal when we said it. We just wanted to drop the subject.

They continued that we are wasting money. We told them it is our money to waste and just bc they consider it wasting money we don't. We consider it one of the perks of our very fortunate life and it was not going to change. We told them that we appreciate their concern, but we know what we are doing, that they don't have to agree with it but it is not up for discussion or debate.  We told them we would love to have them back and to enjoy the rest of the week with them but any comments or conversation about how we spend our money will not be allowed. 

They agreed and we are taking them to a restaurant a little off the beaten path that we know they all will love.  No, they didn't apologize but we didn't expect them to.
","[""Not Applicable""]",
"i don't want to be pretty anymore || i don't want to be pretty anymore. i just don't. i don't like how it feels. i don't like having long hair or wearing girly makeup. i don't like how my boobs show through my clothes, no matter what i wear or how many layers i have on. i don't even feel like myself. i don't like how guys look at me, like i'm a piece of meat, or some type of thing to salivate over. i don't even want to look like myself. i'd give anything to look plain, to look like someone nobody wanted to be around. i'd give anything to be ugly. i used to care about how i look when i went out but now i don't. i don't think i'm ever going to wear my makeup out of the house ever. i don't even care about my hair, i'm thinking about cutting it really short again. i want to wear ugly clothes. i don't want guys to look at me. i don't want to be pretty.",I Don't Want To Be Pretty Anymore,"I don't want to be pretty anymore. I just don't. I don't like how it feels. I don't like having long hair or wearing girly makeup. I don't like how my boobs show through my clothes, no matter what I wear or how many layers I have on. I don't even feel like myself. I don't like how guys look at me, like I'm a piece of meat, or some type of thing to salivate over. I don't even want to look like myself. I'd give anything to look plain, to look like someone nobody wanted to be around. I'd give anything to be ugly. I used to care about how I look when I went out but now I don't. I don't think I'm ever going to wear my makeup out of the house ever. I don't even care about my hair, I'm thinking about cutting it really short again. I want to wear ugly clothes. I don't want guys to look at me. I don't want to be pretty.","[""Not Applicable""]",
"how to still be supportive to a pregnant best friend || my best friend is 21w and is sending ultrasound pictures, and i can’t stand to even look. i miscarried 3 weeks ago at 8w 3d, had to have a d&c a week later, and i am still processing all that just happened. we were due only a couple months apart, so watching her go through her pregnancy journey hurts a lot - but she and this pregnancy deserve to be celebrated, and as one of her closest friends i am having such a hard time being happy for her while also being so sad for myself. looking to see if anyone else has had a similar experience. were you able to remain a present and supportive friend, or did you have to fade yourself? how did your friend react? how did you cope with it?",How to still be supportive to a pregnant best friend,"My best friend is 21w and is sending ultrasound pictures, and I can’t stand to even look. 

I miscarried 3 weeks ago at 8w 3d, had to have a d&c a week later, and I am still processing all that just happened. 

We were due only a couple months apart, so watching her go through her pregnancy journey hurts a lot - but she and this pregnancy deserve to be celebrated, and as one of her closest friends I am having such a hard time being happy for her while also being so sad for myself. 

Looking to see if anyone else has had a similar experience. Were you able to remain a present and supportive friend, or did you have to fade yourself? How did your friend react? How did you cope with it? ","[""Medical"", ""Mental Health"", ""Pregnancy""]",1.000013425309668
"aita for calling one daughter in law more beautiful than the other one(both are of my aunt)? || my aunt has two boys and the younger one married recently(last month) and the older one got married 3 years ago.on the wedding day during dinner i was having conversation with my uncle and aunt(i am personally close to them) about the wedding,the food,the venue and then the conversation comes to the bride who was standing with the wife of the older son on the stage and my uncle says ""she looks beautiful doesn't she"",now it was my fault that i did not see that the bride's father and mother were sitting nearby vaguely paying attention to what was being said by me and my uncle and my aunt,and i replied ""yes she does look beautiful but the older one looks even more beautiful"" referring to the wife of the older son.both the parents of the bride who were sitting there did not take it kindly,they turned around and called me disrespectful,abusive slurs.i,to calm the situation down just left the area and went to my hotel as did not want to be seen as party spoiler.my uncle and aunt have said it was not a big deal but after that i was not invited to the reception and i think it is lucid to know why.so in this situation aita?",AITA for calling one daughter in law more beautiful than the other one(both are of my aunt)?,"My aunt has two boys and the younger one married recently(last month) and the older one got married 3 years ago.On the wedding day during dinner I was having conversation with my uncle and aunt(I am personally close to them) about the wedding,the food,the venue and then the conversation comes to the bride who was standing with the wife of the older son on the stage and my uncle says ""she looks beautiful doesn't she"",now it was my fault that I did not see that the bride's father and mother were sitting nearby vaguely paying attention to what was being said by me and my uncle and  my aunt,and I replied ""yes she does look beautiful but the older one looks even more beautiful"" referring to the wife of the older son.Both the parents of the bride who were sitting there did not take it kindly,they turned around and called me disrespectful,abusive slurs.I,to calm the situation down just left the area and went to my hotel as did not want to be seen as party spoiler.My uncle and aunt have said it was not a big deal but after that I was not invited to the reception and I think it is lucid to know why.So in this situation AITA?","[""Not Applicable""]",
"concerned about customs opening parcel from wow || i'm just worried about it that if it arrives here in palau, will they open and check it? because even packages from a cargo company is being opened one by one as they have big problems now regarding illegal drugs being trafficked to palau. how safe and discreet is the packaging that they will not suspect what is inside? i have so much anxiety about this. nobody wants to be in trouble 😢 anyone have experience regarding parcels being opened and checked? any thoughts?",Concerned about customs opening parcel from wow,"I'm just worried about it that if it arrives here in Palau, will they open and check it? Because  even packages from a cargo company is being opened one by one as they have big problems now regarding illegal drugs being trafficked to Palau. 

How safe and discreet is the packaging that they will not suspect what is inside? 

I have so much anxiety about this. Nobody wants to be in trouble 😢

Anyone have experience regarding parcels being opened and checked? Any thoughts? ","[""Not Applicable""]",
"need advice: want to become a gynecologist, but i have a cybersecurity degree – where do i start? || hey everyone, i’m hoping someone here can point me in the right direction. i’ve recently realized that being a gynecologist is my calling and i really want to pursue it. however my academic background and current work experience is in a completely different field – i have a bachelor’s degree in cybersecurity and work in fintech. that said, i’m not starting from absolute zero. during undergrad, i completed general biology, a social science course, and statistics. but i know medical school has very specific prerequisites, and i’m not sure what my next steps should be. here are my main questions: • what’s the best way to complete the required pre-med courses i’m missing (like organic chem, physics, etc.)? how do i even start back? should i do a formal post-bacc program or just take them as a non-degree student? • will my non-science degree be a major disadvantage for med school admissions? • how do i even begin preparing for the mcat? • what volunteer work / experience can i do now with the limited knowledge that i have? any advice for career changers who’ve successfully made this leap? (sorry this is long, i’m just confused on getting started and starting back from ground zero)","Need Advice: Want to Become a Gynecologist, But I Have a Cybersecurity Degree – Where Do I Start?","Hey everyone,

I’m hoping someone here can point me in the right direction. I’ve recently realized that being a gynecologist is my calling and I really want to pursue it. However my academic background and current work experience is in a completely different field – I have a bachelor’s degree in Cybersecurity and work in Fintech.

That said, I’m not starting from absolute zero. During undergrad, I completed general biology, a social science course, and statistics. But I know medical school has very specific prerequisites, and I’m not sure what my next steps should be.

Here are my main questions:

• What’s the best way to complete the required pre-med courses I’m missing (like organic chem, physics, etc.)? How do I even start back? Should I do a formal post-bacc program or just take them as a non-degree student?

• Will my non-science degree be a major disadvantage for med school admissions?

• How do I even begin preparing for the MCAT?

• What volunteer work / experience can I do now with the limited knowledge that I have?

Any advice for career changers who’ve successfully made this leap? 

(Sorry this is long, I’m just confused on getting started and starting back from ground zero)
","[""Not Applicable""]",
i just had to tell someone || [removed],I just had to tell someone,[removed],"[""Not Applicable""]",
"why do people think it’s okay to bring up abortion in any setting? || i went out with a friendly acquaintance tonight for what was supposed to be a girls’ night. just the two of us at a nice lounge bar after a little walk around town. bam. out of nowhere. “i don’t believe in abortions. it was hard when i got pregnant, but i’m not evil.” great. thanks. appreciate knowing that i’m a monster to you. i told her along the lines of, “oh, okay. i’m think women should be able to do whatever they need.” she didn’t get the hint and kept going. it sucked. i just wanted a night out with some light conversation. why do people think this is a fun topic? do i just have bad luck? how do you all handle not just the anger, but the guilt and shame and the confusion because you don’t judge other women but for some reason you’re *still a monster to yourself?* how do you remind yourself it was the right thing to do *because it rationally was?* normally i’m regretful that i wasn’t ready for my pregnancy, but not that i ended it. tonight i feel grotesque edit: thank you all so much. i’m feeling a lot better. a commenter helped me realize what’s actually hurting: i would do it every time, if i had a time machine; i did the right thing. it hurts to be rejected by someone i was excited to bond with. i know i’m not a monster for my decision. i just need to tell myself that for other things before i’ll believe it for this big, stigmatized moment in my life. *therapy time*",Why do people think it’s okay to bring up abortion in any setting?,"I went out with a friendly acquaintance tonight for what was supposed to be a girls’ night. Just the two of us at a nice lounge bar after a little walk around town.

Bam. Out of nowhere. “I don’t believe in abortions. It was hard when I got pregnant, but I’m not evil.”

Great. Thanks. Appreciate knowing that I’m a monster to you.

I told her along the lines of, “Oh, okay. I’m think women should be able to do whatever they need.”

She didn’t get the hint and kept going. It sucked. I just wanted a night out with some light conversation.

Why do people think this is a fun topic? Do I just have bad luck? How do you all handle not just the anger, but the guilt and shame and the confusion because you don’t judge other women but for some reason you’re *still a monster to yourself?* How do you remind yourself it was the right thing to do *because it rationally was?* Normally I’m regretful that I wasn’t ready for my pregnancy, but not that I ended it. Tonight I feel grotesque

Edit: thank you all so much. I’m feeling a lot better. A commenter helped me realize what’s actually hurting: I would do it every time, if I had a Time Machine; I did the right thing. It hurts to be rejected by someone I was excited to bond with. I know I’m not a monster for my decision. I just need to tell myself that for other things before I’ll believe it for this big, stigmatized moment in my life. *Therapy time*","[""Mental Health"", ""Discrimination"", ""Pregnancy""]",1.0002619661619094
"they murdered my friend and called it a prank || not writing this for sympathy or advice. just want it out of my head. so i live with 4 other roommates in a hostel. one of them… let’s call him r, i considered like my brother. like literally, a brother. i thought he had my back. he knew almost everything about me. i had been feeling lonely for a while and told him i wanted to talk to a girl. just talk. make a bond. feel a little cared for. after asking a few times, he gave me an instagram id of a girl, let’s call her z. said she was a friend of a friend from his coaching. i messaged her. she replied. we talked on and off for about a month. she wasn’t too interested, not too cold either. just enough to keep me guessing. that “in-between” space that messes with your head. i never asked for video calls or voice notes. she posted pics. seemed real. convincing enough. the id looked too real. bio, highlights, tagged photos — even random mirror selfies on stories once in a while. not just random text replies. actual presence. so i kept giving them the benefit of doubt. told myself, maybe she’s just a little reserved. and the biggest blunder? i kept sharing everything about her with r and the rest of my roommates. screenshots. chats. doubts. overthinking. outfit ideas. feelings. even what gift to give her. i told them everything. every single detail became their tool. i even asked r multiple times if she was real, or if his coaching friend really knew her. and he acted like he was offended. gave me believable stories. i trusted him like a fool. then came the day before we were supposed to meet. she said she booked a restaurant seat, asked me to split the payment. i paid. we were supposed to meet the next evening. but that morning, something felt off. i confronted r and asked again. “be honest, are you guys faking this?” and the way he acted, bro. like it was a movie. shocked face. defensive tone. pretended to call his coaching friend in front of me. said he was confirming it all for my peace of mind. i don’t know what performance school he went to but i believed him. again. so, i got ready. went with r to the saloon. he picked my shirt. gave tips. hyped me up. made me feel special. in the evening, she messaged saying, “wanna see my outfit?” and asked for a video call. excitedly i went to the balcony. i picked the call. and boom. it was not her. it was one of my roommates — let’s call him k — on the video, laughing with the others behind. they had faked the entire thing. z was never real. it was their fake account. every message. every emotion. all of it was a setup. a prank. i stood there holding a gift i bought based on their advice. and they were laughing. asking if they could have the gift. in that moment i felt like a clown. like my heart just died. they didn’t just prank me. they murdered someone i believed in. they murdered z. even after the reveal, they acted like it was just a joke. just fun. no big deal. and r? he slept peacefully that night. like nothing happened. like he hadn’t killed a part of me that would never grow back. so yeah. maybe to the world it was a joke. but for me — they murdered a bond, a trust, a friend i believed in. and now i walk around like a ghost… and they laugh like it’s all just normal.",they murdered my friend and called it a prank,"not writing this for sympathy or advice. just want it out of my head.
so i live with 4 other roommates in a hostel. one of them… let’s call him R, i considered like my brother. like literally, a brother. i thought he had my back. he knew almost everything about me.

i had been feeling lonely for a while and told him i wanted to talk to a girl. just talk. make a bond. feel a little cared for. after asking a few times, he gave me an instagram id of a girl, let’s call her Z. said she was a friend of a friend from his coaching.

i messaged her. she replied. we talked on and off for about a month. she wasn’t too interested, not too cold either. just enough to keep me guessing. that “in-between” space that messes with your head. i never asked for video calls or voice notes. she posted pics. seemed real. convincing enough.

the id looked too real. bio, highlights, tagged photos — even random mirror selfies on stories once in a while. not just random text replies. actual presence. so i kept giving them the benefit of doubt. told myself, maybe she’s just a little reserved.

and the biggest blunder? i kept sharing everything about her with R and the rest of my roommates. screenshots. chats. doubts. overthinking. outfit ideas. feelings. even what gift to give her. i told them everything. every single detail became their tool.

i even asked R multiple times if she was real, or if his coaching friend really knew her. and he acted like he was offended. gave me believable stories. i trusted him like a fool.

then came the day before we were supposed to meet. she said she booked a restaurant seat, asked me to split the payment. i paid. we were supposed to meet the next evening.

but that morning, something felt off. i confronted R and asked again. “be honest, are you guys faking this?” and the way he acted, bro. like it was a movie. shocked face. defensive tone. pretended to call his coaching friend in front of me. said he was confirming it all for my peace of mind. i don’t know what performance school he went to but i believed him. AGAIN.

so, i got ready. went with R to the saloon. he picked my shirt. gave tips. hyped me up. made me feel special.

in the evening, she messaged saying, “wanna see my outfit?” and asked for a video call. excitedly i went to the balcony.

i picked the call.

and boom.

it was not her. it was one of my roommates — let’s call him K — on the video, laughing with the others behind. they had faked the entire thing. Z was never real. it was their fake account. every message. every emotion. all of it was a setup. a prank.

i stood there holding a gift i bought based on their advice. and they were laughing. asking if they could have the gift.

in that moment i felt like a clown. like my heart just died.
they didn’t just prank me.
they murdered someone i believed in. they murdered Z.

even after the reveal, they acted like it was just a joke. just fun. no big deal. and R? he slept peacefully that night. like nothing happened. like he hadn’t killed a part of me that would never grow back.

so yeah. maybe to the world it was a joke.
but for me — they murdered a bond, a trust, a friend i believed in.
and now i walk around like a ghost… and they laugh like it’s all just normal.","[""Not Applicable""]",
"therapist doesn't believe in me || hi, there. i think my therapist don't believe stuff i say regarding my race, my social class and my terrible housing. i don't want to be that ""woke guy from twitter"", but i deeply believe he thinks i'm pretending stuff. he is a handsome straight white guy from an upper middle class background and cannot relate to my struggles, or working class struggles whatsoever. i don't know what to do. sometimes i bring this issue to therapy, but he is very dismissive.",Therapist doesn't believe in me,"Hi, there.

I think my therapist don't believe stuff I say regarding my race, my social class and my terrible housing. I don't want to be that ""woke guy from Twitter"", but I deeply believe he thinks I'm pretending stuff. 

He is a handsome straight white guy from an upper middle class background and cannot relate to my struggles, or working class struggles whatsoever.

I don't know what to do. Sometimes I bring this issue to therapy, but he is very dismissive. 
","[""Not Applicable""]",
warning - self harm (please do not judge) || i am have been dealing with vulva itching for sometime. unfortunately my nails (biab) has caused cuts and scratches in my vulva area which has caused me to be diagnosed with lichen :( i have been prescribed clob and it appears to help. however i am not completely innocent. when i feel down or depressed i begin scratching down there and cause open cuts and this then causes me to get bacterial vaginosis. can anyone help ? my dermatologist says that my nails haven’t caused any problems. my lichen healed fully at one point and then i got a new set of biab nails and scratched and caused an open wound which has now led to discharge a smell and a pain down there please can anyone help and offer me some assistance? before i seek professional help thanks,Warning - self harm (please do not judge),"I am have been dealing with vulva itching for sometime. Unfortunately my nails (biab) has caused cuts and scratches in my vulva area which has caused me to be diagnosed with lichen :( 

I have been prescribed clob and it appears to help. 
However I am not completely innocent. When I feel down or depressed I begin scratching down there and cause open cuts and this then causes me to get bacterial vaginosis. 

Can anyone help ? My dermatologist says that my nails haven’t caused any problems. 
My lichen healed fully at one point and then I got a new set of biab nails and scratched and caused an open wound which has now led to discharge a smell and a pain down there

Please can anyone help and offer me some assistance? Before I seek professional help 

Thanks ","[""Not Applicable""]",
"aita for making my daughter give a graphics card she doesn't need to my son. || i have a daughter (24f) from a previous marriage with my ex and a son (15m) from my current marriage. my ex passed away when my daughter was 16 and she has lived with me rent free ever since since i live close to her college my daughter is a graduate student and earns money from her research lab, i don't remember how much quite well but it is an top ivy school so it pays quite well. my daughter pays no rent, had her college paid for by scholarships and my ex's inheritance which went completely to her. recently my son has been wanting a new graphics card for his computer as he is an avid gamer and his current one doesn't work well with his monitor. he knows computers quite well. my daughter recently bought herself a new computer and sold her old one in parts according to my son my daughter's computer has two graphics cards and she isn't using one of them (the monitor is plugged in to the one she uses). the one she uses is from her old computer (5600xt) and the one she doesn't use is 4090 he says because she doesn't use windows and uses linux the other one is useless to her and would suit his needs and he can exchange it with his current graphics card (2070). i asked her to exchange it with her brother and she refused initially but when i reminded her about how it would be a gesture and how i don't charge her rent despite being an earning adult she reluctantly agreed but still lied and claimed she uses it despite a monitor never being plugged in. she said she used it as it made school easier for when she is not on campus even though she plays very few games and is usually typing text documents. however since the exchange she has been acting quite unpleasantly, not saying much and banging things when she does chores. aita here? i get that it is hers but i feel like if it's something that came with her computer that she doesn't use, it makes sense for her to give it to my son who would actually use it to upgrade his older computer especially since she already saves a lot on rent.",AITA for making my daughter give a graphics card she doesn't need to my son.,"I have a daughter (24F) from a previous marriage with my ex and a son (15M) from my current marriage. My ex passed away when my daughter was 16 and she has lived with me rent free ever since since I live close to her college

My daughter is a graduate student and earns money from her research lab, I don't remember how much quite well but it is an top Ivy school so it pays quite well. My daughter pays no rent, had her college paid for by scholarships and my ex's inheritance which went completely to her.

Recently my son has been wanting a new graphics card for his computer as he is an avid gamer and his current one doesn't work well with his monitor. He knows computers quite well.

My daughter recently bought herself a new computer and sold her old one in parts

According to my son my daughter's computer has two graphics cards and she isn't using one of them (the monitor is plugged in to the one she uses). The one she uses is from her old computer (5600xt) and the one she doesn't use is 4090

He says because she doesn't use windows and uses Linux the other one is useless to her and would suit his needs and he can exchange it with his current graphics card (2070).

I asked her to exchange it with her brother and she refused initially but when I reminded her about how it would be a gesture and how I don't charge her rent despite being an earning adult she reluctantly agreed but still lied and claimed she uses it despite a monitor never being plugged in.

She said she used it as it made school easier for when she is not on campus even though she plays very few games and is usually typing text documents.

However since the exchange she has been acting quite unpleasantly, not saying much and banging things when she does chores.

AITA here? I get that it is hers but I feel like if it's something that came with her computer that she doesn't use, it makes sense for her to give it to my son who would actually use it to upgrade his older computer especially since she already saves a lot on rent.","[""Not Applicable""]",
"miso after d&c || i’m wondering if anyone has had a similar experience and can share some insight. i had a d&c on may 19 (two weeks ago) for a missed miscarriage — the baby had stopped growing at 6w1d, which was confirmed at my first ultrasound at 7w5d. before the d&c, there were concerns about a possible uterine septum or another anomaly. since the procedure, my hcg levels have been decreasing, but not as quickly as my ob would expect (~5700 last friday, ~3300 today). she’s concerned there may be retained tissue that could be hidden or obstructed by a septum or uterine anomaly. tomorrow morning, i’ll be taking misoprostol to hopefully pass the remaining tissue. after that, i’ll have a uterine mri to look at my uterus' morphology. i’m really scared to take the miso, as i’ve heard it can cause intense cramping. i’m also just feeling disheartened — i want so badly to move on from this and start trying again. if you’ve been through anything similar, i’d really appreciate any advice, words of wisdom, or shared experiences.",Miso after D&C,"I’m wondering if anyone has had a similar experience and can share some insight.

I had a D&C on May 19 (two weeks ago) for a missed miscarriage — the baby had stopped growing at 6w1d, which was confirmed at my first ultrasound at 7w5d.

Before the D&C, there were concerns about a possible uterine septum or another anomaly. Since the procedure, my hCG levels have been decreasing, but not as quickly as my OB would expect (~5700 last Friday, ~3300 today). She’s concerned there may be retained tissue that could be hidden or obstructed by a septum or uterine anomaly.

Tomorrow morning, I’ll be taking misoprostol to hopefully pass the remaining tissue. After that, I’ll have a uterine MRI to look at my uterus' morphology.

I’m really scared to take the miso, as I’ve heard it can cause intense cramping. I’m also just feeling disheartened — I want so badly to move on from this and start trying again.

If you’ve been through anything similar, I’d really appreciate any advice, words of wisdom, or shared experiences.","[""Medical"", ""Mental Health"", ""Pregnancy""]",1.0000278492501566
"twins and i’m devastated || i’ve been to my first us and saw not only one but two heartbeats. the embryos are measured 6w5d which is quite a surprise as they should’ve been 9w3d. honestly i hate everything about it. since i found out i’m constantly crying and feel robbed of the experience of having one child. it’s stupid but i’ve been planning everything, i picked out my dream stroller and already had the beautiful artipoppe carrier in my cart. and now i’m just devastated that i can’t have what i wanted. now i’m going to be dependent on other people from day one and probably have my mother moving in because i can’t handle that alone and my husband is away during the week. i’m just so depressed and already starting to despise the second one. and thinking things i absolutely should not thing as someone who has dealt with infertility. right now i’ve even considered abortion, which is so stupid because i’ve been trying to get pregnant for several years now. everyone around me is so excited including my husband, but they won’t be the ones dealing with them when they are here. i’ve even tried checking out twin hashtags and the multiple thread here on reddit but i just start crying when i check it out because it just looks awful to me. can somebody please tell me this feeling goes away and i get excited about them?",Twins and I’m devastated,"I’ve been to my first US and saw not only one but two heartbeats. The embryos are measured 6w5d which is quite a surprise as they should’ve been 9w3d. 
Honestly I hate everything about it. Since I found out I’m constantly crying and feel robbed of the experience of having one child. It’s stupid but I’ve been planning everything, I picked out my dream stroller and already had the beautiful Artipoppe carrier in my cart. And now I’m just devastated that I can’t have what I wanted. Now I’m going to be dependent on other people from day one and probably have my mother moving in because I can’t handle that alone and my husband is away during the week. 
I’m just so depressed and already starting to despise the second one. And thinking things I absolutely should not thing as someone who has dealt with infertility.
Right now I’ve even considered abortion, which is so stupid because I’ve been trying to get pregnant for several years now. Everyone around me is so excited including my husband, but they won’t be the ones dealing with them when they are here. I’ve even tried checking out twin hashtags and the multiple thread here on Reddit but I just start crying when I check it out because it just looks awful to me. 

Can somebody please tell me this feeling goes away and I get excited about them?","[""Mental Health"", ""Pregnancy""]",1.0007106578070235
"aita for asking my girlfriend to stop calling our baby “her little bestie”? || my girlfriend and i have a 1-year-old daughter. lately, my girlfriend keeps referring to our kid as “my little bestie” constantly — in person, on social media, everywhere. like: – “out for lunch with my little bestie 🩷” – “my bestie and i are watching netflix 😍” – “bestie vibes only 👯‍♀️” i asked her (nicely, i thought) if she could maybe tone it down. i said it feels kind of weird to call your infant “your bestie” and that maybe it’s good to let kids just be kids, not mini bffs. i also admitted it kind of makes me cringe. she got defensive and said i was being cold and controlling. she thinks it’s sweet and harmless, and says she wants our daughter to feel close to her emotionally as she grows up. i’m now wondering if i’m being overly critical. i’m all for her bonding with our daughter — i just personally feel like constantly calling her a “bestie” turns parenting into performative friendship. aita?",AITA for asking my girlfriend to stop calling our baby “her little bestie”?,"My girlfriend and I have a 1-year-old daughter. Lately, my girlfriend keeps referring to our kid as “my little bestie” constantly — in person, on social media, everywhere. Like:
– “Out for lunch with my little bestie 🩷”
– “My bestie and I are watching Netflix 😍”
– “Bestie vibes only 👯‍♀️”

I asked her (nicely, I thought) if she could maybe tone it down. I said it feels kind of weird to call your infant “your bestie” and that maybe it’s good to let kids just be kids, not mini BFFs. I also admitted it kind of makes me cringe.

She got defensive and said I was being cold and controlling. She thinks it’s sweet and harmless, and says she wants our daughter to feel close to her emotionally as she grows up.

I’m now wondering if I’m being overly critical. I’m all for her bonding with our daughter — I just personally feel like constantly calling her a “bestie” turns parenting into performative friendship.

AITA?
","[""Not Applicable""]",
"3 days post ma - update || i ordered from women on web on may 24, but due to my circumstances, i was only able to pay php 1,000. they were kind enough to still send me the pills, and i’m so grateful for that. the package arrived on june 10, it took a while because of weather delays. i closely followed the ob’s instructions from their email. i took the mifepristone at night so i could take the second step (misoprostol) the following night. i never told anyone in the house that i was doing a medical abortion, so when the time came to take the misoprostol, 4 pills under the tongue for 30 minutes, i had to go through everything completely alone. just a minute after putting the pills under my tongue, the cramps started immediately. after 30 minutes, i swallowed the rest of the saliva and pills. what followed was the worst three hours of my life. i’ve given birth before, and i swear, it’s the same level of pain. when people say “it’s just a worse version of your period,” that’s not true at all. it was excruciating, especially because i didn’t have any pain relievers with me. i had severe cramps, and spotting started right away. after three hours, i placed two more misoprostol under my tongue. that’s when the clots began to come out. i watched closely, looking for signs of the poor little one i couldn’t keep, not because i didn’t want to, but because there’s just so much going on in my life right now. after one large clot, i saw it. almost 2 inches long, greyish pink. i cried. the guilt hit me hard. i just hope that someday, when i’m mentally and emotionally ready, that soul will come back to me. it’s now been a few days, and i’m still lightly bleeding with occasional cramps. this process has been physically and mentally painful. if anyone has gone through something similar, i’d really appreciate hearing from you. i feel like i’m carrying this whole experience quietly, and it’s heavy. thank you for taking the time to read. ❤️",3 days post MA - update,"I ordered from Women on Web on May 24, but due to my circumstances, I was only able to pay Php 1,000. They were kind enough to still send me the pills, and I’m so grateful for that. The package arrived on June 10, it took a while because of weather delays.

I closely followed the OB’s instructions from their email. I took the mifepristone at night so I could take the second step (misoprostol) the following night. I never told anyone in the house that I was doing a medical abortion, so when the time came to take the misoprostol, 4 pills under the tongue for 30 minutes, I had to go through everything completely alone.

Just a minute after putting the pills under my tongue, the cramps started immediately. After 30 minutes, I swallowed the rest of the saliva and pills. What followed was the worst three hours of my life. I’ve given birth before, and I swear, it’s the same level of pain. When people say “it’s just a worse version of your period,” that’s not true at all. It was excruciating, especially because I didn’t have any pain relievers with me.

I had severe cramps, and spotting started right away. After three hours, I placed two more misoprostol under my tongue. That’s when the clots began to come out. I watched closely, looking for signs of the poor little one I couldn’t keep, not because I didn’t want to, but because there’s just so much going on in my life right now. After one large clot, I saw it. Almost 2 inches long, greyish pink. I cried. The guilt hit me hard. I just hope that someday, when I’m mentally and emotionally ready, that soul will come back to me.

It’s now been a few days, and I’m still lightly bleeding with occasional cramps. This process has been physically and mentally painful.

If anyone has gone through something similar, I’d really appreciate hearing from you. I feel like I’m carrying this whole experience quietly, and it’s heavy. Thank you for taking the time to read. ❤️","[""Medical"", ""Mental Health"", ""Pregnancy""]",1.0009123562988884
something has triggered me and i keep having flashbacks please help || i don’t know why but this evening has been a series of horrible flashbacks does anyone have any tips? please i’m really struggling atm,Something has triggered me and I keep having flashbacks please help,I don’t know why but this evening has been a series of horrible flashbacks does anyone have any tips? Please I’m really struggling atm,"[""Not Applicable""]",
"miscarriage? 2nd post about this || ⚠️⚠️ detailed⚠️⚠️ i’ve never really experienced anything like this before and this is my first every time going through something like this. i’m a wrestler and i’ve recently been cutting weight and trying to do the things i could do while not pregnant. i’ve been wrestling matches and just kept pushing through everything. i was going to take a ma rout and the pills came in today around 6 pm. but around 4:01 pm i started bleeding, and not only a little a ton. i’ve had the worst cramps ever and i feel like something is getting pulled out of my insides. i filled a regular size tampon and about an hour and a half later i bled through it. i then put in a super and bled that one completely full until i had to shower. after my shower around 9:30 ish or a little after i put another tampon in, i tried sleeping but my pain has been terrible not as bad as before but still painful. i get up out of bed to change my tampon and a big white glob of something came out with a blood clot. it was like one long blood clot but had a white sort of sack with it. my blood has been dark red and when i was sitting on the toilet little droplets of blood started coming out of me. i don’t know if it’s a miscarriage i assume it is, because i don’t think i would be bleeding this much during pregnancy if something wasn’t going on. i ordered the pills from aid access, so i’m just not sure if i should take them as well anymore.",miscarriage? 2nd post about this,"
⚠️⚠️ detailed⚠️⚠️


i’ve never really experienced anything like this before and this is my first every time going through something like this. i’m a wrestler and i’ve recently been cutting weight and trying to do the things i could do while not pregnant. i’ve been wrestling matches and just kept pushing through everything. 

i was going to take a MA rout and the pills came in today around 6 pm. but around 4:01 Pm i started bleeding, and not only a little A TON. i’ve had the worst cramps ever and i feel like something is getting pulled out of my insides. i filled a regular size tampon and about an hour and a half later i bled through it. i then put in a super and bled that one completely full until i had to shower. after my shower around 9:30 ish or a little after i put another tampon in, i tried sleeping but my pain has been terrible not as bad as before but still painful. i get up out of bed to change my tampon and a big white glob of something came out with a blood clot. it was like one long blood clot but had a white sort of sack with it. 

my blood has been Dark red and when i was sitting on the toilet little droplets of blood started coming out of me. i don’t know if it’s a miscarriage i assume it is, because i don’t think i would be bleeding this much during pregnancy if something wasn’t going on. I ordered the pills from aid access, so i’m just not sure if i should take them as well anymore. ","[""Medical"", ""Mental Health"", ""Pregnancy""]",1.0001586168564365
"mmc should’ve been 12 weeks today || went for my 12 week scan today, thought everything was fine as i still have pregnancy symptoms and have had no pain/bleeding. sadly, i was told my baby no longer has a heartbeat and it looks like they passed around 9wks 2days. currently waiting for a call from the early pregnancy unit to discuss next options. i’m devastated, this was my first pregnancy, a surprise but very much wanted. they were only a little bean but i loved them so much. i’m really scared about the next steps and i really don’t want a d&c but i’m scared of how painful taking the tablets may be. i’m not sure my body will begin to miscarry itself as it’s been almost 3 weeks :( has anyone had a similar timeline to myself and would feel comfortable sharing their experiences?",MMC should’ve been 12 weeks today,"Went for my 12 week scan today, thought everything was fine as I still have pregnancy symptoms and have had no pain/bleeding.

Sadly, I was told my baby no longer has a heartbeat and it looks like they passed around 9wks 2days. 

Currently waiting for a call from the early pregnancy unit to discuss next options. I’m devastated, this was my first pregnancy, a surprise but very much wanted. They were only a little bean but I loved them so much. I’m really scared about the next steps and I really don’t want a d&c but I’m scared of how painful taking the tablets may be. I’m not sure my body will begin to miscarry itself as it’s been almost 3 weeks :( 
Has anyone had a similar timeline to myself and would feel comfortable sharing their experiences? 
","[""Medical"", ""Mental Health"", ""Pregnancy""]",1.0002037995569468
miscarriage || hey so i had a missed miscarriage and i inserted the pills vaginally. i went through the process and everything flushed except some tissue was left. the ob wanted me to re do the pills vaginally again and i did. but nothing happened no blood no nothing. i have 24 hours to do it again. has anyone had this happen?,Miscarriage,Hey so I had a missed miscarriage and I inserted the pills vaginally. I went through the process and everything flushed except some tissue was left. The OB wanted me to re do the pills vaginally again and I did. But nothing happened no blood no nothing. I have 24 hours to do it again. Has anyone had this happen?,"[""Medical"", ""Mental Health"", ""Pregnancy""]",1.0009122369808443
"all i want for christmas is a viable pregnancy || 2020 started with a miscarriage, and has been months of trying and trying only to get chemical pregnancies and heartbreak handed back to us. as we start my last cycle of the year, with ovulation expected on christmas, all i want for christmas is a viable pregnancy. we have a beautiful, healthy 2 year old daughter who i am forever thankful and grateful for. but i'd hate to walk away from all the time and emotional energy put into giving her a sibling empty handed. we are not financially able to pursue any kind of fertility treatments or even think about surrogacy or adoption. i honestly don't know how many more cycles my mental health can take like this. i know there are millions of women hoping for the same thing and i truly hope we're all rewarded. my heart breaks not only for my own family but for every other family in our shoes (or similar). update 1: oh my gosh thank you all for the love, i posted this and got lost in work, so my first ever reddit award and 40 comments is a little overwhelming. i'm going to start responding to folks but alas a toddler will be stealing my attention. if i don't get to you specifically i'm so sorry, please know i greatly appreciate you taking the time to send some positivity my way! ❤ update 2: good gravy guys you are amazing! multiple awards, including a gold award (😲), over 2,000 karma, 1k upvotes and dozens of stories and suggestions from folks in a similar boat. i love you all, that may be my hormones and the adrenaline rush of internet stardom culminating but i mean it damn it. i love you all and i hope this stupid year ends and 2021 begins with love and only brings good things to you all. from the bottom of my heart i truly truly truly wish to thank you all for making me feel less alone, and less helpless than i did 10 hours ago when i first realized this was yet another wasted cycle. final update (well till i can update pregnancy status that is) : at the time of writing this update, my little post has 35 awards and 1.7k upvotes. i'm awestruck. i've never thought so many people would care. but i must depart for bed and carry on with my life. i'll be sure to update you all in the new year if the suggestions i've collected prove fruitful. when! they prove fruitful. 2021 will be better. for us all. good night reddit, may tomorrow bring a better day.",All I want for Christmas is a viable pregnancy,"2020 started with a miscarriage, and has been months of trying and trying only to get chemical pregnancies and heartbreak handed back to us. As we start my last cycle of the year, with ovulation expected on Christmas, all I want for Christmas is a viable pregnancy. 
We have a beautiful, healthy 2 year old daughter who I am forever thankful and grateful for. But I'd hate to walk away from all the time and emotional energy put into giving her a sibling empty handed. We are not financially able to pursue any kind of fertility treatments or even think about surrogacy or adoption. I honestly don't know how many more cycles my mental health can take like this. 
I know there are millions of women hoping for the same thing and I truly hope we're all rewarded. My heart breaks not only for my own family but for every other family in our shoes (or similar).

Update 1: oh my gosh thank you all for the love, I posted this and got lost in work, so my first ever reddit award and 40 comments is a little overwhelming. I'm going to start responding to folks but alas a toddler will be stealing my attention. If I don't get to you specifically I'm so sorry, please know I greatly appreciate you taking the time to send some positivity my way! ❤

Update 2: good gravy guys you are amazing! Multiple awards, including a gold award (😲), over 2,000 karma, 1k upvotes and dozens of stories and suggestions from folks in a similar boat. I love you all, that may be my hormones and the adrenaline rush of internet stardom culminating but I mean it damn it. I love you all and I hope this stupid year ends and 2021 begins with love and only brings good things to you all. From the bottom of my heart I truly truly truly wish to thank you all for making me feel less alone, and less helpless than I did 10 hours ago when I first realized this was yet another wasted cycle.

FINAL UPDATE (well till I can update pregnancy status that is) : at the time of writing this update, my little post has 35 awards and 1.7k upvotes. I'm awestruck. I've never thought so many people would care. But I must depart for bed and carry on with my life. I'll be sure to update you all in the new year if the suggestions I've collected prove fruitful. WHEN! They prove fruitful. 2021 WILL be better. For us all. Good night reddit, may tomorrow bring a better day.","[""Mental Health"", ""Pregnancy""]",1.000431477514369
"it's not fair || first ultrasound went great looked very healthy nothing was wrong. we did genetic testing the baby had a high risk for turner's syndrome (found out she's a girl ts only affects girls). i was crushed. my wife had high hopes which gave me hope. we had our 2nd appointment and found no heartbeat. did multiple ultrasounds and was confirmed. we are completely heartbroken, this is our 3rd miscarriage. this was supposed to be our year (little background first miscarriage was in may of last year, second was end of july which both were chemical pregnancies than in september my brother died then my brother-in-law died in october). we see no hope right now. she's getting the d&c today, this is our first time trying and it doesn't look good at all... the doctor pretty much said it was just bad luck.",It's not fair,"First ultrasound went great looked very healthy nothing was wrong.
We did genetic testing the baby had a high risk for Turner's syndrome (Found out she's a girl TS only affects girls).
I was crushed. My wife had high hopes which gave me hope.

We had our 2nd appointment and found no heartbeat. Did multiple ultrasounds and was confirmed. We are completely heartbroken, this is our 3rd miscarriage. This was supposed to be our year (Little background first miscarriage was in May of last year, second was end of July which both were chemical pregnancies than in September my brother died then my brother-in-law died in October). We see no hope right now.  She's getting the D&C today, this is our first time trying and it doesn't look good at all...
The doctor pretty much said it was just bad luck.","[""Medical"", ""Mental Health"", ""Pregnancy""]",1.000045611249943
"i (19f) just had to take my mom (40) off life support last month, and i don't know how to cope. || this is my first post, i didn't know where else to go for actual advice as i don't have access to therapy. **i'm putting a warning for probably unwanted details*** i've been having such a hard time coping with this. i didn't live with her so the last time i got to visit was mid october, i made plans to visit again for my 19th birthday on nov 4. she had been really sick for a few months so i tried to visit as often but didn't want to risk getting her sick with covid going on and such. my fiance and i left around 4am nov 2 and drove the couple hours after getting a call she was moved to icu. her liver was failing and one of her lungs failed. she could see me there with her and, i could see in her eyes how excited she was to see me but when she tried to talk she realized she couldn't and just gave up and stared off, her eyes glazed over, skin so dry and yellow.. all i could do was hold her hand and cry into the mask i was wearing. they would only let me go in alone. i sat with her, i even waxed her eyebrows for her like she had begged me to on our last phonecall a few nights before. later the doctor had explained that her liver couldn't process the pain meds, her heart was failing, the respirator could only be induced for so long due to humidity buildup, but she couldn't breathe on her own either. so, no matter what she was pretty much doomed. by that time they allowed my nana in with me (my mom's mom) and gave us the decision. after calling my 16 yo brother we finalized the decision, and she passed only a few minutes later, we sat with her for a while, i lied on her chest for the last time which i i found comforting as morbid as that might sound. a week later a funeral was held. seeking support from my father was a mistake, as he's upset because by law he'll have to pay child support to me, since my brother lives with me and we're taking care of him. i'm not sure what to do, i try to keep myself busy with work, i still feel like there's something missing. we talked about trying for a baby but financially we aren't ready. i'm also coping with ptsd sometimes i'll smell certain smells or feel a texture that triggers it and it's definitely taking time to get used to. thank you for listening to my life issues i know everybody's got their own. anything to cope or anyone with similar experience i'm in need of advice <3","I (19f) just had to take my mom (40) off life support last month, and I don't know how to cope.","This is my first post, I didn't know where else to go for actual advice as I don't have access to therapy. **I'm putting a warning for probably unwanted details***  I've been having such a hard time coping with this. I didn't live with her so the last time I got to visit was mid October, I made plans to visit again for my 19th birthday on Nov 4. She had been really sick for a few months so I tried to visit as often but didn't want to risk getting her sick with covid going on and such. My fiance and I left around 4am nov 2 and drove the couple hours after getting a call she was moved to ICU. Her liver was failing and one of her lungs failed. She could see me there with her and, I could see in her eyes how excited she was to see me but when she tried to talk she realized she couldn't and just gave up and stared off, her eyes glazed over, skin so dry and yellow.. all I could do was hold her hand and cry into the mask I was wearing. They would only let me go in alone. I sat with her, I even waxed her eyebrows for her like she had begged me to on our last phonecall a few nights before. Later the doctor  had explained that her liver couldn't process the pain meds, her heart was failing, the respirator could only be induced for so long due to humidity buildup, but she couldn't breathe on her own either. So, no matter what she was pretty much doomed. By that time they allowed my nana in with me (my mom's mom) and gave us the decision. After calling my 16 yo brother we finalized the decision, and she passed only a few minutes later, we sat with her for a while, I lied on her chest for the last time which I I found comforting as morbid as that might sound. A week later a funeral was held. Seeking support from my father was a mistake, as he's upset because by law he'll have to pay child support to me, since my brother lives with me and we're taking care of him. I'm not sure what to do, I try to keep myself busy with work, I still feel like there's something missing. We talked about trying for a baby but financially we aren't ready. I'm also coping with PTSD sometimes I'll smell certain smells or feel a texture that triggers it and it's definitely taking time to get used to. Thank you for listening to my life issues I know everybody's got their own. Anything to cope or anyone with similar experience I'm in need of advice <3","[""Not Applicable""]",
"currently in the threatened mc window, how do things look? || this is my first pregnancy. here’s my timeline if someone can let me know what they think is happening or if you’ve been in a similar scenario… • april 14–17: lmp (off cycle, likely due to supplements) • may 3: ovulated/conceived around this date • may 12–15: got what i thought was my period • may 24: positive pregnancy test • may 24: hcg = 722 • may 27: hcg = 1,480 • june 2: hcg = 7,412 • june 3: internal ultrasound showed embryo in uterus with visible heartbeat/flutter • june 4: heavy bleeding and passed a blood clot • june 5: hcg = 9,412; heavy bleeding has stopped so, i’m around 5.5-6.5 weeks pregnant but now hcg is slowing down and bleeding increasing. last night i started bleeding more heavily than i have the whole pregnancy. one pad from 9pm-5:30am partially filled but lots passed on toilet. i’ve had a couple of bleeding scares but this one was different.. more red, and accompanied by clots the size of a quarter or toonie. i went to er this morning. they took an hcg test and we noted a rise of 7400 to 9400 in two days was evidence of the beginning of a miscarriage. i am confused that the ultrasound still showed the embryo in my uterus and it almost looked like it still had a heartbeat. they did an internal exam and my cervix is closed still. the doctor told me this is likely early in a miscarriage but small chance it’s not. there hasn’t been a hematoma or any other issues found that could cause the bleeding. i’ve had light cramps and spotting on and off the last 2 weeks. i am going to test hcg in two days and will have an appointment with an early pregnancy assessment clinic who can take a closer look at the embryo and confirm a miscarriage. so now i’m expecting for stronger cramping and bleeding to start but feeling confused if there’s a chance it’s still viable because the er doctor seemed pretty confident it was a very early mc. what do you think?","Currently in the threatened MC window, how do things look?","This is my first pregnancy. Here’s my timeline if someone can let me know what they think is happening or if you’ve been in a similar scenario…


•	April 14–17: LMP (off cycle, likely due to supplements)
	•	May 3: Ovulated/conceived around this date
	•	May 12–15: Got what I thought was my period
	•	May 24: Positive pregnancy test
	•	May 24: HCG = 722
	•	May 27: HCG = 1,480
	•	June 2: HCG = 7,412
	•	June 3: Internal ultrasound showed embryo in uterus with visible heartbeat/flutter
	•	June 4: Heavy bleeding and passed a blood clot
	•	June 5: HCG = 9,412; heavy bleeding has stopped


So, I’m around 5.5-6.5 weeks pregnant but now HCG is slowing down and bleeding increasing. Last night I started bleeding more heavily than I have the whole pregnancy. One pad from 9pm-5:30am partially filled but lots passed on toilet. I’ve had a couple of bleeding scares but this one was different.. more red, and accompanied by clots the size of a quarter or toonie. I went to ER this morning. They took an HCG test and we noted a rise of 7400 to 9400 in two days was evidence of the beginning of a miscarriage. I am confused that the ultrasound still showed the embryo in my uterus and it almost looked like it still had a heartbeat. They did an internal exam and my cervix is closed still. The doctor told me this is likely early in a miscarriage but small chance it’s not. There hasn’t been a hematoma or any other issues found that could cause the bleeding. I’ve had light cramps and spotting on and off the last 2 weeks.

I am going to test HCG in two days and will have an appointment with an early pregnancy assessment clinic who can take a closer look at the embryo and confirm a miscarriage. So now I’m expecting for stronger cramping and bleeding to start but feeling confused if there’s a chance it’s still viable because the ER doctor seemed pretty confident it was a very early MC.

What do you think?","[""Medical"", ""Mental Health"", ""Pregnancy""]",1.0007105385712731
help me help you. || [removed],Help me help you.,[removed],"[""Not Applicable""]",
"i’m a minor. the 64 year old at my ex-workplace touched my ass on two separate occasions. i believe he was grooming me. || i told the owners of the motel (family business) and they handled it terribly. he didn’t get reprimanded. they yelled at him like he was their kid. as i keep thinking about it, i want any of the guests to know what he’s done. i had to leave because of the way they decided to handle it. what steps can i take to handle the situation properly??",I’m a minor. The 64 year old at my ex-workplace touched my ass on two separate occasions. I believe he was grooming me.,"I told the owners of the motel (family business) and they handled it terribly. He didn’t get reprimanded. They yelled at him like he was their kid. As I keep thinking about it, I want any of the guests to know what he’s done. I had to leave because of the way they decided to handle it. 

What steps can I take to handle the situation properly??","[""Not Applicable""]",
"spotting after bowel movement. should i go to l&d || just some pretext to my health. this is baby #2 and i was overweight before i got pregnant about 255lbs. i have struggled with hypertension my entire pregnancy(which is being monitored and controlled by my ob). i am 24 weeks and 5 days and i noticed some pink spotting after a bowel movement today. i should point out that i usually spot a little bit after intercourse or after a strenuous bowl movement but today was more than i usually notice. i’m not cramping, it’s not enough to wear a pad, and i still feel little man moving around. i’ll be contacting my ob in the morning + a visit on tuesday. should i go to l&d or am i just being overly paranoid?",Spotting after bowel movement. Should I go to L&D,"Just some pretext to my health. This is baby #2 and I was overweight before I got pregnant about 255lbs. I have struggled with hypertension my entire pregnancy(which is being monitored and controlled by my OB).

I am 24 weeks and 5 days and I noticed some pink spotting after a bowel movement today. 

I should point out that I usually spot a little bit after intercourse or after a strenuous bowl movement but today was more than I usually notice.

I’m not cramping, it’s not enough to wear a pad, and I still feel little man moving around. I’ll be contacting my OB in the morning + a visit on Tuesday.

Should I go to L&D or am I just being overly paranoid?","[""Not Applicable""]",
"i feel so guilty and ashamed || when i was 17, i was raped by a 26 year old family friend. i grew up with him being around. i trusted him and i loved him like an older brother. i was too scared and embarrassed about it to report it. now i've found out that he raped another young woman last year and she did report it. i feel so guilty now. i feel like it's my fault that this happened to her. if i had reported him back then, he wouldn't have done this to her. now i can't stop wondering how many other girls he's done it to since me and the guilt of knowing that i could have prevented it is eating away at me. i'm so fucking sorry that i wasn't brave enough to keep it from happening to someone else.",I feel so guilty and ashamed,"When I was 17, I was raped by a 26 year old family friend. I grew up with him being around. I trusted him and I loved him like an older brother. I was too scared and embarrassed about it to report it.

Now I've found out that he raped another young woman last year and she did report it. I feel so guilty now. I feel like it's my fault that this happened to her. If I had reported him back then, he wouldn't have done this to her. Now I can't stop wondering how many other girls he's done it to since me and the guilt of knowing that I could have prevented it is eating away at me.

I'm so fucking sorry that I wasn't brave enough to keep it from happening to someone else.","[""Abuse"", ""Mental Health""]",1.0002614891999495
"suing a deceased person’s parents? || location: virginia, usa hello, everyone. i’m sure this probably sounds terrible initially, but please allow me to explain. i was in a relationship with a man who was physically violent toward me. during the relationship, i started experiencing seizures with no previous history whatsoever in my family. i became reliant on him financially after the seizures started and could not work. my boyfriend passed away from suicide a few weeks ago. before he passed, he was supposed to go get treatment, but things didn’t happen and i never saw him again. there are texts from him to his mother where he tells her he needs me to be taken care of. he received a final paycheck from his job. i still owe bills leftover from after he passed, still owe a month’s worth of rent (apparently) after i sign the breaking of our month-to-month lease, and his mom has absolutely no interest in helping me with any of this or the cost of emptying/cleaning our apartment out. on top of that, i found out after he passed that seizures can be caused by oxygen deprivation to the brain. which can be caused by strangulation. he strangled me at least 2x that i’m aware of during our relationship and i’m pretty sure the seizures line up to around that time. my cognitive function has been severely impacted, and my mental health. i also have had two ex girlfriends reach out to me to inform me of things he did to them that his parents were aware of, which means they knew and should’ve given warning to girlfriends after them, and should’ve intervened upon request. i feel horrible for asking this, but i feel blindsighted and hurt. they’ve known about their son’s awful behavior, they’ve enabled him, and they’ve known about my issues and the seizures i’ve had. they know i am completely lost and i was reliant on him because of the seizures. is suing them for anything an option?",Suing a deceased person’s parents?,"Location: Virginia, USA

Hello, everyone. I’m sure this probably sounds terrible initially, but please allow me to explain.

I was in a relationship with a man who was physically violent toward me. During the relationship, I started experiencing seizures with no previous history whatsoever in my family. 

I became reliant on him financially after the seizures started and could not work. My boyfriend passed away from suicide a few weeks ago. Before he passed, he was supposed to go get treatment, but things didn’t happen and I never saw him again. There are texts from him to his mother where he tells her he needs me to be taken care of. 

He received a final paycheck from his job. I still owe bills leftover from after he passed, still owe a month’s worth of rent (apparently) after I sign the breaking of our month-to-month lease, and his mom has absolutely no interest in helping me with any of this or the cost of emptying/cleaning our apartment out. 

On top of that, I found out after he passed that seizures can be caused by oxygen deprivation to the brain. Which can be caused by strangulation. He strangled me at least 2x that I’m aware of during our relationship and I’m pretty sure the seizures line up to around that time. 

My cognitive function has been severely impacted, and my mental health. I also have had two ex girlfriends reach out to me to inform me of things he did to them that his parents were aware of, which means they knew and should’ve given warning to girlfriends after them, and should’ve intervened upon request.

I feel horrible for asking this, but I feel blindsighted and hurt. They’ve known about their son’s awful behavior, they’ve enabled him, and they’ve known about my issues and the seizures I’ve had. They know I am completely lost and I was reliant on him because of the seizures. Is suing them for anything an option?","[""Not Applicable""]",
"two older women (70+ years old) joke about trying to lose their bellies. i point out that no man their age ever worries about that. || edit for more context: i’ve seen a few recurring comments, so i want to add a bit more context to my original post. i’m a healthcare provider, and my post was about my 99-year-old patient who had been hospitalized for something relatively minor. i was evaluating her to see if she could safely go home alone. she was doing incredibly well for her age, cognitively sharp, independent, and living a full life. what stood out to me was that even at 99 years old, she still joked and made comments about the flatness of her stomach. her 70+ year-old friend, who was also relatively petite, shared the same concern. to be clear, neither of these women had large or prominent stomachs—just a small, completely normal stomach pouches, like most people have. it wasn’t something noticeable or anything that had a significant impact on their health (at least for the 99-year-old, whose chart i had access to). i want to clarify that my comments weren’t centering men or implying that men would care if these women had stomachs, (both were widowed and shared with me how their group of church ladies watched out for each other). my point was that men in their situation, hospitalized and recovering, rarely seem to worry about the size of their own stomachs, especially when it’s hardly noticeable. i’m not saying body image issues don’t affect men, because they definitely can and its clear some men 70+ do care about the size of their bellies. but in my experience, especially working with hospitalized men, it’s just not something that comes up as often. honestly if you’ve made it to 99 years old, living independently and staying sharp, you've already won at life. there’s no reason to worry about a little stomach pouch. at that point, the focus should be on celebrating how strong and capable you are, not what your stomach looks like. when you've worked with as many older people as i have, you appreciate how amazing that is in itself. --------------------------------------------- original post. i work in a hospital and have seen thousands of patients over the years, but today i met a 99-year-old woman who was doing really well for her age. she was full of life, looked great for her age, and had good functional strength and mobility. with her was her friend, a woman in her 70s, who was there to keep her company and moral support. the 70-year-old friend proudly told me she had lost 40 pounds recently and could now deadlift 100 pounds and do heavy squats—how amazing is that? both of them were talking about how important it is to stay active as you get older, which i always emphasize to my patients to keep them safe and independent. but then almost as an after thought, the 70-year-old joked, “if only i could lose this belly!” her 99-year-old friend laughed and agreed. i couldn’t help but jump in and say, “you know, no man your age ever worries about his belly, and they definitely don’t care if they have one. if men don't worry about their bellies, you shouldn't either.” they both paused for a second and then lit up. the 70-year-old laughed and said, “you’re right!” and whole heartedly agreed with me. it was a funny and sweet moment, but honestly, it made me a little sad, too. here were these two amazing, strong women—one at 70, the other at 99—who should be so proud of what their bodies can do. and yet, they were still joking about their stomachs, still feeling some pressure to look a certain way. society's expectations on a woman's physical appearance has done so much harm and it takes a conscious effort to combat it. i’m glad i got to remind them that their strength, health, and independence matter so much more than a flat stomach—especially at 70 and 99 years old. that’s what’s worth celebrating. so ladies, go live your life as unbothered and confident as an average white man does. don't forget how amazing your bodies are and how flat your stomach is doesn't define your worth! <3",Two older women (70+ years old) joke about trying to lose their bellies. I point out that no man their age ever worries about that.,"Edit for more context:

I’ve seen a few recurring comments, so I want to add a bit more context to my original post. I’m a healthcare provider, and my post was about my 99-year-old patient who had been hospitalized for something relatively minor. I was evaluating her to see if she could safely go home alone. She was doing incredibly well for her age, cognitively sharp, independent, and living a full life.

What stood out to me was that even at 99 years old, she still joked and made comments about the flatness of her stomach. Her 70+ year-old friend, who was also relatively petite, shared the same concern. To be clear, neither of these women had large or prominent stomachs—just a small, completely normal stomach pouches, like most people have. It wasn’t something noticeable or anything that had a significant impact on their health (at least for the 99-year-old, whose chart I had access to).

I want to clarify that my comments weren’t centering men or implying that men would care if these women had stomachs, (both were widowed and shared with me how their group of church ladies watched out for each other).  My point was that men in their situation, hospitalized and recovering, rarely seem to worry about the size of their own stomachs, ESPECIALLY when it’s hardly noticeable. I’m not saying body image issues don’t affect men, because they definitely can and its clear some men 70+ do care about the size of their bellies. But in my experience, especially working with hospitalized men, it’s just not something that comes up as often.

Honestly if you’ve made it to 99 years old, living independently and staying sharp, you've already won at life.  There’s no reason to worry about a little stomach pouch. At that point, the focus should be on celebrating how strong and capable you are, not what your stomach looks like. When you've worked with as many older people as I have, you appreciate how amazing that is in itself.  

---------------------------------------------
Original Post. 

I work in a hospital and have seen thousands of patients over the years, but today I met a 99-year-old woman who was doing really well for her age. She was full of life, looked great for her age, and had good functional strength and mobility. With her was her friend, a woman in her 70s, who was there to keep her company and moral support.

The 70-year-old friend proudly told me she had lost 40 pounds recently and could now deadlift 100 pounds and do heavy squats—how amazing is that? Both of them were talking about how important it is to stay active as you get older, which I always emphasize to my patients to keep them safe and Independent.

But then almost as an after thought, the 70-year-old joked, “If only I could lose this belly!” Her 99-year-old friend laughed and agreed. I couldn’t help but jump in and say, “You know, no man your age ever worries about his belly, and they definitely don’t care if they have one. If men don't worry about their bellies, you shouldn't either.” They both paused for a second and then lit up. The 70-year-old laughed and said, “You’re right!” and whole heartedly agreed with me.

It was a funny and sweet moment, but honestly, it made me a little sad, too. Here were these two amazing, strong women—one at 70, the other at 99—who should be so proud of what their bodies can do. And yet, they were still joking about their stomachs, still feeling some pressure to look a certain way. Society's expectations on a woman's physical appearance has done so much harm and it takes a conscious effort to combat it.

I’m glad I got to remind them that their strength, health, and independence matter so much more than a flat stomach—especially at 70 and 99 years old. That’s what’s worth celebrating.

So ladies, go live your life as unbothered and confident as an average white man does. Don't forget how amazing your bodies are and how flat your stomach is doesn't define your worth! <3","[""Not Applicable""]",
"first ultrasound and baby is measuring 2.5 weeks behind || i just had my first bedside transvaginal ultrasound today, and while the ob was able to detect an intrauterine embryo with a fetal heartbeat, it's only measuring 6.5 weeks, whereas by my lmp date, it should be at just around 9 weeks. my ob tried to reassure me, saying that it might be that i ovulated late due to an irregular menstrual cycle, but the other explanation is that i may go on to have a miscarriage. they want me to get a formal ultrasound with radiology in 3 weeks. i'm trying really hard to stay calm and positive right now but it's tough because i really don't have irregular periods (besides the one i had right before this pregnancy). my mother had at least 2, possibly 3 miscarriages before she had me, so i know i'm at higher risk. i walked into this appointment knowing that i may be told i am having a miscarriage, but i wasn't at all prepared for this news. has anyone else gone through this?",First ultrasound and baby is measuring 2.5 weeks behind,"I just had my first bedside transvaginal ultrasound today, and while the OB was able to detect an intrauterine embryo with a fetal heartbeat, it's only measuring 6.5 weeks, whereas by my LMP date, it should be at just around 9 weeks. My OB tried to reassure me, saying that it might be that I ovulated late due to an irregular menstrual cycle, but the other explanation is that I may go on to have a miscarriage. They want me to get a formal ultrasound with Radiology in 3 weeks. I'm trying really hard to stay calm and positive right now but it's tough because I really don't have irregular periods (besides the one I had right before this pregnancy). My mother had at least 2, possibly 3 miscarriages before she had me, so I know I'm at higher risk. I walked into this appointment knowing that I may be told I am having a miscarriage, but I wasn't at all prepared for this news. Has anyone else gone through this? ","[""Medical"", ""Mental Health"", ""Pregnancy""]",1.0005534242338618
"would this be considered verbal sexual harassment, and should i report it to the company? || tldr: do i email a large chain pizza business about an uncomfortable conversation with a franchise’s worker that took my phone order? i don’t know if i’m blowing this out of proportion, so please reality check me if needed. i wanted to order a desert from a big chain pizzaria last night. the following is a transcription to the best of my memory: pizza worker: hi can you hold me: yes (time) pw: thank you for holding, what would you like to order? me: just one order of x please, and that’s it. pw: you have a sweet voice me: ... thanks pw: just kidding me: okay.. pw: .. no i am not kidding me: i’m sorry, is this (pizza place name) pw: yes sweetness, can i have your number? me: (gives male partner’s number bc i’m uncomfortable) pw: okay sweetness, see you in 15 min me: okay .. my partner listened to the whole call and was weirded out at first, but brushed it off. when we arrive there’s like this weird plastic as a covid-19 precaution that kind of ‘censors’ me from view though they can see we are there. i tell them my order name and then my partner goes up to pay where he is clearly visible (not behind plastic) and i stayed behind the plastic bc i didn’t want this man seeing me. the cashier had the same voice as the caller which is why i stayed behind. i don’t want someone to lose their job - especially during a pandemic but i definitely am hesitant to order from there again.","Would this be considered verbal sexual harassment, and should I report it to the company?","TLDR: do I email a large chain pizza business about an uncomfortable conversation with a franchise’s worker that took my phone order?

I don’t know if I’m blowing this out of proportion, so please reality check me if needed. 

I wanted to order a desert from a big chain pizzaria last night. The following is a transcription to the best of my memory: 

Pizza worker: hi can you hold

Me: yes

(Time) 

PW: thank you for holding, what would you like to order? 

Me: just one order of X please, and that’s it. 

PW: you have a sweet voice 

Me: ... thanks 

PW: just kidding 

Me: okay..

PW: .. no I am not kidding 

Me: I’m sorry, is this (Pizza place name) 

PW: yes sweetness, can I have your number? 

Me: (gives male partner’s number bc I’m uncomfortable) 

PW: okay sweetness, see you in 15 min 

Me: okay .. 

My partner listened to the whole call and was weirded out at first, but brushed it off. When we arrive there’s like this weird plastic as a COVID-19 precaution that kind of ‘censors’ me from view though they can see we are there. I tell them my order name and then my partner goes up to pay where he is clearly visible (not behind plastic) and I stayed behind the plastic bc I didn’t want this man seeing me. The cashier had the same voice as the caller which is why I stayed behind. I don’t want someone to lose their job - especially during a pandemic but I definitely am hesitant to order from there again.","[""Not Applicable""]",
"i was pressured into a threesome by my boyfriend and enjoyed it but not because of him. || this happened two days ago and my emotions are kinda still all over so sorry in advance i'll try to put this in order and make it as clear as possible. throwaway because bf knows my main. so i (21f) have been with my bf (22m) for 3 years he's known i was bi since we started dating and had never really said anything about it till last year. after he met my college friend ""maya"" maya is also bi and very beautiful but while honest about her experience isn't one to brag. when in a group playing drinking games last year maya opened up about a threesome she had before and i guess that's when my bf got the idea. i had been against it when he first brought it up but eventually he wore me down. when i finally said yes he immediately suggested maya, which looking back was his aim from the start. when we approached maya she was down and we had made plans that worked for everyone's schedule. maya texted me separately multiple times to make sure i was on board and comfortable as she put ""it just didn't seem my style,"" i told her i was onboard and to not worry that me and my bf had talked about it. when the day came she surprisingly took the lead which i don't think my bf was expecting either. i'll spare you the details but she made sure the focus was me and actually instructed my boyfriend on what to do. if he tried to focus on her she'd gently redirected him to me. saying things like ""nuh look how pretty you're gf is when you do this."" she barely let him touch her without asking me ""do you want to do___"". she would praise me a lot though out something i didn't even realize i liked. she also checked on both of us through the whole thing. i honestly think it was the best me and my bf ever had. after it was over she did what she called 'after care' and made us comfortable. i don't remember me or bf falling asleep. but when we woke up breakfast was made. maya is a chef professionally so it was amazing she had also left us a note as she had work in the afternoon and was sorry she couldn't stay. i feel like the dynamic between me bf had changed since and i know we have to talk about it but i don't even know what to say. edit: my point being i enjoyed sex with maya more than i ever had with my boyfriend i didn't want to go super into detail cuz tmi but maya was mostly touching me and was focused on me. i also think my boyfriend is disappointed he wasn't the focus. i also think he was surprised how much he like being told what to do small update: my boyfriend beat me to it and has texted me we need to talk we are planning on meeting up at starbucks after my shift tomorrow. i might update this post after update: this whole thing was emotionally draining and this post blew up more than i thought. well he saw the post and read through the comments. when we met he apologized he said he never saw himself convincing me as manipulation as we had talked about being more adventurous in the bedroom before and he thought i just needed time. he told me he did enjoy it a lot but it wasn't what he imagined it would be and was feeling insecure because i had been so responsive to maya. it wasn't until after it was over he started feeling inadequate as a partner. i'll admit i was a little heated because i told him for the past year something like this would happen and that three-ways especially ones not talked about indepth and hard boundaries set, this happens. i was willing to work through this if he was willing to work on his insecurity, but then he asked me to drop maya. i absolutely refused, maya is one of the few friends i have in the city and were very close even before all this. i explained to him that distancing from maya would not fix his insecurities. we went back and forth for a while before he tried to give me a ""it's me or her speech"" i just left him there i'm hurt and angry with myself it even got to this point. like how in the hell did i get here? and i know i know you guys made sure to point out all the red flags but he was my first serious boyfriend. three years are hard to see past that i guess. i called maya after i got home and explained everything she tried to apologize ,explaining she had had a small thing for me when we first met but grew into more just a friendship. when me and now ex bf approached her she was excited to in her words "",fuck it out of her system"" she.apologized again saying she didn't want for us to break up or for this situation to be more than it was but i reassured her none of this is her fault. she said she would support me as a friend or give me space, whatever i wanted if that's what i needed and i really appreciate it. for all you guys, hoping i'd end up with maya. sorry to disappoint but i think i'm going to be single for a good long while and figure out my feelings. i do like maya, as a friend and maybe more but if i was to ever pursue things i'd want to be sure i'm 100% genuine and not just feeling a void or an idea of a person. i have a therapist already and i guess this is going to be something i'm unpacking. so i can set better boundaries in the future for any future partners. edit: so i keep getting pms asking if they could put this on tiktok. i really don't care. i won't be logging into this account again after this so do whatever you want with this post. again thanks for all the support.",I was pressured into a threesome by my boyfriend and enjoyed it but not because of him.,"This happened two days ago and My emotions are kinda still all over so sorry in advance I'll try to put this in order and make it as clear as possible. Throwaway because BF knows my main. 

So I (21f) have been with my Bf (22m) for 3 years he's known I was bi since we started dating and had never really said anything about it till last year. After he met my college friend ""Maya"" 

Maya is also bi and very beautiful but while honest about her experience isn't one to brag. When in a group playing drinking games last year Maya opened up about a threesome she had before and I guess that's when my Bf got the idea. 

I had been against it when he first brought it up but eventually he wore me down. When I finally said yes he immediately suggested Maya, which looking back was his aim from the start. 

When we approached Maya she was down and we had made plans that worked for everyone's schedule. Maya texted me separately multiple times to make sure I was on board and comfortable as she put ""it just didn't seem my style,""

I told her I was onboard and to not worry that me and my Bf had talked about it. When the day came she surprisingly took the lead which I don't think my BF was expecting either. 

I'll spare you the details but she made sure the focus was me and actually instructed my boyfriend on what to do. If he tried to focus on her she'd gently redirected him to me. Saying things like ""nuh look how pretty you're gf is when you do this."" She barely let him touch her without asking me ""do you want to do___"".  She would praise me a lot though out something I didn't even realize I liked.  She also checked on both of us through the whole thing. I honestly think it was the best me and my Bf ever had. 

After it was over she did what she called 'after care'  and made us comfortable. I don't remember me or BF falling asleep. But when we woke up breakfast was made. Maya is a chef professionally so it was amazing she had also left us a note as she had work in the afternoon and was sorry she couldn't stay. 

I feel like the dynamic between me Bf had changed since and I know we have to talk about it but I don't even know what to say.

Edit: my point being I enjoyed sex with Maya more than I ever had with my boyfriend I didn't want to go super into detail cuz tmi but Maya was mostly touching me and was focused on me. I also think my boyfriend is disappointed he wasn't the focus. I also think he was surprised how much he like being told what to do


Small update: my boyfriend beat me to it and has texted me we need to talk we are planning on meeting up at Starbucks after my shift tomorrow. I might update this post after


Update: This whole thing was emotionally draining and this post blew up more than I thought. Well he saw the post and read through the comments. When we met he apologized he said he never saw himself convincing me as manipulation as we had talked about being more adventurous in the bedroom before and he thought I just needed time. 


He told me he did enjoy it a lot but it wasn't what he imagined it would be and was feeling insecure because I had been so responsive to Maya. It wasn't until after it was over he started feeling inadequate as a partner.

I'll admit I was a little heated because I told him for the past year something like this would happen and that three-ways especially ones not talked about indepth and hard boundaries set, this happens. 

I was willing to work through this if he was willing to work on his insecurity, but then he asked me to drop Maya.  I absolutely refused, Maya is one of the few friends I have in the city and were very close even before all this. I explained to him that distancing from Maya would not fix his insecurities. We went back and forth for a while before he tried to give me a ""it's me or her speech"" 

I just left him there I'm hurt and angry with myself it even got to this point. Like how in the hell did I get here? And I know I know you guys made sure to point out all the red flags but he was my first serious boyfriend. three years are hard to see past that I guess. 

 I called Maya  after I got home and explained everything she tried to apologize ,explaining she had had a small thing for me when we first met but grew into more just a friendship.  when me and now ex bf approached her she was excited to in her words "",fuck it out of her system"" she.apologized again saying she didn't want for us to break up or for this situation to be more than it was but I reassured her none of this is her fault. She said she would support me as a friend or give me space, whatever I wanted if that's what I needed and I really appreciate it.

For all you guys, hoping I'd end up with Maya. Sorry to disappoint but I think I'm going to be single for a good long while and figure out my feelings. I do like Maya, as a friend and maybe more but if I was to ever pursue things I'd want to be sure I'm 100% genuine and not just feeling a void or an idea of a person.  I have a therapist already and I guess this is going to be something I'm unpacking. So I can set better boundaries in the future for any future partners.

Edit: So I keep getting PMs asking if they could put this on TikTok. I really don't care. I won't be logging into this account again after this so do whatever you want with this post. 

again thanks for all the support.","[""Not Applicable""]",
"my opinion on #metoo || i think it is an oversight that the name of this movement is #metoo, considering back in the day the name of the symbol # was more commonly 'pound'. because of this, the name of the movement makes fun of itself without most young members even realizing it. poundmetoo.",My opinion on #MeToo,"I think it is an oversight that the name of this movement is #MeToo, considering back in the day the name of the symbol # was more commonly 'pound'.

Because of this, the name of the movement makes fun of itself without most young members even realizing it. 

PoundMeToo. ","[""Not Applicable""]",
"i may have just realized that i sexually harnessed my best friend, please help me understand what really happened. || i'm not sure why all these thoughts suddenly came to my head but i was sitting around my apartment and i started to think about some of my early relationships with females (i'm male, 33 years old) and i thought about how i stopped being friends with some female friends of mine which then led me to thinking i might have sexually harnessed my best friend and at least one other girl friend of mine. i'm sure i did something wrong but i just don't know the gravity of it... if it is very bad then is there anything i can do now? this was about 15 years ago, we knew each other for about 4 years at time, i've been in love with her for most of the time but she always had a boyfriend and i tried not to do anything while we became so close that she spent more time with me then with her boyfriend (he did have a demanding job at the time). it was obvious to me that they will break up and i'll finally have a chance, when they did broke up however we just stayed friends. the burst hopes of us being together was horrible but i was afraid about doing anything as to not lose her so i did nothing while my frustration grew and grew, it was particularly painful since she told me about the sexual adventures she's having (she didn't have many girl friends at the time so she talked about a lot of these stuff with me). at first i was annoyed by it but soon i started to enjoy the intimacy between us. at this point i think i might have even got her to talk about these issues even though she didn't really want to share with me. at one point she told me she didn't have an orgasm from sex with any of the guys she'd been with and after a her next date i asked her if she had an orgasm with this guy and the look she gave me made it clear that i should stop talking about it anymore. there was also a case with physical touch, it was when we set in a parked car and i grabbed her inner thigh for a couple of seconds, i don't think there was anything leading to it and she was just in shock so we never talked about it. there is another girl who i was friendly too about a year after and one time i convinced her to give me a massage and i tried to kinda flip my body so i'd be facing up with her above me which she i don't think she wanted, i'm almost certain that she stopped right after the second or third time i tried to do it and left soon afterwards. the massage was not something usual between and this was the first and last time it happened and she defiantly did not feel comfortable.","I may have just realized that I sexually harnessed my best friend, please help me understand what really happened.","I'm not sure why all these thoughts suddenly came to my head but I was sitting around my apartment and I started to think about some of my early relationships with females (I'm male, 33 years old) and I thought about how I stopped being friends with some female friends of mine which then led me to thinking I might have sexually harnessed my best friend and at least one other girl friend of mine. I'm sure I did something wrong but I just don't know the gravity of it... If it is very bad then is there anything I can do now?

This was about 15 years ago, we knew each other for about 4 years at time, I've been in love with her for most of the time but she always had a boyfriend and I tried not to do anything while we became so close that she spent more time with me then with her boyfriend (he did have a demanding job at the time). 

It was obvious to me that they will break up and I'll finally have a chance, when they did broke up however we just stayed friends. The burst hopes of us being together was horrible but I was afraid about doing anything as to not lose her so I did nothing while my frustration grew and grew, it was particularly painful since she told me about the sexual adventures she's having (She didn't have many girl friends at the time so she talked about a lot of these stuff with me). At first I was annoyed by it but soon I started to enjoy the intimacy between us. At this point I think I might have even got her to talk about these issues even though she didn't really want to share with me. At one point she told me she didn't have an orgasm from sex with any of the guys she'd been with and after a her next date I asked her if she had an orgasm with this guy and the look she gave me made it clear that I should stop talking about it anymore.
There was also a case with physical touch, it was when we set in a parked car and I grabbed her inner thigh for a couple of seconds, I don't think there was anything leading to it and she was just in shock so we never talked about it. 
There is another girl who I was friendly too about a year after and one time I convinced her to give me a massage and I tried to kinda flip my body so I'd be facing up with her above me which she I don't think she wanted, I'm almost certain that she stopped right after the second or third time I tried to do it and left soon afterwards. The massage was not something usual between and this was the first and last time it happened and she defiantly did not feel comfortable. ","[""Abuse"", ""Sexual"", ""Mental Health""]",1.000075175545784
"tapped another persons car. not sure if definitely my fault (ca) || so i live in this pretty small apartment complex and i was going out to my car about ready to leave. my complex has a narrow u shaped driveway going around and connecting to the main road and along the driveway is a big red line with fire lane no parking across it. one of our neighbors likes to park on it very often to wash their car and it just so happens to block our cars way out (just by a bit since this driveway can fit just about two cars side to side). i got into my car, not realizing that they were parked there and while talking to my son, accidentally tapped the side of my car. i know that chances are, i’m probably partially at fault for not paying attention, but could there be some doubt as to whether i was completely at fault due to how they were parked in a no parking area that obstructed my way out? i’m in california.",Tapped another persons car. Not sure if definitely my fault (CA),"So I live in this pretty small apartment complex and I was going out to my car about ready to leave. My complex has a narrow U shaped driveway going around and connecting to the main road and along the driveway is a big red line with FIRE LANE NO PARKING across it. One of our neighbors likes to park on it very often to wash their car and it just so happens to block our cars way out (just by a bit since this driveway can fit just about two cars side to side). I got into my car, not realizing that they were parked there and while talking to my son, accidentally tapped the side of my car. I know that chances are, I’m probably partially  at fault for not paying attention, but could there be some doubt as to whether I was completely at fault due to how they were parked in a no parking area that obstructed my way out? I’m in California.","[""Not Applicable""]",
"beta hcg help. please! || im exactly 5 weeks pregnant. i had beta hcg done as follows: 17 dpo -2644. 19dpo- 4690. 21 dpo 5687. is this doomed for another miscarriage? i was so hopefully this time around, it would be my 4th miscarriage.",Beta HCG help. Please!,"Im exactly 5 weeks pregnant. I had beta hcg done as follows: 17 dpo -2644. 19dpo- 4690. 21 dpo 5687. 
Is this doomed for another miscarriage? I was so hopefully this time around, it would be my 4th miscarriage. ","[""Medical"", ""Mental Health"", ""Pregnancy""]",1.000075175545784
"will i have to disclose this every time? || i hope this is the right flair but i just had a call for a job and had to explain my low gpa freshman and sophomore year that really dragged me down. i basically said something about a medical/crime related offense (which was not the right way to put it lol) but was told by the interviewer (he was very nice about it) that i should reference myself as a victim of a crime, and i didn't think about referring to myself as that because i was afraid i'd be judged or something. it's just really sucky that even though i feel like i've gotten better i'll still have my shit gpa which to be fair is also my fault for not looking for help earlier as well, i guess. i just feel like it's such an excuse even though i try to keep telling myself i'm valid. i also see other people who handled circumstances so much better, and i can't stop comparing myself. sometimes i feel like i should just restart school if i can because i'm almost so embarrassed saying my circumstances. i am glad i found this community though. i felt like i would never have to address it again but now that i literally had to say i was a victim of a crime i can't help but feel like i have made no progress. i did get another interview though so hey i guess he pitied me enough to keep me going lol",Will I have to disclose this every time?,"I hope this is the right flair but I just had a call for a job and had to explain my low gpa freshman and sophomore year that really dragged me down. I basically said something about a medical/crime related offense (which was not the right way to put it lol) but was told by the interviewer (he was very nice about it) that I should reference myself as a victim of a crime, and I didn't think about referring to myself as that because I was afraid I'd be judged or something. 

 It's just really sucky that even though I feel like I've gotten better I'll still have my shit GPA which to be fair is also my fault for not looking for help earlier as well, I guess. I just feel like it's such an excuse even though I try to keep telling myself I'm valid. I also see other people who handled circumstances so much better, and I can't stop comparing myself. Sometimes I feel like I should just restart school if I can because I'm almost so embarrassed saying my circumstances. 

I am glad I found this community though. I felt like I would never have to address it again but now that I literally had to say I was a victim of a crime I can't help but feel like I have made no progress. I did get another interview though so hey I guess he pitied me enough to keep me going lol","[""Not Applicable""]",
grand theft from electricians apprentice. || location: northern california as the title says my electricians apprentice came alone to my ranch and stole as many tools as they could fit in their suv i have photos of them and they have already been arrested and charged with grand theft. this apprentice was the granddaughter of the electrician we hired to do a few jobs around a couple places on the ranch. when the sheriff arrested her she gave back 4 items one of which was not mine and was probably stolen from someone else. she also gave the name of someone else she was with to the arresting officer. now we have talked to the granddaughter and grandfather and she admitted to stealing more than she gave back and has pictures of the other items. what can i do to get compensation or get any of my other tools back. the list probably adds up to another 5k in tools. any tips on bargaining with them or having him go to his insurance? is this worth taking to small claims court? or do i just move on and let the public and their other customers know what they did to me? i live in northern california. it seems like the police wolnt help me go any further with retrieving the stolen property or getting compensation.,Grand theft from electricians apprentice.,"Location: Northern California 

As the title says my electricians apprentice came alone to my ranch and stole as many tools as they could fit in their SUV I have photos of them and they have already been arrested and charged with grand theft. 

This apprentice was the granddaughter of the electrician we hired to do a few jobs around a couple places on the ranch. When the sheriff arrested her she gave back 4 items one of which was not mine and was probably stolen from someone else. 

She also gave the name of someone else she was with to the arresting officer. Now we have talked to the granddaughter and grandfather and she admitted to stealing more than she gave back and has pictures of the other items. What can I do to get compensation or get any of my other tools back.

 The list probably adds up to another 5k in tools. Any tips on bargaining with them or having him go to his insurance?  Is this worth taking to small claims court? Or do I just move on and let the public and their other customers know what they did to me? 

I live in Northern California. It seems like the police wolnt help me go any further with retrieving the stolen property or getting compensation.","[""Not Applicable""]",
"how do you deal with resentment at your husband/partner/bd? || how do you deal with resentment at your husband/partner/bd? hello everyone, i'm currently not pregnant nor will i ever be (i am sterilised), but i have a burning question to ask you ladies. i've always imagined if i got pregnant and gave birth, i'd feel a massive sense of injustice and resentment towards my husband. i had to go through a pregnancy, risk my life giving birth, and he just gets a baby for free?? not to mention all the other injustices, like how men historically do not help with childcare at all, no matter how feminist they claim to be, and the fact that women tend to be happiest unmarried and childfree. so i was wondering, how do you pregnant ladies look at this? i imagine my perspective is probably very biased and one dimensional, so i would love to hear different perspectives or maybe how you deal with resentment if you do feel that way",How do you deal with resentment at your husband/partner/BD?,"How do you deal with resentment at your husband/partner/BD?

Hello everyone, I'm currently not pregnant nor will i ever be (i am sterilised), but i have a burning question to ask you ladies. I've always imagined if i got pregnant and gave birth, I'd feel a massive sense of injustice and resentment towards my husband. I had to go through a pregnancy, risk my life giving birth, and he just gets a baby for free?? Not to mention all the other injustices, like how men historically do not help with childcare at all, no matter how feminist they claim to be, and the fact that women tend to be happiest unmarried and childfree. So i was wondering, how do you pregnant ladies look at this? I imagine my perspective is probably very biased and one dimensional, so i would love to hear different perspectives or maybe how you deal with resentment if you do feel that way","[""Not Applicable""]",
"my 3y old upheld gender neutral roles! i'm a proud dad || my son is 3.5y old and is a typical boy that lives trains, cars, and robots. he is high energy and loves being silly and running around driving us mad at times. my wife and i aren't super woke or anything, but generally liberal. we haven't discouraged him from wanting a pair of pink skye socks (paw patrol...) and he also has pink and purple swimming goggles that he chose. so, today he went to pre-school and came back and told us a story. his best friend who is finnish with very woke parents saw his socks and told him that pink is for girls! he replied saying, ""no, pink is for everyone!"" in a proud and confident manner. that brought a proud tear to me eye and feels like maybe i'm doing something right!",My 3y old upheld gender neutral roles! I'm a proud dad,"My son is 3.5y old and is a typical boy that lives trains, cars, and robots. He is high energy and loves being silly and running around driving us mad at times. My wife and I aren't super woke or anything, but generally liberal.

We haven't discouraged him from wanting a pair of pink skye socks (paw patrol...) and he also has pink and purple swimming goggles that he chose. So, today he went to pre-school and came back and told us a story. His best friend who is Finnish with very woke parents saw his socks and told him that pink is for girls! He replied saying, ""No, pink is for everyone!"" in a proud and confident manner.

That brought a proud tear to me eye and feels like maybe I'm doing something right!","[""Not Applicable""]",
"it just feels like a fever dream sometimes || 6 months ago i was expecting my second baby... there was a baby, there was a fetal pole, just no heartbeat. was told to wait 2 weeks and baby measured the same. then the er visit and emergency d&c and boom, just like that i'm no longer pregnant... almost nobody knows about it and those who know don't even talk about it. all i have is the thought of it that sometimes feels like a fever dream. i'm still so hurt by it and i'm consumed by my emotions at times. i miss my little bean",It just feels like a fever dream sometimes,"6 months ago I was expecting my second baby... There was a baby, there was a fetal pole, just no heartbeat. Was told to wait 2 weeks and baby measured the same. Then the ER visit and emergency D&C and boom, just like that I'm no longer pregnant... Almost nobody knows about it and those who know don't even talk about it. All I have is the thought of it that sometimes feels like a fever dream. I'm still so hurt by it and I'm consumed by my emotions at times. I miss my little bean","[""Medical"", ""Mental Health"", ""Pregnancy""]",1.0000023392813169
is this sexual assault || i (f30s) got a massage (m) and it was completely normal while i was on my stomach - although i was naked he had a towel over me and kept asking if i was comfortable. then he turned me over and said he was doing some energy work - which is fine whatever - and he was touching my chest and stomach and was getting pretty low for comfort. at one point while he was moving his hand he touched my vagina and he laughed but i kind of brushed it off like he didn’t mean to. then he said that he could “sense” that i was very sexual and asked me if i wanted him to give me an orgasm. i was so shocked i said no and then the massage was over. at first i thought it was just bizarre but as the day went on i felt really gross about it. i talked to my mom and she told me not to make it into a bigger deal than it is so i’m just really unsure if that’s actually assault or maybe just harassment? truthfully i just feel really unseen about it right now.,Is this sexual assault,I (F30s) got a massage (M) and it was completely normal while I was on my stomach - although I was naked he had a towel over me and kept asking if I was comfortable. Then he turned me over and said he was doing some energy work - which is fine whatever - and he was touching my chest and stomach and was getting pretty low for comfort. At one point while he was moving his hand he touched my vagina and he laughed but I kind of brushed it off like he didn’t mean to.  Then he said that he could “sense” that I was very sexual and asked me if I wanted him to give me an orgasm. I was so shocked I said no and then the massage was over. At first I thought it was just bizarre but as the day went on I felt really gross about it. I talked to my mom and she told me not to make it into a bigger deal than it is so I’m just really unsure if that’s actually assault or maybe just harassment? Truthfully I just feel really unseen about it right now.,"[""Abuse"", ""Sexual"", ""Mental Health""]",1.000553543450892
"miscarried in january and since then no positive tests || so me and my fiancée got the positive pregnancy test in january after a couple of months of trying, but after a few days all our excitement came crashing down as i had an early miscarriage. since this happened we have been trying to conceive and are having no luck. i track my cycle with clearblue ovulation sticks to ensure we are being as accurate as possible. it’s so difficult when it’s something you both want so much not to feel a bit defeated every month the pregnancy test shows i’m not pregnant. has anyone else had this experience? and if so, how long did it take you to conceive again?",Miscarried in January and since then no positive tests,"So me and my fiancée got the positive pregnancy test in January after a couple of months of trying, but after a few days all our excitement came crashing down as I had an early miscarriage. 

Since this happened we have been trying to conceive and are having no luck. 
I track my cycle with ClearBlue ovulation sticks to ensure we are being as accurate as possible. 
It’s so difficult when it’s something you both want so much not to feel a bit defeated every month the pregnancy test shows I’m not pregnant. 

Has anyone else had this experience? And if so, how long did it take you to conceive again?","[""Mental Health"", ""Pregnancy""]",1.0003357569599831
"how i cured my depression in 6 months: my story. || decided to post this, as i believe you all deserve to get better. this can help you if you put in the effort, no matter how hard it gets. little background: lost my dad, grandpa and uncle all in 3 months. turned to alcohol to feel better. started isolating myself, cut everyone off even family, didn’t leave the house, dropped out of college and wanted to kill myself as life wasn’t worth living for me anymore at the time. got stuck in a dark hole of suicidal thoughts, substance abuse, rage and severe (social) anxiety. how i got better: first things first, the alcohol had to go. any substance, including caffeine, weed and cigarettes have to go. i quit caffeine and alcohol cold turkey (do not recommend). tapering down is easier and has a higher rate of success however, i was (kinda still am) an all or nothing person. i was either gonna give 110% or kill myself when i grew the balls to do so. decided to try one last time to get better. i signed up at my local gym. now, you don’t have to go 4+ times a week, but i’d recommend a minimum of 3 times a week. lifting + cardio. lift for 45 minutes, do cardio for 45 minutes. for me personally cardio helps the most. i hated it, but started to love it after i found out how it made me feel. i love lifting so that was the easy part. i followed an upperbody/lowerbody split 4 times a week (made it myself) with great results. bodyfat went from 17% to 10% in those 6 months, was cutting calories on a small deficit. if you are overweight, make that your number 1 priority. lose the excess weight. you have no excuse not to. most importantly, just move! walking, riding your bike, swimming it doesn’t matter. humans are designed to move. self-care: take care of your facial & body hair. get a fresh haircut as often as you need. get rid of old, baggy clothes who don’t do you any good. get a nice deodorant, shampoo and bodywash. brush your teeth morning and night. cut your nails (both hands and feet). learn how to pluck your eyebrows (mostly the area between your two eyebrows, dont touch the rest). pluck your nosehairs. just take care of yourself man, look your best. i know it’s hard and you don’t want to do it but still force yourself. in my head, i felt like i wanted to do all of this but it was still extremely hard to actually do it but when i did it, i felt better about myself. work/get a job if you dont have one: get a job, any kind of job that forces you to get out there and communicate with other people. it will be hard at first, you might want to cry and just not go, whats the point? but you have to. make yourself do it. family: reach out to familymembers who 1: you know love you 2: who have always been there for you 3: who have never judged you, no matter how bad you were. talk to them about anything. get out of your head and put it out there. it is a relieve. the same applies to friends. reach out to friends who you know will support you. sleep schedule: sleep before midnight, wake up before 10 am and get out of bed. this is crucial. force yourself to get out of your bed, take a walk, shower, drink a cup of coffee with a familymember. it doesn’t matter what you do, just get out of your bed and out of your room. diet: 1 word: keto. amazing. first week, maybe 2, are a little hard but after that you feel great. your energy levels are stable, you feel more motivated to do things and you’ll lose weight if you track your calories and eat in a deficit. hobby’s: find something you love and start doing it. for me, it was fitness. i loved it and started spending 2 hours at the gym 4 times a week. also walked my dogs a lot, started reading and played videogames with my brother. most importantly, remember that you only get once chance at life. you can decide to dwell in self pity and live the rest of your life feeling like shit. goodluck if thats what you are gonna do, because life is long. might as well try and make it a fun experience. it won’t be easy, but it will be worth it. being happy is worth it. you just have to decide if you want to do everything in your power to feel happy again. remember that you wake up every single day deciding either to hate yourself and not do anything about it, or hate yourself but working on a better you. it will pay off in the end, you just gotta have the balls to do it and not everyone can be strong. live for yourself. stop feeling sorry for yourself and start doing something. break that mental barrier.",How i cured my depression in 6 months: my story.,"Decided to post this, as i believe you all deserve to get better. This can help you if you put in the effort, no matter how hard it gets. 

Little background: lost my dad, grandpa and uncle all in 3 months. Turned to alcohol to feel better. Started isolating myself, cut everyone off even family, didn’t leave the house, dropped out of college and wanted to kill myself as life wasn’t worth living for me anymore at the time. Got stuck in a dark hole of suicidal thoughts, substance abuse, rage and severe (social) anxiety. 

How i got better: first things first, the alcohol had to go. Any substance, including caffeine, weed and cigarettes have to go. I quit caffeine and alcohol cold turkey (do not recommend). Tapering down is easier and has a higher rate of success however, i was (kinda still am) an all or nothing person. I was either gonna give 110% or kill myself when i grew the balls to do so. Decided to try one last time to get better. 

I signed up at my local gym. Now, you don’t have to go 4+ times a week, but i’d recommend a minimum of 3 times a week. Lifting + cardio. Lift for 45 minutes, do cardio for 45 minutes. For me personally cardio helps the most. I hated it, but started to love it after i found out how it made me feel. I love lifting so that was the easy part. I followed an upperbody/lowerbody split 4 times a week (made it myself) with great results. Bodyfat went from 17% to 10% in those 6 months, was cutting calories on a small deficit. If you are overweight, make that your number 1 priority. Lose the excess weight. You have no excuse not to. MOST IMPORTANTLY, JUST MOVE! Walking, riding your bike, swimming it doesn’t matter. Humans are designed to MOVE. 

Self-care: take care of your facial & body hair. Get a fresh haircut as often as you need. Get rid of old, baggy clothes who don’t do you any good. Get a nice deodorant, shampoo and bodywash. Brush your teeth morning and night. Cut your nails (both hands and feet). Learn how to pluck your eyebrows (mostly the area between your two eyebrows, dont touch the rest). Pluck your nosehairs. Just take care of yourself man, look your best. I know it’s hard and you don’t want to do it but still force yourself. In my head, i felt like i wanted to do all of this but it was still extremely hard to actually do it but when i did it, i felt better about myself. 

Work/Get a job if you dont have one: get a job, any kind of job that forces you to get out there and communicate with other people. It will be hard at first, you might want to cry and just not go, whats the point? But you HAVE TO. Make yourself do it. 

Family: reach out to familymembers who 1: you know love you 2: who have always been there for you 3: who have never judged you, no matter how bad you were. Talk to them about anything. Get out of your head and put it out there. It is a relieve. The same applies to friends. Reach out to friends who you know will support you.

Sleep schedule: sleep before midnight, wake up before 10 am and GET OUT OF BED. This is crucial. Force yourself to get out of your bed, take a walk, shower, drink a cup of coffee with a familymember. It doesn’t matter what you do, just get out of your bed and out of your room.

Diet: 1 word: KETO. Amazing. First week, maybe 2, are a little hard but after that you feel great. Your energy levels are stable, you feel more motivated to do things and you’ll lose weight if you track your calories and eat in a deficit. 

Hobby’s: find something you love and start doing it. For me, it was fitness. I loved it and started spending 2 hours at the gym 4 times a week. Also walked my dogs a lot, started reading and played videogames with my brother. 

Most importantly, remember that you only get once chance at life. You can decide to dwell in self pity and live the rest of your life feeling like shit. Goodluck if thats what you are gonna do, because life is long. Might as well try and make it a fun experience. It won’t be easy, but it will be worth it. Being HAPPY is worth it. You just have to decide if you want to do everything in your power to feel happy again. Remember that you wake up every single day deciding either to hate yourself and not do anything about it, or hate yourself but working on a better you. It will pay off in the end, you just gotta have the balls to do it and not everyone can be strong. 

LIVE FOR YOURSELF. 

STOP Feeling sorry for yourself and start DOING something. Break that mental barrier. 

","[""Not Applicable""]",
"just got called an n on here || hence the throwaway account, just got told i am a borderline narcissist because i was ranting about family on a sub where i thought people understood (not here). for so long, i thought i was the one in the wrong, that the reason i was so miserable was all my fault. only through this sub have i learnt that, though i used to overreact, throw insults around and cry a lot, there is a reason i did. because for most of my life, my parents have neglected and abused me. but now, even typing that out, i doubt it. i doubt myself, as if i'm the one in the wrong. thank you, random person on reddit, you just ruined my self esteem. and even now, i feel that this post is narcissistic. why am i even writing this? for attention. great. edit: i just read the post on fleas. i hate self-diagnosing but i feel that may it. :( edit 2: thank you to everyone who has commented already. you guys have really put things into perspective, and reminded me that my behaviour is not abnormal. i don't know what i'd do without you all <3",Just got called an N on here,"Hence the throwaway account, just got told I am a borderline narcissist because I was ranting about family on a sub where I thought people understood (not here).


For so long, I thought I was the one in the wrong, that the reason I was so miserable was all my fault. Only through this sub have I learnt that, though I used to overreact, throw insults around and cry a lot, there is a reason I did. Because for most of my life, my parents have neglected and abused me.


But now, even typing that out, I doubt it. I doubt myself, as if I'm the one in the wrong. Thank you, random person on reddit, you just ruined my self esteem.


And even now, I feel that this post is narcissistic. Why am I even writing this? For attention. Great.

EDIT: I just read the post on FLEAS. I hate self-diagnosing but I feel that may it.


:(

EDIT 2: Thank you to everyone who has commented already. You guys have really put things into perspective, and reminded me that my behaviour is not abnormal. I don't know what I'd do without you all <3","[""Not Applicable""]",
parenting is hard || i fucking hate myself man. i have a one year old and it seems that he is going through a sleep regression of some sort. i have never let him cry it out and i did last night at 4am because he had been up for 2 hours and just would not go to sleep and was screaming and trying to throw himself out of my arms when i held him. he cried for 15 mins then fell asleep. now he is asleep for a nap but it took 45 mins to get there. i get so fucking irate with his screaming that i yell at him to stop and i feel like such a horrible parent. we cried together for like 10 mins. i tried to leave him to cry before i ever yelled because i could feel myself getting angry and he just cried and cried so i went back in and eventually yelled at him. i don’t understand how people can do this. i feel so guilty and my mind just races and races and sometimes i just want to kill myself. i don’t understand why i am like this and why i get so worked up. i am so worried about causing trauma and him being fearful of me.,Parenting is hard,I fucking hate myself man. I have a one year old and it seems that he is going through a sleep regression of some sort. I have never let him cry it out and I did last night at 4am because he had been up for 2 hours and just would not go to sleep and was screaming and trying to throw himself out of my arms when I held him. He cried for 15 mins then fell asleep. Now he is asleep for a nap but it took 45 mins to get there. I get so fucking irate with his screaming that I yell at him to stop and I feel like such a horrible parent. We cried together for like 10 mins. I tried to leave him to cry before I ever yelled because I could feel myself getting angry and he just cried and cried so I went back in and eventually yelled at him. I don’t understand how people can do this. I feel so guilty and my mind just races and races and sometimes I just want to kill myself. I don’t understand why I am like this and why I get so worked up. I am so worried about causing trauma and him being fearful of me.,"[""Not Applicable""]",
"i've set something in motion, and my heart is pounding || i may communicate more about this under different flair, but for right now, i just need to share the fact that i've done it. my own metoo story has finally emerged, after decades of denial and buying into the story my extended family wove around the abuser and his behavior. because of some intensive work i've been doing, health challenges that have forced even more introspection, and an eerie echo (someone who resembles the abuser engaging in a nearly identical behavior) that's allowing me to rewrite a childhood story for my adult self (with unparalleled support), i've decided to... well, to start a thing, of the highly public ""art project"" flair variety. i've just hit send on an email and fb message to a select group of people in my world who i believe would want to know i'm doing it, and/or who might want to contribute in some manner. there's going to be a lot of work to do, though i've set key wheels in motion. and i've just put the most deeply personal part of my self out there for them to see. i chose my recipients carefully... but i... am... scared... as... fuck. thanks for letting me get that out.","I've set something in motion, and my heart is pounding","I may communicate more about this under different flair, but for right now, I just need to share the fact that I've done it.

My own MeToo story has finally emerged, after decades of denial and buying into the story my extended family wove around the abuser and his behavior. Because of some intensive work I've been doing, health challenges that have forced even more introspection, and an eerie echo (someone who resembles the abuser engaging in a nearly identical behavior) that's allowing me to rewrite a childhood story for my adult self (with unparalleled support), I've decided to... well, to start a Thing, of the highly public ""art project"" flair variety. 

I've just hit send on an email and FB message to a select group of people in my world who I believe would want to know I'm doing it, and/or who might want to contribute in some manner. There's going to be a lot of work to do, though I've set key wheels in motion. And I've just put the most deeply personal part of my Self out there for them to see. I chose my recipients carefully... but I... am... scared... as... fuck.

Thanks for letting me get that out.  ","[""Not Applicable""]",
"pregnancy termination at 22 weeks- fetal teratoma || hi guys. this is a post i never thought i’d be making. we recently had our 5 month anatomy scan and baby was found to have a 7cm teratoma growing on his neck. we had to redo the scan 3 times and meet with a specialist at another hospital to figure out what to do. basically baby can’t swallow because of the mass which is causing the amniotic fluid to build up in my tummy. i had two options. terminate the pregnancy now and deliver him (he would be still born as he can’t breathe on his own due to the mass) or wait until the buildup of fluid sends me into early delivery, they think it would happen before 26 weeks. in both cases he would die, but the specialist was worried about what being sent into early labor with a still born in an uncontrolled environment would do to my body. i’m really devastated. i wanted this baby so bad. this was my first pregnancy. we have to bury him after the delivery. in 2 days i’ll be going in for an induction labor. it’s a 24 hour procedure here in ontario, canada. i wanted to know if anyone else has been in this position before. and also, has anyone had experiences getting pregnant again after a pregnancy loss in the 2nd trimester? how long did it take? i’m not sure what to expect in terms of anything. thank you",Pregnancy termination at 22 weeks- fetal teratoma,"Hi guys. This is a post I never thought i’d be making. 

We recently had our 5 month anatomy scan and baby was found to have a 7cm teratoma growing on his neck. We had to redo the scan 3 times and meet with a specialist at another hospital to figure out what to do. Basically baby can’t swallow because of the mass which is causing the amniotic fluid to build up in my tummy. I had two options. 
Terminate the pregnancy now and deliver him (he would be still born as he can’t breathe on his own due to the mass) or
Wait until the buildup of fluid sends me into early delivery, they think it would happen before 26 weeks. In both cases he would die, but the specialist was worried about what being sent into early labor with a still born in an uncontrolled environment would do to my body. 

I’m really devastated. I wanted this baby so bad. This was my first pregnancy. We have to bury him after the delivery. 

In 2 days i’ll be going in for an induction labor. It’s a 24 hour procedure here in Ontario, Canada. 

I wanted to know if anyone else has been in this  position before. And also, has anyone had experiences getting pregnant again after a pregnancy loss in the 2nd trimester? How long did it take? I’m not sure what to expect in terms of anything. 

Thank you","[""Medical"", ""Mental Health"", ""Pregnancy""]",1.0004308812400349
"""i taste better"" || my supervisor who i work next to everyday started to invite me over to his house.. where he lives with his girlfriend and 6 kids. thought he was being friendly until he gave me some food and text me asking how it tasted. i said good, he sent a message back saying ""i taste better."" i ignored it thinking maybe he talks that way to everyone, until this last friday i went to a bbq with him and a few other coworkers, i left around 8 and got a message from him asking me if he could come over to my place. i politely said no about 5 or 6 times and had to start ignoring him when he wouldn't stop and tried to make me feel bad for saying no.. and then said his kids were in bed and he wanted ""adult time."" i know it's not crazy like him trying to mess with me physically or anything but it's still super uncomfortable especially since he is my supervisor and i don't want something to happen with my position because i tell him to stop crossing my boundaries, not sure what to do about it. so sick of assholes, seems like everytime i get away from one another shows up. if he wasnt my boss and if i didnt have to work with him i'd tell him to suck on his own tiny cock and see how it tastes","""I taste better""","my supervisor who i work next to everyday started to invite me over to his house.. where he lives with his girlfriend and 6 kids. thought he was being friendly until he gave me some food and text me asking how it tasted. I said good, he sent a message back saying ""i taste better."" i ignored it thinking maybe he talks that way to everyone, until this last Friday i went to a BBQ with him and a few other coworkers, I left around 8 and got a message from him asking me if he could come over to my place. I politely said no about 5 or 6 times and had to start ignoring him when he wouldn't stop and tried to make me feel bad for saying no.. and then said his kids were in bed and he wanted ""adult time."" i know it's not crazy like him trying to mess with me physically or anything but it's still super uncomfortable especially since he is my supervisor and i don't want something to happen with my position because i tell him to stop crossing my boundaries, not sure what to do about it. so sick of assholes, seems like everytime i get away from one another shows up. if he wasnt my boss and if i didnt have to work with him I'd tell him to suck on his own tiny cock and see how it tastes","[""Not Applicable""]",
"i (36f) was told my partner of twelve years (34m) was being inappropriate with a girl at work. is giving him an ultimatum too much? || my partner and i have had issues with trust over the past couple years and share two children. i had found out that at his last job he had a girl who was 18 slap his ass and then later proposition him to go into an empty room. i only found out because he was bragging to his parents about it (gross). he later explained to me she had slapped his butt and he had told her not to do that. when i asked why she would then proposition him later if he had made it clear already and shut her down he said he didn't know. i honestly felt he was probably engaging in it but had no real proof he hadn't tried to be appropriate. i did ask why he wouldn't go to hr and he acted like it wasn't that big of a deal and she left after a couple weeks. he said he forgot her name because it was a while ago, i did not believe it but again tried to move on. he worked a new job after that for about six months and at one point i saw he exchanged spotify top 100 with a random female coworker. he claimed she was doing it with everybody, i told him i'd prefer he didn't text co-workers after what happened at his last job. within a week i found a deleted text he sent her of a new tattoo he got. he claimed this was because it was wrapped and co-workers wanted to see it, he had not thought about it and once he realized i'd be upset deleted it. i recently had a ex co-worker of his from that last job tell me now that he was flirting heavily with this girl and being inappropriate. the ex co-worker was her ex as well and was amused i said i had been suspicious of her as my instincts were correct.my partner claims the guy is lying and just trying to get with me, he has asked to hang out so that could be. but i highly doubt it. i asked him if i could message her as him to see how she responds to him and try to gauge if they were too friendly. he went nuts and said it's abusive and no matter what i'll read into it. he said he would not do that and would rather end the relationship. i feel that even further means he is guilty since it seems fairly simple. i honestly feel it is a valid request and he is avoiding the possibility of her saying something that would sell him out. how would you proceed in this situation?",I (36f) was told my partner of twelve years (34m) was being inappropriate with a girl at work. Is giving him an ultimatum too much?,"My partner and I have had issues with trust over the past couple years and share two children. I had found out that at his last job he had a girl who was 18 slap his ass and then later proposition him to go into an empty room. I only found out because he was bragging to his parents about it (gross). He later explained to me she had slapped his butt and he had told her not to do that. When I asked why she would then proposition him later if he had made it clear already and shut her down he said he didn't know. 

I honestly felt he was probably engaging in it but had no real proof he hadn't tried to be appropriate. I did ask why he wouldn't go to hr and he acted like it wasn't that big of a deal and she left after a couple weeks. He said he forgot her name because it was a while ago, I did not believe it but again tried to move on. 

He worked a new job after that for about six months and at one point I saw he exchanged Spotify top 100 with a random female coworker. He claimed she was doing it with everybody, I told him I'd prefer he didn't text co-workers after what happened at his last job. Within a week I found a deleted text he sent her of a new tattoo he got. He claimed this was because it was wrapped and co-workers wanted to see it, he had not thought about it and once he realized I'd be upset deleted it. 

I recently had a ex co-worker of his from that last job tell me now that he was flirting heavily with this girl and being inappropriate. The ex co-worker was her ex as well and was amused I said I had been suspicious of her as my instincts were correct.My partner claims the guy is lying and just trying to get with me, he has asked to hang out so that could be. But I highly doubt it. 

I asked him if I could message her as him to see how she responds to him and try to gauge if they were too friendly. He went nuts and said it's abusive and no matter what I'll read into it. He said he would not do that and would rather end the relationship. I feel that even further means he is guilty since it seems fairly simple. I honestly feel it is a valid request and he is avoiding the possibility of her saying something that would sell him out. How would you proceed in this situation?","[""Not Applicable""]",
"aita for telling mil she's a guest? || my (33f) mil (67f) lives in another country with her husband. we never got along because she always insists on being the one to make the rules and is overall very controlling. she also disliked me from the start for merely existing. we don't see her very often thankfully but whenever we do it's always pretty stressful. she is visiting now and staying with us. it's been a week. normally my husband deals with her shit but he's currently travelling for work and won't be back until tonight. since my husband left she's been horrible. it's like she's trying to get on my nerves on purpose. i try to keep calm because i know she'll leave in 2 weeks and i won't see her for months again. however, there's been an incident that me and my husband are now fighting about. my toddler brought a large toy truck to the table. i reminded him 'no toys when we're eating, please put it back in the toy box and you can play with it when you're done eating'. my toddler was compliant but as he was getting off the chair mil said 'it's ok honey, grandma allows it, your mommy is no fun, isn't she?'. this is not an isolated incident, she's been trying to undermine my parenting ever since my husband left for work (trying to let the kids eat sweets instead of dinner, telling them they can do things i just told them they were not allowed and so on). i could not take it anymore and said 'let's not forget grandma is but a guest here. guests don't make the rules, do they? i'm sure grandma knows who this apartment belongs to. and hotels are so expensive in this area'. i admit my tone was mocking and i was referring to the fact that i alone own our home (i inherited it from grandpa). she was red and called me disrespectful but did not escalate it any further. the same evening my husband is calling me furious, asking how dare i tell his mother she's not welcome here. i told him full story and he was still pissed, claiming i should have handled it better and keep peace. he said he can't even leave for a few days without us getting in a fight in front of the kids. i told him why don't you say that to your mother. i also told him this is the last time i'm allowing her to stay over. she can live in a hotel or not come at all for all i care if she has to act like this. i refuse to feel so uncomfortable in my own home. i also told him i'm going to my parents' lake house this weekend because the weather is so nice and i want to relax. however, mil is not welcome to join. he has 3 options: go with us, try to convince the kids to stay home with him and mil so that i could go alone or i go with the kids and he stays with mil. he told me it's very rude not to invite mil. she would love to go to the lake. i said maybe but she's the one i need a break from. he called me a petty asshole. i sure am petty but i don't think i'm the asshole here. never in my life have i started an argument with mil first. but just in case, aita?",AITA for telling MIL she's a guest?,"My (33F) MIL (67F) lives in another country with her husband. We never got along because she always insists on being the one to make the rules and is overall very controlling. She also disliked me from the start for merely existing. We don't see her very often thankfully but whenever we do it's always pretty stressful.  

She is visiting now and staying with us. It's been a week. Normally my husband deals with her shit but he's currently travelling for work and won't be back until tonight. Since my husband left she's been HORRIBLE. It's like she's trying to get on my nerves on purpose. I try to keep calm because I know she'll leave in 2 weeks and I won't see her for months again. However, there's been an incident that me and my husband are now fighting about.  

My toddler brought a large toy truck to the table. I reminded him 'no toys when we're eating, please put it back in the toy box and you can play with it when you're done eating'. My toddler was compliant but as he was getting off the chair MIL said 'it's ok honey, grandma allows it, your mommy is no fun, isn't she?'. This is not an isolated incident, she's been trying to undermine my parenting ever since my husband left for work (trying to let the kids eat sweets instead of dinner, telling them they can do things I just told them they were not allowed and so on).  

I could not take it anymore and said 'let's not forget grandma is but a guest here. Guests don't make the rules, do they? I'm sure grandma knows who this apartment belongs to. And hotels are so expensive in this area'. I admit my tone was mocking and I was referring to the fact that I alone own our home (I inherited it from grandpa). She was red and called me disrespectful but did not escalate it any further.  

The same evening my husband is calling me furious, asking how dare I tell his mother she's not welcome here. I told him full story and he was still pissed, claiming I should have handled it better and keep peace. He said he can't even leave for a few days without us getting in a fight in front of the kids. I told him why don't you say that to your mother. I also told him this is the last time I'm allowing her to stay over. She can live in a hotel or not come at all for all I care if she has to act like this. I refuse to feel so uncomfortable in my own home.  

I also told him I'm going to my parents' lake house this weekend because the weather is so nice and I want to relax. However, MIL is not welcome to join. He has 3 options: go with us, try to convince the kids to stay home with him and MIL so that I could go alone or I go with the kids and he stays with MIL. He told me it's very rude not to invite MIL. She would love to go to the lake. I said maybe but she's the one I need a break from. He called me a petty asshole. I sure am petty but I don't think I'm the asshole here. Never in my life have I started an argument with MIL first. But just in case, AITA?","[""Not Applicable""]",
i think i’m going to miscarry || i just recently found out last week that i’m pregnant. i had been starving and eating a ton of food and then suddenly was very nauseous and my breasts hurt so badly… i am having extreme lower back pain and lower abdominal cramping to the point that i’m not sleeping. i’ve had a miscarriage before and i just have a feeling i’m going to lose the baby if it’s not already passed. am i crazy? i feel like i’m going to lose this baby. i don’t have any bleeding yet but i just don’t think it’s going to stick. i can feel it in my body and i’m in so much pain.,I think I’m going to miscarry,"I just recently found out last week that I’m pregnant. I had been starving and eating a TON of food and then suddenly was very nauseous and my breasts hurt so badly…
I am having extreme lower back pain and lower abdominal cramping to the point that I’m not sleeping. I’ve had a miscarriage before and I just have a feeling I’m going to lose the baby if it’s not already passed. 
Am I crazy? I feel like I’m going to lose this baby. I don’t have any bleeding yet but I just don’t think it’s going to stick. I can feel it in my body and I’m in so much pain. ","[""Medical"", ""Mental Health"", ""Pregnancy""]",1.000710419277288
"i had an abortion and i don’t regret it. || this is going to sound weird but did anyone else have an abortion and not regret it? i wanted to keep my baby so bad but deep down i knew i just couldn’t. i don’t have the best job, me and my boyfriend aren’t living together at the moment and it broke me to think about getting our baby aborted. the day of i was a nervous wreck, i didn’t wanna do it. i ended up going through with it but i dont regret it at all? i don’t even feel the grief. is this normal? edit: thank you everyone for sharing your experiences with me, it means a lot knowing im not a psychopath for not feeling any type of negative emotions over this! it makes me feel a lot better :)",I had an abortion and I don’t regret it.,"This is going to sound weird but did anyone else have an abortion and not regret it? I wanted to keep my baby so bad but deep down i knew i just couldn’t. I don’t have the best job, me and my boyfriend aren’t living together at the moment and it broke me to think about getting our baby aborted. The day of I was a nervous wreck, i didn’t wanna do it. I ended up going through with it but I dont regret it at all? I don’t even feel the grief. Is this normal? 

Edit: Thank you everyone for sharing your experiences with me, it means a lot knowing im not a psychopath for not feeling any type of negative emotions over this! It makes me feel a lot better :)","[""Pregnancy""]",1.0004308812400349
i’m 14 and this shouldn’t have happened. || i shouldn’t have gone through this. i was on omegle and a man from japan and i met. we moved over to instagram and things got sexual. he sent a picture and made me send one. we went back and fourth and one thing led to another and when we finished i immediately blocked him and felt disgusting. i went and got some water and my cat and went into my room. i feel horrible. i wanna say i didn’t want to do it but i feel like it was my fault and i brought this on myself. i feel violated and like i did something really wrong. is this my fault..? i know it’s not sexual assault but does anyone know what this could be? i’m traumatized.,I’m 14 and this shouldn’t have happened.,"
I shouldn’t have gone through this. 
I was on omegle and a man from Japan and i met. We moved over to Instagram and things got sexual. He sent a picture and made me send one. We went back and fourth and one thing led to another and when we finished I immediately blocked him and felt disgusting. I went and got some water and my cat and went into my room. I feel horrible. I wanna say I didn’t want to do it but I feel like it was my fault and I brought this on myself. I feel violated and like I did something really wrong. 
Is this my fault..?
I know it’s not sexual assault but does anyone know what this could be? I’m traumatized.","[""Abuse"", ""Sexual"", ""Mental Health""]",1.0001236889311205
should i smash his property? || what he did is legal in my country. i still have trauma. should i smash his shit or egg his garage?,Should I smash his property?,What he did is legal in my country. I still have trauma. Should I smash his shit or egg his garage?,"[""Not Applicable""]",
post op questions- input welcome || im trying to get all my questions for my polyp removal+ d&c tomorrow on paper. that way my husband can ask the questions while i come out of the anesthesia. what questions would you think to ask or have for yourself if you have had polyps removed? tia!,Post op questions- input welcome,"Im trying to get all my questions for my polyp removal+ d&c tomorrow on paper. That way my husband can ask the questions while I come out of the anesthesia. 

What questions would YOU think to ask or have for yourself if you have had polyps removed?
 
Tia!","[""Not Applicable""]",
"should i (27m) leave my (27f) wife? || update: [https://www.reddit.com/r/relationships/comments/1ey31gu/update\_should\_i\_27m\_leave\_my\_27f\_wife/](https://www.reddit.com/r/relationships/comments/1ey31gu/update_should_i_27m_leave_my_27f_wife/) hi everyone, strap in for a doozy. to give some much needed context to this situation i (27m) met my now wife (27f) via a dating app in late 2015 we spoke for a month before meeting in person for the first time where i asked her to be my girlfriend. she said yes and we were long distance for 3 years before moving in together in 2018. i moved away from my family and friends and we found a house in the same town she was already living. i proposed the following year and then we got married in 2020 and then started trying for a baby it took some time and the pregnancy was very rough for my wife and ended up being a c-section but our son was born october 2021 and is now nearly 3 years old. this is where things get complicated, leading up to our wedding one of the bridesmaids sisters had a boyfriend who came to the wedding as their plus one, my wife ended up becoming friends with said boyfriend. a few months after we had gotten married they were getting closer and people started to comment on it and me not wanting to be an overbearing jealous husband just passed it off as people of different genders can just be friends right? some more context on what i think drew them together is myself and my wife are very introverted people with her being slightly more outgoing. i prefer to stay home rather than go out and on my part may have not been putting in enough effort on organising dates outside of the house. my impression at the time was that we enjoyed doing things at home and now she had a friend to go do outdoor things with. the got closer over time and were best friends during the time we were trying for a baby. people would keep commenting and i would brush it off to try and be supportive of her having a close friend as she had in the past struggled to make friends which i could relate to. they clashed heads quite a lot and i would often be a shoulder to cry on and at one point they stopped being friends altogether and given how upset she was seemed almost like a breakup. they became friends again and one night whilst they were out together i had seen she had not logged out of facebook and stupidly decided to snoop on their messages. it revealed he was in love with her and that she had developed feelings too but was not acting on them because of me. i confronted her about this and she had said he had confessed before and she had turned him down causing them to stop being friends but they had become friends again on the understanding that it would be just friends but she too then developed feelings. i wanted to trust her so left it at that. come october 2021 close to halloween our son had been born and my work were going out for a few drinks after we did a quiz in the office, we ended up meeting with my wife, my sister-law, the best friend and a few others. despite my usual dislike for places like clubs i somehow was there and the mix of alcohol and the whispers of colleagues and friends in my ear about how the best friend was being too close with my wife stoked up a rage in me. this came to a head when my friends and colleagues were making an effort split my wife and the best friend up and to bring my wife and i together, this upset the best friend and he was going to leave the club. my wife followed and one more comment about how i should go after too because ""it wasn't right"" it set my rage over the edge and i went down and saw them sitting on a sofa embracing in a goodbye which to my angry drunk mind was too much i told the best friend it was time to leave and he got up and then i punched him in the face. we got separated by the club staff and i left the club very quickly and walked all the way home suddenly very sober. the next few days revealed more of their relationship, my wife convinced him not to call the police on me and she was up in the air about leaving me because my punching of him put into question how safe i was as a person mind i had never punched anyone before and i hate confrontation as you'll see more in this post. she had revealed that whilst they had not engaged in full on sex they had been intimate in other ways but had stopped once she was heavily pregnant with our son. she had been feeling guilty for a while and they had not resumed what they were doing once our son was born. she had said that she had been unfaithful and that the trust was gone. i wanted to stay together and rebuilt our trust because i still very much loved her and wanted my son to have a family that was whole. we talked it out and agreed to stay together and that she would go back to being actual friends with the best friend who during all this was trying to convince her to leave me and be with him instead which was not plausible anyway as he lived with his parents and currently had no job so could not provide for anyone. a few days after the whole ordeal myself, my wife and him all had a conversation and he presented her with an ultimatum him or me. my wife is notorious for being terrible at communication it can be very difficult to get any kind of response out of her, she just wants you to do all the talking and figure out what you want but the best friend wanted to hear it from her specifically him or me. we sat and wait for a while in silence. she chose me in silence but he wanted her to say it out loud that she was done with him romantically and she eventually did and i thought that was the end of it. the best friend and i shared a weird hug i'm not quite sure why maybe some subconscious apology to me for how he had come into our lives and turned it all upside down. despite my wife saying she was done with him romantically the remained friends but not for long. my wife was continuously guilty because she would occasionally slip up and kiss him. me being the dolt i am excused these mess ups for the sack of trying to keep our relationship intact and our family whole. a few months after this she broached the subject of an open relationship a way she could have all she wanted with none of the guilt or consequences. i could she she was struggling we were both very tired from looking after a baby and she had suffered very hard with postnatal depression and had suffered depression at the start of our relationship and prior. she had gotten a lot better and was off her medication by the time we were engaged and getting married but the pregnancy plus this whole weird love triangle had brought her right back. so being the idiot i was agreed to an open relationship to make her happy. this open relationship lasted until around april of this year. she was happy having her family life with husband and child with me and then her outgoing fun part of life with the best friend. i did not see an other woman during this as i was committed to my wife even if she wasn't fully committed to me. my main reasoning for sticking this out was mostly for the sake of my son. i wanted him to have a proper family and i just wanted a simple family life. the other part was fear or shame. if i left it would all come out and everyone would know. i have a good relationship with my-laws and my family is currently planning to move down to where we are because they want to spend more time with my son. if i leave it will ruin so many relationships and i fear the blame will be on me for not stopping it sooner so i soldiered on even though i was miserable most of the time i did it for my son and my family so they might be happy and seeing them happy would help me forget or at least block it out. so during this whole open relationship whilst our side was fine, we had family trips and holidays and my wife and i were still able to be intimate with each other in the very rare times that our child allowed us to be. she wasted no time having sex with the best friend, they would go out in the evenings a few times a week and sometimes away for weekends together. he did not like hearing my name even being mentioned so when they were together i'm sure they pretended like i didn't exist, they had even taken our son for day trips to farms and softplay when i was working and that is one of the few times i had the guts to say something and say that he was my son and that the family stuff should remain with the actual family. myself hearing his name was quite the opposite whenever they fought or had some kind of disagreement i was the shoulder to cry on and the empathetic listener as any suggestions fell on deaf ears. whenever i felt close to caving and leaving my son would float into my mind and it would stop me every time. in april this all came to ahead, she had said they'd been fighting more and more, he was spending more time on his phone when he was with her and this resulted in her half heartedly breaking up with him to try and rouse something out of him but he took her at her word and broke up with her. she backpedalled and tried getting him back but he ended up going no contact with her. she was inconsolable for weeks and i was there as always to pick up the pieces, whilst she was physically ill and cried i and her parents looked after my son. she had attempted a few more times to reach out to him and each time this relapsed her progress in getting over him. she had even tried to go back to being just friends but either he couldn't do that or didn't want to they had met a few times with my son as some kind of intermediary to force them to not be intimate if such a feeling arose but after that he said he couldn't be just friends and fully cut her off again and she blocked him on everything. i finally felt some sense of relief like my efforts had been rewarded somehow that in by staying i now finally had my family back and we could all move on and my life would finally be normal again. now it is almost september, she to take her mind off of him has gotten into writing spiritual journals and has also started her own business, she was in childcare before going full stay at home mum but she is now using her qualifications from childcare for her own business and it has been doing very well. i've been very supportive and even helped with purchasing a domain, setting emails and a website. my issue now is i don't think she loves me the same anymore. the last time she and the best friend were intimate is when she was very emotionally venerable and going off what she said he took advantage of this and they had sex before he then dumped her. this had a factor in her being physically ill but she had wanted to be intimate with me again so that the last time she had sex wasn't that time which understandably was traumatic for her. she had taken the time she needed and we were intimate again. after a few more times of being intimate she had said she didn't want to have sex anymore and sourced one of her mum friends as an example says ""x and y don't have sex"". it wasn't like we had the chance to be intimate very often but i always tried to initiate when i thought the time was right but no became the answer going forwards. i was told sex isn't the whole relationship and i understood that but i had communicated that intimacy was part of how i showed love. we have not had sex since and i cannot get anything more from her than cuddling and a peck on lips type of kiss. i was feeling insecure because of this and tried to discuss this with her, that i felt unhappy and unsure about where we were in the relationship. she had said that things were fine and we were staying together for our son. i said it was more than that for me because i still loved her the same, she had asked if i wanted to split up and i asked her if she loved me and she said she did and as usual my heart was not in it and i couldn't commit to what would be the harder decision of leaving and decided to stay. i fear she is staying because it's the easy option or because she has no choice since her other option left her. she may be hopeful that the best friend will return into her life and then she will leave me, i had asked her if he came back would she leave me for him and she said she didn't know it would depend on the situation at the time. i had made my stance clear that if he came back in any form i was done and would leave. now i am still feeling just as stuck or trapped as i felt during the open relationship. i am a good husband and father, i stuck with her during her difficult pregnancy i went to all the scans an appointments post birth, i've been actively involved with raising my son. i work monday to friday but i take over in the evenings before he goes to bed, i'm cooking most of the time and when she does cook it's normally just freezer meals when i'm making meals from scratch with fresh ingredients. her main gripe which drove her to the best friend originally was that we never went on dates outside of the house but she never expressed this to me so how could i have known. i said that you should of told me and i could have done something not gone and slept with someone else and had a whole weird love triangle thing. i am actively trying to put more effort into dates, a lot is going on so we don't really have a lot of time for date nights out on a whim because we need to organise child care, i know that wasn't the case before we had a kid but again it wasn't communicated to me and us both being introverted i thought we were perfectly good at home. covid lockdowns may not have helped too but i had attempted a few dates after lockdowns were clear. i feel like now anything i do is just going to be a comparison to the best friend that i'm only doing it because they were doing it together. even after everything i still love my wife, i don't know if it is the same way anymore. i'm actively trying to put an effort in but i don't think it's being returned but everything i try and express that we don't get anywhere and continue on going. she has never wanted to be the one to make decisions she's let this whole thing play out and it took the best friend making the decision himself for their relationship to end. does it have to be me that makes the decision here? if i leave where do either of us go, where does my son go and how much more will change or be ruined as a result of my choice. i've had no one to turn to and i've tossed this whole thing around in my mind for the past few years thinking why is it down to me to do this? i let the open relationship happen to avoid consequences and to keep everyone but myself happy and i'm still doing it now. can i be happy again truly happy with my family if i continue to stick it out and put the effort in will my wife see me and love me how she used to or is she too hung up still on the best friend and is waiting for him to come back so she can leave me or so i am forced to leave. my priority is my son i want what's best for him and i've been content in my misery to be able to see him as much as i do so happy. if i leave i may not get to see him as much i only currently see him after i finish work and on the weekends. i love my wife and i want her to be happy but have i sacrificed my feelings for others too much is this the one time i've got to put myself first and leave? if you've made this this far thank you, i hope it makes sense. i am very stuck and lost and many other things and need some help and i've put of asking for it for too long either to save myself from a truth i don't want to hear or to spare my family and friends from all of this. tdlr: wife and i been together 8 years, we have a kid but there was a whole affair/open relationship that happened and i feel stuck and unsure how to feel/go forward in the marriage.",Should I (27M) leave my (27F) Wife?,"UPDATE: [https://www.reddit.com/r/relationships/comments/1ey31gu/update\_should\_i\_27m\_leave\_my\_27f\_wife/](https://www.reddit.com/r/relationships/comments/1ey31gu/update_should_i_27m_leave_my_27f_wife/)

Hi Everyone, strap in for a doozy. To give some much needed context to this situation I (27M) met my now wife (27F) via a dating app in late 2015 we spoke for a month before meeting in person for the first time where I asked her to be my girlfriend. She said yes and we were long distance for 3 years before moving in together in 2018. I moved away from my family and friends and we found a house in the same town she was already living.  I proposed the following year and then we got married in 2020 and then started trying for a baby it took some time and the pregnancy was very rough for my wife and ended up being a c-section but our son was born October 2021 and is now nearly 3 years old.

This is where things get complicated, leading up to our wedding one of the bridesmaids sisters had a boyfriend who came to the wedding as their plus one, my wife ended up becoming friends with said boyfriend. A few months after we had gotten married they were getting closer and people started to comment on it and me not wanting to be an overbearing jealous husband just passed it off as people of different genders can just be friends right?

Some more context on what I think drew them together is myself and my wife are very introverted people with her being slightly more outgoing. I prefer to stay home rather than go out and on my part may have not been putting in enough effort on organising dates outside of the house. My impression at the time was that we enjoyed doing things at home and now she had a friend to go do outdoor things with. The got closer over time and were best friends during the time we were trying for a baby. People would keep commenting and I would brush it off to try and be supportive of her having a close friend as she had in the past struggled to make friends which I could relate to.

They clashed heads quite a lot and I would often be a shoulder to cry on and at one point they stopped being friends altogether and given how upset she was seemed almost like a breakup. They became friends again and one night whilst they were out together I had seen she had not logged out of facebook and stupidly decided to snoop on their messages. It revealed he was in love with her and that she had developed feelings too but was not acting on them because of me. I confronted her about this and she had said he had confessed before and she had turned him down causing them to stop being friends but they had become friends again on the understanding that it would be just friends but she too then developed feelings. I wanted to trust her so left it at that.

Come October 2021 close to Halloween our son had been born and my work were going out for a few drinks after we did a quiz in the office, we ended up meeting with my wife, my sister-law, the best friend and a few others. Despite my usual dislike for places like clubs I somehow was there and the mix of alcohol and the whispers of colleagues and friends in my ear about how the best friend was being too close with my wife stoked up a rage in me. This came to a head when my friends and colleagues were making an effort split my wife and the best friend up and to bring my wife and I together, this upset the best friend and he was going to leave the club. My wife followed and one more comment about how I should go after too because ""it wasn't right"" it set my rage over the edge and I went down and saw them sitting on a sofa embracing in a goodbye which to my angry drunk mind was too much I told the best friend it was time to leave and he got up and then I punched him in the face. We got separated by the club staff and I left the club very quickly and walked all the way home suddenly very sober.

The next few days revealed more of their relationship, my wife convinced him not to call the police on me and she was up in the air about leaving me because my punching of him put into question how safe I was as a person mind I had never punched anyone before and I hate confrontation as you'll see more in this post. She had revealed that whilst they had not engaged in full on sex they had been intimate in other ways but had stopped once she was heavily pregnant with our son. She had been feeling guilty for a while and they had not resumed what they were doing once our son was born. She had said that she had been unfaithful and that the trust was gone. I wanted to stay together and rebuilt our trust because I still very much loved her and wanted my son to have a family that was whole. We talked it out and agreed to stay together and that she would go back to being actual friends with the best friend who during all this was trying to convince her to leave me and be with him instead which was not plausible anyway as he lived with his parents and currently had no job so could not provide for anyone.

A few days after the whole ordeal myself, my wife and him all had a conversation and he presented her with an ultimatum him or me. My wife is notorious for being terrible at communication it can be very difficult to get any kind of response out of her, she just wants you to do all the talking and figure out what you want but the best friend wanted to hear it from her specifically him or me. We sat and wait for a while in silence. She chose me in silence but he wanted her to say it out loud that she was done with him romantically and she eventually did and I thought that was the end of it. The best friend and I shared a weird hug I'm not quite sure why maybe some subconscious apology to me for how he had come into our lives and turned it all upside down.

Despite my wife saying she was done with him romantically the remained friends but not for long. My wife was continuously guilty because she would occasionally slip up and kiss him. Me being the dolt I am excused these mess ups for the sack of trying to keep our relationship intact and our family whole. A few months after this she broached the subject of an open relationship a way she could have all she wanted with none of the guilt or consequences. I could she she was struggling we were both very tired from looking after a baby and she had suffered very hard with postnatal depression and had suffered depression at the start of our relationship and prior. She had gotten a lot better and was off her medication by the time we were engaged and getting married but the pregnancy plus this whole weird love triangle had brought her right back. So being the idiot I was agreed to an open relationship to make her happy.

This open relationship lasted until around April of this year. She was happy having her family life with husband and child with me and then her outgoing fun part of life with the best friend. I did not see an other woman during this as I was committed to my wife even if she wasn't fully committed to me. My main reasoning for sticking this out was mostly for the sake of my son. I wanted him to have a proper family and I just wanted a simple family life. The other part was fear or shame. If I left it would all come out and everyone would know. I have a good relationship with my-laws and my family is currently planning to move down to where we are because they want to spend more time with my son. If I leave it will ruin so many relationships and I fear the blame will be on me for not stopping it sooner so I soldiered on even though I was miserable most of the time I did it for my son and my family so they might be happy and seeing them happy would help me forget or at least block it out.

So during this whole open relationship whilst our side was fine, we had family trips and holidays and my wife and I were still able to be intimate with each other in the very rare times that our child allowed us to be. She wasted no time having sex with the best friend, they would go out in the evenings a few times a week and sometimes away for weekends together. He did not like hearing my name even being mentioned so when they were together I'm sure they pretended like I didn't exist, they had even taken our son for day trips to farms and softplay when I was working and that is one of the few times I had the guts to say something and say that he was my son and that the family stuff should remain with the actual family. Myself hearing his name was quite the opposite whenever they fought or had some kind of disagreement I was the shoulder to cry on and the empathetic listener as any suggestions fell on deaf ears. Whenever I felt close to caving and leaving my son would float into my mind and it would stop me every time.

In April this all came to ahead, she had said they'd been fighting more and more, he was spending more time on his phone when he was with her and this resulted in her half heartedly breaking up with him to try and rouse something out of him but he took her at her word and broke up with her. She backpedalled and tried getting him back but he ended up going no contact with her. She was inconsolable for weeks and I was there as always to pick up the pieces, whilst she was physically ill and cried I and her parents looked after my son. She had attempted a few more times to reach out to him and each time this relapsed her progress in getting over him. She had even tried to go back to being just friends but either he couldn't do that or didn't want to they had met a few times with my son as some kind of intermediary to force them to not be intimate if such a feeling arose but after that he said he couldn't be just friends and fully cut her off again and she blocked him on everything. I finally felt some sense of relief like my efforts had been rewarded somehow that in by staying I now finally had my family back and we could all move on and my life would finally be normal again.

Now it is almost September, she to take her mind off of him has gotten into writing spiritual journals and has also started her own business, she was in childcare before going full stay at home mum but she is now using her qualifications from childcare for her own business and it has been doing very well. I've been very supportive and even helped with purchasing a domain, setting emails and a website. My issue now is I don't think she loves me the same anymore. The last time she and the best friend were intimate is when she was very emotionally venerable and going off what she said he took advantage of this and they had sex before he then dumped her. This had a factor in her being physically ill but she had wanted to be intimate with me again so that the last time she had sex wasn't that time which understandably was traumatic for her. She had taken the time she needed and we were intimate again. After a few more times of being intimate she had said she didn't want to have sex anymore and sourced one of her mum friends as an example says ""x and y don't have sex"". It wasn't like we had the chance to be intimate very often but I always tried to initiate when I thought the time was right but no became the answer going forwards. I was told sex isn't the whole relationship and I understood that but I had communicated that intimacy was part of how I showed love. We have not had sex since and I cannot get anything more from her than cuddling and a peck on lips type of kiss.

I was feeling insecure because of this and tried to discuss this with her, that I felt unhappy and unsure about where we were in the relationship. She had said that things were fine and we were staying together for our son. I said it was more than that for me because I still loved her the same, she had asked if I wanted to split up and I asked her if she loved me and she said she did and as usual my heart was not in it and I couldn't commit to what would be the harder decision of leaving and decided to stay. I fear she is staying because it's the easy option or because she has no choice since her other option left her. She may be hopeful that the best friend will return into her life and then she will leave me, I had asked her if he came back would she leave me for him and she said she didn't know it would depend on the situation at the time. I had made my stance clear that if he came back in any form I was done and would leave.

Now I am still feeling just as stuck or trapped as I felt during the open relationship. I am a good husband and father, I stuck with her during her difficult pregnancy I went to all the scans an appointments post birth, I've been actively involved with raising my son. I work Monday to Friday but I take over in the evenings before he goes to bed, I'm cooking most of the time and when she does cook it's normally just freezer meals when I'm making meals from scratch with fresh ingredients. Her main gripe which drove her to the best friend originally was that we never went on dates outside of the house but she never expressed this to me so how could I have known. I said that you should of told me and I could have done something not gone and slept with someone else and had a whole weird love triangle thing.

I am actively trying to put more effort into dates, a lot is going on so we don't really have a lot of time for date nights out on a whim because we need to organise child care, I know that wasn't the case before we had a kid but again it wasn't communicated to me and us both being introverted I thought we were perfectly good at home. COVID lockdowns may not have helped too but I had attempted a few dates after lockdowns were clear. I feel like now anything I do is just going to be a comparison to the best friend that I'm only doing it because they were doing it together.

Even after everything I still love my wife, I don't know if it is the same way anymore. I'm actively trying to put an effort in but I don't think it's being returned but everything I try and express that we don't get anywhere and continue on going. She has never wanted to be the one to make decisions she's let this whole thing play out and it took the best friend making the decision himself for their relationship to end. Does it have to be me that makes the decision here? If I leave where do either of us go, where does my son go and how much more will change or be ruined as a result of my choice. I've had no one to turn to and I've tossed this whole thing around in my mind for the past few years thinking why is it down to me to do this? I let the open relationship happen to avoid consequences and to keep everyone but myself happy and I'm still doing it now.

Can I be happy again truly happy with my family if I continue to stick it out and put the effort in will my wife see me and love me how she used to or is she too hung up still on the best friend and is waiting for him to come back so she can leave me or so I am forced to leave. My priority is my son I want what's best for him and I've been content in my misery to be able to see him as much as I do so happy. If I leave I may not get to see him as much I only currently see him after I finish work and on the weekends. I love my wife and I want her to be happy but have I sacrificed my feelings for others too much is this the one time I've got to put myself first and leave?

If you've made this this far thank you, I hope it makes sense. I am very stuck and lost and many other things and need some help and I've put of asking for it for too long either to save myself from a truth I don't want to hear or to spare my family and friends from all of this.

TDLR: Wife and I been together 8 years, we have a kid but there was a whole affair/open relationship that happened and I feel stuck and unsure how to feel/go forward in the marriage.","[""Not Applicable""]",
"aita if i don't help a relative because they wasted their money buying a house for 2.8million || i [m40] have a blended family and a cousin [m34] on my step-parent's side who used to be close to me. however, due to him moving abroad and conflicts over an inheritance, we no longer talk these days. recently, i've been receiving calls from various local and overseas relatives asking for financial help for my cousin. he has defaulted on his house payments and is more than six months behind on mortgage and loan repayments because his wife [native chinese] convinced him to buy a house in shanghai. he [abc, by the way] had a good job in what should have been a stable company, but the virus f'ed them hard, and he has never recovered. apparently, it seems he got laid off eight months ago. when we were still talking, and he told me that he was going to buy this ludicrously expensive 2.8 million rmb house (about 400k usd) that was basically a concrete box. i told him he was insane and would regret it for many reasons, but particularly because he would never actually own the place due to chinese laws. now, four years later, he still owes nearly 2 million rmb on his mortgage since his payments have only been covering the interest, and near an additional 1 million rmb in loans for the decorations used to make that naked concrete box a place you can live in. i am a teacher in the us, and i don't earn enough money to own my own damn house, so how am i supposed to give someone else money to pay off theirs when i warned them this would come back to bite them hard? in the chinese real estate market, you are always just one bad day or one conman away from losing three generations of savings. this house was so expensive (for him) that it took up 70% of his monthly income just to pay the interest on the mortgage. now, i am being harassed for his stupidity to help him out of this hole because i let on that i had a decent savings account. it's not house money, but i want to buy a new new car; something nice for once and not just new to me. even my biological family is giving me grief about this. but i don't want to help. will i be the asshole if i don't help them? edit: thanks for the comments and reassurance, asian family guilt is a crazy wmd on it's own. yea so they are trying get everyone to ""donate"" to cousin. all of this is because one auntie overheard me talking about getting a new car and they all started circling like vultures, and the guilt has been raining for days.",AITA if I don't help a relative because they wasted their money buying a house for 2.8Million,"I [M40] have a blended family and a cousin [M34] on my step-parent's side who used to be close to me. However, due to him moving abroad and conflicts over an inheritance, we no longer talk these days. 

Recently, I've been receiving calls from various local and overseas relatives asking for financial help for my cousin. He has defaulted on his house payments and is more than six months behind on mortgage and loan repayments because his wife [native Chinese] convinced him to buy a house in Shanghai. He [ABC, by the way] had a good job in what should have been a stable company, but the virus f'ed them hard, and he has never recovered. Apparently, it seems he got laid off eight months ago. 

When we were still talking, and he told me that he was going to buy this ludicrously expensive 2.8 million RMB house (about 400k USD) that was basically a concrete box. I told him he was insane and would regret it for many reasons, but particularly because he would never actually own the place due to Chinese laws. Now, four years later, he still owes nearly 2 million RMB on his mortgage since his payments have only been covering the interest, and near an additional 1 million RMB in loans for the decorations used to make that naked concrete box a place you can live in. 

I am a teacher in the US, and I don't earn enough money to own my own damn house, so how am I supposed to give someone else money to pay off theirs when I warned them this would come back to bite them HARD? In the Chinese real estate market, you are always just one bad day or one conman away from losing three generations of savings. This house was so expensive (for him) that it took up 70% of his monthly income just to pay the interest on the mortgage. 

Now, I am being harassed for his stupidity to help him out of this hole because I let on that I had a decent savings account. It's not house money, but I want to buy a new new car; something nice for once and not just new to me. Even my biological family is giving me grief about this. But I don't want to help. 

Will I be the asshole if I don't help them?

Edit: Thanks for the comments and reassurance, Asian family guilt is a crazy WMD on it's own. Yea so they are trying get everyone to ""donate"" to cousin. All of this is because one auntie overheard me talking about getting a new car and they all started circling like vultures, and the guilt has been raining for days. ","[""Not Applicable""]",
"went to my first ob appointment and found out the baby didn’t make it || exactly as the title says. went for my first appointment and the ob couldn’t find a heartbeat. she brought in the ultrasound and still couldn’t. brought in another dr. who confirmed the loss. absolutely devastated. of course i am. i wouldn’t wish this on anyone. i’m also so relieved i live in a country where the only reaction my drs gave me was compassion and understanding. i couldn’t imagine a mother going through this only to have people who know nothing about it say that it was her fault. i know it wasn’t my fault. i have to go for a d&c to remove the tissue and we will be getting genetic testing done so we can hopefully find out why. at the end of the day, it was no one’s fault, i know that. it just wasn’t meant to be. 💔 good luck mommas and those who are carrying. i wish you all the love and joy in the world. you can do this ❤️",Went to my first OB appointment and found out the baby didn’t make it,"Exactly as the title says. Went for my first appointment and the OB couldn’t find a heartbeat. She brought in the ultrasound and still couldn’t. Brought in another Dr. who confirmed the loss. 

Absolutely devastated. Of course I am. I wouldn’t wish this on anyone. 

I’m also so relieved I live in a country where the only reaction my Drs gave me was compassion and understanding. I couldn’t imagine a mother going through this only to have people who know nothing about it say that it was her fault. 

I know it wasn’t my fault. I have to go for a D&C to remove the tissue and we will be getting genetic testing done so we can hopefully find out why. At the end of the day, it was no one’s fault, I know that. It just wasn’t meant to be. 💔

Good luck mommas and those who are carrying. I wish you all the love and joy in the world. You can do this ❤️","[""Medical"", ""Mental Health"", ""Pregnancy""]",1.0000217697129634
"blighted ovum miscarriage—need some peace of mind || i had a natural miscarriage at around 6 weeks due to a blighted ovum. there was minimal bleeding for about 5 days—no clots, just light period-like bleeding. my ob said no pill or d\&c was needed since the gestational sac had already shrunk and the yolk sac had vanished. they believe my body likely reabsorbed most of the poc. now it’s been 4 days since the bleeding stopped. i’m having a super light, watery, dust-brown discharge with a mild smell. no fever, no cramps, no active bleeding. i have an ultrasound scheduled in 2 weeks, but my mind won’t rest. is this just my body finishing the process? or will i be told again that my body failed to complete things? just looking for peace of mind and maybe some reassurance from those who’ve been here.",Blighted ovum miscarriage—need some peace of mind,"I had a natural miscarriage at around 6 weeks due to a blighted ovum. There was minimal bleeding for about 5 days—no clots, just light period-like bleeding. My OB said no pill or D\&C was needed since the gestational sac had already shrunk and the yolk sac had vanished. They believe my body likely reabsorbed most of the POC.

Now it’s been 4 days since the bleeding stopped. I’m having a super light, watery, dust-brown discharge with a mild smell. No fever, no cramps, no active bleeding.

I have an ultrasound scheduled in 2 weeks, but my mind won’t rest. Is this just my body finishing the process? Or will I be told again that my body failed to complete things?

Just looking for peace of mind and maybe some reassurance from those who’ve been here.
","[""Medical"", ""Mental Health"", ""Pregnancy""]",1.0003357569599831
"normal people just dont get that we are kept down things by constant gaslighting and belittlement of our achievements. || when i was 16 or 17 i wrote a great article for the school newspaper. n-dad read it and then said ""this is written by a professional, you could have never written that"". when i tried to convince him otherwise he called me a liar. the best i could get out of him was that even if i did write it it was a temporary flash of genius that would not repeat itself. i experienced something similar 1000x. everything i did was horrible and shit or to good to be true. every achievement i did was constantly belittled, the seeds of doubt about my adequacy were planted and watered since childhood. any wonder that i became ""lazy"" and didnt try out anything? great parents will encourage their kids. even mediocre parents will at least mumble ""hey pretty good"". but if you get told you are inadequate 24/7 for 20 or 30 years? when i read about these ""self made"" millionaires and billionaires at age 25 or 30 i will bet everything that 99.99% of them did not have that. even ordinary middle class people will not get it. no one who did not have n-parents will. poor people with great parents are infinitely better than middle class or rich people with n-parents. with just a little encouragement i could have become 1000x different things and thrived. but without it. switch all the successful people that were encouraged as kids with me, where n-parents told me i was inadequate and stupid and completely demoralized me 24/7. i bet at least 99% of them would not have achieve a fraction of what they achieved because they had support and encouragement. edit: typo in title. just remove the ""things"".",Normal people just dont get that we are kept down things by constant gaslighting and belittlement of our achievements.,"When I was 16 or 17 I wrote a great article for the School newspaper.

N-dad read it and then said ""This is written by a professional, you could have never written that"". When I tried to convince him otherwise he called me a liar. The best I could get out of him was that even if I did write it it was a temporary flash of genius that would not repeat itself.

I experienced something similar 1000x. Everything I did was horrible and shit or to good to be true. Every achievement I did was constantly belittled, the seeds of doubt about my adequacy were planted and watered since childhood.

Any wonder that I became ""lazy"" and didnt try out anything?

Great parents will encourage their kids. Even mediocre parents will at least mumble ""hey pretty good"". But if you get told you are inadequate 24/7 for 20 or 30 years?

When I read about these ""self made"" millionaires and billionaires at age 25 or 30 I will bet everything that 99.99% of them did not have that. Even ordinary Middle Class people will not get it. No one who did not have N-Parents will.

Poor people with great parents are infinitely better than Middle Class or rich people with N-Parents. With just a little encouragement I could have become 1000x different things and thrived. But without it.

Switch all the successful people that were encouraged as kids with me, where N-parents told me I was inadequate and stupid and completely demoralized me 24/7. I bet at least 99% of them would not have achieve a fraction of what they achieved because they had support and encouragement.

EDIT: Typo in title. Just remove the ""things"".","[""Not Applicable""]",
"can someone actually sue me and take my house? || when i was a kid i had a basketball hoop in the backyard and would want friends who lived down the street to come play, my parents always refused. they always said if someone gets hurt we could be sued and could lose the house. now as an adult with my own kids that are getting to the age where they make friends with other kids around. if my kids wanted their friends to come over to the pool at our house, can we be sued if one of the friends slips and falls and gets hurt? i understand if there's gross negligence involved then the family would be within their right to sue but what if they were to slip and fall? location: fort worth tx",Can someone actually sue me and take my house?,"When I was a kid I had a basketball hoop in the backyard and would want friends who lived down the street to come play, my parents always refused. They always said if someone gets hurt we could be sued and could lose the house. 

Now as an adult with my own kids that are getting to the age where they make friends with other kids around. 
If my kids wanted their friends to come over to the pool at our house, can we be sued if one of the friends slips and falls and gets hurt? 

I understand if there's gross negligence involved then the family would be within their right to sue but what if they were to slip and fall?


Location: Fort Worth TX","[""Not Applicable""]",
"how do you avoid being a burden to your partner? || i’m 10+1 and last night i had a full-on sobbing hormonal meltdown to my husband. he had (very fairly) pointed out some personal admin things that i’ve been slacking on, all of which were an issue waaaay before i got pregnant (putting away my clean laundry and paying my small bills in a timely manner). he is super neat and organized and thus already does all the cleaning in our house, while i do all the cooking. but the past few weeks i’ve been tired like i’ve never felt before, my head hurts all the time, my back aches, and especially with the weird food aversions i’ve been having, i’ve slacked off a lot on my own 1/2 of the chores, and have grabbed takeout or made boxed/frozen food way more than is reasonable (especially when it shouldn’t be happening at all since i owe it to the baby to eat only the healthiest food). him very kindly pointing out the small things i’ve been slacking on just sent me over the edge, especially since he was so sweet in offering to just do that stuff for me. i’m just so anxious about him resenting me for not doing enough, especially since i’m 5-6 months away from the point at which “i’m physically incapable of doing x” becomes a valid excuse. i know that just having a hormonal pregnant wife is itself a massive burden on men, and i don’t know how to mitigate what a chore i am for him. my own parents marriage fell apart because my dad deeply resented my mom for not doing “enough” and it’s become a constant stressor that my pregnancy is starting to weigh on my husband and could very much sow the seeds of resentment. any tips on staying organized through pregnancy brain or what you did/do to keep your partner from feeling like he needs to pick up your slack?",How do you avoid being a burden to your partner?,"I’m 10+1 and last night I had a full-on sobbing hormonal meltdown to my husband. 

He had (very fairly) pointed out some personal admin things that I’ve been slacking on, all of which were an issue waaaay before I got pregnant (putting away my clean laundry and paying my small bills in a timely manner). He is super neat and organized and thus already does all the cleaning in our house, while I do all the cooking. 

But the past few weeks I’ve been tired like I’ve never felt before, my head hurts all the time, my back aches, and especially with the weird food aversions I’ve been having, I’ve slacked off a lot on my own 1/2 of the chores, and have grabbed takeout or made boxed/frozen food way more than is reasonable (especially when it shouldn’t be happening at all since I owe it to the baby to eat only the healthiest food). 

Him very kindly pointing out the small things I’ve been slacking on just sent me over the edge, especially since he was so sweet in offering to just do that stuff for me. I’m just so anxious about him resenting me for not doing enough, especially since I’m 5-6 months away from the point at which “I’m physically incapable of doing x” becomes a valid excuse. 

I know that just having a hormonal pregnant wife is itself a massive burden on men, and I don’t know how to mitigate what a chore I am for him. 

My own parents marriage fell apart because my dad deeply resented my mom for not doing “enough” and it’s become a constant stressor that my pregnancy is starting to weigh on my husband and could very much sow the seeds of resentment.

Any tips on staying organized through pregnancy brain or what you did/do to keep your partner from feeling like he needs to pick up your slack?","[""Not Applicable""]",
"discouraged || i have been so thankful for this reddit community. i am now on my third pregnancy with no babies to show for any of them. i thought this time would be different, it felt different, the tests were darker, i am feeling symptoms! and then, i get my viability scan and the doctor is concerned. my yolk sac is bigger than it should be. watch out for signs of a miscarriage she says. why me? why is it nearly impossible to have a successful pregnancy. everyone seems to be getting pregnant and having live babies on the first try. i guess i just need some encouragement.",Discouraged,"I have been so thankful for this reddit community. I am now on my third pregnancy with no babies to show for any of them. I thought this time would be different, it felt different, the tests were darker, I am feeling symptoms! And then, I get my viability scan and the doctor is concerned. My yolk sac is bigger than it should be. Watch out for signs of a miscarriage she says. Why me? Why is it nearly impossible to have a successful pregnancy. Everyone seems to be getting pregnant and having live babies on the first try. I guess I just need some encouragement. ","[""Mental Health"", ""Pregnancy""]",1.0004311197613724
"online s*xual harrasment and defamation || hi everyone, i am f17, about to turn 18 in a month. i started talking to this guy, m32, let's call him kit, about 5 months ago after a mutual friend introduced us. we talking a handful of times on public vcs and texted a bit. then he disappeared, and i forgot about him. about 20 days ago he joined a vc on my server.e, my boyfriend and one of my friends were there. he started talking. we talked normally and then slept. me and kit start talking more regularly. he talked about poetry, art, work, business and everything with me. taught me some finance. even met my boyfriend and gave us some advice. we all thought he was a genuinely good guy. a few days later that mutual friend tells me to stay weary of him. he says he's done things with barely legal girls before and gotten away with it. i did not think much of it because i was stupid and though i could be manipulated. now, 2 days ago it escalated to him confessing his love for me on dm call, saying it was platonic at first. and then, fully going absolutely creepy. things he said on call: 1. ""if you weren't this hot i would have made a sister out of you"" (he has a habit of making women he likes his sisters, he got my picture from the website i work with) 2. he said ""i have been r*ped before so i have the tendencies to do it now, i have to stop myself"" 3. i wanna tell that lucky bastard that i would give an arm and a leg to be in his place"" (lucky bastard=my boyfriend) 4. ""just you wait till you turn 18. i will show you my dom voice and tame you, you brat"" (when he said this and the r*pe thing, i left the call) 5. ""you think you can't be the mother of my children? you still can be baby."" 6. ""you're so perfect and there's no man for you, because more of me don't exist"" now, i wanted to get to the bottom of this. i got manipulated at first, and then i was disgusted. but i played along, not too hard to record a confession or get an incriminating texts. i even sent emails to him to get one back that just caught him. but he was too smart. and i think he caught on to me. the only texts he sent were: 1. called me darling and baby. 2. called me kiddo in the same 10 minutes he called me baby. 3. ""you thought i only had romantic interests in you"" 4. ""i wish i was him"" (him=my boyfriend) 5. when i made an excuse that i have to leave and won't contact him he urged me to email him or do anything. 6. told me to get him flowers when we meet. 7. tried to gain attention with phrases such as ""no one loves me, fights for me"", ""so he can wait but i can't"" ""funny how you didn't think of me"" i blocked him and the next day which was yesterday contacted his friends. told them the story. i got to know he's brainwashing people against me. telling them i'm a crazy 17 year old who fell in love with him and who's obsessed. the worst part is, i would have let this go. but,.he's done this before and i got to know he already found another woman to do it with literally hours after the thing with me happened. i don't know what to do. i don't have the call recordings .the things i have: 1. a call recording of him shaming my boyfriend and calling him poor when his ""friend"" was talking to him. (friend here is one of his friends i told the story to) 2. all the texts be sent to me. 3. his picture. 4. his phone number. 5. full name. 6. everything from his linkedin, to universities, to twitter and email. i can't go to my parents with this. but i thought i could get dirt on him somehow and do something with that. what do i do?",Online S*xual Harrasment and Defamation,"Hi everyone, 

I am F17, about to turn 18 in a month. I started talking to this guy, M32, let's call him Kit, about 5 months ago after a mutual friend introduced us. We talking a handful of times on public VCs and texted a bit. Then he disappeared, and i forgot about him.

About 20 days ago he joined a VC on my server.e, my boyfriend and one of my friends were there. He started talking. We talked normally and then slept. 

Me and Kit start talking more regularly. He talked about poetry, art, work, business and everything with me. Taught me some finance. Even met my boyfriend and gave us some advice. We all thought he was a genuinely good guy. 

A few days later that mutual friend tells me to stay weary of him. He says he's done things with barely legal girls before and gotten away with it. I did not think much of it because I was stupid and though I could be manipulated. 

Now, 2 days ago it escalated to him confessing his love for me on DM call, saying it was platonic at first. And then, fully going absolutely creepy. Things he said on call:

1. ""If you weren't this hot i would have made a sister out of you"" (he has a habit of making women he likes his sisters, he got my picture from the website I work with)
2. He said ""I have been r*ped before so I have the tendencies to do it now, I have to stop myself""
3. I wanna tell that lucky bastard that I would give an arm and a leg to be in his place"" (lucky bastard=my boyfriend) 
4. ""Just you wait till you turn 18. I will show you my Dom voice and tame you, you brat"" (when he said this and the r*pe thing, I left the call)
5. ""You think you can't be the mother of my children? You still can be baby.""
6. ""You're so perfect and there's no man for you, because more of me don't exist""

Now, i wanted to get to the bottom of this. I got manipulated at first, and then I was disgusted. But i played along, not too hard to record a confession or get an incriminating texts. I even sent emails to him to get one back that just caught him. But he was too smart. And I think he caught on to me. The only texts he sent were: 

1. Called me darling and baby. 
2. Called me kiddo in the same 10 minutes he called me baby. 
3. ""You thought I only had romantic interests in you"" 
4. ""I wish I was him"" (him=my boyfriend)
5. When i made an excuse that I have to leave and won't contact him he urged me to email him or do anything. 
6. Told me to get him flowers when we meet. 
7. Tried to gain attention with phrases such as ""no one loves me, fights for me"", ""so he can wait but I can't"" ""funny how you didn't think of me""

I blocked him and the next day which was yesterday contacted his friends. Told them the story. 

I got to know he's brainwashing people against me. Telling them I'm a crazy 17 year old who fell in love with him and who's obsessed. 

The worst part is, I would have let this go. But,.he's done this before and I got to know he already found another woman to do it with literally hours after the thing with me happened. 

I don't know what to do. I don't have the call recordings .The things i have: 

1. A call recording of him shaming my boyfriend and calling him poor when his ""friend"" was talking to him. (Friend here is one of his friends i told the story to)
2. All the texts be sent to me. 
3. His picture. 
4. His phone number. 
5. Full name. 
6. Everything from his linkedin, to universities, to Twitter and email. 

I can't go to my parents with this. But i thought i could get dirt on him somehow and do something with that. 

What do I do? ","[""Abuse"", ""Sexual"", ""Mental Health""]",1.000710419277288
my story || [removed],my story,[removed],"[""Not Applicable""]",
"my best friend has completely abandoned me || i don't really understand why. it seems like more of our mutuals know about her issues with me than i do, actually. my other friend is the one who told me they our (mine and my best friend) relationship seems completely over/damaged because of what they're hearing from our other friends. i'm newly post-grad and i thought this person was my best friend. they ghost me for weeks on end despite me reaching out 1-2x a week to ask how they are doing, check in, see if they're okay. i finally call them out last week on being a bad friend, ignoring me, and clearly talking to our other friends daily/more consistently than me. i have done a lot to help out this friend, never asked anything in return -- that is what friendship is. but as soon as i'm asking for a text back because hey, post-grad is fucking lonely, i get yelled at for relying on them and treating them like i'm owed their emotional support -- when i never asked for that? . you guys, this person has been my best friend for years, through thick and thin, and through a lot of bullshit on their part. i feel so betrayed and confused. no, i'm not perfect, but i'm also honest with myself and have honest friends, several others who have told me they are also confused why my (ex?) best friend is doing this. some of them mention miscommunication and having small issues fester into one big fight but that still doesn't explain what i did wrong or what happened to get here. no one is fully explaining it to me and my best friend won't even talk to me now after the fight we had. i just wanted to talk to my best friend and now i don't even have a friend. i am soooo confused and lonely. i don't know who to talk to about it either. that's why i'm here. update: so it turns out that of our mutuals/friend group, all of the people my age who were basically the people i almost spent 24/7 with this last year have all secretly disliked me, think i’m selfish, emotionally needy, etc. i had no idea, no one told me how they felt, and now they are choosing to say this. i feel crushed. and confused. i wish someone had told me, i would’ve tried to fix whatever i was doing that was hurting them. now i’m scared everyone secretly thinks these horrible things about me.",my best friend has completely abandoned me,"I don't really understand why. It seems like more of our mutuals know about her issues with me than I do, actually. My other friend is the one who told me they our (mine and my best friend) relationship seems completely over/damaged because of what they're hearing from our other friends.

I'm newly post-grad and I thought this person was my best friend. They ghost me for weeks on end despite me reaching out 1-2x a week to ask how they are doing, check in, see if they're okay. I finally call them out last week on being a bad friend, ignoring me, and clearly talking to our other friends daily/more consistently than me. I have done a lot to help out this friend, never asked anything in return -- that is what friendship is. But as soon as I'm asking for a text back because hey, post-grad is fucking lonely, I get yelled at for relying on them and treating them like I'm owed their emotional support -- when I never asked for that? . You guys, this person has been my best friend for years, through thick and thin, and through a lot of bullshit on their part.

I feel so betrayed and confused. No, I'm not perfect, but I'm also honest with myself and have honest friends, several others who have told me they are also confused why my (ex?) best friend is doing this. Some of them mention miscommunication and having small issues fester into one big fight but that still doesn't explain what I did wrong or what happened to get here. No one is fully explaining it to me and my best friend won't even talk to me now after the fight we had.

I just wanted to talk to my best friend and now I don't even have a friend. I am soooo confused and lonely. I don't know who to talk to about it either. That's why I'm here.

Update: so it turns out that of our mutuals/friend group, all of the people my age who were basically the people I almost spent 24/7 with this last year have all secretly disliked me, think I’m selfish, emotionally needy, etc. I had no idea, no one told me how they felt, and now they are choosing to say this. 

I feel crushed. And confused. I wish someone had told me, I would’ve tried to fix whatever I was doing that was hurting them. Now I’m scared everyone secretly thinks these horrible things about me. ","[""Not Applicable""]",
"is anyone elses ""scapegoat"" experience like this? i feel crazy. || i apologize in advance for the long post, this is long overdue lol. i have struggled for years to be the scapegoat child. i (22f) have one younger brother (14m). it seems as though our entire life, he has been coddled and can never do wrong. he is the assumed innocent one, whereas i am always assumed guilty. i don't know if my mom is a narcissist, but she's not right, i just don't know what exactly. i come from a long, complex trauma situation. despite living in the same household, my brother and i had very different upbringings. my dad was normal up until i was 10 and went down a slippery slope of pills after the death of a family member. my mother didn't divorce him until i was 17. this led to emotional neglect by both of my parents; i pretty much raised myself. i don't have a relationship with my dad due to the abuse. however, the strain on my relationship with my mother is unmatched. she is now remarried to a doctor (great for her ego, am i right?). since living here, i just feel like i'm speaking japanese to these people. i'm currently in my last year of nursing school, and i can't afford to move out, but i live on campus during the school year. i rely on my parents for help during school. but i'm sure you know how that goes... it's always held over my head when someone's mad, and then i'm just an ungrateful brat for voicing my emotions. it feels like my mom has convinced my stepdad that i'm such a problem, and any time i have an emotional concern with how i'm being treated by her, i'm always invalidated or blamed. for example, my brother decided to hang up on my mom after an argument and called her ""a fucking bitch"" (i was standing 10 feet from him but he didnt know i was there). i decided i was going to protect her and told her what had happened. he finds out i told her and says, ""well, i'm going to tell her everything you said about dood (stepdad)"" despite me not saying anything to him, he knows that she immediately gets protective over dood. he tells me, ""it's my word against yours, i'll make stuff up"". he then admits to calling her a fucking bitch and im explaining the concept to him that he doesnt have regard for how others feel. side note: this kid has taken things that were gifted to me over the past 3 holidays. easter basket, stocking stuffers, valentine's gifts from my mom. literally will take it and leave the wrapper for me to see. a normal, disciplined child would learn once and not do it again. however, he proceeds to do it again and again because my mom just doesn't follow through with discipline. (hopefully, that gives an idea of this situation.) he proceeds to tell my mom that ""he's going nowhere in life"" and he's ""just like my dad,"" which means he's taking what i say completely out of context and twisting it to make her feel sorry for him. how you manipulate so well at 14 i will never understand. i explained to her that i did not say those things in that context. she then called me in tears, saying she was told i said ""dood thinks you're annoying and going nowhere in life"". for the sake of my life, i would never say that to him because i would be kicked out of my house lol. later on in our family conversation, he admits to lying about that statement. however still denied that he ever said shes a fucking bitch. my mother claims it must have been a misunderstanding. however, i was made to feel crazy in this situation and so many hurtful things were said, i.e ""our parents don't even like you that's why they threaten to kick you out every time you make them mad"", ""your just going to be a nurse, thats scut"", etc. not once did she bat an eye at the things he said. but if i were to say those things, i would be slapped. throughout my whole life, someone would tell my mom i ""said"" something even if it was untrue, and she would assume they were telling the truth, and i would pay the consequences. but when it's my brother, it's a ""misunderstanding"". the reason i try so hard to get my mom to realize this is because my brother shows traits of my insane father. for example, lying effortlessly, twisting situations to deflect punishment, manipulation, selfishness, no desire to change behaviors, no regard for others' feelings, entitlement, etc. i genuinely feel so defeated. i feel crazy, i've questioned if i'm a paranoid schizophrenic because i feel so insane. i don't understand the discrepancy between my brother and me. i'm trying to be successful, and i achieve goals. all i want is to be heard and listened to. but it feels like i will forever be assumed guilty.","Is anyone elses ""Scapegoat"" experience like this? I feel crazy.","I apologize in advance for the long post, this is long overdue lol.

I have struggled for years to be the scapegoat child. I (22F) have one younger brother (14M). It seems as though our entire life, he has been coddled and can never do wrong. He is the assumed innocent one, whereas I am always assumed guilty. I don't know if my mom is a narcissist, but she's not right, I just don't know what exactly.

I come from a long, complex trauma situation. Despite living in the same household, my brother and I had very different upbringings. My dad was normal up until I was 10 and went down a slippery slope of pills after the death of a family member. My mother didn't divorce him until I was 17. This led to emotional neglect by both of my parents; I pretty much raised myself. I don't have a relationship with my dad due to the abuse. However, the strain on my relationship with my mother is unmatched. She is now remarried to a doctor (great for her ego, am I right?).

Since living here, I just feel like I'm speaking Japanese to these people. I'm currently in my last year of nursing school, and I can't afford to move out, but I live on campus during the school year. I rely on my parents for help during school. But I'm sure you know how that goes... It's always held over my head when someone's mad, and then I'm just an ungrateful brat for voicing my emotions. It feels like my mom has convinced my stepdad that I'm such a problem, and any time I have an emotional concern with how I'm being treated by her, I'm always invalidated or blamed.

For example, my brother decided to hang up on my mom after an argument and called her ""a fucking bitch"" (i was standing 10 feet from him but he didnt know i was there). I decided I was going to protect her and told her what had happened. He finds out I told her and says, ""Well, I'm going to tell her everything you said about Dood (stepdad)"" despite me not saying anything to him, he knows that she immediately gets protective over Dood. He tells me, ""It's my word against yours, I'll make stuff up"". He then admits to calling her a fucking bitch and im explaining the concept to him that he doesnt have regard for how others feel.

Side note: This kid has taken things that were gifted to me over the past 3 holidays. Easter basket, stocking stuffers, Valentine's gifts from my mom. literally will take it and leave the wrapper for me to see. A normal, disciplined child would learn once and not do it again. However, he proceeds to do it again and again because my mom just doesn't follow through with discipline. (hopefully, that gives an idea of this situation.)

He proceeds to tell my mom that ""he's going nowhere in life"" and he's ""just like my dad,"" which means he's taking what I say completely out of context and twisting it to make her feel sorry for him. HOW YOU MANIPULATE SO WELL AT 14 I WILL NEVER UNDERSTAND. I explained to her that I did not say those things in that context. She then called me in tears, saying she was told I said ""dood thinks you're annoying and going nowhere in life"". For the sake of my life, I would never say that to him because I would be kicked out of my house lol.

Later on in our family conversation, he admits to lying about that statement. However still denied that he ever said shes a fucking bitch. My mother claims it must have been a misunderstanding. HOWEVER, I was made to feel crazy in this situation and so many hurtful things were said, i.e ""our parents don't even like you that's why they threaten to kick you out every time you make them mad"", ""your just going to be a nurse, thats scut"", etc. Not once did she bat an eye at the things he said. BUT if I were to say those things, I would be slapped. Throughout my whole life, someone would tell my mom I ""said"" something even if it was untrue, and she would assume they were telling the truth, and I would pay the consequences. But when it's my brother, it's a ""misunderstanding"".

The reason I try so hard to get my mom to realize this is because my brother shows traits of my insane father. For example, lying effortlessly, twisting situations to deflect punishment, manipulation, selfishness, no desire to change behaviors, no regard for others' feelings, entitlement, etc.

I genuinely feel so defeated. I feel crazy, I've questioned if I'm a paranoid schizophrenic because I feel so insane. I don't understand the discrepancy between my brother and me. I'm trying to be successful, and I achieve goals. All I want is to be heard and listened to. But it feels like I will forever be ASSUMED GUILTY.","[""Not Applicable""]",
"he cheated on me too || i'm not sure if i'm allowed to post twice in one day hut i found out that he cheated on me and was kind of freaking out so had to tell someone but i have no one. i was looking at his insta account which is a bad idea but i feel like i can't help but look and see if his life has changed.he doesn't post anything but has old photos of scenery with new comments.i found out one comment was his girlfriends which i first learnt of a year after we broke up.looking at her profile was very regrettable.i instantly cried because there he was,a million photos of him and her.i just imagined what it would of been like if he wasn't such a pr*ck and what she must be dealing with if his behaviour is still continuing.we never officially got together but i guess we were kind of dating for a couple of months.i saw a post of there year anniversary and the date they got together was 4 days after it all happened me.we didn't break up til a month later and our contact kind of faded out. but it hurts.it just hit so hard, he was worse than i thought.im not entirely sure what to do because i keep seeing those photos of him in my head and thinking back to when he must of been talking to us both at the same time.im freaking out and have no one to talk to because no one knows about him or what happened.what do i do??",He cheated on me too,"I'm not sure if I'm allowed to post twice in one day hut I found out that he cheated on me and was kind of freaking out so had to tell someone but I have no one.

I was looking at his insta account which is a bad idea but I feel like I can't help but look and see if his life has changed.He doesn't post anything but has old photos of scenery with new comments.I found out one comment was his girlfriends which I first learnt of a year after we broke up.Looking at her profile was very regrettable.I instantly cried because there he was,a million photos of him and her.I just imagined what it would of been like if he wasn't such a pr*ck and what she must be dealing with if his behaviour is still continuing.We never officially got together but I guess we were kind of dating for a couple of months.I saw a post of there year anniversary and the date they got together was 4 days after it all happened me.We didn't break up til a month later and our contact kind of faded out.

But it hurts.It just hit so hard, he was worse than I thought.Im not entirely sure what to do because I keep seeing those photos of him in my head and thinking back to when he must of been talking to us both at the same time.Im freaking out and have no one to talk to because no one knows about him or what happened.What do I do??","[""Not Applicable""]",
"9weeks restless legs and pain || i had a miscarriage last year and i remmember my legs swelling while i was at work and i ended up loosing my baby. so now that i am pregnant again, i was worried that too much actuvity would exacerbate it like last time and i ended up sitting all day everyday unless i needed to go to the grocery store or do chores (unintentionally but i believe it is fear based). i have been having restless leg syndrome at night and i am worried that i will have issues mid walk and not have anyone to help me. now my legs are in pain behind my knee and my quads feel tender. they are not swollen but anyone else have this same parinoia? my appointment with the doctor isn't until a week from now.",9weeks restless legs and pain,"I had a miscarriage last year and I remmember my legs swelling while I was at work and I ended up loosing my baby. So now that I am pregnant again, I was worried that too much actuvity would exacerbate it like last time and I ended up sitting all day everyday unless I needed to go to the grocery store or do chores (unintentionally but i believe it is fear based). I have been having restless leg syndrome at night and I am worried that I will have issues mid walk and not have anyone to help me. Now my legs are in pain behind my knee and my quads feel tender. They are not swollen but anyone else have this same parinoia? My appointment with the doctor isn't until a week from now. ","[""Mental Health"", ""Pregnancy""]",1.0009125949350186
"6th miscarriage feeling like a failure || i had my 6 th miscarriage at 16 weeks. even saying it hurts so much. i thought we were in the clear. i thought everything was finally going right. then i started cramping and spotting and all the fear came rushing back. i didn’t even want to go to the er. i didn’t want to go back to where i lost my other babies and possibly get that awful news again. the ultrasound tech couldn’t say anything but i just knew from the way that she was scanning me so low and then had to get a transvaginal us. i just knew it wasn’t good. when the dr gave me the news i literally crumbled to the ground. i don’t even recognize the sounds of grief that came out of me. i was so heartbroken, i still am. i feel like my body failed me. it failed my little girl. i had a preventative cerclage that held everything together but her heart stopped and there’s nothing that could have been done. my body was already trying to expel her and she was in my vaginal canal. i had to give birth to a dead baby. i hate this. i hate that i can’t be the mother to his children. i will be 38 next year and with this track record it doesn’t look good for me. i don’t think i’m strong enough to keep trying. i’m just a failure",6th miscarriage feeling like a failure,"I had my 6 th miscarriage at 16 weeks. Even saying it hurts so much. I thought we were in the clear. I thought everything was finally going right. Then I started cramping and spotting and all the fear came rushing back. I didn’t even want to go to the ER. I didn’t want to go back to where I lost my other babies and possibly get that awful news again. 

The ultrasound tech couldn’t say anything but I just knew from the way that she was scanning me so low and then had to get a transvaginal US. I just knew it wasn’t good.
When the dr gave me the news I literally crumbled to the ground. I don’t even recognize the sounds of grief that came out of me. I was so heartbroken, I still am. I feel like my body failed me. It failed my little girl. I had a preventative cerclage that held everything together but her heart stopped and there’s nothing that could have been done. 
My body was already trying to expel her and she was in my vaginal canal. 
I had to give birth to a dead baby. 

 I hate this. I hate that I can’t be the mother to his children. I will be 38 next year and with this track record it doesn’t look good for me. I don’t think I’m strong enough to keep trying. I’m just a failure ","[""Medical"", ""Mental Health"", ""Pregnancy""]",1.000096514828972
"absent fathers vs nmoms/parents || i apologize in advance for how long this is. i had therapy last week and today. and last week my therapist and i randomly and for the first time in 2 years discussed my bio dad. he didn't ask anything intense he just randomly asked how i felt about my dad. it sounds silly to say it was a random question but it really is too me. i have suffered active abuse as recently as 3 months ago from my mom before i moved out of her house and i have suffered a great deal of all forms of abuse from my first step father. oddly enough the last 2 years i have primarily spoken about my mom and not my step dad or bio dad. while my step dad definitely deserves a seat at the table because of the horrendous and torturous things he did to me he somehow had only come up sparingly in the 2 years i've been seeing my phenomenal psychiatrist. which i think speaks volumes about how intense psychological abuse can be. as traumatized as i am by my step dad it honestly barely phases me in the grand scheme of things. and as i learned last week so does my bio dad who i haven't seen in 13 years since i was 13 years old no less (minus a 2 hr lunch we had together when my son was 6 months old). so since last week i've been trying to figure out the answer to my doctor's question: how do i feel about my dad? and honestly i genuinely don't know. it is so convoluted and confusing and complex. i honestly think so little(time wise) of my father that i really don't even know what to think about our non existent relationship and i honestly never realized how long it had been since we last saw each other/spoke until i was telling my husband how old i was the last couple of times i saw him after my appointment and he looked at me and he said to me ""so you're saying you haven't seen or talked to your dad in basically 13 years?"" and i was kind of just shocked into silence. and so i discussed that with my psych today. i was telling him about how i still remember such small insignificant things about my dad from before i last saw him and realistically i was 13 when i decided to stop going to his house for 4 measly days a month so i never thought of him as an absent dad because not only was it technically my choice but also when you think of absent fathers you usually think of men who are never present in their kids lives but he technically was until i was 13 which is just 5 years sorry of me being an adult anyways. but as i was talking to my psych i realized i had never spent a significant period of time with him honestly. i spent four days a month with him if i was lucky because he would often turn down weekends with my brother and i until my mom forced him onto child support when i was like 9 or 10. and then it was just 4v days a month plus 1.5 months total during the summer so after doing some mental math i really only spent 2 maybe 3 years total around my dad altogether and honestly even when i was with him i really want because he was upstairs drinking alcohol and playing video games while my brother and i watched tv. i honestly couldn't even recall my dad ever telling me he loved me. i couldn't even remember the last time i got a hug from him or celebrated a birthday or holiday with him. he had a few violent episodes but overall they were very insignificant in the grand scheme of things. i primarily have no tangible significant memories or interactions with my dad. the biggest things i remember is i loved the frozen enchiladas he'd buy from come and that he'd give me extra sour cream in my chili because he knew i wouldn't eat it unless he put an extra scoop in mine. i don't recall any conversations we had that weren't about school and him pummeling into my head not to do drugs. so my doctor asked again how i felt about my dad after i related all of this and i said i honestly don't know, when i think about him i feel like i'm walking through a swamp of nothing and something all at once. nothing because there really is nothing of significance to think heavily about but also something because given what his intended role in my life was supposed to be it feels heavy that there is nothing i can truly recall to have feelings about. it's a very strange feeling. knowing you should feel something when you just don't. and it's not that i have no feelings about it it's just so convoluted that i don't even know where to begin. it genuinely leaves me speechless trying to convey how i feel about my dad. i just don't know. he didn't do anything extensively horrendously wrong how my other parental figures did so my 15+years worth of therapy hasn't quite taught me how to ask investigative questions about something like this. everything else i've been through had involved strong feelings and reactions that are easy to identify what kinda of questions i should ask to begin a resolution course. however with my dad there are no strong feelings just so many questions about why he just wasn't there? i am sorry this is so long i just didn't know where or who to talk about this with. and i figured maybe some of you may have a similar history with on of your parents. do any of you have complicated histories with an absent parent? at the end of my session today my psych told me it wasn't my fault. that it sounds like my dad really just didn't want to be a parent to begin with and he just never had any love for me at all and i probably couldn't recall him saying he loved me because he likely never did. but no matter what it is not my fault. i just don't know what to do with that. at least with my nmom she pretended to love me at her convenience and was forward about why she didn't love me when she felt upset. but with my dad there is no reason, at least none that i am aware of. it eye opening as to where my lack of self compassion and love likely started though. overall it gives me more of an understanding as to why i've always felt so alone too.",Absent Fathers vs NMoms/parents,"I apologize in advance for how long this is. 

I had therapy last week and today. And last week my therapist and I randomly and for the first time in 2 years discussed my bio dad. He didn't ask anything intense he just randomly asked how I felt about my dad. It sounds silly to say it was a random question but it really is too me. I have suffered active abuse as recently as 3 months ago from my mom before I moved out of her house and I have suffered a great deal of all forms of abuse from my first step father. Oddly enough the last 2 years I have primarily spoken about my mom and not my step dad or bio dad. While my step dad definitely deserves a seat at the table because of the horrendous and torturous things he did to me he somehow had only come up sparingly in the 2 years I've been seeing my phenomenal psychiatrist. Which I think speaks volumes about how intense psychological abuse can be. As traumatized as I am by my step dad it honestly barely phases me in the grand scheme of things. And as I learned last week so does my bio dad who I haven't seen in 13 years since I was 13 years old no less (minus a 2 hr lunch we had together when my son was 6 months old).  So since last week I've been trying to figure out the answer to my doctor's question: how do I feel about my dad? And honestly I genuinely don't know. It is so convoluted and confusing and complex. I honestly think so little(time wise) of my father that I really don't even know what to think about our non existent relationship and I honestly never realized how long it had been since we last saw each other/spoke until I was telling my husband how old I was the last couple of times I saw him after my appointment and he looked at me and he said to me ""so you're saying you haven't seen or talked to your dad in basically 13 years?"" And I was kind of just shocked into silence. And so I discussed that with my psych today. I was telling him about how I still remember such small insignificant things about my dad from before I last saw him and realistically I was 13 when I decided to stop going to his house for 4 measly days a month so I never thought of him as an absent dad because not only was it technically my choice but also when you think of absent Fathers you usually think of men who are NEVER present in their kids lives but he technically was until I was 13 which is just 5 years sorry of me being an adult anyways. But as I was talking to my psych I realized I had never spent a significant period of time with him honestly. I spent four days a month with him if I was lucky because he would often turn down weekends with my brother and I until my mom forced him onto child support when I was like 9 or 10. And then it was just 4v days a month plus 1.5 months total during the summer so after doing some mental math I really only spent 2 maybe 3 years total around my dad altogether and honestly even when I was with him I really want because he was upstairs drinking alcohol and playing video games while my brother and I watched TV. I honestly couldn't even recall my dad ever telling me he loved me. I couldn't even remember the last time I got a hug from him or celebrated a birthday or holiday with him. He had a few violent episodes but overall they were very insignificant in the grand scheme of things. I primarily have no tangible significant memories or interactions with my dad. The biggest things I remember is I loved the frozen enchiladas he'd buy from come and that he'd give me extra sour cream in my chili because he knew I wouldn't eat it unless he put an extra scoop in mine. I don't recall any conversations we had that weren't about school and him pummeling into my head not to do drugs.

So my doctor asked again how I felt about my dad after I related all of this and I said I honestly don't know, when I think about him I feel like I'm walking through a swamp of nothing and something all at once. Nothing because there really is nothing of significance to think heavily about but also something because given what his intended role in my life was supposed to be it feels heavy that there is nothing I can truly recall to have feelings about. It's a very strange feeling. Knowing you should feel something when you just don't. And it's not that I have no feelings about it it's just so convoluted that I don't even know where to begin. It genuinely leaves me speechless trying to convey how I feel about my dad. I just don't know. He didn't do anything extensively horrendously wrong how my other parental figures did so my 15+years worth of therapy hasn't quite taught me how to ask investigative questions about something like this. Everything else I've been through had involved strong feelings and reactions that are easy to identify what kinda of questions I should ask to begin a resolution course. However with my dad there are no strong feelings just so many questions about why he just wasn't there? I am sorry this is so long I just didn't know where or who to talk about this with. And I figured maybe some of you may have a similar history with on of your parents. Do any of you have complicated histories with an absent parent? At the end of my session today my psych told me it wasn't my fault. That it sounds like my dad really just didn't want to be a parent to begin with and he just never had any love for me at all and I probably couldn't recall him saying he loved me because he likely never did. But no matter what it is not my fault. I just don't know what to do with that. At least with my NMom she pretended to love me at her convenience and was forward about why she didn't love me when she felt upset. But with my dad there is no reason, at least none that I am aware of. It eye opening as to where my lack of self compassion and love likely started though. Overall it gives me more of an understanding as to why I've always felt so alone too. ","[""Not Applicable""]",
"why am i not traumatized? || i’ve come to realize that i was sexually assaulted (specifically groping) my one of my mom’s closest friends as a child (let’s call him fred). i even called him uncle all the time growing up. he used to be very affectionate with me and at the time i just kinda thought that’s how it was between “family”. there were a couple times when he definitely crossed the line when he was alone with me, like putting his hands on my butt, (one time even squeezed it), sometimes put his hands on my chest, and even slipped his hands under my shirt to touch my nipples this one time. as far as i remember this was around the ages 5-11 and i guess i didn’t know what sexual assault, groping or let alone sex even was. everytime he’d do these things to me i would just think to myself “woah... that was weird. anyways.” and i would simply move on from it. i’m 19 now. my mom and him are still very close friends till this day, since i haven’t told my mom about what that pig did to me. i haven’t told her because i know if i did it would absolutely ruing her friendship with her best friend (fred’s wife), and she is one of the nicest, sweetest, persons in the world and i would not want to do that to them. i can’t tell her what his husband did to me because they have been married for over 40 years, and have a very unified family full of children and grandchildren. the weird part out of all of this is that even though i don’t want to associate myself with that man anymore, i don’t think i’ve experienced any for of trauma from him. i’m actually more sad than anything about his family, being totally oblivious about what kind of things he would do to literal children. i don’t know if i’m unconsciously repressing my feelings but so far i’ve lived my life normally. i haven’t told about this to anyone, and to be honest i don’t think i ever will.",Why am I not traumatized?,"I’ve come to realize that I was sexually assaulted (specifically groping) my one of my mom’s closest friends as a child (let’s call him Fred). I even called him uncle all the time growing up. He used to be very affectionate with me and at the time I just kinda thought that’s how it was between “family”. 

There were a couple times when he definitely crossed the line when he was alone with me, like putting his hands on my butt, (one time even squeezed it), sometimes put his hands on my chest, and even slipped his hands under my shirt to touch my nipples this one time. As far as I remember this was around the ages 5-11 and I guess I didn’t know what sexual assault, groping or let alone sex even was. Everytime he’d do these things to me I would just think to myself “Woah... that was weird. Anyways.” and I would simply move on from it.

I’m 19 now. My mom and him are still very close friends till this day, since I haven’t told my mom about what that pig did to me. I haven’t told her because I know if I did it would absolutely ruing her friendship with her best friend (Fred’s wife), and she is one of the nicest, sweetest, persons in the world and I would not want to do that to them. I can’t tell her what his husband did to me because they have been married for over 40 years, and have a very unified family full of children and grandchildren.

The weird part out of all of this is that even though I don’t want to associate myself with that man anymore, I don’t think I’ve experienced any for of trauma from him. I’m actually more sad than anything about his family, being totally oblivious about what kind of things he would do to literal children. I don’t know If I’m unconsciously repressing my feelings but so far I’ve lived my life normally. I haven’t told about this to anyone, and to be honest I don’t think I ever will.","[""Abuse"", ""Sexual""]",1.0009122369808443
"my building’s management has been stealing the checks i’m mailed every month, cashing them, and still billing me for rent. || update - thank you all so much for the incredible support and information, it truly means the world. to people posting that i'm not giving the full story, you are correct. i don't have the full story yet, all i know is quite a few checks are missing, and the latest one was investigated by the bank and building management deposited it into their account. i checked in with the building management office today and they showed me their records and acknowledged they mistakenly somehow deposited the latest check. to make this weirder, all the other missing checks don't appear to have been deposited by them, and are still missing. so, going back to the bank for a full investigation of all the missing checks. they did inform me the mail carrier was just fired for a lot of problems, like delivering mail addressed to tenants to the office instead, and that they may just be sitting somewhere in the office in a pile of mail. there have also been several reports from tenants regarding stolen mail, etc. i just don't know yet. \_\_\_\_\_\_\_\_\_\_\_\_\_\_\_\_\_\_\_\_\_\_\_\_\_\_\_\_\_\_\_\_\_\_\_\_\_\_\_\_\_\_\_\_\_\_\_\_\_\_\_\_\_\_\_\_\_\_\_\_\_\_\_\_\_\_\_\_\_\_\_\_\_\_\_\_\_\_\_\_\_\_\_\_\_\_\_\_\_\_\_\_\_\_\_\_\_\_\_\_\_\_\_\_\_\_\_\_\_\_\_\_\_\_\_\_\_ hello world. so i get mailed a check every month for the same amount of money and of course pay rent and other expenses with it. since moving to my new building about a year ago the checks stopped arriving regularly. when this would happen, the issuer would resend them, assuming usps lost them. last week they went to their bank to investigate the latest missing check as it began to get suspicious. turns out it wasn’t missing in the mail, it had been deposited & they pulled up images of the check. it was made out to me, not endorsed by me, and was of course for more than my rent (which i always pay online, on time). so much for lost in the mail. it was stamped on the back with the name of the company that operates the building (well one of the companies). this has happened quite a few times, maybe 4-6, so now we’re going to look into all of them to get that data. also, when the bank labeled it as fraud and cancelled it the building manager emailed me to say i had charged back rent essentially, and now wants that money plus associated fees. and i guess rent through the online ‘portal’ i use to actually pay as well. laughable of course. i would really appreciate any advice, i’m obviously going to consult with an attorney (we figured out what was going on today so this just happened). planning on going to the building manager office monday to ‘check in’ about this, but i think an attorney is probably smart. tldr: building manager seems to be taking my checks out of the mail, depositing them into company account, saying nothing to me about it, and charging me rent as usual. location: california","My building’s management has been stealing the checks I’m mailed every month, cashing them, and still billing me for rent.","

UPDATE - Thank you all so much for the incredible support and information, it truly means the world. To people posting that I'm not giving the full story, you are CORRECT. I don't have the full story yet, all I know is quite a few checks are missing, and the latest one was investigated by the bank and building management deposited it into their account. I checked in with the building management office today and they showed me their records and acknowledged they mistakenly somehow deposited the latest check. To make this weirder, all the other missing checks don't appear to have been deposited by them, and are still missing. So, going back to the bank for a full investigation of all the missing checks. They did inform me the mail carrier was just fired for a lot of problems, like delivering mail addressed to tenants to the office instead, and that they may just be sitting somewhere in the office in a pile of mail. There have also been several reports from tenants regarding stolen mail, etc. I just don't know yet.

\_\_\_\_\_\_\_\_\_\_\_\_\_\_\_\_\_\_\_\_\_\_\_\_\_\_\_\_\_\_\_\_\_\_\_\_\_\_\_\_\_\_\_\_\_\_\_\_\_\_\_\_\_\_\_\_\_\_\_\_\_\_\_\_\_\_\_\_\_\_\_\_\_\_\_\_\_\_\_\_\_\_\_\_\_\_\_\_\_\_\_\_\_\_\_\_\_\_\_\_\_\_\_\_\_\_\_\_\_\_\_\_\_\_\_\_\_

Hello world. So I get mailed a check every month for the same amount of money and of course pay rent and other expenses with it. Since moving to my new building about a year ago the checks stopped arriving regularly. When this would happen, the issuer would resend them, assuming USPS lost them. Last week they went to their bank to investigate the latest missing check as it began to get suspicious. Turns out it wasn’t missing in the mail, it had been deposited & they pulled up images of the check. It was made out to me, not endorsed by me, and was of course for more than my rent (which I always pay online, on time). So much for lost in the mail. It was stamped on the back with the name of the company that operates the building (well one of the companies). This has happened quite a few times, maybe 4-6, so now we’re going to look into all of them to get that data. Also, when the bank labeled it as fraud and cancelled it the building manager emailed me to say I had charged back rent essentially, and now wants that money plus associated fees. And I guess rent through the online ‘portal’ I use to actually pay as well. Laughable of course. I would really appreciate any advice, I’m obviously going to consult with an attorney (we figured out what was going on today so this just happened). Planning on going to the building manager office Monday to ‘check in’ about this, but I think an attorney is probably smart.

TLDR: Building manager seems to be taking my checks out of the mail, depositing them into company account, saying nothing to me about it, and charging me rent as usual.

Location: California","[""Not Applicable""]",
"what a horrible day. || i had to post somewhere, because today was a terrible day. i had some light spotting this week, and had an ultrasound this morning. we learned baby stopped growing 2.5 weeks ago (i was 10-6 and baby stopped growing at 8-1), and there was no heartbeat. we made the decision to have a d&c. in the meantime, i became increasingly worried about my dad who hadn’t responded to any texts or phone calls that morning. about 20 mins before it was confirmed our baby had died, i learned that my father had in fact died of a heart attack in his sleep overnight. i am beyond numb. i just wanted to post it not for validation, but just that life sucks at this moment. — final edit (added 4/25): thank you so much everyone for all your support. we are laying my dad to rest, and included a photo of my dating ultrasound at 8 weeks (my sisters idea to remember baby!). thank you for all your love and support ❤️ further post (added 4/17): wow, thank you reddit community for all your support and well wishes! my dad used to say to me when someone wished him well that he could really feel the support and yup, he was right. thank you all for holding us in our prayers. you have no idea how much it means to my husband, my daughter and i.",What a horrible day.,"I had to post somewhere, because today was a terrible day. 

I had some light spotting this week, and had an ultrasound this morning. We learned baby stopped growing 2.5 weeks ago (I was 10-6 and baby stopped growing at 8-1), and there was no heartbeat. We made the decision to have a D&C. 

In the meantime, I became increasingly worried about my dad who hadn’t responded to any texts or phone calls that morning. About 20 mins before it was confirmed our baby had died, I learned that my father had in fact died of a heart attack in his sleep overnight. 

I am beyond numb. I just wanted to post it not for validation, but just that life sucks at this moment. 
—

FINAL EDIT (added 4/25): Thank you so much everyone for all your support. We are laying my dad to rest, and included a photo of my dating ultrasound at 8 weeks (my sisters idea to remember baby!). Thank you for all your love and support ❤️

FURTHER POST (added 4/17): Wow, thank you Reddit community for all your support and well wishes! My dad used to say to me when someone wished him well that he could really feel the support and yup, he was right. Thank you all for holding us in our prayers. You have no idea how much it means to my husband, my daughter and I. ","[""Medical"", ""Mental Health"", ""Pregnancy""]",1.0000015048541353
"anyone else there in their 40’s? how are you doing? || i’m 41. this is my 3rd pregnancy. the first 2 ended in missed miscarriages. i already gave up trying but then it happened again by accident. my ob gyn prescribed blood thinning daily injections to ensure blood flow to the uterus because she suspected previous losses may be due to lack of blood flow. we never got a conclusive diagnosis what happened before. i’m currently on a career break, so i’m not doing much besides waiting for next doctor’s appointments and trying to keep my sanity. what are your stories?",Anyone else there in their 40’s? How are you doing?,"I’m 41. This is my 3rd pregnancy. The first 2 ended in missed miscarriages. I already gave up trying but then it happened again by accident. My Ob gyn prescribed blood thinning daily injections to ensure blood flow to the uterus because she suspected previous losses may be due to lack of blood flow. We never got a conclusive diagnosis what happened before. I’m currently on a career break, so I’m not doing much besides waiting for next doctor’s appointments and trying to keep my sanity. What are your stories?","[""Medical"", ""Mental Health"", ""Pregnancy""]",1.0001588552983067
"aita for leaving our shared flat for the day after my ex came home at 5 a.m. and i spent an hour settling them? || **the set-up (bare facts)** *status quo* – we broke up a week ago, but the tenancy is still joint and we still split the rent. *players* – two mid-twenty-somethings; i’ll call the ex “ex.” *why no instant escape?* – milan rents laugh at solo wallets, and neither of us can shoulder the full lease alone. **the night in question** at 05:00 on saturday, ex rang my phone so i could buzz them in. they arrived with a friend who, i learned on the spot, would be sleeping on our sofa. she went straight to bed and isn’t part of the story again. ex reached the hallway, collapsed against the wall (coat and shoes still on) and launched into the sort of dramatic monologue you’d expect from a drunken ex at five in the morning. i removed their outer layers, guided them to bed and tucked them in. they shivered, sobbed and cycled through: 1. “you were not enough for me!” 2. “why didn’t you fight for us?” 3. “you never cared.” i offered water, kept my voice down and reminded them that we should be sleeping. after about an hour of uninterrupted drama they finally dozed off around 06:00. **my response** i couldn’t get back to sleep, so total rest that night was one hour. running on fumes, i showered, grabbed a change of clothes, silenced my phone and spent the day at a friend’s place. i returned at 20:00, told ex what had happened (they remembered nothing) and said: – i don’t want another emotional ambush. – i’m worried about their drinking and want it to stop. **fallout** ex agreed at first, but after talking to friends the next day they accused me of “abandoning” them and not even sending a “how are you feeling?” text. they point out that their friend and previous ex always check in, whereas i “just escaped out of self-centredness.” **why i might be the arsehole** • i didn’t send a basic welfare text. • ex’s friend was on the sofa; i could have handed over duty of care before leaving. • i left without saying a word. **why i might not be** • ex chose 5 a.m. drunken confession hour, and we’re post-break-up. • we are now flat-mates, nothing more. • i genuinely needed space for the day (i didn’t ghost them; i just stepped away). so, reddit, aita for seizing my own peace and quiet after the 5 a.m. drama, or did i breach some unwritten post-relationship nursing code?",AITA for leaving our shared flat for the day after my ex came home at 5 a.m. and I spent an hour settling them?,"**The set-up (bare facts)**

*Status quo* – We broke up a week ago, but the tenancy is still joint and we still split the rent.  
*Players* – Two mid-twenty-somethings; I’ll call the ex “EX.”  
*Why no instant escape?* – Milan rents laugh at solo wallets, and neither of us can shoulder the full lease alone.

**The night in question**

At 05:00 on Saturday, EX rang my phone so I could buzz them in. They arrived with a friend who, I learned on the spot, would be sleeping on our sofa. She went straight to bed and isn’t part of the story again.

EX reached the hallway, collapsed against the wall (coat and shoes still on) and launched into the sort of dramatic monologue you’d expect from a drunken ex at five in the morning. I removed their outer layers, guided them to bed and tucked them in. They shivered, sobbed and cycled through:

1. “You were not enough for me!”
2. “Why didn’t you fight for us?”
3. “You never cared.”

I offered water, kept my voice down and reminded them that we should be sleeping. After about an hour of uninterrupted drama they finally dozed off around 06:00.

**My response**

I couldn’t get back to sleep, so total rest that night was one hour. Running on fumes, I showered, grabbed a change of clothes, silenced my phone and spent the day at a friend’s place. I returned at 20:00, told EX what had happened (they remembered nothing) and said:

– I don’t want another emotional ambush.  
– I’m worried about their drinking and want it to stop.

**Fallout**

EX agreed at first, but after talking to friends the next day they accused me of “abandoning” them and not even sending a “How are you feeling?” text. They point out that their friend and previous ex always check in, whereas I “just escaped out of self-centredness.”

**Why I might be the arsehole**

• I didn’t send a basic welfare text.  
• EX’s friend was on the sofa; I could have handed over duty of care before leaving.  
• I left without saying a word.

**Why I might not be**

• EX chose 5 a.m. drunken confession hour, and we’re post-break-up.  
• We are now flat-mates, nothing more.  
• I genuinely needed space for the day (I didn’t ghost them; I just stepped away).

So, Reddit, AITA for seizing my own peace and quiet after the 5 a.m. drama, or did I breach some unwritten post-relationship nursing code?","[""Not Applicable""]",
"medical jargon || i went in to the er today to get examined. i started miscarrying earlier this week. anyway, the paperwork was worse than the internal ultrasound! “complete abortion”, “missed miscarriage” i can’t stop reading it. over and over and over again. torturing myself at this point. how am i even supposed to sleep tonight? let me just continue to read those words and cry myself to sleep.",Medical jargon,"I went in to the ER today to get examined. I started miscarrying earlier this week. Anyway, the paperwork was worse than the internal ultrasound! “Complete abortion”, “missed miscarriage” I can’t stop reading it. Over and over and over again. Torturing myself at this point. How am I even supposed to sleep tonight? Let me just continue to read those words and cry myself to sleep. ","[""Medical"", ""Mental Health"", ""Pregnancy""]",1.000096276401964
