id,subreddit,title,selftext,created_utc,url,Tags,__dataset,__source_file,unique_key,match_type,body,timestamp,created,SVerbs,lemmatized_title,post_type,title_question
1kyvqv2,Miscarriage,I would be holding my baby now.,"Edit: I wrote this while I was very tired. Excuse my bad English. 

I would have given birth by now. I’d be holding my precious baby. It feels so strange. I miscarried at 3 months. It was planned so I waited two weeks for the test and at 3 months I lost my baby. It felt so long at the time. But more time has moved so fast, it’s like it never happened. It feels like I was never pregnant, like it’s all a dream 

I’m trying to picture what it would be like holding my baby. I keep motioning with my hand what the size of my belly would be like. This is all so strange to me. I’m not sure how to continue on knowing this information. Everything is back to normal but I’m not happy about it. I want to travel and see the world rather than be in this place I hate so much where I feel isolated and nobody is showing a care in the world. I want to forget that I would be holding my baby now. ",2025-05-30 4:51:18,https://www.reddit.com/r/Miscarriage/comments/1kyvqv2/i_would_be_holding_my_baby_now/,,miscarriage,miscarriage-data-updated - miscarriage_related_posts.csv,2eb33d4d030dcb2fef2e597272304febe3fa80c9f233e8e79786927807b8504c,high_precision,,,,,,,
hv427j,harassment,I don’t know how to feel,,,https://www.reddit.com/r/SexualHarassment/comments/hv427j/i_dont_know_how_to_feel/,,harassment,sexual-harrassment-data-updated - RelevantByTitle.csv,256d34e5ef6ca9a69eef2770040dbc9fa6705f57cd81844a6dfefae2d3abf2ba,,"On my phone so forgive any formatting issues. I don’t know if this is the right subreddit or not, if it is the wrong one I’ll take it down but I want to get this off my chest.
So I (F) went out with couple of people I know a while ago (pre covid) on a night out. For context, I feel like I should say that I have quite a big chest, I get comments about it fairly regularly but I try not to let it get to me.
Anyway we were up dancing and having fun when another girl, who I’ve only met a couple of times came up behind me and grabbed my breasts, made a jokey comment about them and leaves. I laughed it off at the time but it made me uncomfortable. There was no reason for it. I know I have a big chest but that doesn’t make it public property, you can’t just grab it when you feel like it. I haven’t told anyone that was there because I don’t want to make a big deal out of it but I really didn’t like being grabbed. I also feel like I’m over reacting and feel like it wasn’t a big deal because it was a girl, while I know if it was a guy it could have been worse or people would see it as worse? It could have been worse in general.  Was it wrong of her or am I overreacting? I don’t know how to feel.",2020-07-21 9:00:27,1595322027.0,{'take'},"['i', 'don', 't', 'know', 'how', 'to', 'feel']",relevant,non relevant
1kbtzcg,abortion,I want an abortion and Divorce,"My husband and I have been married for 9 years and tried to have a baby but we were never successful so we planned to visit a fertility specialist when he got back home next year (he’s military) well before being deployed we took a vacation and well I popped up pregnant 

Well, the problem is that now that I'm pregnant, I realized that I'm actually stuck with this man who I caught communicating with several women in December. Let's just say this isn't his first or second time being caught speaking to women. We would work it out, and the pattern would just continue.

I know you're thinking “you should have been left” or “why would you agree to work it out” and you would be totally right to think that but I believed him and wanted my marriage to work, but it's like reality just slapped me in the face and woke me up. I don't want to be with a man that constantly cheats and keeps promising to do better. 

Any advice? Please be kind 🫶",2025-04-30 22:59:41,https://www.reddit.com/r/abortion/comments/1kbtzcg/i_want_an_abortion_and_divorce/,,abortion,abortion_data-updated - new_abortion_related_subreddits_text_posts .csv,2e203b0c0a80fc99307310e52ea0a5ea332d68e04a48e92eb3aa04775a2aa112,,,,,,,,
1hzsaar,TwoXChromosomes,I regret my abortion,"I had an abortion not long ago and I really regret it and don’t know how to move on 


I 19f was in an abusive relationship
And when I left I was pregnant this was a little over 6 weeks ago I had an abortion not long after leaving but I now wished I didn’t I feel like I should have kept it and became a mother and the guilt is killing me how do I move on",2025-01-12 17:48:42,https://www.reddit.com/r/TwoXChromosomes/comments/1hzsaar/i_regret_my_abortion/,,abortion,abortion_data-updated - new_abortion_related_subreddits_text_posts .csv,7d151e743495cbd536ef2d2d8771c9033eb6c2f80b16e44cec90f47c87eab0b4,,,,,,,,
jv5hng,TwoXChromosomes,No! Men DO NOT and SHOULD NOT have a say in a woman's abortion! Jesus Christ that we even need to talk about!,"Just been back from a guy who said exactly that.

""If the woman wants an abortion, the man usually has no say in it at all, which makes him a lesser parent automatically. I'm not sure how to do that differently but I think it's kind of messed up that it is that way.""

Honestly; while the topic of abortion is very complicated (and I'm not going to start a debate on it, because that'll only end in war) -why the fuck do some men still jump around this topic?

""Oh hey. I know that the woman I fucked will carry all responsibilities, health issues, changes for 9months and has to risk her life in a painful labour that could -even today! - kill her, but hey, I just want a kid y'know""

You're not discriminated because you can't get a spawn you can ignore for 18years. You don't get a say because you don't have to go through the shit a woman has to go through!

In general: WHY THE FUCK are some men so eager to fuck with a woman's health?

""I want a say in abortion""

""I want a say if she can get her tubes tied""

""I want a say in if she's really sick or just paranoid.""

""I know rape's bad, but I don't like the idea of  devices like Rape-aXe, because I think it's still too cruel for the rapist to get his peepee hurt""(no joke! Had a guy say this in a thread about the thing)

# EDIT 2.0 PLEASE READ THIS SHIT BEFORE YOU SPAM MY INBOX FULL OF THE SAME 3 OPINIONS!

So, I had a lot of people confide in me, that the reason I have this war in the comments is because I phrased it bad. Which...yes, I see how this happened. Therefore, I made a final re-edited list of all the things I have to say. If you answer anything after that I'm not going to respond anymore. 

1.) When I said ""men SHOULD NOT have a say in a woman's abortion!"" I don't mean you can't issue your opinion/ concerns or values as the father of the child/bystander.

What I meant was: You cannot & should not be able FORCE a woman to carry your child.  
Women already have big problems with wanting their tubes tied, because ""what would your (future) bf/husband say"", or getting rejected from doctors because of sexism (for those stories, just browse the rest of this sub).  
They shouldn't also need to collect a form of ""stamp of approval"" before getting one. Y'know, like ""you must have this item to pass the gate"" style.

If you are in a relationship which is not abusive -of course, talk to your partner. Women have the final say, because they carry most of the burden physically & mentally, but getting an abortion behind your partner's back is still an asshole move.

On the opposite: You can't force a girl to get an abortion, if she doesn't want to.

2.) On the topic of child support:

I mostly agree that men should be able to walk away from it all, if they don't want to raise a child.  
There are commenters who rightfully pointed out that there are places where child support is necessary (aka woman has no access to safe abortions & generally gets screwed over more), but regarding I did this with a...okay, there are also places in the west where women have no access to safe abortions. So let's...ehm...let's rather focus on getting more legal Planned Parenthoods & co.

3.) On the topic of abortion per se:

As much as I aimed for it with such a title; this is not a place to discuss the ethics of abortion. It always boils down to your personal subjective opinion, your religion and otherwise. Please.

4.) Same goes for meandering topics like military, politics & co.  
Let's at LEAST keep it on topic.

5.) Though more rare; yes. I KNOW that transmen & nb people can get pregnant too. But please. This is not a ""woke"" debate. It was a rant I had over a guy and I'm not a person that likes to get into meander territory, because I already have a tendency to meander.  
However, same rules apply to you of course.

6.) Guys, these ""if a woman don't want to get pregnant, she just shouldn't have sex"" comments are so bad American sex-ed tapes.  
We all know that there is something that can go wrong during sex & pregnancy. Birth control can fail. Sex is not ""just"" for making kids (it's designed for it, but you also don't use a spoon to eat soup, right?), a fetus can become deformed, a woman could have been pressured into sex, doesn't have the recourses...there are a lot of reasons.

Of course, abortion is not a ""quick fix"". And most women don't use it as a ""second birth control"" to ""whore around"" -get this shit out of your system please.  
However, we can all agree that abortions won't stop when make it illegal. We'd only stop SAFE abortions. So let's do the most objectivley progressive thing and try to create better circumstances for young women to get & raise their babies, while also allowing them to terminate them. Call it a ""necessary evil""if you must.

And lastly:

7.)Thanks but...no. I don't ""hate men"".  
Yes, this was a very aggressive rant, but no, I did not ""sexist"" against anyone on purpose (cookie for the user who gets the reference).  
With ""You're not discriminated because you can't get a spawn you can ignore for 18years"" I made a reference to all the stories of men that -unintentionally or not - leave child raising mostly to the mother, or think doing the bare minimum makes them a good Dad.   
These Dads/ in general; a lot of men often don't see the other side -the side of the mother - and therefore have a bit of an watered-down perspective on pregnancy & labour.  
Stuff like ""it's just 9months"" or ""yeah, labour is bad, but have you ever got a kick into the balls?"" (not opening a pain-olympics here).

Again: Thank y'all for the awards! I'm very grateful for them! And hope ya all have a nice day!",2020-11-16 11:50:27,https://www.reddit.com/r/TwoXChromosomes/comments/jv5hng/no_men_do_not_and_should_not_have_a_say_in_a/,,abortion,abortion_data-updated - new_abortion_related_subreddits_text_posts .csv,71f7e79c22b8248e6134f99632617f44a6120fbca78d91338c63a6ea4131c84a,,,,,,,,
nzfxws,assault,Was I sexually coerced or not? It happened a year ago.,,,https://www.reddit.com/r/sexualassault/comments/nzfxws/was_i_sexually_coerced_or_not_it_happened_a_year/,,harassment,sexual-harrassment-data-updated - RelevantByTitle.csv,c5886fd51d37d646e8fc5e22b6f9ae4f849344a6072cc8ac5d61a182d5d826d3,,"I was talking to a boy who was 18 at the time. I was also 18 at that time. Being a survivor of sexual assault that happened at the age of 14/15 by my ex. Feeling used was a normal thing to me. I remember we would FT a lot especially at night after he got off work but would only call me to have sex in the phone call. I would always say no and no until he kept making more sexual comments convincing me to have sex with him but I felt uncomfortable afterward like I felt like after I was assaulted by my ex. I would end up dating this boy for a short time as a long-distance “relationship”. I would cry after the ft sex call because I felt so used and would criticize how much I sucked at dirty talking &amp; moaned. He would say how much he had a better phone sex experience with other women or how he had sex with girls in the past. I always felt like trash and would be upset about how he says these words to me. We broke up after a week of being together. 

Now, being a year since that situation I was thinking about it. Today, I cried and cried about how I let myself be in that situation. Although, now I have an amazing man who takes care of me and I can say that he is the healthiest relationship I have been with. My heart aches not for that boy but myself on how he treated me like that and I can say is blame myself for everything for what he made me do. I don’t know if I was sexually abused or it doesn’t count since it was through phone calls and I was just being an insecure girl in a toxic relationship back then. I don’t know and I’m lost…",2021-06-14 5:54:03,1623650043.0,"{'take', 'assault', 'use', 'feel', 'abuse'}","['be', 'i', 'sexually', 'coerce', 'or', 'not', 'it', 'happen', 'a', 'year', 'ago']",relevant,non relevant
1lg9k2n,Miscarriage,Possible Complications 7-8 weeks after miscarriage.,"Hey guys….. I had a miscarriage 5/5/25 at 10 weeks.
Sorry if there’s typos I’m stressing myself out.

But today I’ve bled through a pad in a little less than, or at 2hrs. I’m just pouring blood quite literally. If I sit on the toilet it sounds like I’m peeing. 
Also sometimes coupled with blood and clots, I get tiny speckles of clots all over the toilet bowl.

My usual periods are 2-3 days and are super light. I figured my first period would be heavy and I’m cramping and nauseous/lightheaded/sweaty but i think that’s bc I’m freaking myself out and drank coffee (aside from the cramps I was fine but once I scared myself about symptoms I got nauseous, sweaty, and lightheaded- I also have anxiety issues too.)
Is this concerning or normal part of recovery?",2025-06-20 17:17:15,https://www.reddit.com/r/Miscarriage/comments/1lg9k2n/possible_complications_78_weeks_after_miscarriage/,,miscarriage,miscarriage-data-updated - miscarriage_related_posts.csv,2454f57804425b578dfccb02131ef25c226fb9cf83e74dcb64136a2f1892e043,high_precision,,,,,,,
1li1m2i,abortion,Traveling to Ny from Pa for surgical abortion & no clue how the funding would work,"Hello all! Posting to this community because I am planning on traveling to NY being as though PA cut off time is 16w4d at planned parenthood. Now that I am 16w5d and have just came to the conclusion this isn’t the right time to say the very least. I can’t actually afford any of the other places that are local, even after the offered funding or without the price l planned parenthood offers in addition to their funding. My only question would be how exactly would the funding work? Would I be reaching out to NY organizations or would it be the PA organizations? Not sure if it goes by your state of residency or the state in which the abortion would take place. ",2025-06-22 23:19:13,https://www.reddit.com/r/abortion/comments/1li1m2i/traveling_to_ny_from_pa_for_surgical_abortion_no/,,abortion,abortion_data-updated - new_abortion_related_subreddits_text_posts .csv,23188dbe7ce79a01b180e5a22855ca0fb05bd94f3848340985b55d4698e314e4,,,,,,,,
1kof52z,PTSD,Looking for advice (please delete if not allowed),"I live in a duplex on the second floor with a thin floor. My downstairs neighbor triggers my ptsd so much since she reminds me of my dad. (screaming, loud music, antagonizing, fear of things getting worse, I'm trying to keep things vague to not be triggering.) 

My mom lives with me and yesterday I stopped her from going downstairs to ask her to turn it down because while we can hear it loud and clear, I'm scared of things escalating. Once in a while I say something out loud and when I do, even just her voice fills me with so much fear and I experience emotional flashbacks of how bad things were in the past. 

I don't know if there is any advice to be given, but I'd love some if it's applicable. We're unable to move due to the job and house market. Thanks for your time. ",2025-05-16 23:35:57,https://www.reddit.com/r/ptsd/comments/1kof52z/looking_for_advice_please_delete_if_not_allowed/,,abortion,abortion_data-updated - new_abortion_related_subreddits_text_posts .csv,79d7c47d1f5aa3709cc69eaba09eb29f08aad5be2231ff0dec239a3de68fa89c,,,,,,,,
9rkjq6,metoo,Facebook memories make my stomach sink. [Personal],,,https://www.reddit.com/r/meToo/comments/9rkjq6/facebook_memories_make_my_stomach_sink_personal/,,harassment,sexual-harrassment-data-updated - RelevantByTitle.csv,52b033d5339c305916460f69e24aa8735e6f18cbf2f7f98413c8bca803163918,,"It's been a little over two years since I was sexually assaulted by my best friend.  I went to look at my memories, like I do every day.  Most days, unless I'm watching Firefly, or talking about Pokemon, or cosplay... I don't think about it. I've blocked it out, or tried to. 

I logged into facebook and saw where I mentioned getting shots to someone.  I had to go to the health department and get vaccinations for all the STDs, emergency treatment for two, and I got a pelvic exam. I went to the Health Department to avoid having to show my face at my normal GP.  

That was one of the reasons the police didn't do anything; the Health Department had tampered. 

I saw everything the other day and I've just been... Seeing things so much since that remind me. I see him in everything. And I hate it. I HATE IT. I see anything Aquaman, pokemon, firefly (which I have been trying to watch my current boyfriend, bless him), cosplay, any sort of costumes (yay for halloween)... It's rough. I'm not really vocalizing it to anyone because, they don't really need to know. But I'm just so flighty and distracted now, because my brain is moving a mile a minute to try and get him out of my head. Ugh.

Just needed to get it off my chest. ",2018-10-26 13:05:50,1540559150.0,{'assault'},"['facebook', 'memory', 'make', 'my', 'stomach', 'sink', 'personal']",relevant,non relevant
1e2dlvc,abortion,Did you grieve after your abortion?,"It really frustrates me that there’s no big snapshot of emotions post abortion. I get that most people feel relief and don’t regret, but what % of women feel guilt or grief? 

Did you grieve? ",2024-07-13 15:52:02,https://www.reddit.com/r/abortion/comments/1e2dlvc/did_you_grieve_after_your_abortion/,,abortion,abortion_data-updated - new_abortion_related_subreddits_text_posts .csv,b4058ff2fb32ee34b74b9e366d2872c9b37927303bd91ffb82e1677f7922fea9,,,,,,,,
1l4ui7t,Miscarriage,First D&C,"Hey. Ive always had miscarriages that passed naturally on their own, but today I’m having a d&c to complete the miscarriage. 

I’m really nervous, I don’t really know much about the procedure or what to expect. The doctor said plan to spend a good portion of the day at the hospital, so I’m bringing my laptop and a book to keep busy. But still the nerves are killer. ",2025-06-06 14:56:57,https://www.reddit.com/r/Miscarriage/comments/1l4ui7t/first_dc/,,abortion,abortion_data-updated - new_abortion_related_subreddits_text_posts .csv,5ede16e035f6966e264e08e39c4cb413d21c698c335b93927c4873b3a8c6e89f,,,,,,,,
jy2wfe,assault,My story,,,https://www.reddit.com/r/sexualassault/comments/jy2wfe/my_story/,,harassment,sexual-harrassment-data-updated - RelevantByTitle.csv,3f5a57eba522efd7f07a5ec585f4952506a1ced435a7ad8f868a995d017675d9,,"I was reading about a sexual assault victim in a magazine and the family spoke about the young lady, explaining that she changed from a happy, funny, self-confident person to an angry stressed out person. I could totally relate to that feeling and my family feeling like I had that change of personality. 

I met a guy on a Christian online dating site. He was not a Christian, his mother was. He hid behind her Christianity. She and I got along great. He was good looking, and I was smitten. 

We had a lot of fun together, seeing each other every weekend (he lived almost an hour away). We got engaged after almost 6 months. My mom was worried that it was too quick. I was a virgin and waiting to lose my virginity until marriage. I was 26.

I was a teacher so we decided to wait until the summer to get married. Soon after we got engaged, he started to pressure me to have sex. I got angry one time and told him in no uncertain terms would I change my mind. That I had waited this long for marriage and it was important to me to wait until our wedding night.

That very same night, we went to one of his friends’ party on a boat. He let me pick out some wine coolers. The party was boring for me and I found myself just drinking the wine coolers. At some point it looked like my fiancé had a flirtatious interaction with another girl. It made me uncomfortable.

When the party was over, and I went to step into his little boat, I removed tripping and his friends made a comment like if I was ok. I clearly drunk.

He drove us to a secluded area in the water, played romantic country music on the radio and we made out. It felt very ideal. Then all of a sudden he started asking if we could have sex. I thought that discussion was over and was frustrated and uncomfortable with his incessant pleading. He kept saying that he was going to marry me, and that he loved me. I had my period and figured that would safeguard me from any issues. So I told him I had my period, but he didn’t care. I remember thinking when I was drinking that night that I had my period and was with my fiancé, so I assumed I was “safe”. 

Long story short, I finally gave in and said ok. The next day, whenI was at home, I was upset. When I confronted him about it, he said he was drunk too. Eventually he convinced me that it was consensual and we wound up doing it again. It’s almost like he convinced  me that it was okay because of the things he had said to me, he would even say, who’s heard of a 26 year old virgin laughing, like if it was a ridiculous notion.

The second time we did it, he made a comment that I didn’t bleed so I must have not been a virgin. That made m even angrier. It was like he was calling me a liar (now I know it was gaslighting) and to almost downplay how I really lost my virginity. I reminded him that was not our first time. And that yes I was a virgin. Thinking back, I feel he was manipulating me to pretend that the second time was actually our first since I wasn’t drunk that time. When before we did it that second time, he keep saying we had already done it to get us to do it again.

Anyway, fast forward to our wedding day approaching, and he is picking out our honeymoon rooms for a cheap cruise. I ask him if we could have the honeymoon suite, and he says we could just have a regular room a s put the two beds together. I tell him the honeymoon suite is a once in a lifetime thing and it was important to me. All of a sudden he threatens to cancel my wedding ring order because he says I’m being ungrateful. 

I was thrown for a loop that he would threaten cancelling our wedding over a simple argument. It shook my trust in him, like the night I lost my virginity to him. 

I couldn’t shake off the fact that I didn’t think I could trust him to be my husband. I confided in a couple of family members about what happened, and their reactions weren’t exactly helpful. My sister said she was disappointed that I drank that night (she doesn’t drink). So it only made me feel worse.

Anyway, as the wedding date approached, I was feeling more and more uncomfortable. His x girlfriend called him one time while we were together and he answered in such a concerned manner that I thought he was talking to his mom (who he was close to). 

I started to wonder if he was also capable of cheating on me. One time he told me he had lied to me and when I asked him about what, he said everybody lies, and refused to tell me what he had lied about. 

I asked for a couple of days to pray and think, and he wouldn’t give them to me. He would call me relentlessly. And if he couldn’t reach me on my phone, he would call my house line and ask my mom to put me on the phone. She handed me the phone one of those times when I told her I wasn’t ready to talk to him. Apparently I didn’t answer friendly enough, and he used that as an excuse to say that we were over. 

Then, he turned it around and said he wanted the engagement ring back since I had cancelled the wedding. I hadn’t even made any decision yet at that point. Although I was leaning towards cancelling it- but postponing could have also been on the table. 

He guilt tripped me big time and called me harassing me for the ring back. He also wanted me to sign my name off the deed of a home we had just purchased with my good credit. He would not have been able to purchase the home on his own. 

Looking back, that relationship really messed with my heart and mind. I didn’t trust people anymore after that. My personality completely changed, abs I began to struggle with anxiety and depression. I’m married now with two kids. My marriage hasn’t been easy. My husband’s not a bad guy, but it’s just not what I would have liked. I’d actually like to have sex more often and my husband does not. 

So I find myself wondering if things oiled have been better with the asshole I just wrote about. Of course it’s not true. But my mind plays tricks on me. 

Anyway, that’s my story. Now, I take an antidepressant and medication for anxiety. I am not the happy-go-lucky person I once was. I feel jaded.",2020-11-21 2:30:14,1605925814.0,"{'take', 'use', 'manipulate', 'harass', 'feel', 'stress'}","['my', 'story']",relevant,non relevant
kzl48e,assault,Do you think my rapists know they raped me?,,,https://www.reddit.com/r/sexualassault/comments/kzl48e/do_you_think_my_rapists_know_they_raped_me/,,harassment,sexual-harrassment-data-updated - RelevantByTitle.csv,78494088c6331a0766751f9d60e3d19937bdac2c47854d1bb19dc317117fb0a1,,"There’s two people that raped me (on separate occasions) and I wonder if they even realize what they did to me. I read stories of these traumatic violent rapes where the rapist is clearly a horrible person.so I’m just wondering if my rapists knows how bad what they did to me was.

So this instance I (F14) and the guy (M16) became friends Bc of school. He was clearly interested in me and I made it clear I was a virgin and that meant a lot to me blah blah blah. We had hung out a few times and he was very respectful, if I ever told him he was making me uncomfortable he would immediately stop whatever he was doing. Then one day he was supposed to come over and sent a v sexual paragraph of what he wanted to do to me and I again made it clear I wasn’t interested. Well he came over and got on me making out with me and I told him something like “you’re making me feel like you only want to have sex with me and I don’t like that” and he basically said I was rlly hot and stuff and I was just like ok and we had sex. I just did it because I was so caught off guard and he knew I didn’t want fo have sex w him and he was way bigger than me. Does he realize this was rape? I didn’t fight back or anything.

Then this instance I (F14) and my close friend (F14) we’re having a sleepover. We were drinking and she got way more drunk than me and I was slightly tipsy. For hours she begged me to finger her and she eventually fingered me. I continually tried to push her off of me, told her to get off of me, told her I didn’t want to do anything w her, ect. Few days later she texted apologizing saying she was just super drunk. Does she realize she raped me? Bc she made it seem like “haha I got kinda horny and drunk ya know how usgirls get when we’re drunk”Bc yes she apologized but it never really seemed to phase her.",2021-01-18 2:33:14,1610937194.0,"{'rap', 'finger'}","['do', 'you', 'think', 'my', 'rapist', 'know', 'they', 'rap', 'me']",relevant,non relevant
l6hrgp,assault,How to stop nightmares about my abuser?,,,https://www.reddit.com/r/sexualassault/comments/l6hrgp/how_to_stop_nightmares_about_my_abuser/,,harassment,sexual-harrassment-data-updated - RelevantByTitle.csv,7b30a53126baa4987a9042a6775c6dadeeb5b65427d93f85af45e902bbad0029,,"Tl;dr: I have recurring nightmares about my abuser and don't know how to stop it.

I know this is something for a therapist, but I don't have access to one right now so if anyone has advice for what may help, I'd really appreciate it. 

Background: My brother molested me when I (20f) was 6 and he was 14. I didn't understand it until a few years ago, and finally starting accepting and trying to heal from it a little over a year ago.  I've cut him off and only hear about him from the rest of my family talking about or to him (over the phone). 

At a certain point last year, I started following a bunch of SA support and therapy pages to work through some of my trauma. It was helping for a while, but once I started having nightmares about him every other night, I decided to take a break to stop accidentally retraumatizing myself.  I've started school again and taken up some hobbies and am just in general trying to help myself be okay. 

The problem is that I still have nightmares about my abuser at least once a week. I don't think about him often, but if I think about him even just once during the day, I'm likely to have a nightmare about him. In some of the nightmares, him or other people try to force me to interact with him. The nightmare most often though is one where I talk to him and we hang out like everything is normal, and then I feel guilty within the dream for betraying myself. 

I think these dreams stem from my fears of those exact situations as well as guilt over cutting him off even though I needed to. I'm not sure how to prevent these dreams or work through those feelings. Any advice?",2021-01-27 23:34:54,1611790494.0,"{'cut', 'take', 'molest', 'follow'}","['how', 'to', 'stop', 'nightmare', 'about', 'my', 'abuser']",relevant,non relevant
dvarky,metoo,Idk if this experience constitutes as a MeToo thing or just my stupidity but I still feel traumatized??,,,https://www.reddit.com/r/meToo/comments/dvarky/idk_if_this_experience_constitutes_as_a_metoo/,,harassment,sexual-harrassment-data-updated - RelevantByTitle.csv,e70119dd302894477257288b3670b607bde1e18233ccdb68413d8a10f608684e,,"I went on a “date” with this guy... 
well we ended up alone in his car. He tried ripping off my pants &amp; I kept shouting no but ... eventually he stopped. He didn’t rape me. I ended up giving him head because he said “great. You gave me blue balls”

Honestly I still feel like it was my fault because I did agree to go on a “date “ with him. I just didn’t expect to end up alone in his car with him.....",2019-11-12 14:34:10,1573569250.0,set(),"['idk', 'if', 'this', 'experience', 'constitutes', 'a', 'a', 'metoo', 'thing', 'or', 'just', 'my', 'stupidity', 'but', 'i', 'still', 'feel', 'traumatize']",relevant,non relevant
ksm0lu,assault,i feel guilty for still wanting to talk to him?,,,https://www.reddit.com/r/sexualassault/comments/ksm0lu/i_feel_guilty_for_still_wanting_to_talk_to_him/,,harassment,sexual-harrassment-data-updated - RelevantByTitle.csv,177e6a2e2d8fd1668999d74ec5e45c65f3e734c85233153fe697ea084f634b75,,"i am angry at him. im sad and cry about this. and get chills thinking about him. im hurt and scarred. he did this right when i was starting to trust him. but somehow there is a part that still wants to talk to him. but i know i shouldnt and i feel stupid for feeling this way. this is exactly how i felt when i was raped before. because they were people i had some type of attachment to, but they betrayed me. it's hard. i already gave up a rapekit and said his name and all, its just sitting waiting on me to do a report. i dont want to let another rapist walk free but i am stuck. i know i am not the only one to have felt this way before because i saw other people talking about feeling this way too. its hard...",2021-01-07 20:31:23,1610051483.0,"{'rap', 'feel'}","['i', 'feel', 'guilty', 'for', 'still', 'want', 'to', 'talk', 'to', 'him']",relevant,non relevant
f3imjo,metoo,Just wanted to share because I don't have anyone else to talk to,,,https://www.reddit.com/r/meToo/comments/f3imjo/just_wanted_to_share_because_i_dont_have_anyone/,,harassment,sexual-harrassment-data-updated - RelevantByTitle.csv,bb70eaab0276ea02ddfcbf682a745b9c02f4477fe2169be49ede2a00b8509f45,,[removed],2020-02-13 23:01:57,1581634917.0,set(),"['just', 'want', 'to', 'share', 'because', 'i', 'don', 't', 'have', 'anyone', 'else', 'to', 'talk', 'to']",relevant,non relevant
1l5xwwm,Miscarriage,Cytotec,"On Tuesday I was admitted into the hospital for heavy bleeding, I was diagnosed with an angular pregnancy that resulted in miscarriage. Wednesday night I started cramping pretty badly and bleeding very heavily. At which point the doctor did a pelvic exam and said she believed she’d been able to get all the remaining tissue out. The bleeding subdued and I felt a little better. I was discharged Thursday. Yesterday evening I had to go back for a golf ball size blood clot and pouring blood. Once I got to the hospital I passed a baseball size clot, and still was pouring blood. They sent me home with 6 doses of cytotec. Every 4 hours 400mg. I’ve passed at least 3 more baseball size clots and am still pouring blood. I have one dose of cytotec left, and I’ve not been cramping or anything how they said I would be, which makes me think it maybe isn’t working right. ",2025-06-07 23:12:55,https://www.reddit.com/r/Miscarriage/comments/1l5xwwm/cytotec/,,miscarriage,miscarriage-data-updated - miscarriage_related_posts.csv,60f7784dabe78d5350dc2a0f20e98fbec5e4a345f1f3cfcc2bd7a93fd3dc7b33,high_precision,,,,,,,
14rm2k2,Parenting,Broke up 3 year relationship over him disciplining my kids. Am I wrong?,"
We've dated for 3 years. Lived together with my daughters 7 & 9 and his youngest daughter 11 for 2 years. We were a family. Until last night.

I got some bang snaps/popits bc 4th of July. We were outside and D7 throws one near the dog. I tell her to stop & she did it again darn near right away. She's a very good kid, but she is barely 7 and still learning. I definitely have a more gentle approach, but still don't let them get away with stuff. He is more stern. 

So he pulls out the pocket of his jeans and makes her hold onto it. Follow him around some. Stand there while he's sitting. I say ok lesson learned let's tie this up & enjoy our evening & watch fireworks from the back deck. He tells her to give him a kiss on the cheek. She says she's not comfortable with that before I can even speak (good on her!) and then he says ok a kiss on the hand. I interject and say no, think of something else. So he tells her to go to bed out of frustration. I'm not ok with any of this. 

He says he's trying to teach her humility. I say he's trying to humiliate her. Kiss his hand like he's an emperor or something? Hell no. We get into it over that and he got in my face and grabbed at my side then suddenly must have thought that wasn't a great idea and stopped the grabbing, but was still in my face. 

Well it escalated to us breaking up. Things have been volatile for a while now so kinda saw this coming, but last night I found myself booking a hotel for my daughters and I after midnight. Oh and it's my now 9yo's birthday today. We're having a ""yes day"" and they are happily swimming in the hotel pool right now.

The look on her face last night was a ""help me, mom""  look and I am not about to let anybody affect my kids like that. I just won't. We haven't spoken since and I'm just in my head second guessing breaking up our family over this.

I guess I'm looking for validation here. Did I do the right thing? Is what he asked of her as ridiculous as I think it is?

ETA UPDATE 1: Thanks to all that have supported and encouraged me in this. You helped more than I can illustrate in words. I'm laying in this hotel bed between these sweet angel babies thanking God for giving me the strength to do the hard right thing. We had some great deep talks and a very happy ""yes day"" birthday today.

I'm looking up properties and getting excited about this new chapter. We were going to be stuck in suburbia for another 7 years bc of his parenting agreement and I've always been a homesteader at heart so I felt that was a huge sacrifice. I'm going to choose that life now. I haven't reached out to him (I'm usually kinda extra with that). He hasn't either. I'm going to get some boxes after work tomorrow and start packing.

UPDATE #2

The kids are with their dad (who is a wonderful father) while I pack up so they haven't and won't come back here. Still living here while separated is so hard so I'm going to stay with my folks on my kid days until I close on a home or finish packing.

He has been cordial and there have been some discussions, but I've kept it in future tense to avoid rehashing the past & creating any animosity. We've hugged and cried, but managed to stay away from each other for the most part.

My ex husband offered to let me stay there, but I know that would just confuse the kids, so as hard as it is, I'm here until I can clean a room out at my parents' house.

It's been hard being here while his daughter is here. She's very affectionate with me and the hugging has been so hard. I know she doesn't get love like that at her mom's. I love that little girl. I told her that if it was ok with him she could keep my number and if she ever needs me I'll be there. He agreed. 

End of update #2.",2023-07-05 20:18:06,https://www.reddit.com/r/Parenting/comments/14rm2k2/broke_up_3_year_relationship_over_him/,,abortion,abortion_data-updated - new_abortion_related_subreddits_text_posts .csv,15d6b2ff3bd953be3d0029f8afc638aaae2246e0c4af1b7e31ea752385954431,,,,,,,,
1e6c3c2,Pregnant,I lied to my sister when she asked if I was pregnant,"Backstory: my sister had 3 miscarriages and is going through extensive testing to find out why her pregnancies cannot progress past 6 weeks. Her last miscarriage was about 3 months ago. I have a son that is 2 years old.

I found out on Saturday that I was pregnant (today is Thursday). My husband and I were not really trying, but I took a test just for fun and was shocked to see it was positive. During my last pregnancy, I told my sister on the morning of my positive test and I told much of my family (parents and siblings) about a week after. For this pregnancy, my husband and I both agreed not to tell anyone until after the first appointment. Well....this morning my sister texted me ""You're pregnant, aren't you?"" I replied ""Nope, Covid ruined it."" My husband had Covid around the time I thought I was ovulating which is why this pregnancy is unexpected. I must have ovulated early or late.  She went on to say ""I had a dream this morning you were pregnant and didn't tell me. I cried."" I changed the subject to talk about my husband's Covid and how it is a stroke of luck myself and my son did not get it. Anyways, it's eating me up that I blatantly lied and now I'm not sure when is the appropriate time to tell the truth.

EDIT: Below is the link to the update to this post.

[\[UPDATE\] I lied to my sister when she asked if I was pregnant](https://www.reddit.com/r/pregnant/comments/1e72c7i/update_i_lied_to_my_sister_when_she_asked_if_i/?utm_source=share&utm_medium=web3x&utm_name=web3xcss&utm_term=1&utm_content=share_button)",2024-07-18 13:57:33,https://www.reddit.com/r/pregnant/comments/1e6c3c2/i_lied_to_my_sister_when_she_asked_if_i_was/,,miscarriage,miscarriage-data-updated - miscarriage_related_posts.csv,83918ee05ee4ed653eac97ff5a67f1b3bcfd9abe0f44e465c264e9f3aa275d9e,high_precision,,,,,,,
mwrn8o,assault,"I feel responsiblity, but not sure what should I do",,,https://www.reddit.com/r/sexualassault/comments/mwrn8o/i_feel_responsiblity_but_not_sure_what_should_i_do/,,harassment,sexual-harrassment-data-updated - RelevantByTitle.csv,ecd00e058b0c3ac4421670ed95812ede9d6d2ac740ca55f71fb3781e33c8e927,,"So there is this friend I met randomly, she told me about a tough experience she went through with her friend (both females), she and her friend were drugged, and her friend got raped after being drugged. It's a fucked situation. Because the one who did the raping is also a police man who was supposed to help with a cannabis ticket. Now this was a traumatic experience for both of them. There are so much shit going on with her. Her parent house was recently demolished as well. Very sad story, she's married too and have a long distance relationship, but her husband will move near her soon. 

Now yesterday we went out (the two female friends, and my flatmate (male) and I (male), and the friend who got raped had a spark with my flatmate and they were dancing very closely. My flatmate doesnt know about all this, i don't think he evens know what is going on or if she's married. 

I've told him in the end that the ladies are going through tough time which I can't explain to you atm. What should I do?",2021-04-23 9:43:44,1619171024.0,"{'fuck', 'rap'}","['i', 'feel', 'responsiblity', 'but', 'not', 'sure', 'what', 'should', 'i', 'do']",relevant,non relevant
1l307b7,TrueOffMyChest,I’m 29 and just got diagnosed with a massive brain tumor.,"Title. I had a seizure at work yesterday, luckily after I finished my procedures (I’m a veterinarian) but as I was about to head into an appointment. My team is amazing, they took care of me and got me to the ground and called 9/11 for me. Paramedics took me to the ER where they did an MRI and found a very large mass in my frontal lobe. They think it is mostly cyst, with a small solid portion at the bottom of the cyst, but fortunately this indicates it may more likely be benign. Next steps are either biopsy and wait for results before proceeding, or biopsy but also remove as much as possible in the same procedure (the first option means a second surgery). I am just still in shock, I was supposed to travel for World Pride in DC next weekend, my birthday is tomorrow. I just can’t believe in a matter of 24 hours my life has completely changed. I am a doctor at the end of the day, so this is interesting/fascinating to me,  but it makes it really hard not to google everything and learn more. I know I’ll be ok, but I am terrified right now. Thanks for reading",2025-06-04 8:21:48,https://www.reddit.com/r/TrueOffMyChest/comments/1l307b7/im_29_and_just_got_diagnosed_with_a_massive_brain/,,abortion,abortion_data-updated - new_abortion_related_subreddits_text_posts .csv,9008bb9146bd1333dd1c150862dc728336f9061fa939ccac109c84c516c6a217,,,,,,,,
1l0o3g9,Miscarriage,Serious question,"I’ve been believing I’m 13 weeks pregnant. Some things happened yesterday, and I went to the er. After an ultrasound that I wasn’t allowed to see or hear at all, they told me that there is no heart beat and I am 8 weeks along and that it’s all looking like a miscarriage bc of my other symptoms too. Is it possible to be told that there’s no heart beat and that you’re having a miscarriage, but actually there is a heart beat it just wasn’t detected and your baby is fine? ",2025-06-01 12:45:21,https://www.reddit.com/r/Miscarriage/comments/1l0o3g9/serious_question/,,miscarriage,miscarriage-data-updated - miscarriage_related_posts.csv,ef9f759106df43cc4e635228d7e89b3aeb848efb0bfd77508d7b105c079760f2,high_precision,,,,,,,
1gib9y8,TwoXChromosomes,"Of course they're lying, but this is egregious ","In Missouri, we're voting on Amendment 3, which would grant the right to abortion. I saw a sign someone put in their yard that said, ""No on 3! Save them both!"" 

Save them both??? Bullshit! How many women have died over the past 18 months because a doctor didn't want to get in trouble for performing a necessary abortion for miscarriage or other issues.

ETA: I'm aware that the sign refers to saving the mother's soul, but it doesn't clarify that point. ",2024-11-03 0:57:46,https://www.reddit.com/r/TwoXChromosomes/comments/1gib9y8/of_course_theyre_lying_but_this_is_egregious/,,miscarriage,miscarriage-data-updated - miscarriage_related_posts.csv,d7571638fa5efd5ce0e8b25a6d74cab1efaa013f97ceae40ee7679e5950ff532,high_precision,,,,,,,
lmdn8w,assault,Was I raped?,,,https://www.reddit.com/r/sexualassault/comments/lmdn8w/was_i_raped/,,harassment,sexual-harrassment-data-updated - RelevantByTitle.csv,a1891642e5a5f6c5621f289b687cb5eca0ec77af080a65514f275dce98ef0fcc,,"Last March I met up with this guy I had been texting on and off with for a few months for a second time. We had sex and then fell asleep. Next thing I know I woke up, he was on top of me, spread my legs and proceeded to penetrate me. And I just went with it. Why didn’t I stop it? I could’ve stopped it. The memory is a little vague now, as I had a few drinks that night. But after that happened we went to sleep again. Then I woke up again and it was like he was already inside me, touching me when I was sleeping. I feel like it’s my fault. I’ve never told anyone about my experience until now.",2021-02-18 4:26:06,1613622366.0,{'touch'},"['be', 'i', 'rap']",relevant,non relevant
crj8p3,metoo,Personal: Was I Assaulted? Advice for Moving Forward?,,,https://www.reddit.com/r/meToo/comments/crj8p3/personal_was_i_assaulted_advice_for_moving_forward/,,harassment,sexual-harrassment-data-updated - RelevantByTitle.csv,3f7689cc2b0e6ec0b737a3396f3ad39e2496ace5abd0a239e2112f93fb5fa197,,"So something that happened to me awhile back has resurfaced and I'm not really sure what to make of it. I would really like some outside opinions, but I don't really have people in my life to talk about this. So here I am! Ya dig?

Once upon a time while I was in college, I had a huge crush on this girl. Thinking back it's still one of the biggest crushes I've ever had. We started talking and spending a lot of time together, but when I finally started telling her about how I felt she had already started talking to someone else she was interested in. She wanted to pursue that since they were just starting to get serous. So I was friend zoned. Which was fine. She was one my best friends for the next several years. 

However, a year, or three after I was friend zoned we were hanging out outside a gas station. We were chatting while enjoying some drinks we got from the gas station until she decides to take her straw and stick it down the back of my pants so that it went right between my ass cheeks. Then she started moving it up and down while staring at me. I asked her to stop, and she replied 'you know you want it'. I guess a part of me thought she was right. There was a part of me that was happy to get this sort of attention from someone I had fallen so hard for. There was a part of me that felt like I could be okay with this because it was her. So I just sat there until she was bored, and stopped. Our friendship ended up falling out because of a lot of trust issues festering on my end, and it come to an abrupt halt when she told me she didn't believe me when I tried talking to her about how I thought I might be depressed.

I admit the context of this is kinda silly. The fact that this happened seems weirdly comical to me now. Just the total the ludicrousness of it! 
But when I think about how I felt, what I told myself, and what she said to me it is terrifyingly similar to many accounts of sexual assault. What do you think?

I believe the reason this memory popped back up is because I was recently friend zoned again, but this time I'm afraid of having someone like that in my life again. I'm afraid that status is going to be used to manipulate me again, and I feel like an asshole for not being okay with being friend zoned. Normally I would take some time to get to know someone before I share my feelings with them, because I'm not interested dating anyone I couldn't also be friends with and sometimes my interest fades as I get to know them, but this time was I was friend-zoned way before I had the chance to really get to know her, or tell her anything about how I feel. She just saw it coming from a mile away, and decided she wasn't interested. AITAH for just wanting to avoid this entirely? She seems very nice and in no way deserves my suspicions, but idk if I can do this without burdening someone I barely know my nonsense. Or at all TBH.",2019-08-17 7:44:28,1566027868.0,"{'take', 'use'}","['personal', 'be', 'i', 'assault', 'advice', 'for', 'move', 'forward']",relevant,non relevant
axya38,relationship_advice,My (24f) co-worker (50f) blamed me for my miscarriage but is now frustrated I won't talk to her,"Exactly what the title says. My coworker/'friend' has been in a sour mood because I was given 'lenient' clock in clock out times the week of my miscarriage ( I took no days off, and only came in and left early the first two days as the cramps were horrible) finally, after she was being talked to about coming in late she came after me, yelling at me asking me why I'm not in trouble as well and how it is not fair she is getting yelled at but I'm coming and going 'as I please'.


Me, thinking we were friends, confided to her that I had a miscarriage. Her response? 'I told you you were pregnant! Why the hell are you here? You need to be home! This is why you had the miscarriage! You don't care about yourself, you're being selfish working when you should be letting your body recover. What is wrong with you? You are being so stupid! You don't take care of yourself and then you wonder why you had a miscarriage. Come on, really. Who do you think you're telling this to? I'm a woman! I have gone through things like this! Don't look surprised if you find you can't get pregnant after this. Honestly, take care of yourself. '


And then with that she announced she was going on break and I sobbed in the bathroom. I pulled myself together and didn't speak to her the rest of the day. Then it was the weekend then she was sick and was gone and then she had a family emergency and has been back but I've moved desks. I'm hurt and angry and honestly, am not her friend. Today she tried to send me a birthday gift and I refused. She is pissed and doesn't understand my change in attitude. She also tried to coordinate breaks with me. I, of course, insisted that I break at a different time. 

This is making her frustrated and I am honestly at a loss for words on how to explain to her why I no longer want to engage socially with her. I am completely amicable to her professionally otherwise. How do I explain to her I don't want to be friends with her anymore? Is there a way I can do it without causing her to 'explode'?

TLDR: worker got upset for getting yelled for being late to work, tried to come up to me and asked me why I didn't get in trouble, I explained that I miscarried my pregnancy and she blamed me for overworking myself and causing the miscarriage and that I shouldn't be surprised if I can't get pregnant again. Now, after not acknowledging me for a couple of weeks she came to my desk with a bday gift acting like nothing ever happened and is upset I didn't accept the gift or want to have lunch together

Update: First, thanks for the support. I didn't expect this to blow up like it did. Yes, we are getting through it and doing okay. 


Second, she ended up submitting a false report saying I interrupted her work day and withheld important information. It is false. I have witnesses, I was never alone with her, she had no details on what was held nor did she have any proof and when asked to clarify, she couldn't think of anything. I will update the rest tomorrow as now that she put a complaint on me (and it is very plainly false) it's gotten a lot crazier.",2019-03-06 12:26:59,https://www.reddit.com/r/relationship_advice/comments/axya38/my_24f_coworker_50f_blamed_me_for_my_miscarriage/,,miscarriage,miscarriage-data-updated - miscarriage_related_posts.csv,41db8ececdc065127aa68b66d05e0973adc21a13cd94f5bf1ff8624ffeb06533,high_precision,,,,,,,
oxerdf,abortion,i don’t feel bad????,"i’ve had an abortion in feb 2019. when i found out, i cried, told my my friends and we laughed about it, got an abortion 5 days later. done deal. people usually feel regret after but i didn’t. i couldn’t stop making jokes about it, and even to this day i don’t take it serious. hell, i hardly even think about it and when i do i just make a joke about it per usual.

i feel like i’m supposed to feel bad or remorse about doing it but i never did.. is this normal??? i would think by now i would’ve even felt a little remorseful or anything but i never took it serious or felt any emotion towards doing it. am i a psychopath?!? lol",2021-08-03 22:37:06,https://www.reddit.com/r/abortion/comments/oxerdf/i_dont_feel_bad/,,abortion,abortion_data-updated - new_abortion_related_subreddits_text_posts .csv,cce1392988ab9e8761e13a3e465d156e9faca70de37a918a3c348d5a8a1ed2d0,,,,,,,,
a3637k,harassment,Grocery store manager refuses to fire employee who sexually harasses me,,,https://www.reddit.com/r/SexualHarassment/comments/a3637k/grocery_store_manager_refuses_to_fire_employee/,,harassment,sexual-harrassment-data-updated - RelevantByTitle.csv,e2a6dd5f44755e833429b8ea1d6f6751d4d9b5f1e2196392cdb5135539692337,,"Today I tried to get this creepy grocery store employee fired who’s been stalking me around the main grocery store I go to for the past two years. He gives me the creepiest, rapiest looks and he’ll come stand right next to me and stare at me in a predatory way when I’m scanning me groceries at the U-Scan. I called and told the manager the scenario and the manager played dumb. He was like “I don’t know who you’re talking about. And I can’t just fire someone.” And I was like “You’re the manager, you can fire anyone you want.” And I told him I’d already contacted corporate and they just needed the employee’s name and he goes “Well I don’t know who you’re talking about so I can’t give you his name.” And I was like “Well if you don’t give me his name I’ll get the police involved and I’ll have the police come to the grocery store and I’ll file a police report against the employee.” And the manager was like “Alright, do that if you want but I have no idea what employee you’re talking about.”

To be specific about why it’s such BS that the manager claimed to not know who I was referring to, the creepy stalker employee is black and he’s the only black male employee who works there so I know the manager knows exactly who I’m talking about. There’s a bunch of white guys and two hispanic guys who work there and he’s the only black guy who works there, and he works there everyday so I know the manager knows who I was referring to. He’s black and he wears glasses. That’s how I described him. “He’s black and he wears glasses and he works there everyday and he only works at the U-Scan station.” And when he’s not on duty as the U-Scan troll he just wanders around the store doing nothing. So when he sees me going through the aisles putting stuff in my basket, he follows me around in the aisles just staring at me with this creepy, rapey smirk on his face. And when I’m scanning my stuff he’ll walk over to my U-Scan machine specifically even though I always try to pick a U-Scan on the end farthest away from the computer station where the U-Scan clerk stands, just so I can be as far away from him as possible. So he’ll spot me and purposely walk over to my U-Scan and stand like 6 inches away from me and stare at my face the entire time I’m scanning my groceries like he’s trying to force me to notice him and talk to him.

I’m at the grocery store to buy food and bathroom supplies. I’m not there to get stalked and sexually harassed.

And if I could take a video of this guy following me around and zoom in on the creepy, rapey smirk stare he does at me, everyone on this reddit forum would totally agree with me that he’s sexually harassing me. ",2018-12-04 23:11:15,1543965075.0,"{'harass', 'take', 'stalk', 'follow'}","['grocery', 'store', 'manager', 'refuse', 'to', 'fire', 'employee', 'who', 'sexually', 'harasses', 'me']",relevant,non relevant
1l5d4kk,Miscarriage,First Miscarriage Help,"I had a missed miscarriage confirmed last week on Tuesday. Wednesday I started to bleed. It was controlled bleeding. Just used a liner. Last night it got heavy. I woke up at 3am and bled through pad and pj's and passed a clot. Thought that was mostly it. During the day was ok bleeding. Just now I couldn't make it to the bathroom in time. I just felt everything fall out of me and blood everywhere. This giant blood clot in assuming is the pregnancy tissue. I took a shower and cleaned up and there's just blood dripping from my vagina. Is all of this ok and ""normal"" for the miscarriage process? I was only 6 weeks when the embryo stopped growing and I have no pain fever or anything other than the bleeding. I had some mild cramping. ",2025-06-07 5:17:41,https://www.reddit.com/r/Miscarriage/comments/1l5d4kk/first_miscarriage_help/,,miscarriage,miscarriage-data-updated - miscarriage_related_posts.csv,ee9f455b77279699c656b8165e55c86e70ae287aef7b916d4b532c3fe777c8c3,high_precision,,,,,,,
1hr3t7y,Pregnant,(UPDATE) I was involuntarily held at a psychiatric facility for saying I didn’t want to be pregnant,"First I’d like to say thank you to the outpouring of support. It really means a lot to me. I’m going to start with a very small update and then at the end I’m going to answer some question/ clear up some misconceptions about what happened. 

Update: 
I did see my new OBGYN and had my first ultra sound. My little guy is measuring right on time and had a heartbeat of 167. I feel overwhelmed with relief knowing he is safe in there and doing well. 

I explained the whole situation to by OB and she was incredibly understanding. She gave me a new prescription of Zofran and took some labs while I was there to check my electrolytes and probably some other things. I’ll have another follow up with her soon. At this point I feel comfortable enough working with her so that’s my current plan. 

As for complaints and legal stuff, there isn’t much movement on that front due to the holiday but I still have every intention to pursue those options and will try to update as I can. 

Now the other stuff. 

I did not expect that post to gain as much attention as it did, it was cross posted many times and the responses were overwhelming sympathetic but there was a ton of skepticism especially from doctors who read it. But hey it’s the internet so that’s to be expected I guess. At the end of the day I don’t need any strangers online to believe what happened to me, because I have recourse in real life and that’s ultimately what matters. I was accused of changing my story but I think that was mainly from people who skimmed my post so below I’m going to clear up somethings, and provide some additional details, not because I have to but because I think if there’s going to be discourse about my experience, I want it to start from a place of accuracy of timeline and events.

Starting with, at NO point was the court involved with the decision making process. I went to the ER willingly, they made it seem like they were not equipped to help my situation and that the other facility would be able to help me with my sleeping and panic attacks. I was so run down by the time the social worker came to my room that I’d have agreed to go anywhere they said would provide me with relief. I went to the new facility voluntarily of my own free will. There was no 72 hour hold. When I mentioned 72 hours in my last post, I meant that the whole situation from going to the ER to leaving the new facility took place over 72 hours. 

Once I got to the new facility and met with the doctors, I realized that I was not in the right place to get the care I personally needed. I was away from my support system, not being given the proper medication to control my vomiting, my anxiety was significantly heightened, and I not being given any additional treatment or resources, so to me there was no point in me being at the facility and it was indeed making my situation undoubtedly worse. After speaking with the on call psychiatrist, he told me that he thought the ER doctor misled me, and that I’d need to sign an AMA form which would place me on a 24 hour hold. It was clear he did not want to be the one to discharge me and insisted I needed to speak with the attending. He mentioned the possibility of a court order but said it was unlikely they’d get one for my case. 

After that conversation I went to review the paperwork they gave me during admission. I found the patient bill of rights which stated that for voluntary patients, they had a right to be released within 4 hours of their request. UNLESS 1. I changed my mind and wanted to stay, 2. I was under the age of 16 and my gradian didn’t want to release me, or 3. If the doctor has reason to believe that I might meet the criteria for court ordered services or emergency detention because; 1. I’m likely to cause serious harm to myself, 2. I’m likely to cause serious hard to others, or 3. My condition will continue to deteriorate and I am unable to make informed decisions as to whether or not stay for treatment. 

After I read that I bought the papers to the nurses and requested a justification from the psychiatrist for the 24 hour hold. I wanted to know which reasons he was using. The psychiatrist did not provide reason or justification beyond the attending needed to evaluate me. That’s it.

To be clear, this is ILLEGAL. They had zero reason to keep me past the four hours. At no time had I indicated I was a threat to myself or others. Not verbally, or written on any of the questionnaires that I had filled out during admissions. The attending not working that day is NOT a legal justification to hold me. Their schedule does not supersede my rights at a patient. 

Now after the 24 hours was up, the original on call doctor came back to discharge me. He was clearly agitated that the attending refused to come into do the discharge, so I never at any point spoke with the attending who was originally assigned to me. 

The on call doctor did not seek a court order to detain me. The conversation lasted about 10 minutes or less. When I asked again for the justification to keep me, he asked me if I said anything to the ER doctor about wanting to end my pregnancy, and I told him I just said I didn’t want to be pregnant because I was so miserable. I then tried to ask if he believed that was enough justification for the hold but he cut me off. It was clear he didn’t want to engage in any further conversation. My concern here was the implications of legally being allowed to involuntarily commit any woman who said she didn’t want to be pregnant anymore, which seems INSANE to me. But I digress. 

To answer questions about the facility:
Why didn’t I just leave? Because this was locked facility. I couldn’t just get up and walk out of the door. 

How were they able to take me so fast? This facility has been open only for 10 month. They had beds and empty rooms available when I was there. 

Questions about my ER visits:
I had three separate visits which took place over four weeks. The first ER I went to was a stand alone clinic not associated with a larger hospital. The doctor there said next time to go to a ER attached to a hospital with L&D. So the next time I went to an ER, I went to an ER hospital that I mistakenly thought was a full hospital but it was a hybrid and they did not have L&D. The third ER was attached to a full hospital. I was not doctor shopping, I’m just not familiar with the hospital systems here. 

Regarding my comments about ultrasounds and OBs. I never requested an ultrasound during any of my visits to the ER. I mentioned the ultrasound in the original post just to state I hadn’t had one yet and hadn’t been evaluated by an OB yet. My mother has a history of missed miscarriages so in my head I thought it could be a possibility, and if I was being denied medication for being pregnant I was just hoping I did have a viable pregnancy. But again, I didn’t request an ultrasound. 

Concerns regarding DIY abortion: I am not and have never considered a DIY abortion. I am lucky enough to have all the resources I would need to fly anywhere in the world to get appropriate medical care if I had decided to go that route. Both my fiance and I work high paying remote tech jobs and in the worst case we could move out of state tomorrow if I absolutely needed to. Obviously this isn’t an ideal route but it is an option that is still on the table, even if it’s just to get care in a better medical system outside the state of Texas. 

Medications I’m currently taking: 10mg busiprone 2x a day, 50mg Zoloft. Zofran, unisom + b6, prenatals. NO benzos. 

So to cut through all the bs, whether you agree or not with the doctors course of actions, I hope most people can see that the facility was not the right place for me to be. They were not well equipped to handle my pregnancy symptoms, they were clearly understaffed, and they were not providing me with any additional treatment that I wasn’t getting at home. There was no reason for me to be there. It made things in my case significantly worse and I hope maybe if anything people can just learn from my experience. 

Again, I’d like to thank everyone for their support and for the DMs I received. I’m also so sorry for all the other similar stories I’ve read. It seems like there’s a bigger issue happening here and I hope others can eventually find peace too. 

I am going to continue to work diligently with my OB, psychiatrist, and hopefully a therapist so I can really unpack this entire situation. As I said before I’ll try to update as I can but I’m sure the complaint and legal process will be slow moving. 

I’d also like to ask if you know any attorneys in the DFW area who may be interested in this case, please feel free to shoot me a private DM with their information so I can follow up. 

I will also try to answer any additional questions in the comments, in case there’s anything else I’m forgetting. 

Obligatory, sorry for the terrible formatting, I’m on mobile. ",2025-01-01 14:20:57,https://www.reddit.com/r/pregnant/comments/1hr3t7y/update_i_was_involuntarily_held_at_a_psychiatric/,,abortion,abortion_data-updated - new_abortion_related_subreddits_text_posts .csv,4de2bb9e15e598896ec204070f61a2e93c2ccdf33c18a074cdff9ae31c2726bd,,,,,,,,
1l0gpy1,Miscarriage,It gets better right?,"I miscarried around 6 weeks. It was my second pregnancy, and even though it was early, this one has been incredibly hard. I passed it while I was out eating breakfast, completely unprepared. I saw it — and now I can’t unsee it. That moment keeps replaying in my head, and I think I’m a little traumatized by how it all happened so suddenly and publicly.

I’ve been trying to act like I’m okay, pushing it to the back of my mind, but I finally broke down the other night in front of my husband. He hadn’t realized how badly it affected me until then. I think I was just trying to survive it quietly.

Since then, I’ve struggled to eat. Food makes me nauseous. I’ve been losing weight and feeling like I’m just wasting away—physically and emotionally. I’m still bleeding, and my hormones are all over the place. Some days feel manageable, but other days, I just want to crawl into a hole and disappear.

I have a therapy appointment coming up, and I’m hoping it’ll help. But for anyone who’s been through this—did things get a little easier once your hormones started leveling out? I feel so lost. Any advice or just knowing I’m not alone would mean a lot. 🤍",2025-06-01 4:55:16,https://www.reddit.com/r/Miscarriage/comments/1l0gpy1/it_gets_better_right/,,miscarriage,miscarriage-data-updated - miscarriage_related_posts.csv,4a94e24e22d41e48064a286c0e5e60617c67f79acca6c80d7d9aa7dbcb5d8c82,high_precision,,,,,,,
l809zo,metoo,Please sign this petition to help victims of sexual assault and their at Soka University of America get justice.,,,https://www.reddit.com/r/meToo/comments/l809zo/please_sign_this_petition_to_help_victims_of/,,harassment,sexual-harrassment-data-updated - RelevantByTitle.csv,33c05d1b88ad3eb9114fb747b97207dd957ab592ebb97beca25b2d3698b79f2b,,"Not sure if it's okay to post this here. I want to support these women.

From the petition: 

""The purpose of this petition is to create a healthy and safe environment in which students can exist on the campus of Soka University of America, without the fear of sexual harassment or assault. This petition also addresses the misconduct of certain administrators, as well as the silent acceptance of a professor who prostituted his students in the past. This petition is based on established facts and first-hand testimonies by students, as well as general observations.""

The petition is here:

https://www.change.org/p/danny-habuki-sexual-assault-and-harassment-reform-at-soka-university-of-america",2021-01-29 18:37:01,1611945421.0,set(),"['please', 'sign', 'this', 'petition', 'to', 'help', 'victim', 'of', 'sexual', 'assault', 'and', 'their', 'at', 'soka', 'university', 'of', 'america', 'get', 'justice']",relevant,non relevant
1fbmchw,abortion,I had my abortion today and I feel nothing emotionally,"I found out I was pregnant a week ago today, it took me 2 days to process & fully decide that I needed to have an abortion, my boyfriend & I are not ready at all. I felt guilty at first because at 27 years old, we SHOULD be in a spot that this happening wouldn’t be so bad but I’m broke, he’s broke, we live with our parents, we’re both in debt, I have health issues that would’ve put me high risk instantly & also more than likely on bed rest from 6 months on, which would continue to add to the money issues. It’s just not the time, it’s a wake up call. abortion is legal in my state, I wanted to see it on the ultrasound, I was only 5 weeks pregnant, it was just a black dot, but i asked for a picture anyways but i haven’t cried. i cried the entire first 2 days of knowing i was pregnant but now? i feel nothing, i don’t feel relief, i don’t feel sad, i just feel like blah? Has anyone else experienced this? I don’t know if it just hasn’t sunk in or maybe i’m just not letting myself feel it yet, i don’t know. I feel like i’m weird for not feeling anything.

Edit to clarify: i had the medication abortion & passed the pregnancy before i even took the misoprostal, the first pill had me pass within 24 hours, i had my appointment yesterday.",2024-09-08 1:19:26,https://www.reddit.com/r/abortion/comments/1fbmchw/i_had_my_abortion_today_and_i_feel_nothing/,,abortion,abortion_data-updated - new_abortion_related_subreddits_text_posts .csv,62614e63ff1a841234bb12c3968e7dff0164fe9c03579553649ae1cc1f5d3450,,,,,,,,
1lksfor,offmychest,i just found out i’m pregnant and i’m getting an abortion,"i feel like such an idiot for this whole situation especially since it could’ve been prevented. i’ve been seeing this guy who i’ve had a crush on for months now for about two months. right now we are more “casual” than anything but still consider ourselves friends. as fucked up as it seems i do really value our friendship and would do anything to avoid hurting it but i feel like we are kinda past that, but that’s besides the point. we obviously sleep together and i’ve been on the pill but there had been one day i missed it after spending the weekend with him and going out with him. i didn’t think much of it, i even took a plan b the next day, but i remember never starting my period early like i usually do when i take one. i kinda ignored it since i was already tracking my period and saw i should be starting soon. well i’m a week late and took a pregnancy test and instantly came back positive. 

i instantly broke down crying. im in my 20s, in the military, i’m 2,000 miles away from my family and my very close friends, i’m virtually all alone out here. all i have is mainly guy friends but we are all mutual friends with the man i’ve been seeing. on top of things my unit is deploying soon which has been a dream of mine and i’ve known about it for almost a year now. and now i’m pregnant, with a man i’m not even officially dating or known for that long. 

i’ve made up my mind and i’m getting an abortion. i am not telling him either. i am not mentally nor emotionally ready to take care of a child. i can’t do it and it would basically ruin my career right now and life. 
 
it all doesn’t feel real. i refuse to look at the test again that are currently in my trash can, i refuse to fully acknowledge it. i don’t even know how i fully feel besides the fact that i know i want it gone. i did at first kind of wanted to tell him but he’s a higher rank than me, i was scared of his reaction (not that he’s shown any signs of doing something really bad to me, you just never know how someone will truly react to something like this), and scared he might end up wanting to keep it. 

i feel weirdly guilty about the whole thing. especially since we hangout so much and spend a lot of time together and im hiding this from him. and sometimes i feel like he suspects something because he said something last night about being his age and not having kids yet and then asked me when i think i’d be ready for them. 

if im being honest the main reason i don’t want to tell him is because i’m scared it will ruin our weird relationship we have and i don’t want to lose it, or especially our friendship. the whole thing feels fake, i just want it all to be over with and i want things to be normal again. so far i’ve only told two people back home and that’s it. i just want this all behind me and to forget about it and how much i fucked up.",2025-06-26 5:53:38,https://www.reddit.com/r/offmychest/comments/1lksfor/i_just_found_out_im_pregnant_and_im_getting_an/,,abortion,abortion_data-updated - new_abortion_related_subreddits_text_posts .csv,38cfe2d05715586b095b94b94f3f9b967b6f1256cb793d4e409304a3ae55658a,,,,,,,,
ks1zcw,assault,"Since being assaulted, I have trouble saying no",,,https://www.reddit.com/r/sexualassault/comments/ks1zcw/since_being_assaulted_i_have_trouble_saying_no/,,harassment,sexual-harrassment-data-updated - RelevantByTitle.csv,96bafca5aeb5a854e145577089dccc5ef2bb1d9de7302fcbaad6877bc13db077,,"For context, I was exploited by my teacher when I was 10, and was SA when I was 14. Since I became sexually active, I have trouble telling my partners that I’m not enjoying something. The person I’m with right now is the first person I’ve slept with who will stop and ask me if I’m okay and want to keep going at the slightest indication that I’m uncomfortable or in pain. Before this person, I was regularly choked, slapped, etc without expressed consent. Usually, I was okay with it, but there was one guy in particular who really rubbed me the wrong way. We had a safe word, but I was afraid to use it because he had this whole “dom/sub” thing going on and my past trauma makes it VERY hard for me to say no to anything. I wanted to stop at several points, but was either too scared to say anything because I had never done anything that rough, or because I couldn’t say anything because of how hard he was choking me or pushing my head down on the bed. Afterwards, he took a nude photo of me without asking and I noticed he left numerous bruises and hickeys. I felt so dirty and gross that I blocked him as soon as he left and took a long shower to get him off of me. 

I didn’t think it was assault or abuse at first because I didn’t say no, but it’s left me with some new triggers and trauma I didn’t have before so I’m a little concerned. Regardless, I won’t press charges, but I’m curious as to what y’all think. Was this assault/abuse or just a bad sexual experience?",2021-01-07 1:08:38,1609981718.0,"{'exploit', 'take', 'slap', 'push'}","['since', 'be', 'assault', 'i', 'have', 'trouble', 'say', 'no']",relevant,non relevant
lxrjho,metoo,Girl pressured me into fingering her.,,,https://www.reddit.com/r/meToo/comments/lxrjho/girl_pressured_me_into_fingering_her/,,harassment,sexual-harrassment-data-updated - RelevantByTitle.csv,a89f97f969ee3317a543acfcb70f4e6c5e643a86ec1184398a368cedd8359dfc,," 

One night a year ago before lockdown in Ireland I went on a night out with some people on my college course. We were in a pub and one of my female friends kept telling me to talk to her friend who was in the corner on her phone and not really socializing at all. I talked to her for a short bit and convinced her to come home with me. Looking back we had no chemistry it was more of a spur of the moment thing, and I just thought it was a harmless bit of fun. On the way home, it occurred to me that I still wanted to meet my friends again later on in the night and that I shouldn't have brought this stranger home with me instead. I knew that she lived with her parents, and asked her would she mind getting a taxi back home afterwards, to which she agreed. Obviously, I realize how disrespectful in hindsight asking that question is but I was a bit drunk and didn't know any better.   
Anyway, we got back to my house and I had told her it was only my second time and she said that was ok. We had sex but it did not last very long and ended quickly enough. She then asked me to finger her afterwards, which I did not want to do but agreed to cos I thought it was only fair. Me not having much experience, I was probably not the best at it and after a while, I stopped. We talked and I asked did she mind taking the taxi back home, to which she said she did not want to do it unless I kept fingering her. I then continued to do it and then asked her again. Again she said no and told me to keep on doing it. I tried to assert myself and she got up and started throwing a big tantrum. She started raising her voice, and I, cautious of my housemate upstairs who had work in the morning at 9 am and was an angry enough person, tried to get her to stop. I said calm down and kissed her and said she can stay here tonight. I then tried to go to sleep, but she kept asking me to continue fingering her. I said no and I tried to ignore her but she started pushing and shaking me in an attempt to get me to do it and not fall asleep. I reluctantly agreed and started doing it to her again. She looked fed up when I was doing it and impatient, so I started saying things like ""I wish I had another condemn"" in an attempt to lighten up the situation. She then tried to give me a blowjob but I refused.   
I eventually stopped, ignored her, and got to sleep and just took the whole thing as both of us being drunk and maybe just some miscommunication. The next morning comes and I awake at like 8am and she is wide awake and looking at me. I told her did she mind leaving in a bit before my housemates wake up. Again, she says no and angrily says ""I'm not leaving this house until you finger me"". I say no but she keeps on demanding that I do it. Me, scared of her screaming again or her giving out to me, starts doing it. Again I do it but she looks fed up and angry at me. I finally muster up the courage to stop and I assertively tell her I'm not doing it anymore and she gets into a huff and puts on her jacket and rings up a taxi. When waiting for it, I try and make conversation to lighten up the mood but she says nothing back and gives me multiple dirty looks. The taxi comes and I say ""Goodbye"" but again she gives me a dirty look and slams the door shut.   
I've told plenty of my friends about the incident but they just see it as funny. I tried to convince myself that it was just funny and maybe I should just ""Man up"" and get over it. I've always been a bit of a pushover and I've felt a low key sense of guilt for not asserting myself better. She was smaller than me but had a very strong personality. I matched with her on tinder a few months back and when I was talking to her she seemed like a nice reasonable person. She also came over to my house recently with my college friend and she seemed harmless. She threw a bit of a tantrum about a song not being played, but it was nowhere near as aggressive as the ones she pulled that night or the next morning. Granted other people were in the house as well so maybe she knew she could only go so far. I've felt kind of bad for her to be honest and she's been posting stuff on Instagram about her granny dying of cancer.  
I honestly don't know how to deal with the situation. I'm good friends with her friend who introduced me to her and I do not want to tarnish that relationship. I also refuse to go trial about it as I'm a very private person and would hate any sort of exposure. I'd probably be seen as a wuss or overdramatic. Also, most trials are character assassination and that is not something I am willing to go through. I've talked to female friends about it who have mentioned that lads have tried to pressure girls into stuff like that before and they're kind of used to it. I'm aware of the large problem that sexual assault is on women in Ireland. Young Lads in Ireland are encouraged to finger girls in nightclubs and some lads I knew genuinely used to see it as some sort of competition. Also, being a young lad myself and being on the autistic spectrum, I've made a few mistakes myself but I've always apologized and taken responsibility for my actions and I've learned from them. I've definitely never forced someone into doing something that they clearly don't want to do and I've never assaulted anyone. I'm not looking for pity or classifying myself as a victim and I'm not even sure if what happened to me can even be classified as rape or assault but it certainly didn't feel right. I'm afraid I can't tell if this is me overanalysing stuff as usual, or if stuff like this happens more often than it should and that we're told not to speak about it. Either way, it's something I want to get off my chest.",2021-03-04 18:27:33,1614882453.0,"{'take', 'pull', 'assault', 'use', 'throw', 'finger', 'force', 'push', 'kiss'}","['girl', 'pressure', 'me', 'into', 'finger', 'her']",relevant,non relevant
8xtc63,TwoXChromosomes,Ectopic pregnancy leads to abortion shaming...,"Two weeks ago I landed in the emergency room. I thought my appendix may be bursting, I was in easily the worst pain of my life. My blood work revealed I was in the very early stages of pregnancy and it seemed to be an ectopic pregnancy, where the egg is fertilized in the fallopian tube. The cells were growing in the tube, which was what was causing the pain. These are unviable pregnancies, there is no chance the baby can survive. After I heard my options I said I wanted an injection that would terminate the pregnancy. I couldn't believe all the raised eyebrows. I was asked by multiple doctors if I was sure, if I wanted time to think about it, if I wanted to talk it over with my husband. My OB works at the hospital and came to see me, (she delivered my daughter 19 months ago). She said "" We both know your body is perfectly capable of producing beautiful, healthy babies"", so she thought we should wait. She also told me that if I got the injection and it didn't work, the baby would certainly have defects and I would have to have a surgical abortion under medical law. I was shocked.

1. This is not a baby, it's a cluster of cells that cannot possibly grow into a baby located in a place in the body that IS NOT FOR GROWING BABIES.
2. Ectopic pregnancy can lead to the fallopian tube rupturing which can be fatal. It is extremely dangerous.
3. I felt like I was being stabbed to death, even morphine was not touching the pain. My blood pressure was sky high and I was doubled over.
4. Am I a walking miracle? Am I going to be the first woman in history to have an ectopic pregnancy that leads to a healthy child? That's what we are putting our money on?

I wanted to share this experience because it left me flabbergasted and more than a little angry. This was a case when abortion is medically necessary to save the life of the mother, IF you can even call it an abortion at all. Suddenly there was a hard choice to be made and guilt and shame that needed to be felt? Fuck. That. Noise.

EDIT: Thank you guys for being so supportive and kind! I want to clear up a few questions. I was in the ER twice, the first time they told me I was pregnant, and I was presenting as ectopic (abdominal pain, severe vaginal bleeding), however they could not see the pregnancy in the fallopian tube or in the uterus. A doctor told me I should have an injection to terminate a possible ectopic pregnancy, I said that was what I wanted. A different doctor came to see me and told me since they could not see anything on the ultrasound I should go home and wait. They gave me pain meds and a strainer to check my urine in case I was possibly passing a kidney stone. I was told to come back if the pain worsened or I had any vomiting or fever.

Two days later I started vomiting uncontrollably and the pain was still there (even with the oxycodone) so I went back to the ER. A second ultrasound showed the pregnancy in the fallopian tube. Yet another doctor was horrified when I explained what happened on my first visit and laughed out loud when I mentioned the kidney stone theory, she said ""If it looks like an ectopic pregnancy and presents like an ectopic pregnancy, we should treat it like an ectopic pregnancy."" She was concerned enough to call me at home the next day to see how I was doing and provided her personal cell if I had any questions or complications.

My takeaway from this is that when these things happen, you have to be your own biggest advocate. Listen to your body and trust yourself, don't be afraid to disagree with a doctor, and please don't let someone shame or convince you into not doing what is best for you.",2018-07-10 21:10:40,https://www.reddit.com/r/TwoXChromosomes/comments/8xtc63/ectopic_pregnancy_leads_to_abortion_shaming/,,abortion,abortion_data-updated - new_abortion_related_subreddits_text_posts .csv,108a59b306f50c224970452e14ab0e7356d2e7b79483ee8b1a5846707e0a7615,,,,,,,,
1loicw6,Pregnant,14 weeks and 5 days pregnant,"So I cut ties with my baby’s daddy today after everything that was going on, I use to live with him until recently when his family kept demanding I leave their house. I now live with my aunt and feel lost since she doesn’t let me stay at the house alone, my door has no lock, I sleep upstairs and I’m not allowed to turn on the air conditioner, and across the hall from my room is my aunt’s exes room. I’m very grateful for her taking me in but all I really want right now is someone to talk to. I tried continuing contact with baby daddy for a while but I just quit contact with him today after I called him wanting to vent about how I felt like a burden to everyone. He told me my crying and being over dramatic would get my baby killed, and it hurt more than anything I have heard in a while. I told him to stop saying these things but nothing I said got through to him. Yesterday I had texted him saying I felt homeless because my aunt kicked me out her house for two days so she can have a man over. I argued with her before she dropped me off at my moms, and here at least I have air conditioning, but now all I do is sit in a room with no distractions and just cry all day. Because I miss my baby’s daddy, I feel like I’m going to be a terrible mom, and I feel like once I have this baby, I’m just going to get dumped on the side of the road somewhere and my aunt (who has had 20+ miscarriages) is going to take my baby and leave me to rot. I know if isn’t true but the only person who’s opinion mattered to me (baby daddy) is no longer in my life and I feel lost without him, I don’t really have friends and I’ve struggled with depression all my life but I wanna be strong for my baby, I want to get better for baby and I don’t know what to do… I wanna be a better person but I don’t wanna do this alone… I feel like my dream of having a family is being crushed and all together I just don’t know what to do… I’m scared..",2025-06-30 20:30:19,https://www.reddit.com/r/pregnant/comments/1loicw6/14_weeks_and_5_days_pregnant/,,miscarriage,miscarriage-data-updated - miscarriage_related_posts.csv,9cfc82e8e5bd1f34380278c24e1a17fc3a5182ec5250531c22fdeaaaae2fee64,high_precision,,,,,,,
1l5q62n,Miscarriage,5 week ultrasound and beta hcg update,"Hi All
I am 5 weeks 1 day pregnant today. Ive had 3 previous miscarriages and Im on my 4th pregnancy. I did betas 06/02 17 dpo 2644, 06/04 19 dpo 4690, and 21 dpo 5687. I was extremely worried and my dr asked me to get another hcg done tomorrow and an ultrasound Wednesday. I was extremely worried about a ectopic pregnancy so I took matters into my own hands and booked a private abdominal ultrasound. To my surprise, we saw a gestational sac, yolk sac, and a really tiny dot for an fetal pole. Should I still be worried about the Hcg levels from yesterday? And if there continues to be a smaller rise tomorrow is this worrisome for a non viable embryo? Ive never made it this far as my last pregnancy was a blighted ovum so this feels like a huge milestone 😭",2025-06-07 17:24:19,https://www.reddit.com/r/Miscarriage/comments/1l5q62n/5_week_ultrasound_and_beta_hcg_update/,,miscarriage,miscarriage-data-updated - miscarriage_related_posts.csv,ec8ff33109bafc78396c332540046d81a93c9eb921eea85933bd7106a8006746,high_precision,,,,,,,
1f5zy6n,abortion,I feel numb and depressed after my abortion.,"It is 2 months ago since I had my surgical abortion (6 weeks). To be clear - I don't regret my choice.

My best friend just got her first baby 2 days ago and I feel devastated. I bought her a cute little hat and she just sent me a picture of her little girl wearing it and I just broke into tears. I hate myself feeling this way because I don't want to ruin her special moment just because I had a abortion.

I also feel so lonely in this process because my boyfriend does not understand why I feel sad even though I am 100% happy with my choice, without any regrets.

Does anyone know how to describe these feelings, so a man can understand how it feels to abort a little guppy that grew inside of our bodies? Or how did you cope with any loneliness, sadness or grief?

 I am all in for any advice because at this point I feel helpless.

PS: I am from the Netherlands",2024-08-31 22:59:10,https://www.reddit.com/r/abortion/comments/1f5zy6n/i_feel_numb_and_depressed_after_my_abortion/,,abortion,abortion_data-updated - new_abortion_related_subreddits_text_posts .csv,888adbd6a56c9f9d4a6038687d1a811beabcf1e8ac20dfa09ad6d514cc3a6a36,,,,,,,,
1lmt6f2,depression,Why is it that I feel like a burden to people?,I often check on people around me especially my most treasured ones. How come no one ever checks on me. It hurts. Everything hurts right now. I want to cry but my eyes don't have no more tears left so I only feel like i'm drowning inside from my own tears. I can't feel anything. I just feel sad and continuously sad.,2025-06-28 18:01:35,https://www.reddit.com/r/depression/comments/1lmt6f2/why_is_it_that_i_feel_like_a_burden_to_people/,,abortion,abortion_data-updated - new_abortion_related_subreddits_text_posts .csv,e88a3cdfcc1df2f656ab998f141b116d49be805a5abc758ad46b5aed075aeae1,,,,,,,,
1gn0ogu,Pregnant,To the girl in Florida asking about abortion,"I know the thread is now locked and I am not trying to stir up shit even further. 

Just wanted to say I live in Florida and am 34 weeks pregnant. I go to a regular, well-respected OBGYN within a big hospital group in an affluent city in southwest Florida. The very first thing my OBGYN told me at our first 8-week appointment is that if abortion was necessary for any reason during the pregnancy, she would not be able to treat me. She added that she knows of no other doctor locally that could treat me and I would almost definitely have to leave the state to get care. 

So frankly I have no fucking idea what that other poster was talking about. This is the reality I am living in Florida along with millions of other women. Fuck Donald Trump",2024-11-09 3:09:26,https://www.reddit.com/r/pregnant/comments/1gn0ogu/to_the_girl_in_florida_asking_about_abortion/,,abortion,abortion_data-updated - new_abortion_related_subreddits_text_posts .csv,6eb7f93309eec12cb4686cb701b9c44d91f9437dfef7f62cb22f29ed9009dba6,,,,,,,,
2o691f,TwoXChromosomes,I'm 100% pro-choice but I need help understanding why people are against mandatory counseling before the procedure.,"The only argument I'm aware of is something like ""if men were the ones who gave birth there would never be mandatory counseling"". Now, in this hypothetical bizzaro world where everything else would remain identical, that may be true. But even if that *were* true, would that be right? There are reasons not to get an abortion that aren't religious, it's a big decision, and considering somebody could go their entire lives and learn nothing about sex education, this seems like something that would help a lot of people. I'm sure probably most women are well-enough educated that they don't need any outside input to make that decision, but there are lots of ignorant people out there, male and female. Even if the majority are making rational, well-informed decisions, most *people* I know are willfully ignorant, male and female equally. 

I mean, people have to go through counseling for elective cosmetic surgery. Why not for abortions? Both could have devastating emotional and psychological impacts in bad scenarios, even if plenty of women will be perfectly fine with their rational choice. 

Of course, I'm talking about objective counseling. No agendas of pro-life or pro-choice. ",2014-12-03 17:59:35,https://www.reddit.com/r/TwoXChromosomes/comments/2o691f/im_100_prochoice_but_i_need_help_understanding/,,abortion,abortion_data-updated - new_abortion_related_subreddits_text_posts .csv,0773b66bc695ca0829210310b7f8e01761576c68a90651f8d1e4dac74bd87d59,,,,,,,,
1lmzom4,Pregnant,CVS Test?,"Hi all,
I am 9 weeks 6 days with an IVF little girl. She was genetically tested and was a euploid embryo (chromosomally normal).  We are having our NIPT test sometime in the next week. However, my doctor keeps pushing for a CVS test even if we have a normal NIPT and euploid embryo, as I was 40 when she was made. I have had four losses (one failed transfer and three miscarriages) due to an undiagnosed blood clotting issue. Has anyone had a normal NIPT and then went on to have CVS test anyway? I am disinclined to do this given the 1 in 250 chance of miscarriage, and how long it took to get to this point. ",2025-06-28 22:52:57,https://www.reddit.com/r/pregnant/comments/1lmzom4/cvs_test/,,miscarriage,miscarriage-data-updated - miscarriage_related_posts.csv,d6351f7dfde5b8d2eb72b16fd48a0cdb7579fd360090cee5d5c156c4a05c4a2a,high_precision,,,,,,,
m2f6cx,assault,"please help, creepy dad",,,https://www.reddit.com/r/sexualassault/comments/m2f6cx/please_help_creepy_dad/,,harassment,sexual-harrassment-data-updated - RelevantByTitle.csv,7a10cec446c6a8b16f52adc1c9e2fb9a632276478774252d2b190f7809e60ecb,,"My dad is a narcissist, who has never been physically abusive. 

But just 10 mins ago we were moving some furniture and we had to squeeze between a wall and some furniture and he got through but i couldn't and he goes ""can't fit that thing through"" then pinches my butt. 

I feel like crying, i'm 17. 

I have always felt extremely uncomfortable with my body around him. 

My mom didn't see. 

I didn't even say anything about it cause I was too shocked. 

help",2021-03-11 1:58:42,1615427922.0,set(),"['please', 'help', 'creepy', 'dad']",relevant,non relevant
nncs23,assault,"He knocked me off my bike, looked under my shirt, told everyone, and years later, told me he made it up. Was this assault?",,,https://www.reddit.com/r/sexualassault/comments/nncs23/he_knocked_me_off_my_bike_looked_under_my_shirt/,,harassment,sexual-harrassment-data-updated - RelevantByTitle.csv,40c087cd74a25532ef342be0307a4a807f3da2fd12f7f4757472f2a7ac7a73a7,,"I apologize for the weird title, but it's hard to sum my story up in a few words.

This happened years ago, but that moment and the aftermath has always lingered with me. I want to finally face it and deal with it, but it's important to me to know what it was and what I am dealing with first. 

In middle school, my ""boyfriend"" lived a few streets away from me and we would often ride our bikes around the neighborhood together, so when he texted me and asked me if I wanted to go for a ride, I said sure. The ride was totally normal, but when it came time for me to go home and have dinner, we stopped on a street corner to say bye and he asked me for a hug. 

I do not like being touched, so I told him no.

He said he was my boyfriend and he had the right to a hug, and again, I told him no.

I don't exactly remember what happened after that (it's a blur), but I do remember falling off my bike, laying on the sidewalk, and trying to push him off of me, eventually kicking or kneeing him in his area, and I got on my bike and rode home. That night, he kept texting me and I wasn't responding until he sent a text saying he had looked under my shirt and saw everything.

I remember being ashamed and embarrassed, and then going to school the next day to find out he had told everyone I had shown him my chest. 

I was completely devastated. No one would listen to my side of the story, and my reputation went down the drain and stayed there through my high school graduation. Right around that time, I went to my friend's graduation party, and she ""forgot"" to tell me he was going to be there. He came over and started trying to talk to me but I wasn't saying anything, and that's when he started apologizing. 

He said he hadn't actually seen anything that day- he just wanted to be ""cool"", and he didn't realize how big the damage would be or how long it would last. And I was completely devastated all over again.

To this day, I don't know if he saw or not. I want to believe he didn't, but part of me is telling myself it was a fake apology to try to undo what he did, or to make himself feel better, or maybe to make me feel better.

Anyways.

Like I said in the beginning, this moment and the aftermath has stuck with me for years, and I want to start coping, but I don't know what I am coping from. Was this sexual assault, or something else?",2021-05-29 1:43:33,1622252613.0,{'touch'},"['he', 'knock', 'me', 'off', 'my', 'bike', 'look', 'under', 'my', 'shirt', 'told', 'everyone', 'and', 'year', 'later', 'told', 'me', 'he', 'make', 'it', 'up', 'be', 'this', 'assault']",relevant,non relevant
1lki2on,legaladvice,Is there a way for legal agreements or anything i can do?,"Location: Texas
Hello, I (17m), would like to get this Chevy HHR from my grandmother or sister (at this point I don't know who owns/claims it) because I need a car. This was my dear old great grandma's car, so its personal for me and my mother, as my great grandmother passed some time back. 

It was driven by my sister who ruined the engine and transmission, which to fix the vehicle, we estimate around $1.5-2k+ USD. (my dad is a mechanic, but we will try to get a legal and professional estimate if needed) 

My question is, is there any legal draft/agreement I can make to get the car without having to pay extra? I was thinking this: 

we repair the car completely and we get to own it, they lose entire ownership and have no say in it anymore. But my grandmother, altho she hates it, she want to keep it for my sister (she hates it too thats why she ruined it) and i don't want to lose one of the last things i have of a family member. 

(Sorry if its written weirdly, im stressed and can't think properly.) ",2025-06-25 21:26:29,https://www.reddit.com/r/legaladvice/comments/1lki2on/is_there_a_way_for_legal_agreements_or_anything_i/,,abortion,abortion_data-updated - new_abortion_related_subreddits_text_posts .csv,6d17b8fe21c8c634c5da87c4e1c88e9f2337aa2f6a4e4dba4a2ac47b5c22e4ad,,,,,,,,
f6iopa,metoo,I’m a victim of all types of abuse in my hometown of Tulsa Oklahoma and some of my abusers are trying to brainwash me into believing I am not a victim but some kind of evil person deserving of extrajudicial punishment.,,,https://www.reddit.com/r/meToo/comments/f6iopa/im_a_victim_of_all_types_of_abuse_in_my_hometown/,,harassment,sexual-harrassment-data-updated - RelevantByTitle.csv,6be0320a8ed8bef14ecb4163d2aebc02f3a0a617e8907eeb33454de957ad61bb,,This has been going on for like a decade. I can’t stand this anymore. Can someone help me? My name is Alex Moore.,2020-02-19 22:32:18,1582151538.0,set(),"['i', 'm', 'a', 'victim', 'of', 'all', 'type', 'of', 'abuse', 'in', 'my', 'hometown', 'of', 'tulsa', 'oklahoma', 'and', 'some', 'of', 'my', 'abuser', 'be', 'try', 'to', 'brainwash', 'me', 'into', 'believe', 'i', 'be', 'not', 'a', 'victim', 'but', 'some', 'kind', 'of', 'evil', 'person', 'deserve', 'of', 'extrajudicial', 'punishment']",relevant,non relevant
pe0vp1,abortion,I lost my 6 month old son last week and I'm pregnant again,"I posted on here a few weeks ago, believing was 8 weeks pregnant. I had a son who was very ill and at 6 months old had never been home from hospital and back in intensive care on a ventilator. We were looking at at least another 12 months in hospital and it was just an absolute fact that I could not carry on this pregnancy. 

I found out at the clinic that I was only 6 weeks pregnant and got my tablets for an MA, my plan was to take the first on Sunday night and the 'scary ones' on Monday when I could drop my 6 year old off at her grandparents. However, that Saturday night, his health took a massive turn for the worst and doctors told me not to leave the hospital because my son could die at any moment. Things got worse as the week went on and my beautiful baby boy died in my arms the Monday after. Its been the worst week of my entire life and I'm so fucking numb with heartbreak. Knowing that the whole time that I have been waiting for my baby to die so that I could abort this one has just topped off the head fuck of it all. 

Now I'm in a sitaution where I really am over 8 weeks pregnant but realistically I COULD have this baby. Its not so cut and dry now. Am I emotionally ready? Probably not. Would this baby also be premature and we might face the same heartbreak all over again? Its a very real possibility. I'm just not in a place to make a decision like this but I really do have to. I told myself I would give it until after his funeral on Wednesday to make a decision. 

I'm really really lost and I don't know where else to put this.",2021-08-29 18:35:04,https://www.reddit.com/r/abortion/comments/pe0vp1/i_lost_my_6_month_old_son_last_week_and_im/,,abortion,abortion_data-updated - new_abortion_related_subreddits_text_posts .csv,31645be286160433bba1e48ed8067309c28208728ed966f9a405395dbed45de5,,,,,,,,
1ky15s9,Miscarriage,HCG and progesterone,"I’m 5 weeks pregnant tomorrow, and my HCG was 54.9 today… progesterone was 2.99 .-. Is there any possibility baby is okay? Had two miscarriages before this right at 5 weeks. So not feeling very optimistic. ",2025-05-29 3:49:03,https://www.reddit.com/r/Miscarriage/comments/1ky15s9/hcg_and_progesterone/,,miscarriage,miscarriage-data-updated - miscarriage_related_posts.csv,ce44bbc7f5fe3343af67c2f903fb17a8c08db442c93e9e144da6cb40221829ee,high_precision,,,,,,,
1etdvrn,relationship_advice,[UPDATE]: I (27m) met one of my closest friends (28f) about 2 years ago at  the library and I am completely in love with her. The only issue is I’m afraid she’s gonna think I’m shallow when I finally ask her out because she used to be chubby. How do I tell her how I feel without offending her?,"Previous post: https://www.reddit.com/r/relationship_advice/s/fXvtWUYSu8

Guys holy hell I didn't expect this to blow up to the way it did whatsoever (it's on tiktok?!?) and am currently even more mortified but it's so worth it. I'll also be answering some comments to clear up some things. TI;Dr at the bottom.

After coming back to these comments and messages over and over, I realized I was severely overthinking everything, making things way harder than needed and came to the conclusion that I didn’t need to bring up such a sensitive topic in the first place just to tell her how I feel especially since she didn't confess that to me directly. I just needed to tell her and quick hah, rest would follow. 

I texted her the next morning asking if we could grab a bite just us two sometime that coming weekend, had something important to tell her and that I missed her which was true. I stupidly ended up worrying her with the way I worded this (she thought I was moving) however she was excited and told me she missed me too, she was free that night if I was down and the day after next. I very much started to panic as it was sooner than anticipated but that night really was the best time. 

I was still too embarrassed to show her the previous post in its entirety but I was willing to do so if she doubted my intentions. To keep this brief, I’ll spare the mushy details but we met at her favorite tea shop, caught up for a while then she actually out right asked me what I needed to tell her. It took me a bit to articulate everything since I was actively trying not to stutter like a dweeb but I told her most of what I originally posted; I’ve had feelings for her even before the breakup and just didn’t know how to tell for so many reasons (I told her the important ones) but that she’s always on my mind. I’ve always loved how kind, caring, thoughtful, dedicated, and just all around amazing on top of being so beautiful. She made me realize sacrificing my happiness to keep someone that hates me alive was unhealthy, that I deserved to be happy and I was happiest with her.  No one brightened my day like she did. She looked preciously stunned for a moment after I was done and was tearing up a bit at this point but proceeded to tell me she’s felt the same since we met and had a tiny feeling I liked her! However, she didn’t think I’d be interested in dating her since we were such close friends plus the toll my ex put on me meant I probably needed sometime to recover but she was just so happy I actually had the guts to tell her how I felt that we as she was never going to tell me so we both kinda awkwardly laughed for a bit. 

We talked for a while more and I was so overjoyed, relieved and super nervous as the mood immediately shifted to something newly intimate…but I did end up asking to take her out on a real date; whenever she was ready, as I did just lay a lot on her. Long story short as a lot has happened since then; she’s now currently my girlfriend, we’re taking things super slow, our second date is in a few days and I’m kicking myself for not telling her sooner. She hasn’t mentioned her weight at all and I will be 100% showing her the post if she ever does so now I’m really glad I didn’t start off with that…

I’m so so thankful for each and every one of you for your feedback, encouragement, support and couldn’t have done it without you guys. Serious rockstars over here. 

Tl; Dr: I didn’t bring up her weight when I told her my feelings, she’s now my girlfriend, she has not brought up the topic, and if she ever does, I’ll be showing her the previous post. 
",2024-08-16 2:42:25,https://www.reddit.com/r/relationship_advice/comments/1etdvrn/update_i_27m_met_one_of_my_closest_friends_28f/,,abortion,abortion_data-updated - new_abortion_related_subreddits_text_posts .csv,15109ab2de6b88335a75b2886268e57ae7b64e02f6961a62206a2ba00e895012,,,,,,,,
1dhlruv,relationships,I feel like my (recently out) non-binary partner and I may be incompatible.,"My partner (30NB) and I (30M) have been together for about 10 years now (married about 4). A year or so ago, they came out as non-binary. It was sort of gradual. They started hinting at it, then said they wanted to go by she/they. Then said their pronouns were they/them but I could still call them she, before I eventually asked and confirmed that they would like me to use the non-binary pronouns as well.


I am a straight man and don't really have sexual interest in non-binary folks, but of course I didn't make any rash decisions about splitting because I love my partner. However, during this recent time, I feel like I have begun to lose attraction to them as I am attracted to women and they are presenting more gender-neutral. When this initially started, they said that they were still the same person and only their pronouns were changing. However, the more I come to terms with them not being a woman, the more I see them as someone who I may not be compatible with. They've even mentioned some things that I am really not a fan of, such as wearing a binder or getting their voice lowered (this one we had an uncomfortable conversation about).


Even more recently, they've had some health issues and it has made me really re-evaluate our relationship. They are female health issues, which has highlighted my partner's gender identity as it comes up more frequently, including their disdain for their feminine parts. As a straight guy, it makes me wince and feel more disconnected from them.


Outside of the gender topic, I've also felt like our relationship is a bit unequal. I make good money and pay for almost everything including rent, vacations, meals out, shared expenses, medical bills. They work and pay for most groceries, internet and personal expenses. Despite paying for almost all the expenses, my partner frequently talks about how 'broke' they are to their friends. It frustrates me as I feel like I am providing a very comfortable lifestyle where they only need to support the bare minimum of their expenses but their friends may see me as selfish and unsupportive. They explicitly turn down more hours at work and have no interest in finding a higher paying job. I try deliberately to not pay for everything because I want my partner to be an independent, competent adult. However, I still find myself helping with a lot their personal challenges while also taking care of everything that's shared. I've paid for all the medical bills and it makes me feel like I'm keeping our entire life afloat, which is stressful. We've recently discussed buying a house and I can't help but think I will end up taking the entire mental load of that other than actually picking a cute place. This is exacerbated by the fact that I work with many professional women who support themselves and I can't help wonder what it would be like to not carry almost the entire weight of the relationship. I feel like my partner folds during challenges and I have to lift them and the situation back up.


Just before the health issues began, I found out my partner was in 3k worth of debt. The debt came during a time when they were unemployed but we were still doing fine overall. At the time, they apparently didn't want to ask me for money. Eventually, they setup a payment plan and paid a couple of installments but didn't check up on it to make sure the payments kept happening. I don't really understand how one could neglect that, 3k of debt to them would be like 10k to me--certainly something I would not forget. I paid it off for them, but it highlighted their lack of financial acuity and responsibility. I feel like I have to not only keep tabs on all of my shit and our shared shit, but their shit, too. Like I got my license renewed at the same time they did, it took me less than a month after mine expired while theirs expired half a year before.


Also, our fitness/activity level has been slowly drifting apart. I began working out in high school and still do. As I've gotten older, I've taken it more seriously because I want to be active and healthy for as long as I can. While my partner is healthier than at the beginning of our relationship, it has been in part because I have constantly tried to urge them to exercise and be more active. Before the health issues, it was starting to be more consistent but I'm not sure if that would've lasted. I kind of just wish they were as into being active as I was, I don't want to be going for runs and climbing mountains in my 50s while they're just sitting around. I don't want to be the person driving every aspect of our relationship, I want someone that pushes me to be better, too.


I'm sure this post comes off very negative, but that's kind of why I'm making it. I still love my partner very much and always will, whatever happens in our future. We are good together on zoomed-in level, but these high-level topics concern me. Overall, I'm not looking for people to tell me to leave or stay, I just want some validation that I'm not having a weird episode and would be throwing away years of history for something inconsequential. If I do decide that this needs to be addressed in our relationship, the first step is going to be counseling before anything drastic happens. 

TL;DR Me and my partner may not be compatible for gender, financial, and fitness-related reasons. Might I be mistakenly throwing away a decade-long relationship?",2024-06-17 0:45:19,https://www.reddit.com/r/relationships/comments/1dhlruv/i_feel_like_my_recently_out_nonbinary_partner_and/,,abortion,abortion_data-updated - new_abortion_related_subreddits_text_posts .csv,75925f69468dfa43aaee4be457883e7c5e48fd7dac11258d5d26e37bc673a6a4,,,,,,,,
1l2ixmv,PTSD,DAE feel like there are two very different versions of them: the PRE-PTSD and POST-PTSD?,"One thing people without PTSD don't realize (well, many of them) is that PTSD is not just some diagnosis like an anxiety disorder. It is way deeper. It goes to your core. I feel like there are two versions of me which are so different as if they are two different people:

A kind of anxious but innocent, happy-go-lucky, hopeful person who was social, trusting, had an easygoing way about things, felt supported and connected with life, with people, with nature. That was me. Yes, anxiety peaked at time,s and I had issues with people, but fundamentally, I belonged, I connected, I was part of this world. I had dreams. I worked toward things. Life seemed long and reliable.

No longer.

Now I'm this other person who is paranoid, disconnected, alienated, isolated. I can't be soothed. I can't be calmed. I don't trust people. I don't trust the process. I don't trust life. I can't connect with nature, with even my own body. My body scares me. It's an alien land. It's unpredictable. Sensations suddenly come and go. I can't sleep. I've filled my body with medications and their side effects. I can't connect with my therapist. I can't connect with friends. Friendship means nothing. I could lose people any time. I could die any time. There are no guarantees. Things don't cohere. Food doesn't nourish me. Nice words spoken to me go through me and make no change.

There is no hope, no tomorrow, no promise. I've seen things I can't unsee. The curtain is torn. Every single day feels both extremely short and extremely long. Things don't build up on each other the way they used to, so everything keeps falling apart by the end of the day, and I can't build toward anything. So every single day is a new test and a new survival. Things I own mean nothing to me. I can't feel God or the Universe or anything spiritual. I simultaneously exist and don't exist. If I get lucky and have an enjoyable time for a brief period, the first trigger will be felt 100 times more painfully because I had my defenses down by accident. That teaches me. Every single day, every single hour, is torture.

The old-me, I don't recognize that person. And that innocent person would be too horrified to recognize me.",2025-06-03 18:05:23,https://www.reddit.com/r/ptsd/comments/1l2ixmv/dae_feel_like_there_are_two_very_different/,,abortion,abortion_data-updated - new_abortion_related_subreddits_text_posts .csv,d16b9f806c3cbc187d6cff4abfae143341f013dd44b1043ae622d36a24abe662,,,,,,,,
10lh0kb,PTSD,I learned to deeply hate men from men.,"I was sexually assaulted at an age where I was too young to understand the numbers 1-10, so I can never give an exact age. It was so traumatic that my mother didn't even have that talk with me. ""Don't let people touch down there"", once I remembered and understood, she had a look of pure shock in her face as a smiled and tried to laugh it off because that's how I always was.

I quickly attained a hatred for men since my father was a huge misogynist, to a point other relatives in misogynistic relationships would say he's a ""misogynistic pig!"".

Then in my teens I was drugged and r*ped with multiple men hearing me yell no, yell for help once. That's when it all clicked... Yet I was drugged and couldn't fight with my strength... I'm devastated in my life by men.

I can only name 3 abusive women and then I can generalize an entire gender out of pure survival. I had male friends who were genuine. I simply did not trust them and cut them off. That's it.

I'm done, I'm so done. Male after fucking male in my life and only one is actually semi-sympathetic and he even needs a reality check every now and then!

Anger. Devastation.

Ukraine had mass r*pe. That happened in the last year. It dates back longer than the Japanese mass r*pe, so bad that they burn and hunted down evidence.

I will no longer sway when I say I hate men. It doesn't mean all. If a man thinks that, they're more concerned about their own public image over written history, current times, and your own experiences.",2023-01-26 2:26:07,https://www.reddit.com/r/ptsd/comments/10lh0kb/i_learned_to_deeply_hate_men_from_men/,,abortion,abortion_data-updated - new_abortion_related_subreddits_text_posts .csv,8f971ef8e3ccb3d3ac028093f27d33ccde1a2dd496183e7d55b6d57979a5adf9,,,,,,,,
ewxuso,abortion,I had my abortion today,"Today was the day. I went in very scared, but knowing what I had to do.  All the nurses and doctors were so so sweet. After the sedition went into the IV I don’t remember anything until I got home. My boyfriend was in the room with me during the procedure so I was very calm. I was 10 weeks and while choosing the surgical procedure was scary, it was over so fast and Now I’m home with movies and a pizza.  Bleeding post procedure has been minimal. I’m so thankful for this groups help!",2020-02-01 0:29:02,https://www.reddit.com/r/abortion/comments/ewxuso/i_had_my_abortion_today/,,abortion,abortion_data-updated - new_abortion_related_subreddits_text_posts .csv,0391033747b4d6095083f24b33dd9591b519659bef424979a005b1675634c7ac,,,,,,,,
o86oni,assault,My parents say I should've known better,,,https://www.reddit.com/r/sexualassault/comments/o86oni/my_parents_say_i_shouldve_known_better/,,harassment,sexual-harrassment-data-updated - RelevantByTitle.csv,fdb268e9d649ced6905e189db044854552e464b5783bbbc1ca9c3f9db924995f,,"I was raped 2 times within a week. First by my best friend. I had consumed edibles, he had not had any. We have had sex before and had agreed that under no circumstances is he allowed to ejaculate inside of me. We always used condoms, except for this time because I was high and didn't care. I was laying flat on my stomach with my ass up in the air while he penetrated me. He then pushed on my back forcing me down into the mattress. He came inside of me. I don't remember how I reacted, but he bought me plan B. Then he said he didn't want a relationship so naturally I got upset (I was In love with him). I decided to be petty and go for his friend to make him jealous or something, I regret this. I was not In a good place mentally, and this guy and I triggered eachothers toxic side, but I had just learned just how toxic he was. 

Flash forward a couple days, the first guy's friend and I go out for a movie and coffee. I genuinely had fun and was looking forward to seeing him again. The next time we hung out we went to his house for a while. While we were there we began making out and he put his hand down my pants. I freaked out (panic attack) and told him to stop. He stopped and we put on a show. About 5-10 minutes later he tries again. I say ""idk"" about 3 times before giving in. I told him It needed to be slow because sometimes sex is painful for me.  He didn't go slow. He went as fast as humanly possible and hard. He had his neck in the right side crook of my neck, breathing on me.( Now, when people breathe too close to me I get flashbacks.) I completely froze. I couldn't hear anything other than his breathing. He had all his weight on top of me. I was looking away. Eventually I was in so much pain I told him to stop. I tried to push up on his shoulders so he would get the hint, but he just kept going. When he finished, I lied naked on his bed for 30 minutes, unable to move from the pain and shock. He drove me home after. 

Now, when I talked to my parents about this I only told them about the second assault because I knew if I told them about the first one they would be more mad that I had eaten edibles than anything else. They told me to go to the hospital and do a rape kit, so I did. They told me I have to report it, but I never did. I was too scared. I eventually told my mom about the first assault. She told me I shouldn't have taken the drugs and that I should've known better. When I talk about my assaults around my parents they always say ""well, you put yourself in that position."" This makes me feel physically weak and sick. I have told them this hurts me and they continue to say it. I have stopped talking to them about my assaults because of this and it is hard not having anyone else to open up to. 

Any coping tips or advice, even words of encouragement would be greatly appreciated.",2021-06-26 8:16:54,1624695414.0,"{'take', 'use', 'rap', 'force', 'push'}","['my', 'parent', 'say', 'i', 'should', 've', 'know', 'well']",relevant,non relevant
7qhrj3,assault,is this sexual assault ?,,,https://www.reddit.com/r/sexualassault/comments/7qhrj3/is_this_sexual_assault/,,harassment,sexual-harrassment-data-updated - RelevantByTitle.csv,12fbb155397b6bdca0f1e5c1c798c01b36447ea69891b20b81a44551d8747d57,,"i have a romantic relationship with a man that has been going on for 3 weeks. I have specifically told him that we will not have sex for 6 months. I have told him this multiple times and each time he says okay but how bad he wants me. I like this guy and so I told him I was all his, his response was to put his dick in me. I told him to stop, he stopped and then I told him that it wasn't okay. His response was ""but oh said you were all mine"". I understood where he was coming from so i simply said ""Yes I am yours but that does not mean you can fuck me without asking. Next time before you want to enter me you must ask me if it is okay"". Now, a few days later he does it again, he starts to fuck me without asking permission, I tell him to stop, and he says ""but you said you're all mine"". I find this extremely disrespectful as he did not ask for permission. 
To add onto this, I have been raped in the past and he knows this, yet he still did this. Did he sexually assault me ? 
I only ask because i didn't say ""no"" right before we had sex, even though i've told him we WILL wait 6 months, multiple times ",2018-01-15 6:03:00,1515996180.0,{'rap'},"['be', 'this', 'sexual', 'assault']",non relevant,relevant
1cstwr3,Pregnant,Mother-in-law vs baby name,"Omg!!! We told my mother in law today that I am pregnant and she kept suggesting names, we politely told her we have already chosen a name whether we have a boy or a girl and have chosen these names from way before we found out we were pregnant, she then started saying “it’s tradition for the fathers family to choose the first baby’s name” and I said no it’s my baby… she then said “no the fathers family choose the first baby’s name and your family can choose the next baby’s name”… I then said “no what the hell it’s my baby?? She then said “it’s also my son’s baby” and I said “it’s in MY tummy” to which she shut up. Do you think I was too harsh? I’m just so annoyed  

Update: sad update. I had a miscarriage. Thanks all. ",2024-05-15 19:46:56,https://www.reddit.com/r/pregnant/comments/1cstwr3/motherinlaw_vs_baby_name/,,miscarriage,miscarriage-data-updated - miscarriage_related_posts.csv,3a48bb2c699871ef5869f3768aacf60ea5b667a7227b873f1498ffab02738d5b,high_precision,,,,,,,
io1a11,harassment,What did I do...,,,https://www.reddit.com/r/SexualHarassment/comments/io1a11/what_did_i_do/,,harassment,sexual-harrassment-data-updated - RelevantByTitle.csv,d6f40b66f6aa38695dfd234a900aa8ed844ce7a20e2a0dcfc53e0e43f48ec673,,"I know sexual harassment is when someone forces you to do something to them or do it to you but what is it when no one forced you and you still did it. I didn’t say no and I didn’t try to stop it. When I was about 5 my moms friend cam to the house with her sons and they were probably about 12 and 16. The younger one told me to follow him and went in my room and told me to get on my knees and told me to touch him and so I did. No hesitation what’s so ever. I let it happen. It felt wrong but I was so curious so curious that I didn’t think about it. Then when I was maybe 7 we were at the hotel everyone my whole family. I saw my cousin under the sheets on the side of the bed so I went to go see bc once I again I was curious. And I saw him playing with it. So I said what is that. Can I touch it. Who says something like that what is wrong with me. He said yes so I did. It’s crazy bc I remember every little detail about this so much and it’s hurting me.
My mom one day asked me why I am so quiet and null and void and I felt so pressured to say something that I implied that he had done worse to me if you know what I mean. Why would a person do something like that. I’ll tell you why because I felt that it’s better than saying I did that stuff with no hesitation. That I’m the messed up one not him or them. I feel so guilty and appalled by myself. I feel like she knew I was lying and made it a point to talk about him infront of me. She talked about rape all the time in-front of me. She made me feel worse than I had already.",2020-09-07 4:59:49,1599454789.0,"{'pressure', 'force', 'hurt', 'follow'}","['what', 'do', 'i', 'do']",relevant,non relevant
1l8zziy,Miscarriage,How long did you bleed for after natural miscarriage?,"Tw: possibly graphic descriptions of miscarriage


I started bleeding at 7w3d at which point I thought my natural miscarriage was taking place. I had blood clots (sorry if TMI) and a bright red flow, not too heavy. 
Prior to this, my dr had warned me that a natural miscarriage was pending due to low hcg, as well as the gestational sac measuring at 5 weeks when I was supposed to be 7w. 

Well the following Thursday after the bleeding started (6 days later), I had another ultrasound which did confirm non viability of the pregnancy but also found a gestational sac still present. Since then, my hcg levels have been dropping but the bleeding has not stopped.

It’s been almost 3 weeks since the bleeding started. After the initial few days of bleeding, I began spotting. Over the last three days, I’ve been bleeding again (one day heavy flow and the rest regular), still passing clots.

Did anyone else have a similar experience? How long did it take for the bleeding to stop? ",2025-06-11 18:18:54,https://www.reddit.com/r/Miscarriage/comments/1l8zziy/how_long_did_you_bleed_for_after_natural/,,miscarriage,miscarriage-data-updated - miscarriage_related_posts.csv,823dab82658f34dd958cce99425c918db85be19cfcda3d227e9f184120e0924b,high_precision,,,,,,,
1lgo3tm,Miscarriage,D&C question for those who have done it before,"I have to have a D&C. I just found out today and I can’t go into details because it is all very fresh. 

I’m hoping they schedule me next week. 

The issue is, after finding out we lost our baby, just a couple hours later, a filling in my tooth fell out. I need to get it filled asap. 

Will one affect the other? Do I have to chose? 

Ps: I know this is a question for my surgical team or my OB. I was never assigned an OB (today, at 11 weeks, was my first appointment and I saw a nurse) and more than likely won’t speak to the surgical team until the day of if at all. (Scheduling is an entirely different department that is outsourced. They more than likely won’t be able to answer.) I just don’t want to get my tooth fixed Monday if it means waiting several weeks before I can get the D&C. Or vise versa. 

I know I’m over thinking this but my mind is going a million miles an hour and I need some perspective from someone who may know. 
",2025-06-21 4:37:19,https://www.reddit.com/r/Miscarriage/comments/1lgo3tm/dc_question_for_those_who_have_done_it_before/,,abortion,abortion_data-updated - new_abortion_related_subreddits_text_posts .csv,6bf825a0b135ec0fc360d5281163fcbb7bd60a05996ae55219a17b25087cf084,,,,,,,,
o94ldm,assault,"Ok, but I need this from you",,,https://www.reddit.com/r/sexualassault/comments/o94ldm/ok_but_i_need_this_from_you/,,harassment,sexual-harrassment-data-updated - RelevantByTitle.csv,d6bd7001adafde8d7c7829934a2d1eaade7d01ad2ca9eb494c7d445b3263481c,,"
So after the family reunion things returned somewhat to normal. My uncle and myself were 9 months into our “normal routine”. Now that I’m 11 things on my end started changing. I started getting more mature, mind and body and things started feeling different. He would put his hands in my shirt and I always pulled it away. Even when kissing I didn’t want his hands on me. After a few weeks he asked me what was wrong and I confessed. Since my body was changing it no longer felt annoying it felt…well good, and I’m ashamed. He assured me that it was ok but offered to help me no longer feel ashamed. I asked well with the money you won a few months ago can you take me clothes shopping. After all I did help you win it. He did say he wanted to use it to buy a webcam for when we can’t see each other. I can see all of you anytime I needed. So not only do I not get that I can’t see you that way. I then said I don’t only want new clothes I need training bras and underwear as well. I said the clothes I can take back home but the underwear we will keep at his place as my parents believed I wasn’t old enough for either. So you’ll only wear that around me he said and I agreed. Told him I can model it for him. Now he seemed to be fully onboard. I did say he could use the savings to buy the webcam and he can see me all he wants. (I didn’t know the importance of that till later. Another story for another day)

We went to the clothing store. I asked him what I can get and he said anything. I didn’t really need name brand or anything showy. I felt important that I got to choose. Seeing him give his seal of approval, made me feel even more happy. When it was time to get the bra and underwear I felt ashamed again. I guess he sensed it and he went in ahead of me and got the lady to help me while he waited outside till it was time to pay. The sales lady was flirting with him till I said wonder what you should get your girlfriend (yes I admit I am jealous). 

We went back home and I said I had a surprise for him. I modeled each piece I got. I felt really mature. As he loved every set that I had. I remained in one for movie night. And we cuddled, didn’t take long for his hands to go where they normally went. He asked when did it start changing and I told him a few weeks ago. He I’m glad I can help. I thanked him and he said “ok, but I need this from you” it’s been a few weeks now and he has needs. While performing oral on him he took off my bra which was not a problem. When he took my underwear that made me nervous. I felt really exposed for some reason. After I swallowed we kind of laid down next to each other and it’s the first time his hands were in between my legs. I was breathing really heavy and all he just kept telling me is relax. I knew it was wrong but I didn’t want to disappoint him. After he stopped he let me know it’s nice that we’re back to normal and our relationship can continue. For some reason I had mix emotions of being nervous and happy.",2021-06-27 20:09:21,1624824561.0,"{'take', 'pull', 'flirt', 'annoy', 'feel', 'kiss'}","['ok', 'but', 'i', 'need', 'this', 'from', 'you']",relevant,non relevant
f4gpt2,metoo,It’s been 4 years and I still don’t feel valid.,,,https://www.reddit.com/r/meToo/comments/f4gpt2/its_been_4_years_and_i_still_dont_feel_valid/,,harassment,sexual-harrassment-data-updated - RelevantByTitle.csv,9da7f716d36e8a880a7888de146e8ae0ce4f4ad0fd2371006d0ad618a2142c0b,,"About 4 years ago I was assaulted at a house party. The fact it was assault only sort of clicked about 6 months ago due to its nature.

My abuser was female and she grabbed me between the legs at a house party we were both at. We were friends, hadn’t known each other for ages and weren’t the closest either but she still felt like she could do this.

Everyone that saw this said nothing, the guys around me said I should be happy cause I’m ‘getting some’ as if me not wanting it makes me somehow less of a man.

I’m constantly reminded of the fact that as a victim I feel invalid and forgotten about. I feel like there’s rarely ever a discussion surrounding male victims or more importantly female abusers.

I feel like she knew she wouldn’t get the same treatment I would have potentially had if the roles were reversed. I feel like my trauma is somehow less because of the circumstances.",2020-02-15 22:14:45,1581804885.0,{'assault'},"['it', 's', 'be', '4', 'year', 'and', 'i', 'still', 'don', 't', 'feel', 'valid']",relevant,non relevant
o4ocmz,assault,what should i do?,,,https://www.reddit.com/r/sexualassault/comments/o4ocmz/what_should_i_do/,,harassment,sexual-harrassment-data-updated - RelevantByTitle.csv,259def166750f8698fe605058669446d24b4daab174acb66167681e48936ac8b,,so i just made a new friend and he is 18 and i’m 16. i knew of him last year and we sat together in school but not too much talking. i always thought he was nice and i even had a tiny crush on him. after corona i didn’t talk to him but recently we got in contact again. i hang out with him almost every day now and i even like him a little. but i was talking with a few friends and come find out he has a past with rape/assault. i don’t know too much information on it besides the titles my friend gave me. she was really short with it. idk how to feel about this or what to do. cause i do like him and he told me he likes me a little too. i’m just scared he’s gonna act on it. if i’m being honest he made me uncomfortable once when he kinda threw me around and made me sit on his lap after i looked like i didn’t want that to happen. (it’s not his fault tho i never said no) but idk what to do. i don’t want to put myself in a bad position. i really like him but i’m nervous. any advice?,2021-06-21 5:52:45,1624254765.0,set(),"['what', 'should', 'i', 'do']",relevant,non relevant
ls0wgs,harassment,I feel like I can never trust anyone,,,https://www.reddit.com/r/SexualHarassment/comments/ls0wgs/i_feel_like_i_can_never_trust_anyone/,,harassment,sexual-harrassment-data-updated - RelevantByTitle.csv,813592fac64b06864923032bc9240d3e1014cea3c3e891704025a3d1dc676dd8,,"I been going through my fresh year in high-school recently and so far with the events it's going terrible so far. It's been 5 months of things building up ather another and haven't really trusted anyone because of my fear of leaving me. Well I decided to talk about my feelings on the internet to start to grow my courage to ask for help, so here we go.


 I had a good friend, let's call him Adrian (not real name). Adrian has been a friend of mine since 7th grade and pretty chill to hang out with.

He was one of my only male friends I could open up to and was very kind to me. But at early October I was home alone, me and Adrian were texting each other and ultimately joking around. Then he changed the subject as he said he wanted something, and being the people pleaser I am, I told him I would do anything for him as in return for actually caring for me when I was sick or down. 
He told me he wanted to see something that girls have.
I was considering at first but when I came to my senses, I was getting uncomfortable. I told him no and tried changing the subject on matters. Yet he kept insisting and telling me things that I realized later on was manipulation. Telling me he was empty and it would cheer him up and I was in shock.

I was panicking.
I was home alone with nobody I can trust to tell about my situation.

I can never tell anyone off unless I really hated them

Adrian was very kind to me and I can never treat him badly or make him upset in any way

Yet I kept saying no

If I told anyone It would show how vulnerable and weak I am and see I can't even defend myself 

It got to the point where I finally told my trusted friend who used to date Adrian and she defended me 

At that point it was it's worse 
He was sending overly sexual comments and creepy stuff I rather not want to remember 

And loss all trust in one of my trusted friends

After a day of feeling like a bad person as I felt I was a bad friend for asking for help and not being able to defend myself properly.
I apologized to Adrian for asking for help
He told me to chill and that he was ""just joking"" and that he would've stopped if I asked him too
But clearly a no wasn't enough to tell him to stop

Now I don't like spilling my emotions out all at once as I'm afraid that if I do my friends might stab me in the back again. So I kept telling myself that this doesn't matter and other people faced worse and I'm being ungrateful for not being happy that I'm not in a much worse situation.

After that I got more anxious thinking I'm a terrible person and started blaming myself for everything that happens 
I also gotten into a depressive state of mind and getting some pretty stressful thoughts after I found out my friend just sexually harassed me 

I was (and still) in denial because such a good friend can't possibly do that to me.


I'm started on January trying to open up more to my friends and get help.

I'm sorry I still think this isn't sexually harassment and I'm just overeating but just in case I'm right im sorry",2021-02-25 7:25:10,1614237910.0,"{'feel', 'harass', 'use'}","['i', 'feel', 'like', 'i', 'can', 'never', 'trust', 'anyone']",relevant,non relevant
18ttno1,BabyBumps,I had a chemical pregnancy and I can’t stop blaming myself. TW: Loss; Blood.,"Hello. I am 21 and on Tuesday, December 27th I had a miscarriage. I did not know I was pregnant. I’ve been told it’s not a “true” pregnancy, which seems like nothing but is everything to me. I can’t stop blaming myself, why did my body kill my baby? What did I do to cause this? I can’t sleep because I keep having nightmares about waking up in severe pain and covered in blood. It’s been 3 days, and I’ve been overworking myself so I haven’t had time to process anything. I am so distraught. I don’t know how to process, my therapist can’t see me for another two weeks. What did I do wrong?? I was supposed to have a baby, but I just have a broken heart.",2023-12-29 18:22:38,https://www.reddit.com/r/BabyBumps/comments/18ttno1/i_had_a_chemical_pregnancy_and_i_cant_stop/,,miscarriage,miscarriage-data-updated - miscarriage_related_posts.csv,6d1993f2a280fd0dd1a230fd84f4d45e73dbfabb146c7d16e18ce3d66991e784,high_precision,,,,,,,
o4n0u1,assault,Getting Help,,,https://www.reddit.com/r/sexualassault/comments/o4n0u1/getting_help/,,harassment,sexual-harrassment-data-updated - RelevantByTitle.csv,04120b11b1b57dbbffd01bdddaff237dbcfa4cc3bd6bb8c00ca4514fc7c56ea3,,"Last week I finally started going to therapy again! I kind of realized I needed to after I started becoming afraid of my male coworkers, especially because one of them has been my good friend for a couple of years, and I genuinely became afraid of him. 

My new therapist uses EMDR-- so hopefully it can help me by talking about what happened and also trying to work past events from my childhood that also have heavily hurt me. 

Definitely a hard step forward. Better late than never.",2021-06-21 4:28:53,1624249733.0,set(),"['get', 'help']",relevant,non relevant
4r6euw,relationships,I (29f) caught my husband (38M) reading my diary. He admitted to having done so consistently the past three years. He has a binder of some of the pages photocopied. I am unsure of how to feel in this marriage.,"Posting this in personal issues because so far it feels more like a personal issue to me. 

Yesterday afternoon I came home from work early because I wasn't feeling well. I assumed my husband Jake (5 years married) was at work still because it was early in the day. I went upstairs to our bedroom to take a nap and I caught him trying to stuff my diary back into its hiding place. Shocked, I asked him what he was doing. at first he said nothing and he was cleaning our room and found it and was about to put it back. but he was fidgety and I knew he was lying. I pressed on it more and asked if he was really reading my diary, like seriously...?, and I felt so weird saying that. It reminded me of the time my mom ready my diary when I was 13 and I caught her. I felt like a kid all over again with my privacy being invaded and being secretly judged. 

Eventually he admitted that yes he had been reading it. I was hurt and still am. My diary is sacred to me and always has been. It's the one place I feel I can truly open up and be myself. I questioned him even more about it and he admitted he'd been doing this consistently for three years. He said he started doing it after my dad died because he was worried about me. The time was rough for me sure but I wasn't depressed. It was my dads time to go after a long battle with cancer and I knew it was coming. I don't think my behavior changed drastically enough to warrant my husband to invade my privacy and read my diary. 

He said once he got started he couldn't stop it and it was addicting. He even admitted to have some pages photocopied. on the photocopied pages he would make notes and draw question marks. I noticed one or two of the question marks were drawn around entries and paragraphs where I talk about going out with my friends or seeing my family. I asked him why on earth he would draw question marks around that. Did he not trust me? I was so confused. He then deflected and snatched the booklet with the photocopies from my hand and said that I should not be so upset about this. Husbands and wives should share everything and I shouldn't be so antsy about my diary unless I had things to hide from him. He said that he feels he has a right to look at it as my husband and that he's just concerned about me. 

My thing is, he invaded my privacy. I'm my own person apart from him... Arent I? I really like having a place to be myself completely... I can't even have that? I'm already going to quit my job soon to make him happy so I can stay home with our future kids. I've already given up a lot of my life since I got married. I don't see some of my friends because Jake says I now have marital responsibilities and I can't be attached to single life anymore. I gave up my favorite hobby of hiking because Jake said it was dangerous. I don't know. I'm just getting sad writing this. Writing in my diary was one of the only things I had left and now it's been taken from me. I've been so sad I can't even process it. 

I don't know reddit. Sometimes I feel like a shell of my former self in this marriage. But I feel like I'm overreacting and I'm sure that's what you're thinking right now. Sometimes I just lay in bed and cry and wonder if this Is all there is in the world. I used to have so many friends and hobbies and I feel like since getting married things have changed so much. My home has become a place that only makes me sad and tired and feel gray and weak and pessimistic inside and even cold to the point where I just lay in bed with blankets over me. Nothing to do every single day but wait. Wait for Jake. Wait for work. Wait for bed time. Wait for food. Wait for my hot baths. Wait for when I can lay down for hours with no one looking. Not even enough strength to get up and go for a walk or do something productive. 

I can't decide if it's my marriage or if I'm depressed. I don't know how I truly feel yet about this diary thing. I feel like my privacy has been extremely invaded. It just makes me sad more than anything and Jake won't even apologize to me. He says I am being dramatic and silly and that I just need a good nap and I'll be okay. That he's just doing what is best for me and that he always will do just that and take care of me and make sure I never have to lift a finger in this world or have a job or go anywhere but the comfort of our home that he bought for us.. He wants me to stay home for fourth of July and not go anywhere and rest instead. I wish I could just go outside and walk in a straight line and never look back. 

I just needed to vent I guess. If you have any advice I'd appreciate it. Would you consider this a major breech of privacy or no big deal? Do you think I'm depressed ? :( 


   
**tl;dr**: my husband has been reading my diary and more than anything I am just filled with sadness and regret. ",2016-07-04 9:11:08,https://www.reddit.com/r/relationships/comments/4r6euw/i_29f_caught_my_husband_38m_reading_my_diary_he/,,abortion,abortion_data-updated - new_abortion_related_subreddits_text_posts .csv,fb5acf1eda30c5e48f41cf9b6df400c6a76e7a91d1165c01103dded2ae62daf6,,,,,,,,
1l563l3,Miscarriage,Heterotopic Pregnancy: I lost two this time,"Last year my fiancé and I had an accidental pregnancy, my first ever pregnancy, that ended in a blighted ovum and D & C. In April of this year, with our wedding being about 6 weeks away, we decided to start trying. We are 35/36yo and are just worried about my “advanced maternal age” and maybe not being able to conceive. The doctor assured us that having a MMC doesn’t mean you’ll have another and the next pregnancy will likely be healthy. 

We got pregnant on our first try. Flash forward to last week, I was about 7 weeks pregnant with all the normal pregnancy symptoms, until Thursday when I started to spot brown discharge a little bit. It happened two days in a row so I called my doctor to be safe and she scheduled me to get an ultrasound on Monday to make sure everything was okay(it was Saturday when we talked).

On Monday, I get my ultrasound done and it not only shows that I have an ectopic pregnancy with an abdomen full of blood, but another embryo also in the uterus. I had to get emergency surgery Monday night and was told there is a chance the intra-uterine embryo was viable but probably not. 

Unfortunately this week I’ve been home recovering from surgery while also miscarrying the second embryo. I’m devastated. And to top it off, our wedding is next week and I need to compartmentalize this for now. We’ve  been planning this for a year and a half. I’m just so baffled by our awful luck with this extremely rare condition and terrible timing.

I just needed to get my story off my chest. The doctor said this is totally unrelated to the missed miscarriage last year and they are unrelated flukes.",2025-06-06 23:01:26,https://www.reddit.com/r/Miscarriage/comments/1l563l3/heterotopic_pregnancy_i_lost_two_this_time/,,miscarriage,miscarriage-data-updated - miscarriage_related_posts.csv,66ef6ab82ced19ccdde639656dbe3ffc797d0a6cfa9e44305f85db4186dbb39b,high_precision,,,,,,,
1lgctbo,BabyBumps,"“We can’t tell anyone” yes you can, don’t isolate yourselves!","I see a lot of posts of people sharing a pregnancy anonymously on reddit thinking they can’t tell anyone before the 12 week mark.

You absolutely can tell people, and I would recommend it for most people but ESPECIALLY for those who are going through this for the first time.

You don’t have to tell everyone, you don’t have to make a full announcement. But you can tell a few people if you WANT to

Yes, there’s always a chance of miscarriage, and you don’t want to be yelling things from the rooftops only to then have every neighbor and their cousin asking you five months down the line how things are going if there was a devastating loss.

However, if you and your partner DO go through a devastating and emotional loss, are you planning to carry through completely isolated with outside help?

You shouldn’t! That is psychological torture, worst of all, it is completely self imposed

Please tell your friends, have a group of people who you tell right away. You each need someone to talk to about this who isn’t your partner, or else you will go stir crazy.

Tell some of your closest friends, tell closest family, tell people you can trust to be discrete as things progress

But please tell SOMEONE, I promise, it is going to feel good for you to share the news with them and they will love to share the joy with you

And if something bad does happen? Then those same loved ones will be there to love and support you through it as well :)

Pregnancy is hard enough, don’t isolate yourself, enjoy it and share that joy with others :)",2025-06-20 19:30:01,https://www.reddit.com/r/BabyBumps/comments/1lgctbo/we_cant_tell_anyone_yes_you_can_dont_isolate/,,miscarriage,miscarriage-data-updated - miscarriage_related_posts.csv,1ec0b9e75ec2acbd57c46e009589988c444d6858a5f42ed023c1e8847c853f12,high_precision,,,,,,,
1lj5np3,Miscarriage,How long did it take for your missed miscarriage to naturally pass out from your body and did you go to work as normal while waiting?,"I was told I have a missed miscarriage (MMC) at my 8th week scan 1 week ago as the baby had no heartbeat and only measured around 6 weeks. My OB-GYN didn't think D&C was necessary at this point and I opted for the pregnancy tissue to be released naturally instead of medical intervention.

It's been an emotional rollercoaster since then. I feel like I'm in limbo while waiting for the miscarriage to happen naturally and trying to keep myself occupied with work. I didn't tell my colleagues what happened and I certainly can't predict when I'll be on medical leave for the physical process to happen. It's been hard to focus on anything, walking around like I'm normal without a non-viable pregnancy still in my body.

If you had chosen for your MMC to pass naturally and continued working while waiting, how was your experience like? And how long did it take for the actual bleeding/release to happen? Appreciate advice anyone has! ",2025-06-24 8:27:34,https://www.reddit.com/r/Miscarriage/comments/1lj5np3/how_long_did_it_take_for_your_missed_miscarriage/,,miscarriage,miscarriage-data-updated - miscarriage_related_posts.csv,4cc10ec5e5230460f8c68f9a213c558992edd3f64a58f26297cf0c4bacee1398,high_precision,,,,,,,
jsob5l,harassment,I've been harassed by a classmate,,,https://www.reddit.com/r/SexualHarassment/comments/jsob5l/ive_been_harassed_by_a_classmate/,,harassment,sexual-harrassment-data-updated - RelevantByTitle.csv,d4a4633f3b950b27af542b63787e80943f95c3c59af7f9f01c1970ff4e886aa1,,"Hey everyone,

So I'm a 17yr old male in my first year of university for acting and I just wanted to share an experience I've had with one of my classmates. 

We were in a rehearsal, which is 1 on 1, and the scene we were working on involves two people getting pretty intimate with each other. This is over zoom by the way. So, in our second rehearsal she starts telling me how attractive I am and how she liked my hair, at first, I thought nothing of it...until it got to a point where she would watch my every move, fish for compliments, try and meet up with me, etc. ... I couldn't even get into character anymore (my fellow actors know the feeling) it fucking sucks. Me having to act out that I am attracted to this girl after the things she said to me is really hard and frustrating. Mind you, these are 2-hour rehearsals, twice a week and this has been going on for about 3 weeks now and  I just couldn't figure out what was making me feel so weird during our rehearsals.

Then one day, I was thinking about it, and then it all made sense: ""Oh damn, she is harassing me"". 

It was hard to process at first, I didn't even believe it was harassment. But it was. 

Just a quick word to the guys out there...SPEAK UP! No one gives a fuck how ""manly"" or strong you are, if you are being harassed in any way PLEASE SPEAK UP! Do not let anyone take advantage of you or make you feel uncomfortable, NOBODY. This was my first experience and talking to people I trust really did help me a lot.",2020-11-12 4:39:00,1605155940.0,"{'fuck', 'feel', 'take', 'harass'}","['i', 've', 'be', 'harass', 'by', 'a', 'classmate']",relevant,non relevant
1l8vmjr,Miscarriage,Bilirubin and blood in urine anslysis,"Upon finding out about my miscarriage (feb 2025), I had an existing appointment with my urologist who found blood and elevated bilirubin levels in my urine. I was initially freaked out thinking i had kidney problems and liver problems. I just went in for my 6 months with her and my urine was clean. So if you experience bilirubin levels in your urine and trace blood during a urinalysis, in my experience, my miscarriage caused those levels to appear.

Much love to every one ❤️ just trying to spread information, maybe someone will see this and it will help in some kind of way. ",2025-06-11 15:28:18,https://www.reddit.com/r/Miscarriage/comments/1l8vmjr/bilirubin_and_blood_in_urine_anslysis/,,miscarriage,miscarriage-data-updated - miscarriage_related_posts.csv,6ce276b38e612f832c9c3f6bfd4ea6f40f5528e8e4ece25eea552eb56af20c92,high_precision,,,,,,,
1lo0d5y,relationship_advice,When is the right time for me 19f to bring of a serious conversation with my person of interest 23m?,"So me (19f), has been talking to this guy (23m) for about a month. We met through a mutual friend (21m). And things have started getting more serious. Ive only known him for about 2 months before we started talking with any real interest aswell. 

For some background information,I got out of a 5 year relationship a year ago. Yes we, (both 19f) started dating at 13 and broke up at 18. So that's basically my entire teen years lol. And a few months after that I was in a short relationship  (only 3 months) that went really horribly, he (20m)  was abusive. He even ghosted me while I was having a miscarriage with *his* baby. That relationship really effected me more than I'd like to admit.

I also struggle with alot of mental health issues. And ive briefly brushed over them and what my ex had done to me in the past. He's never been anything but supportive of me. But these past few days have been feeling more real than ever. And as much as I want to commit and make things official, I cant help but think about everything that could go wrong and how we might be rushing things. Which I know isnt a good way to look at it. 

I honestly just dont really know how I should go about bringing it up to him without making it sound like I dont want to be with him. I really do like him. ",2025-06-30 6:22:24,https://www.reddit.com/r/relationship_advice/comments/1lo0d5y/when_is_the_right_time_for_me_19f_to_bring_of_a/,,miscarriage,miscarriage-data-updated - miscarriage_related_posts.csv,62df30e84cde5b020f516e777eb7b3529f6282c40727dd1d6fa185442e354767,high_precision,,,,,,,
1l883et,BabyBumps,I need to stop freaking myself out!,"I'm 5 weeks exactly and I keep finding myself going into rabbit holes about miscarriage, eptopics, blighted ovum etc.

I know Google is not my friend! But even the forums are freaking me out. 

Would you say that the majority of people on the TTC and pregnancy forums are people who have previously experienced loss and so that's why it seems like it will definitely happen to me too?

Sorry, I realise I probably sound insane but I think i just need a bit of reassurance. 

Thank you so much i advance xx ",2025-06-10 19:35:43,https://www.reddit.com/r/BabyBumps/comments/1l883et/i_need_to_stop_freaking_myself_out/,,miscarriage,miscarriage-data-updated - miscarriage_related_posts.csv,93c2239dab628fa682a492c6e0174002893bb284cd207063d6940e464369d3de,high_precision,,,,,,,
j6p3xq,abortion,I need advice please ! My “dream “ come true is turning into a nightmare,"I just found out I am pregnant. My husband is not thrilled even though we have been trying for a year now. He immediately says “my parents are going to kill me” he’s 40. We already have one daughter together but his parents can’t stand me. I explain my fears, he’s been emotionally and physically abusive for a while now. He’s barely at home and barely helps me with anything. Over the last few months I catch him messaging girls- it was just his friends using his phone- like what?! How many different friends use your phone to msg to get laid?! Anyways. He says he’s going to a friends and he will be home in an hour. He comes home 7 hours late completely hammered. This reminds me of when we had our daughter I was always alone. I fell into a depression and started drinking.  It proud obviously but I over came it years ago and have since had a very healthy lifestyle. I don’t know if I am mentally strong enough to go through this alone again. I feel like I made the mistake to tell him and I should have just had the abortion with out his knowledge. I made an appointment today for a medical abortion (the pill) I just don’t know what to think anymore. I wanted this so bad but now that it’s here I feel like wow what a mistake I should have known he would never evolve and change. :(",2020-10-07 11:26:29,https://www.reddit.com/r/abortion/comments/j6p3xq/i_need_advice_please_my_dream_come_true_is/,,abortion,abortion_data-updated - new_abortion_related_subreddits_text_posts .csv,1ef46532e684ade31c7fc457a0c9d43cff2bc5c0b7252e157c7da143427ae2d5,,,,,,,,
m2df63,assault,Am I being over dramatic?,,,https://www.reddit.com/r/sexualassault/comments/m2df63/am_i_being_over_dramatic/,,harassment,sexual-harrassment-data-updated - RelevantByTitle.csv,2cad0114af682cecc4dfd5af327cf6de28a79002925b9a8d7247986c826bae2e,,"I feel kind of guilty almost by even saying this. Like there are people out there who have gone through the absolute worst kind of sexual assaults/rape - I just feel like I might be being over dramatic.

But basically, I was in London visiting friends when I was about 23; this guy I met there asked me on a date and I agreed. Never really been on a date before, so I was an absolute ball of nerves (also some bg; I had some serious childhood abuse and trauma, so I was an absolute train wreck of a person at this age. No confidence/shite self esteem, the whole 9 yards. Constantly described as the person who wouldn’t say Boo to a ghost - that kind of shy. AND the cherry on top of all that - I was a virgin.)

Anyway, I go on the date, disregarding my gut telling me not to, and it goes quite well. He’s nice and charming and I begin to come out of my shell a bit more - but then he got into some seriously heavy questions for me &amp; honestly if a date asked me the shit he was asking me today, I’d absolutely rip them a new asshole and take my leave! But I was a train wreck, so I stayed and I answered, all these explicit fucking questions and of course it came up that I was a virgin.. which looking back on it made him waaaay too happy. 

So 2nd half of the date he grabs my ass and sticks his tongue down my throat.. (my thoughts *That’s fine. That’s okay*) then in this bar he takes me to these seats in the corner, continues with the interrogation and then out of nowhere, starts to grope me. He continuing the conversation like normally as this groping gets more intense - 
He sticks his hand down my shirt, down my jeans, everything - I mean he was almost on top of me at one point. And I didn’t say a word, I acted as if it wasn’t happening. At one point I even made eye contact with a man across the bar and he just looked right through me and ignored all of it.

I genuinely feel fucking sick thinking about it. But nothing more happened - I excused myself, went to the bathroom, faked an emergency and ran to the tube to meet my friend in Soho. Never mentioned it to anyone. Ever. Until now.

So I’m genuinely curious. Am I being too sensitive? Am I actually over reacting? Or is this just another thing I get to pile on top of all my other shit.",2021-03-11 0:28:53,1615422533.0,"{'fuck', 'take', 'grope'}","['be', 'i', 'be', 'over', 'dramatic']",relevant,non relevant
lxysha,assault,I’m hyper sexual because of my trauma.,,,https://www.reddit.com/r/sexualassault/comments/lxysha/im_hyper_sexual_because_of_my_trauma/,,harassment,sexual-harrassment-data-updated - RelevantByTitle.csv,ac09f231a091c17ac9b584b9a7a1742b49ca1c2fd18ee64421036c9212da8f0c,,"I’ve been sexually assulted, multiple times. And because of this instead of staying away from sexual stuff I’ve been more into it, sending pictures and risking myself. I get myself in dangerous situations which I end up regretting like, almost getting fucked at school with a guy I talked to sexually. I knew I would have regretted it. I’m glad that it didn’t help it. But I don’t want to be this way. I hate sexual stuff I get so nervous around just that talk but then a button clicks and boom I’m very very sexual. 

Can anyone help or find ways that I can stop this feeling? I feel hopeless and used. People message me only for my body. I know it’s my fault.",2021-03-04 23:46:12,1614901572.0,"{'fuck', 'feel', 'use'}","['i', 'm', 'hyper', 'sexual', 'because', 'of', 'my', 'trauma']",relevant,non relevant
dvyqby,relationship_advice,My [42M] daughter [14F] had a miscarriage,"This is probably going to get removed but I swear to god mods this is not an update.

I last posted [https://www.reddit.com/r/relationship\_advice/comments/dsj4nn/update\_my\_42m\_daughter\_14f\_wont\_get\_an\_abortion/](https://www.reddit.com/r/relationship_advice/comments/dsj4nn/update_my_42m_daughter_14f_wont_get_an_abortion/) about a week ago. She decided to keep the baby, but for a while she'd been complaining about cramps and backaches, which we were told by the doctor will be expected and normal. I think they were a whole lot worse than she let on, but she didn't tell me.

Around 1:30 AM last night, the bleeding started and we went straight to the hospital, where we were told she had miscarried. They said it was a late miscarriage, which happens after 13 weeks but before 20. As soon as she found out, she lost it. She started screaming at me ""are you happy now?"" and just cried and cried. She had a D&E (dilation and evacuation) and the doctors kept her to look her over and understand why it happened. They said it was about a weak cervix in which basically as the baby grows and pushes on the cervix, in some women the pressure causes the cervix to open before the baby is born, which can result in an early labor or a second-trimester miscarriage. According to the doctor, most late miscarriages are because of that, and they don't typically check for it during pregnancies which is why it's usually not diagnosed until after the miscarriage happens.

The doctors told us her body will recover fairly quickly from it, she'll need some bedrest for some time but she'll be fine. Her emotional state is a whole other problem. She wouldn't let me hold her while she cried and she screamed at me for a while after she woke up from the D&E. She kept on saying how it was my fault and I must be delighted this was happening to her. I told her over and over I was so sorry, I loved her, it was no one's fault, but I may as well have been talking to a wall for all she listened. All night long she cried, wouldn't eat, and couldn't sleep.

Today she was a little better and had some lunch, except outside of her room a pregnant woman (not a patient, I think a visitor to the child next door) walked by and she broke down again.

Right now she's in an absolutely horrible emotional state. I'm so worried about her, I'm terrified she'll do something to herself, she'll be wounded beyond repair, and she'll probably hate me forever. I can't even begin to think that this was ""a blessing in disguise"" which is what my sister told me over the phone today. There's no more baby, but there's so little left of her now. How do I help her?

EDIT: I’m sorry I didn’t get a chance to reply to any comments before it was locked, it’s been a busy day. I just want everyone to know, thanks for taking the time to reply. Therapy is a must, I’ll take a look into cheaper options, I’m thinking of reducing my hours, which may be kind of counter-productive but she needs me. For those saying she may try to get pregnant again, I don’t think she will because of the incompetent cervix issue, meaning if she does she knows it’ll probably end in miscarriage. We’ll be looking into getting that treated as well.
For those of you saying this post is fake, trust me, I know how it looks, it seems awfully convenient. I don’t know what to tell you, but that it’s not. I had some time while she slept for a short amount of time which is when I posted. Nobody was picking up at that hour and I had to get advice from somewhere, so thanks, Reddit. This will be my last post and I just want to thank everyone who reached out to me.",2019-11-13 21:34:42,https://www.reddit.com/r/relationship_advice/comments/dvyqby/my_42m_daughter_14f_had_a_miscarriage/,,miscarriage,miscarriage-data-updated - miscarriage_related_posts.csv,8801f13f29a6dba6b55f0afe63a11e4ccb6e1af60d442380b0e7091bca07654d,high_precision,,,,,,,
1lj8s51,BabyBumps,When did your nausea and vomiting ease up?,"I’m about 11 weeks pregnant. This is my second pregnancy. I had a chemical pregnancy in between (three days of positive tests, then negative and had my period). 

With my first pregnancy (girl), I had severe nausea and vomiting with weight loss. They gave me Diclegis to take until the third trimester. So I’m not sure when or if my vomiting would have naturally waned. 

This time, I just found out we’re having a boy. I had the severe nausea and vomiting from 6 weeks up until 10 weeks 3 days. I didn’t lose any weight so I haven’t been prescribed any meds. 

Now it’s just random bouts of nausea, sometimes evening vomiting but not as much. Yesterday I barely felt nauseous and didn’t throw up for the first time in weeks. 

Does 10-11 weeks seem too early for symptoms to ease up? 

I’ve had two healthy ultrasounds (heart rate was 158) and a healthy genetic test. I have medical anxiety so that doesn’t help. ",2025-06-24 11:37:59,https://www.reddit.com/r/BabyBumps/comments/1lj8s51/when_did_your_nausea_and_vomiting_ease_up/,,miscarriage,miscarriage-data-updated - miscarriage_related_posts.csv,6ec09723655aed040664e25d99aca944b5c5105f825b21ba539f21b2e5b44fb0,high_precision,,,,,,,
mw9xl5,assault,Help hold a student accountable,,,https://www.reddit.com/r/sexualassault/comments/mw9xl5/help_hold_a_student_accountable/,,harassment,sexual-harrassment-data-updated - RelevantByTitle.csv,604cd0faa4c6abb313bef09094f2f9a5e5c962e9e6dcfa8a2375105bcecc35ca,,Recently at a party a student at this high school was sexually assaulted by soon to graduate seniors. It has been brought up to the school board and president but they are doing nothing about it. Please sign this petition if you have the chance. [petition link](https://www.change.org/p/walsh-jesuit-high-school-holding-walsh-jesuit-high-school-accountable-for-sexual-assault-allegation?utm_content=cl_sharecopy_28498649_en-US%3A4&amp;recruiter=1077584991&amp;recruited_by_id=468529b0-816a-11ea-910d-d1f615f39f65&amp;utm_source=share_petition&amp;utm_medium=copylink&amp;utm_campaign=psf_combo_share_abi&amp;utm_term=psf_combo_share_initial),2021-04-22 17:26:47,1619112407.0,{'assault'},"['help', 'hold', 'a', 'student', 'accountable']",relevant,non relevant
1l5gobh,Miscarriage,Blighted ovum/D&C experience,"Wanted to share my experience in case it helped anyone else:

Discovered on 6/4 at my 10 week/first appointment that I had an an-embryonic pregnancy. The gestational sac was measuring nearly 11 weeks but no fetal pole was found. I had not had any bleeding or anything. I also had regular pregnancy symptoms. This felt so cruel. 

They scheduled a D&C for Friday 6/6

 I was asked to show up to the surgery center at 5am and surgery was scheduled for 7:30 am. 

Nothing to eat or drink from the midnight the night before. Once I was called back for pre-op they gave me an IV, antibiotic as a preventative, nausea medicine and a nausea patch (I get sick with anesthesia.) I had met and talked to the anesthesiologist and his nurse, my doctor, and the preop nurse. Finally the surgical nurse came to get me. 

I had to confirm out loud what procedure I was having multiple times as well as why. I was met with lots of sympathy thankfully, but I think it’s required for them to ask as part of their patient safety and verification process.

I was wheeled back to the OR right at 7:25 and given some versed to calm me before they put me to sleep. I don’t remember anything else after they gave me a mask and asked me to take deep breathes. 

I woke up in recovery, I had cramps and was given Tylenol. I had a pad between my legs with very little blood. My doc stopped by to tell me everything went well and that she gave me one internal stitch on my cervix. The clock read about 9:00 when I woke up/came to enough to see it. By 9:30 I was back to my room and my partner was welcomed back in. 

I was given some water, ice and Gatorade to drink. I had to pee on my own and walk a lap around the hall with the nurse before they could release me. I’m told they drained my bladder during surgery so I didn’t have much to pee. I had light but bright red bleeding. The hospital gave me mesh panties and a pad to wear home. I had brought my own just in case but these worked fine. 

I was home by 10:20, the cramping was pretty severe by 1pm and I took a pain pill they described. My bleeding lightened to just pink when I wipe my the end of the day. My insides feel sore, like someone has punched and kneaded my uterus. I took another pain pill that night. 

It’s the next day and my bleeding is almost gone. Just pink spotting. I’m hoping I get lucky and it stops all together. I’ll update as recovery progresses.  

My post op follow up with my doc is scheduled for 2 weeks. I’m on pelvic rest until then. 

****
RECOVERY UPDATES: 

2-3 days following procedure: bleeding is sporadic, from spotting to a little heavier, ranging from brown to bright red. 

4 days after: felt great physically and emotionally for most of the day, bleeding had nearly stopped again but by the evening I had a huge emotional crash. I couldn’t stop crying, started feeling hopeless and depressed. Wondering if this is the hormone crash people talked about… 

5 days after: woke up several times with painful cramping and pelvic pressure. Passed a clot early in the morning hours and bleeding picked up. Passed another large clot by 10am. Wishing I wasn’t at work so I could lay down and take a pain pill but ibuprofen is helping a little. I still feel a little weepy and emotionally low but not as bad as last night. 

6 days after: bleeding slowed a lot, but still crampy. 

7 days after: bleeding stopped, I felt a lot better physically and emotionally again, felt as if the first bit of “hope” had returned to my spirit again. 
",2025-06-07 9:17:29,https://www.reddit.com/r/Miscarriage/comments/1l5gobh/blighted_ovumdc_experience/,,abortion,abortion_data-updated - new_abortion_related_subreddits_text_posts .csv,3f65e97fad72278c3033e0c5102bb08e2d3bac9599aaa534b361a61d379dae8f,,,,,,,,
w9amqq,abortion,I binge drank before I knew I was pregnant. Is abortion the right thing to do?,"I recently had a horrible week-long alcohol binge that ended with me in the ER with jaundice. One week later I found out that I'm pregnant. During that week of drinking I would have been roughly three weeks along. I had no idea, and even took a pregnancy test before my first drink, thinking I was being ""safe"".

One of my biggest fears has been that I would not be able to have children (I had severe anorexia in my early 20s and it's always worried me). I've always wanted children and my partner and I very much want to start a family together. I have struggled on and off with alcohol for the past few years and have finally started making some progress towards recovery and healing from past trauma.

I am so beyond horrified and disappointed with myself. When I first saw the positive test I was overjoyed... then it all sank in. After talking to my doctor, doing a lot of research, and two long weeks of hell going back and forth, we decided that the risks of damage from the alcohol were too great, and that it would probably be best to end the pregnancy and try again, making my health and sobriety the top priority. I made an appointment for a medical abortion two weeks from now, and I felt a bit of relief having finally made the decision. However, today I went for an ultrasound and saw the image on the screen. I immediately felt a crushing wave of guilt and sadness. I got back to the car and had a full-blown panic attack. I feel sick to my stomach with anxiety.

I do not want to have an abortion, and I know that it would leave me traumatized, but I don't know how I'd live with the guilt if the baby were to be born with serious damage from my actions. I'm also worried that I won't be able to get pregnant again (I'm 34) and that this might be my one chance... I am so torn. Neither decision feels right.

I'm wondering if anyone has any advice for me at all regarding any of this. Please no harsh judgements. I already hate myself for creating this nightmare...",2022-07-27 9:59:44,https://www.reddit.com/r/abortion/comments/w9amqq/i_binge_drank_before_i_knew_i_was_pregnant_is/,,abortion,abortion_data-updated - new_abortion_related_subreddits_text_posts .csv,5c4b1f706e9d784292470c5730c1c25eeac67f89c11c8392da90ba21dd062c65,,,,,,,,
ky4r4e,assault,Guy told me sexual assault is self harm,,,https://www.reddit.com/r/sexualassault/comments/ky4r4e/guy_told_me_sexual_assault_is_self_harm/,,harassment,sexual-harrassment-data-updated - RelevantByTitle.csv,eaf2352da8191102ba1f2bc2953c768437e60114b54138ad3f8d8e8376c2b29d,,"Pretty much what the title says, this guy I was talking to was claiming that those who are sexually abused are harming themselves. I got really mad and blocked him right away. He doesn't know anything about my history but I was assaulted at the age of 3 by a family member. I normally don't think about it much but this just brought everything up again and I feel nauseated....maybe I'm over reacting but I just feel terrible....",2021-01-15 21:48:43,1610747323.0,"{'harm', 'assault', 'abuse'}","['guy', 'told', 'me', 'sexual', 'assault', 'be', 'self', 'harm']",relevant,non relevant
1cpjz6d,TrueOffMyChest,After years of bullying I punched my sister in the mouth,"I’m older by three years but my “little” sister has been bigger than me since she was 4. She punched me so long my arms were permanently sore until I left. We are now 28 and 25. For the last 13 years I have been no/low contact with my family. I had a brain tumor, family fell apart and my best friend died of an OD so I went crazy and forgot who I was. 

Upon my return my sister has been horrible to me. We both had a miscarriage in fall/winter. Hers was first. She got angry and said horrible thing when I told her I was pregnant so I didn’t tell her about the miscarriage. When she found out she told me she would have rather I had called her to tell her I lost my baby than called her to tell her I was pregnant. 

Now onto a few days ago. We’ve had sunshine and warm weather so my face got sunburnt. I was sitting outside when my sister pulled up with my cousin. I went over to my parents house across the way to say hi. We are all standing around the kitchen when she goes “oh you got sunburnt” and slaps (she says ‘tap’) the side of my face. 

(Over the years I have told her not to touch me. The last time she hit me she backhanded the removal site of my tumor and the pain dropped me to my knees. If the pain wasn’t blinding I would’ve kicked her a$$ to the moon for laying hands on me.)

The day after she slapped my face she came over again. She was getting in my face and when I tried to walk away to avoid confrontation she followed me twice. I was scared from all the years of being tormented by and I’m at least two feet shorter than her so I didn’t react well. I clenched my fist when she tried walking back towards me for a third time and as soon as she was close enough I poppet her in the mouth. 

She pinned me and started screaming. Things like how dare I and I better never touch her again. My mom got involved and told her to get off me. My sister then turned to my mom and puffed out her chest. My mom said “she almost got it twice”.

I have felt exceptionally guilty even though I know she had it coming. My family has always told her “you’re a mean girl and one day you’re going to mess with the wrong girl and get your a$$ kicked”.

My mom told her she deserved it. Dad said she deserved it and wishes he had seen it. Everyone who knows her thinks she had it coming. I’m both proud for defending myself and mortified that I hit someone. I’m gentle and small, soft spoken.  My anger scared me. I never thought I’d make her bleed no matter what she did to me.

UPDATE: A few of you have recommended pepper spray or self defense classes. My cousin and her husband are going to schedule me for private classes at their Juijitsu studio to teach me how to defend myself and how to protect my head in an incident. My guilt has subsided and I’m very proud for how I handled all of that. Thanks everyone!

",2024-05-11 15:27:33,https://www.reddit.com/r/TrueOffMyChest/comments/1cpjz6d/after_years_of_bullying_i_punched_my_sister_in/,,miscarriage,miscarriage-data-updated - miscarriage_related_posts.csv,ae2b8be368ddaccb32eabf7293938d7b95950d0e77852e30b208140587f3636c,high_precision,,,,,,,
jq5ovt,assault,I think I was sexually asaaulted when I was 6,,,https://www.reddit.com/r/sexualassault/comments/jq5ovt/i_think_i_was_sexually_asaaulted_when_i_was_6/,,harassment,sexual-harrassment-data-updated - RelevantByTitle.csv,527e5fb063a8a6501a0e7e0d5116175540c7e0c46fa30c16dfafda3459811363,,"Recently, a conversation with a friend brought back some memories that I had apparently locked away for years. I had completely forgetten about this and it incited some bad thoughts and emotions. 

When I was 6, I used to live with my grandparents along with my mother and sibling. This happened when my mother and sibling were away busy at work and I was alone at home with my grandparents. My grandmother was in the bathroom when a delivery man came to the door and my grandfather had gone into his room to get some money. The delivery man tried to get my attention and strike up a conversation but I gave him one word answers as I was watching a show. He then came close to the couch and grabbed my chin and kissed me. I didnt know what to do as I was shocked. I couldn't move.  I remember that for the next few months, I was extremely upset and angry. Angry at him and angry at myself. 

And now I'm unsure if it's considered SA as my school doesn't teach us about these things.",2020-11-08 4:41:39,1604810499.0,"{'use', 'kiss'}","['i', 'think', 'i', 'be', 'sexually', 'asaaulted', 'when', 'i', 'be', '6']",relevant,non relevant
o3mq29,assault,SA Warning: What should I stop talking to my current group of friends?,,,https://www.reddit.com/r/sexualassault/comments/o3mq29/sa_warning_what_should_i_stop_talking_to_my/,,harassment,sexual-harrassment-data-updated - RelevantByTitle.csv,b714f73f5942157bc49f91253c0f763ee1b9e6a2f6dcaba48ce7c540230b1308,,"I am: a 17 year old primary gay dude
In another post I detailed my assault at the hands of one of my closest friends (girl) while I was very drunk and high, but now I want to know what I should do. I just became friends with all of these people, and I’m scared to tell them about what happened cuz they might choose to stay friends with her over me since they’ve been friends with her all of their lives. I don’t want to lose my friends, but I also don’t want to continue to see the person that assaulted me. Any advice?",2021-06-19 18:34:50,1624127690.0,{'assault'},"['sa', 'warn', 'what', 'should', 'i', 'stop', 'talk', 'to', 'my', 'current', 'group', 'of', 'friend']",relevant,non relevant
1h302xl,Pregnant,Feeling annoyed about gender disappointment posts...,"I understand it is a real thing and some people get very distraught about this.  I'm in no way trying to invalidate those feelings and i know some mamas even feel guilty feeling that way. Trust me, I get it. But I'm here in week two of waiting for NIPT results... and while everybody in my family is so excited to find out the gender, I just want to know that my baby is OKAY!!!! After two miscarriages in a row, I feel blessed to have made it this far, but I am TERRIFIED.  I keep seeing posts of mamas finding out their babies have chromosomal issues at 13+ weeks and the ""i can't believe I'm having another boy""' posts are really upsetting to me.  I know this is my own trauma to work through...  I'm praying for all of us and our happy, healthy babies!!!",2024-11-30 0:26:17,https://www.reddit.com/r/pregnant/comments/1h302xl/feeling_annoyed_about_gender_disappointment_posts/,,miscarriage,miscarriage-data-updated - miscarriage_related_posts.csv,b478f7cfe0fb50c1cdc8d7f3e7cc90724da4d676ed8c5cf57d75955a43de83c0,high_precision,,,,,,,
k1hicr,assault,My Gf(16F)told me her dad touches her.,,,https://www.reddit.com/r/sexualassault/comments/k1hicr/my_gf16ftold_me_her_dad_touches_her/,,harassment,sexual-harrassment-data-updated - RelevantByTitle.csv,136a0933982080b0972c7746bd8bedf947528510c9e4c205f6cccfa70d3f1061,,"Recently my girlfriend (16F) told me her dad has been touching her inappropriately, like sexually Molesting her, i told her to report it and etc, but she don’t want to. She made me promise not to say anything or break her trust and i can’t report it without her Because then she’ll just deny everything. I am very conflicted and hurt over this because i want to protect her but i feel helpless Because there is nothing i can do. She lives with her father and I’m the only one she’s told about this. Please give me some advice or anything i can do because it hurts to see someone i care about being abused like this and not being able to help or protect them. I’ve tried to be supportive and tried to convince her to report it but she just won’t. This is eating me up alive Because i want to protect her so bad. Please give advice thank you!!!",2020-11-26 15:51:07,1606405867.0,"{'touch', 'molest', 'abuse'}","['my', 'gf', '16f', 'told', 'me', 'her', 'dad', 'touch', 'her']",relevant,non relevant
1l1wh1g,Miscarriage,It doesn’t feel valid,"I had the unfortunate fate of getting my first periods early, I wqs 8 when I got my first one, and they’d always been really heavy and painful so I guess this one wasn’t much different symptom wise. At 10 I was sa’d and I guess ended up pregnant. I didn’t even know, I mean I should’ve I had so many symptoms but I put it down to lack of sleep and previous traumas. 2 months later I started bleeding really heavily and cramping bad. It was the worst pain I’d ever felt, but I’d already been told by doctors pain was normal, so I took a bunch of different painkillers and then got back on with my day, wearing a regular pad and changing it every half hour/every hour. I had no idea what was normal so I kinda assumed this was normal and nothing to worry about. Now this is where it gets difficult. I’m 16 now, and until a few months ago I never really remembered the experience. Sure, I knew I had a horrible couple of periods when I was 10 after the sa, but my brain had kind of blocked everything else out. I think at one point I suspected I was pregnant, but then I didn’t think I could be, I was too young or whatever. But the other day it kind of hit me properly that it was most likely a miscarriage and I keep remembering the details of it constantly on loop and I have no idea what to do anymore, the more I think about it the more I see how much more maternal I’ve gotten since, how I’ve felt like I’ve lost part of me since then, and so much more. But because it didn’t hit me properly for 6 years it doesn’t feel valid or anything, like I feel like it should’ve hit me then for it to be valid but now it isn’t and I’m in between crying and just being numb and I don’t know what to do and I’m sorry I’ve kind of rambled but I didn’t know what else to do and I needed to vent somewhere or I was going to lose my mind, if anyone’s got any advice on where to go next please tell me, I’m going crazy here. ",2025-06-02 23:02:03,https://www.reddit.com/r/Miscarriage/comments/1l1wh1g/it_doesnt_feel_valid/,,miscarriage,miscarriage-data-updated - miscarriage_related_posts.csv,d06946e3956d822b4aca469746e750dedcfe7a3f02d259c51104882881559236,high_precision,,,,,,,
1ll8gxe,therapy,Is it normal for me to be so tired and confused?,"So some information before I dive into their crux of my question: I was raised in an extremely narcissistic household. My mother is, what she calls, a Type A+ personality. She is a complete control freak and an extreme narcissist. Anything I said or did if it wasn’t exactly what she wanted or how she wanted it, it resulted in screaming matches because I was just so incredibly wrong. Everything had a “Mom” way to do it, down to every towel in the house being folded a certain way and if it was wrong… good luck. 
She had HER sense of right and wrong, appropriate and inappropriate, true and false, and anything outside of that was completely unacceptable for her or anyone around her. 
(Ex: my graduation day I got properly dressed up for the first time in literal years. I mean, gorgeous classy fitted dress, makeup, hair, jewelry, the whole nine yards. I felt truly gorgeous for the first time almost ever (thanks to comments made consistently by my mother about my weight and how I looked). I stepped out of my room, hoping beyond rational thought that my mom might just look at me and tell me I looked beautiful. She took one look at me, made a face, and proceeded to tear apart every single thing I had done. The dress was too tight for “my body type “ my makeup was too heavy, why did I curl my hair when it looks so good straight like hers, etc…) 
And it has been this way my whole life. Anyways, it got worse after my parents got a divorce. My mom would tear apart my dad and then follow up with “but nevermind I shouldn’t be talking to you about this.” Everything I did that she didn’t like was “triggering” for her because “that’s just something your dad used to do”. She tried to spin stories to tell us that she was a mentally abused wife and that my dad was a manipulative asshole and all this stuff that wasn’t true and I have undeniable proof that it wasn’t true. She tried to tell me and my two sisters different stories to make herself the biggest victim she could be (as if we don’t talk to each other). 
So, I finally moved out and was on my own for a while before, due to circumstances, I had to move in with my dad. She has basically exploded on me and anytime we talk I get “is it awkward over there” “is your dad still the way he used to be” “does he talk bad about me” and the like. 

ANYWAYS, when I initially moved out I could barely function because I was suddenly exhausted all the time. My anxiety got worse and so did my depression. I was barely a functioning person. Within recent weeks, however, I have felt a lot of my energy (and energy I didn’t know I had) coming back. I am happier than ever and my mental health has been better than ever. 

Well the other day, my boyfriend(20M) and I went over to my mom’s house. We were only over there for a few hours but afterwards I found that I was completely exhausted and overwhelmed at the slightest thing (I nearly panicked because I couldn’t find olive oil in my own kitchen). This rarely happens to me and it’s usually after visiting or talking to my mom. I feel bad because my boyfriend was so patient and sweet with helping me but he shouldn’t have had to deal with it. I was so bad it got to the point where I was forgetting basic words and phrases and I couldn’t formulate my thoughts out loud because I was so overwhelmed. It was like my entire brain was just completely consumed with the idea that I was too much or just so so wrong about anything I said or did. It was like every old thought and panic and bad thought came rushing back and I was exactly where I used to be. 

So again to my question: is this kind of exhaustion and panic and overwhelming thoughts normal??? ",2025-06-26 18:58:03,https://www.reddit.com/r/therapy/comments/1ll8gxe/is_it_normal_for_me_to_be_so_tired_and_confused/,,abortion,abortion_data-updated - new_abortion_related_subreddits_text_posts .csv,7cbc15d93a32aca875b2bb9470dfdb03135de85c0b4e82a18d0c29054af5b5eb,,,,,,,,
o1krhv,assault,Out of an abusive relationship... did they SA me ?,,,https://www.reddit.com/r/sexualassault/comments/o1krhv/out_of_an_abusive_relationship_did_they_sa_me/,,harassment,sexual-harrassment-data-updated - RelevantByTitle.csv,2dda98a4cd7618d1f6d8e5201d1ae16c3f78c5ef591af3640cb807b98d202627,,"\*Note, my ex-partner switched between pronouns a handful of times during our relationship and since I haven't talked to them or looked at their socials in a while, I'm unsure of their pronouns. I'll be using they/them to refer to my ex\*

So, this relationship happened in September through December of 2019 during my Sophomore year of high school. I was around 15 1/2 at the time it started and I cut off physical contact with them about 3 months before I turned 16. They were a Junior in high school; 16 when we started dating, turned 17 a short bit into our relationship.

For the longest I pretended it didn't happen, because I made some bad decisions during my relationship with them where I did some things that went against my personal morals (nothing illegal or unethical, just stuff that I didn't want to do, but did just to impress them). Recently, though, I've been trying to work through some of the stuff that happened and I'm trying to heal from it.

I've known for a while that it was an abusive relationship. They were very abusive towards me in other aspects of our relationship-- verbally and emotionally abusive and manipulative, as well as they hit me a few times-- but then I started realizing that I think they sexually assaulted me.

Throughout our relationship, they would pressure me into sex. If I said no, they would try to guilt trip me into consenting. Tried to tell me that it meant I didn't really love them if I didn't want to have sex with them. They threatened physical violence, threatened to out me to my school, threatened to tell my parents about us (I wasn't ready to be out yet). They gaslighted me in many ways. Told me I was sexually neglecting them, that I didn't care about them, tried to convince me I wanted to have sex with them and-- when I said I didn't feel like I was ready yet-- they tried to tell me I was broken, that I didn't deserve them, and that they could have someone better. This happened countless times.

There was only one time I actually wanted to have sex with them, but the second it got too much and wanted to back out, they wouldn't let me. ""If you said yes earlier, it means you wanted this, so you can't say no now.""

They treated me like a trophy just because of my family members (my father was of local, small-scale importance).

They would do this thing where they would try to get me to ""use my words"" and then disrespect my no anyway. They always disrespected my boundaries. They talked about sex with their friends and even forced me into performing sexual acts on them with their friend in the room on a few occasions. If I complained, I was just ""being too sensitive."" I learned to just shut up and take it.

I've had a pretty bad response to it. If people hug me without me knowing it would happen, I get really scared. I don't like people near my neck or ears, because it brings me what I would consider mini-flashbacks (where I hear/remember their voice or get small memories of it happening). I cringe at the idea of sex now, even thinking about someone kissing me makes me uncomfortable and makes me want to throw up.

I'm only confused because they were my partner. They loved me and I loved them. I always picture sexual assault from a stranger or some distant person, as something outwardly and graphically violent-- But this was a partner, someone I trusted... so I almost feel wrong calling it sexual assault. 

Was that sexual assault ?",2021-06-17 1:16:03,1623892563.0,"{'take', 'assault', 'use', 'force', 'kiss'}","['out', 'of', 'an', 'abusive', 'relationship', 'do', 'they', 'sa', 'me']",relevant,non relevant
1lgksxs,BabyBumps,A Bit of Friend Drama…,"Buckle in, this will be a long one 😅

My best friend of 18 years has been, incredibly unresponsive to my pregnancy. She was MOH at my wedding, and someone I always told everything to. Last year she got her first boyfriend and has practically thrown our friendship completely to the curb. I of course never expect to be prioritized above her boyfriend, but I have had very major struggles that I confide her in, and she says nothing, just brushes off what I say and doesn't speak.

I had a miscarriage on Christmas Eve - my husband and I were absolutely devastated and heartbroken. I informed my friend, and it was radio silence, absolutely nothing. In fact, a few days after the loss, she told me to ""make sure I'm not pregnant for her wedding and to plan around it"" - keep in mind she's not even engaged, has no date set, and excuse me??

I kept my current pregnancy secret from her for a long time, and finally told her expecting a little support throughout. There's been none. I'm 22 weeks, and now tell her nothing. She's invited herself to fly out to see my baby in December with her bf (who I don't want to meet, especially pp), in which I said no. 

I'm not sure if this all sounds silly, but I have felt let down and like I have lost a friend. I don't know how to tell her how I feel as I'm a very nonconfrontational person, and would rather say nothing and just let the friendship burn. I don't even know what I'm asking, but I just needed to rant lol. ",2025-06-21 1:35:48,https://www.reddit.com/r/BabyBumps/comments/1lgksxs/a_bit_of_friend_drama/,,miscarriage,miscarriage-data-updated - miscarriage_related_posts.csv,c7a3354d72869b25a080aeac5bf70189549731e592fa96d4d388f03f2d8ad306,high_precision,,,,,,,
l1rhwv,assault,"Why does my clit hurt, why did I block this out, and why is my brain like this?",,,https://www.reddit.com/r/sexualassault/comments/l1rhwv/why_does_my_clit_hurt_why_did_i_block_this_out/,,harassment,sexual-harrassment-data-updated - RelevantByTitle.csv,93a5d92fb2af00d9826f7ea920ea71ea1981ed1b7eb73583182eeedc1f2b05fa,,"Someone posted about a month ago asking how people were doing. I responded with this, but now am thinking it's better as a post

""I know this was posted about a month ago, but I'm kinda struggling right now. 
Firstly, thank you for posting this. It is giving me the courage to finally speak up.
(Trigger Warning: this is a bit more explicit)

I was sexually assaulted as a child by an older cousin. I (female) was 5 and he was 11. 
I blocked it out of my memory until more trauma and sexual harrassment haunted me in college (involving a co-worker and then a roommate that I had confided in about it a year later).
I remember a couple things:
- my cousin groomed me to feel comfortable the first and only time he touched my clitoris area.
-i remember saying that 'it was weird, but it felt good'.
- my older sister and that cousins younger brother went and told my mom (they had to have, we were all playing ""house"" and my cousin and I were the ""parents"". He was trying to show me what ""mommies and daddies do at nighttime"".
- my mom getting angry with both my cousin and me for interacting that way and yelling at us (even though I didn't understand what that was or why it happened).

What I am currently mentally and physically battling:
- I dont like my clitoris touched. It is painful and brings back awful memories
- I have a fear of self-masturbation. I feel ashamed and guilty of just the thought of it and have attempted once and I just felt grossed out and uncomfortable with myself. I know that sounds completely unbelievable, but I  grew up in an extremely conservative household (I cut ties with my parents for other emotionally abusive reasons)where my mom didn't allow us any privacy, even in the shower (she would sit outside the bathroom and record us if we decided to sing at any age and post it on Facebook), she had ways of tracking our computer history and phone text messages even if they were deleted, etc. So I didn't have a lot of access to porn or anything either.

- my sexual relationship is healthy and my bf has been really supportive and not pressuring me to do anything I don't want to do. He also is really emotionally supportive and reminds me that I am a victim, and that these experiences of abuse were not my fault.
- I struggle with not feeling ashamed. Especially since I explicitly told my cousin as a child that ""it felt good"" even though he was stimulating (possibly damaging) a part of my body that would of course cause a reaction of ""weird, but ok"". 
But how do you get that thought of shame to go away? It feels like no matter the logic I throw at it, the more and more the thoughts and shame scream louder and louder. 
The panic and anxiety of that builds up into a mental attack.
The feeling of suffocation as I hyperventilate with tears and and snot pouring out of my face as more and more mental monster consuming my brain space. 
Then it's over and the tension turns into aches and my brain goes silent and numb. And I'll just lay there, sometimes for a short time, sometimes hours. 

I'm better some days, today is not that day it seems. Sorry if this is just rambling... I just had to get this off my chest.

I think the one thing that has helped me is, "" progress is a trajectory, not a moment"". So even now as I'm in tears and struggling to type, I try to remember my list:
- that I will get through this, one day at a time. 
- I am a victim and my feelings are valid.
- I am worth something, even if it seems small in the moment. 
- I am worth living for. If not for myself, then for the ones that I live and truly love me.

As you can probably tell by now, making lists is a coping mechanism of mine.""

TL;DR: blocked out a memory of being sexually assaulted by my cousin when I was 5 and am suffering the mental consequences of it in my 20's as I deal with more sexual harrassment and abuse experiences in my life.",2021-01-21 5:01:22,1611205282.0,"{'pressure', 'assault', 'touch', 'damage', 'feel'}","['why', 'do', 'my', 'clit', 'hurt', 'why', 'do', 'i', 'block', 'this', 'out', 'and', 'why', 'be', 'my', 'brain', 'like', 'this']",relevant,non relevant
lmvlf3,assault,Sexually assaulted by friend and co worked . I don’t know what to do .,,,https://www.reddit.com/r/sexualassault/comments/lmvlf3/sexually_assaulted_by_friend_and_co_worked_i_dont/,,harassment,sexual-harrassment-data-updated - RelevantByTitle.csv,74660dc83718b46a9d073a8ab30dfaa11a1f130136cbef2faba855420daf1137,,"Over the summer I was at a party with my friend . Long story short I ended up taking part in one to many party favors and just felt really strung out and anxious . I called a handful of my friends that night to ask them to just stay the night with me , but considering it was 2 am none answered . My friend I was at the party with is a male and had also expressed interest in me so that’s why I didn’t ask him but after not being able to contact anyone else I simply just asked him to stay the night . I feel guilty about it and responsible for what then happened . We fell asleep ( or just me ) and some odd time later I woke up to him touching me , fingering me and I felt his penis also around my vagina . I was so scared and nervous I just pretended to be asleep . I felt responsible and like it was my fault . After fingering me for sometime he stopped and finished himself off . I tried to be quiet and get back to sleep but I honestly laid awake all night . From then one I just pretended it never happened while slowly trying to distance myself from him . We work together and have the same friend group so it was easier to try and convince myself it didn’t happen . However as time goes on I feel
More and more ashamed and scared of him . He still tries to pursue me and come on to me and I simply
Just ignore his advances . It’s too the point tho where I have anxiety going to work and I don’t know if I should tell my employer or not or confront him to tell him I was awake while he assaulted me . Also my on and off again boyfriend of 6 years , while at the time of the assault we were off we are currently on and although the loves me and cares about me I’m scared to tell him . I would really like to open up to someone about this but I’m afraid this whole story just makes me look responsible and like I have bad judgment , which in retrospect I did . I would also like to note the next day he asked me “ were you asleep all last night ?” And I nervously laughed and said yes . I just feel so stupid and I’ve been avoiding it for so long and I just don’t think I can anymore . Lots of guilt and shame surrounding the whole thing.",2021-02-18 19:54:53,1613678093.0,"{'take', 'touch', 'assault', 'finger'}","['sexually', 'assault', 'by', 'friend', 'and', 'co', 'work', 'i', 'don', 't', 'know', 'what', 'to', 'do']",relevant,non relevant
1lmotfn,offmychest,I want to get my abusive ex fired from his job..,"Before anything I have very low self respect and am learning to love myself, I left for good 4 days ago. I come from a home of domestic violence. 
We’ve been together for 9 years but for the past two years he has brutally abused me. I became pregnant, and since he was already abusive I decided to abort. During my abortion, he sat outside and took pictures of his car and posted on instagram while I was inside alone. He then dropped me off at my house as I begged him to stay with me because I was scared, (I just took the abortion pills and didn’t want to be alone for the process..) he went to the studio to make music instead!!!

He has always been secretive with his phone, wasn’t allowed to touch it because of “privacy” we went on a vacation I mostly paid for, and my intuition was telling me to go through it. God bless I was able to open his phone due to his leftover fingerprints.. It was so bad, over 50+ women asking them how much their “prices” were, and he was talking to another woman with a baby, met her for drinks, and when I put the pieces together, he came back with a hickey one night assuming from her.. This obviously hurt because I recently aborted mine how could you want another women with a child .. I deleted everything, all of the women on his phone and stayed quiet, eventually he seen everything missing. During that moment he noticed, he threw his food in my face, ripped my glasses off and stomped on them. For the next 6 hours I became his punching bag. I sat shielding my head curled in a ball protecting myself from his punches. I told him I was pregnant because I thought he was going to kill me, I thought maybe he’ll stop since there’s a baby inside.. NOPE. He fucking SPIT ON ME. HIT ME HARDER. TOLD ME HE WANTED ME AND THE BABY DEAD. I was almost passing out from the abuse and eventually he stopped. He acted like nothing happened.

Guys I don’t know why the fuck I stayed after this. To make things short, I was trying to get him out of my place for months, and one time I was packing his clothes in garbage bags he started to strangle me. He kicked me on the floor with shoes on and tried to taze me. He deleted the evidence off my phone. There’s so many other things he’s done to me but my memory is becoming so bad.

I have no evidence from the trip. I was hiding my phone in fear he would break it. His abuse was so calculated he would punch my body, never my face, and he would punch hard enough to leave a very light bruise. I feel like he didn’t want to kill me but he’d be the type to accidentally kill.

I have video evidence of him saying he’ll “blow my brains out in one shot” “he wants to kill me bc I’m being annoying” I was thinking of putting together a slideshow and sending it to his job. Not even a 24 hr later we broke up he went to bars, I exposed him on social media and women have came forward saying he’s contacted them (while he was with me still) ..

Debating on pressing charges still I’m unemployed and don’t want to pay for fees/see him in court. :/",2025-06-28 14:58:32,https://www.reddit.com/r/offmychest/comments/1lmotfn/i_want_to_get_my_abusive_ex_fired_from_his_job/,,abortion,abortion_data-updated - new_abortion_related_subreddits_text_posts .csv,c49aa27543fad48bb0d465d03d351a98270438f877cc9f8a574c3ab93723be19,,,,,,,,
1l8ryec,Miscarriage,3 weeks post miscarriage,"Hello, I’m 37 years old, had my first miscarriage almost 3 weeks ago. I work at the hospital I got the news of no heartbeat. I don’t particularly like to come to work but I don’t want to stay home either. I feel sad and confused. My partner is amazing, I was so looking forward to a happy and loving pregnancy. How does one cope? I don’t know how to help him either. We keep blaming each other. Me for being old and he has hairy cell leukemia was in treatment two years ago but currently dormant. Any advice please? ",2025-06-11 12:55:43,https://www.reddit.com/r/Miscarriage/comments/1l8ryec/3_weeks_post_miscarriage/,,miscarriage,miscarriage-data-updated - miscarriage_related_posts.csv,f5d20130e420b10c2d67f1aa533548c6c3f56544a827a47336484b1db25da66a,high_precision,,,,,,,
nc2sgt,assault,Former boyfriend pressured me into sexual acts,,,https://www.reddit.com/r/sexualassault/comments/nc2sgt/former_boyfriend_pressured_me_into_sexual_acts/,,harassment,sexual-harrassment-data-updated - RelevantByTitle.csv,0be5bc4955eef14915580b3c172bfeadea4ce75713e013d05f118e7e0e2e7664,,"This post is really long, sorry.

When I was 17 I dated my first boyfriend, who was 18. I was a virgin, raised Christian but not actively following that religion, but definitely dealing with some internalized fear of engaging in sexual activities due to my religious upbringing. I didn't want to have sex or engage in other acts e.g. oral or digital sex within the first few months of the relationship. My boyfriend was also a virgin and I was his first girlfriend.

The event that I have come to think of as assault happened when we had been dating for about 4 months. The relationship wasn't going too well, and I felt guilty for not letting him sleep with me, and previously when we had been making out he would try to take it further and I would tell him to stop and he would. Literally every time we were alone he would try to initiate, we could never just talk and hang out without him trying to start something sexual or at the very least make out the whole time we were together. He was also verbally abusive, he would constantly make negative comments about my physical appearance, intelligence, and/or personality but frame them like he was teasing or joking. Sometimes he would try to touch me through my underwear (hand down my pants but over my underwear) but I would always stop him or pull away.

However, I really liked him, he was my first boyfriend and prior to dating I had had a crush on him for over a year, so I was really invested in making the relationship working. One night we were making out on the couch in his basement, he wanted to take it further and although I was reluctant I let him take me into the spare bedroom in his basement. At that point he undressed me down to just my socks and underwear, and also undressed himself fully. I didn't undress him or myself. The reason he undressed me only to my underwear is that at that point I moved away from him. I was uncomfortable but I didn't know what to do, since it felt like after dating for 4 months I should be willing to take things further. I have realized since then that I also felt subconsciously that he would dump me if I refused, and I really liked him.

At that point he told me we couldn't have sex because he had no condoms, and asked me several times, basically pleaded with me, to remove my underwear, but I didn't. So then he sat down on the bed and asked me to give him a handjob. I said I didn't know how as an excuse but he said he would tell me what to do as I did it. I stalled several times saying I wasn't sure, didn't know how, etc. but he kept insisting that I do it. I had 0 interest in giving him a handjob or even in seeing his genitals, let alone touching them, but he was already undressed and basically begging me to do this.

At that point I did begin to give him a handjob but after less than a minute I felt so bad and anxious that I think I was about to have a panic attack. He encouraged me to keep going but I stopped. At that point he was clearly frustrated with me, stood up while I was still sitting on the bed, and began to masturbate. He made a comment about how if I had bigger breasts he could at least put his penis between my breasts and have sex that way, but they were too small. He finished on my abdomen/breasts while I was still sitting on the bed,  which I didn't verbally agree to, then left the room and brought me some paper towels to clean off. After that he told me he was taking me home, although we had previously planned to hang out a few hours longer. After that he barely talked to me at school and barely texted me, and dumped me not long afterwards. In hindsight I'm glad he dumped me because I don't think I would have dumped him because I was so invested in making the relationship work.

I didn't really process what had happened until about a year later. Ever since then I struggle a lot with speaking to any guy my age, really hate the idea of a guy even trying to kiss me, and still think about him or these events daily. I even threw out the nail polish I was wearing when this happened because I associated it with my hand on his penis. I have seen him a few times since then in public (we went to the same university) and every time I get this awful feeling in the pit of my stomach and my heart starts racing, which I think is the beginnings of a panic attack. I told my 2 best friends quite a while after it happened and they both think it was sexual assault, but I still doubt myself sometimes because I let it happen. Do other people think this was sexual assault? I've been debating telling my mom (this happened 4 years ago now) but I would like to know if there's even anything to tell.",2021-05-14 7:24:40,1620977080.0,"{'take', 'tease', 'touch', 'follow', 'feel'}","['former', 'boyfriend', 'pressure', 'me', 'into', 'sexual', 'act']",relevant,non relevant
1gptujl,confession,I had abortion when I was 18 and don't know still if made a mistake or not,"It's something only few people knew about. I already have a son and even adopted a girl. But to this day, some 32 years later, I still don't know if I made a huge mistake or not. At some point, I thought another baby would not be too bad since I had my son at 22. But then again, what my life would have become if I had given birth to that child. I can't say I have regrets. But still ....",2024-11-12 19:58:29,https://www.reddit.com/r/confession/comments/1gptujl/i_had_abortion_when_i_was_18_and_dont_know_still/,,abortion,abortion_data-updated - new_abortion_related_subreddits_text_posts .csv,5f06a03f1fff6ffcd5a1eeccd841495aa2d25e85c5e44ba0c571f0859e5f1470,,,,,,,,
o2sixr,assault,Is this deemed sexual assault?,,,https://www.reddit.com/r/sexualassault/comments/o2sixr/is_this_deemed_sexual_assault/,,harassment,sexual-harrassment-data-updated - RelevantByTitle.csv,e782d51a8ec4a617082c157a9379637b00f60e3d4109690c8e695fe99ec69b98,,"Throwaway account to protect my privacy.

Last Saturday I (22F) went on a night out with work friends and at the end of the night was left with a friend (22M) of 12 years who was very drunk so I said I would help him get home. Whilst walking he was constantly wrapping his arm around my waist and whilst we were sat down and waiting for a taxi he kept stroking my leg, putting his hand up the back of my top, touching my waist and lower back again and he also lay his head on my shoulder before kissing my neck. I did tell him multiple times to stop touching me and reminded him I had a boyfriend (who he used to be best friends with). Again on the ride home he was still stroking my leg.

Does this count as sexual assault? Some people have said it is but I don't feel valid enough.",2021-06-18 16:03:14,1624032194.0,"{'kiss', 'touch', 'stroke', 'use'}","['be', 'this', 'deem', 'sexual', 'assault']",non relevant,relevant
1kzc80e,Pregnant,Literally yelled at by dr. because of weight,"I am 12 weeks pregnant and had a scan where the doctor literally yelled at me due to my weight. I started this pregnancy with a normal BMI, extremely active and working out 6 days a week with a combination of lifting weights and running for cardio. Since then I've gained about 12 pounds-I've been extremely fatigued and had bad food aversions, as well as nausea that was alleviated by eating. My BMI is now just into the ""overweight"" range.

Rather than focus on literally anything else in my appointment, this doctor yelled, lectured and condescended about my weight and activity level. She bragged that she gained no weight until her third trimester and said that I was setting myself and my baby up for poor outcomes, and that it would be better to feel terrible as long as I didn't gain any weight. 

I've already struggled so much with body image issues and accepting body changes that this was such an emotional blow. I have extremely bad bloating and have gone up 2 cup sizes in my bra, probably almost 3 now. I've been working hard to accept that these changes are normal, and other doctors and NPs at this practice have said that this level of weight gain is ok. I left the appointment crying and feeling even worse about myself than I have been (which is an accomplishment). 

I'm already taking steps to make sure I never see this doctor again, but I wanted to reach out to other pregnant women and see if anyone else has experienced this. Did anyone else gain weight in the first trimester and still have good outcomes for themselves and their baby? 

I also have so much sympathy for women who are overweight-I've heard horror stories about women who's doctors visits are dominated by lectures around their weight and dismissing all their other concerns, but I've never experienced it until now.  
",2025-05-30 18:51:41,https://www.reddit.com/r/pregnant/comments/1kzc80e/literally_yelled_at_by_dr_because_of_weight/,,abortion,abortion_data-updated - new_abortion_related_subreddits_text_posts .csv,58b0156967e3be01763fefb87983791405638548ea4dfe69bba4b0106b755a9c,,,,,,,,
1l0nmxv,Miscarriage,When did your period return after a natural miscarriage and did you ovulate prior?,Also: were your cycles normal or longer or irregular prior to loss ??,2025-06-01 12:21:41,https://www.reddit.com/r/Miscarriage/comments/1l0nmxv/when_did_your_period_return_after_a_natural/,,miscarriage,miscarriage-data-updated - miscarriage_related_posts.csv,cc002def208405d7dcd00c6b91ee41be5839f6d890e1b8b67339282f6aa39b55,high_precision,,,,,,,
1lejbd2,Miscarriage,Post-miscarriage/D&C super long cycle - is this normal?,"Hi all, this is a bummer club to join. I had a miscarriage in late March, and then had a D&C in early April when my body didn’t recognize the miscarriage. I had my first normal period post-procedure May 9. I’m on day 41 of my cycle, am not pregnant, but my period hasn’t started. I’m an older gal (41) and my cycle is typically 30-32 days. Is this typical after a miscarriage? Another factor is that I tested 2-3 days before my period start date and had the faintest positive line (verified by my sister who doesn’t have hopeful line eyes). So maybe this was a chemical and that’s why my period hasn’t started? If anyone had a similar experience, please share as I am convinced I went from pregnant to menopause in 3 months 😛",2025-06-18 14:59:48,https://www.reddit.com/r/Miscarriage/comments/1lejbd2/postmiscarriagedc_super_long_cycle_is_this_normal/,,miscarriage,miscarriage-data-updated - miscarriage_related_posts.csv,29dbcf1a0310b8a68aeafc8cde27d9f2891c0e713ea31ca5ead8b55d9798653e,high_precision,,,,,,,
mgwmcu,assault,Help!,,,https://www.reddit.com/r/sexualassault/comments/mgwmcu/help/,,harassment,sexual-harrassment-data-updated - RelevantByTitle.csv,0599207a8050fb49aa866cdac74f5aa257b3faa6741d941987680fbccbb1b4fd,,"A few weeks ago I had a guy over for family game night. We all drank a lot, but I was by far the drunkest out of all of us. I drank more than I ever have because he kept handing me shots and I would take them. All the alcohol was purchased by me and at my house. I have absolutely no memory past 11pm and even before then is pretty spotty. I woke up next to him the next morning and we were both naked. I asked him if we had had sex and he said yes. I have absolutely zero memory of it happening. He did say that I'm the one that asked for it and I had to of been interested because I had to of told him where my condoms were at. Would this be considered sexual assault since I was too far gone to really consent? I obviously will never put myself in a situation like this again but I've felt really uncomfortable ever since it happened. Any advice or similar experience to help me move past this? Thanks in advance!",2021-03-31 2:57:54,1617159474.0,{'take'},['help'],relevant,non relevant
1lo88vx,Pregnant,Mostly looking for panic relief. I know there's tons of posts but I'm freaking out. TW:bleeding early pregnancy.,"I'm 6wk 5 days, according to my tracking app. I have my blood work in 2 days, getting normal pregnancy symptoms, not huge though, sore boobs, exhausted, lower back and side pain, not bad on nausea, but I've definitely been emotionally hectic. 
2 months ago, I had a chemical pregnancy, only about 2 days showed positive, bled right after and nothing came of it. 
EXTREMELY positive test at 3-4 weeks, I've taken about 20 of them. Even went to urgent care for a UTI and coldsores and they also did a test. 
Yesterday I was cramping not bad, but I've been in the sun and walking around this weekend so I just figured I over did it
This morning had a little more cramping, went to the bathroom at work and had a big gush of brown liquid, it tapered off to spotting. I'm so scared. The chemical pregnancy destroyed me. I've known for almost a month and I can't even imagine what it'd be like if I lose this one. 

Please help. I'm terrified. ",2025-06-30 13:59:13,https://www.reddit.com/r/pregnant/comments/1lo88vx/mostly_looking_for_panic_relief_i_know_theres/,,miscarriage,miscarriage-data-updated - miscarriage_related_posts.csv,215504e223578cc1731c14040a3c7d0019714af59b4350f57bec0b4eef46da4a,high_precision,,,,,,,
1lhh6v7,Miscarriage,5 weeks,I miscarrying my first child with my husband. My first pregnancy since my stillbirth in 2016. Im in shock. I wanna go back in time. We were so excited about this and now we are devastated this is my third miscarriage my first one this early im still passing clots,2025-06-22 6:24:37,https://www.reddit.com/r/Miscarriage/comments/1lhh6v7/5_weeks/,,miscarriage,miscarriage-data-updated - miscarriage_related_posts.csv,01903ad92bea7213d7fea6f06ffe32c1acd37c7e89605b7a117aa134df649033,high_precision,,,,,,,
nnjhhp,metoo,Just got my ass grabbed at the bar.,,,https://www.reddit.com/r/meToo/comments/nnjhhp/just_got_my_ass_grabbed_at_the_bar/,,harassment,sexual-harrassment-data-updated - RelevantByTitle.csv,b0a35174a7a03fca192ea8c68f776c608d8c0968510be1c97bb2fc70158f6264,,"My spouse was with me and we were hanging with some friends and their friends, and it was well known that I’m not available, not that it should matter. I felt it, but didn’t want to believe that was what was happening until I heard the guy’s friend pull him aside to call him out on his poor behavior a couple seconds later. That’s what confirmed it in my mind. 

I thanked his friend for calling him out, and on one hand I feel really grateful that someone stood up and told him off, but I feel like it should’ve been me to do it. I’ve been through worse situations, but it still makes me feel kind of sick inside knowing that’s what happened.

Just trying to get this off my chest, so thank you all for listening.",2021-05-29 9:07:19,1622279239.0,set(),"['just', 'get', 'my', 'as', 'grabbed', 'at', 'the', 'bar']",relevant,non relevant
1lhzn4t,BabyBumps,Husband not happy we’re having a girl.,"For context, my husband and I have been trying to conceive for a whole year before we successfully gotten pregnant. Keep also in mind that I had a miscarriage in October so when i got pregnant in February we were over the moon happy. 
Yesterday we had a gender reveal party and we found out we are having a girl! I was obviously super happy and so excited in the videos but my husband was not. My close friend came up to me and showed me the video of how my husband reacted and I was heartbroken. His shoulder fell down and he then shake his head like he was disappointed. 
Right after he then tried to hide it by smiling. 
After the party and when everyone left he told me he really wanted a boy and that boys are easier to raise (which is not true). He then proceeded on telling me how he is not looking forward on seeing her grow up and wear makeup and be with boys.
Honestly his behavior last night surprised so much that I completely changed my view of him. 
Idk if this is his stupid masc brain view or he’s just really uneducated on raising a child. 
",2025-06-22 21:48:49,https://www.reddit.com/r/BabyBumps/comments/1lhzn4t/husband_not_happy_were_having_a_girl/,,miscarriage,miscarriage-data-updated - miscarriage_related_posts.csv,1b72e52227c0cfce96e03a2b4e7fe857713e87c1e09b16fb251bf779c12b29fa,high_precision,,,,,,,
1le47fo,Miscarriage,Mmc pill,Hi guys Last week I was told I had a mmc. I was prescribed the pill to help the miscarriage along. I took the first one Monday night and just took the second lot (dissolved in the mouth) at 8am this morning. Around 9 I had a little bit of cramping for maybe 10 minutes but nothing else has really happened yet. Does anyone have any experience taking the pill and if so how long did it take everything to kinda kick off? I'm by myself so I guess I'm just trying to distract myself but it's all I can think about. I don't really have anyone else to talk to or ask so I thought to possibly post here. Any help is appreciated,2025-06-18 1:02:49,https://www.reddit.com/r/Miscarriage/comments/1le47fo/mmc_pill/,,miscarriage,miscarriage-data-updated - miscarriage_related_posts.csv,ffe63d6b98da16dde067466cc15005e4b36ff732f5364061e140579bc7564c49,high_precision,,,,,,,
1l6dj5e,abortion,Finding abortion clinic here in iloilo,"Hi guys please help me need ko kasi ipaabort tong dinadala ko wala pang isang buwan wala ako mahanap dito sa iloilo I really need to do this.
",2025-06-08 14:30:55,https://www.reddit.com/r/abortion/comments/1l6dj5e/finding_abortion_clinic_here_in_iloilo/,,abortion,abortion_data-updated - new_abortion_related_subreddits_text_posts .csv,77d3eee1b0d69ac151340e0b7b8d6cb23b7ddfde6e89e3538e8a88c68ea17694,,,,,,,,
1lc3uwm,therapy,How do I rebuild trust when my partner uses religion to justify emotional distance and contradictions?,"I (F23) have been in a long-distance relationship with my boyfriend (M31) for a while. Recently, we’ve had a series of extremely heavy, emotionally draining conversations that left me questioning both him and our relationship.

It all started when he canceled a video call we had planned for weeks to celebrate his birthday, telling me he wanted to attend church instead. While I respect his religious beliefs, this felt like another moment where I wasn’t prioritized. When I brought it up, instead of simply acknowledging how I felt, things escalated. We ended up having a long, painful conversation where he said some truly hurtful things — like the fact that I am not truly Christian if i dont follow strictly what my religion says, that I should go ask a priest and he will tell me exactly that I am in fact not a true believer bcs of that, and so on, including telling me he’s disgusted by the fact that he had sex in the past with someone he didn’t love.

What made this even harder to digest is that, up until days before, he was making sexual jokes with me and even suggesting we might be intimate when we meet again. Now, suddenly, he says all those jokes were sinful, and he wants to wait until marriage. That’s okay in itself — his choice — but it feels like he’s rewriting the past and projecting the guilt onto me too. When I confronted him about the mixed messages, he just said he regrets everything and feels disgusted by his own past — but without really taking responsibility for how it affects me, especially if we had become intimate, and maybe after that he could have come and say that he feels disgusted by me too. 

On top of this, there were other things that deeply unsettled me. In previous conversations, he told me that abortion is wrong no matter the circumstance, and in case i ever got pregnant and didn’t want the baby I should just send the baby to him if i dont want it or he would move to my country (which financially speaking would be extremely hard) — which honestly shocked me and made me question how he sees women’s autonomy and trauma. He also once said that, when it comes to abuse, even if he was abused he would never leave that person if the religion says so, which was extremely hard to hear.

When I tried to explain how all of this made me feel — judged, unsafe, and emotionally cornered — he got defensive. At one point, he told me he didn’t want to talk because “it would just turn into a fight” and that I had already said I was disappointed, as if that was proof I was only looking for conflict.

He often says that he puts God above everything else, including me, and doesn’t understand why I came at him regarding him canceling our face time date. But at the same time, he also asks me to tell him what’s right or wrong in our relationship, he doesn’t know unless someone tells him, în special when we fight. It feels like he’s relying either on religion or on me to make his decisions for him. I get the sense that he struggles with emotional regulation and decision-making, and I suspect he might need therapy — though I don’t know how to bring that up without sounding judgmental.

I still care deeply about him. I know he’s not a bad person. He’s just… lost. But I’m emotionally exhausted. I told him I need space and time, and he’s been respectful of that. Still, he says things like “I am sorry, I know i did a mistake and I feel like I’m losing you” or “I looked at the album you made for me and realized I’ve lost something in myself,”, “I’ll give you all the time you need” and that just adds more guilt and weight on me.

I asked him to come back to me in a few days with something concrete — how he can rebuild my trust, how he plans to change, and how I can feel emotionally safe with him again. But honestly, I’m not sure he even knows what to say.

I guess my question is: Can someone like this truly change? Or am I trying to fix someone who isn’t ready to be in a relationship yet?",2025-06-15 16:04:56,https://www.reddit.com/r/therapy/comments/1lc3uwm/how_do_i_rebuild_trust_when_my_partner_uses/,,abortion,abortion_data-updated - new_abortion_related_subreddits_text_posts .csv,4cd1053ad6729c51ce8134469596b48eecae7797a5687e56d70b9a2cb903f97f,,,,,,,,
1leehqi,Miscarriage,Scared and Seeking Support: Labor-Induced Termination at 20 Weeks,"I’m looking for experiences from anyone who has gone through a pregnancy termination at 19–20 weeks. My doctor has recommended a labor-induced termination instead of a D&E, and I’m very scared about the pain and the process. This decision is due to a serious genetic condition found in the baby. If you’ve been through this, I’d really appreciate hearing about your experience — esp. physically — to help me prepare. Thank you in advance",2025-06-18 11:18:52,https://www.reddit.com/r/Miscarriage/comments/1leehqi/scared_and_seeking_support_laborinduced/,,abortion,abortion_data-updated - new_abortion_related_subreddits_text_posts .csv,0d4ac3a5014fbd99b13a12d3d7daccdbb4dcd61e3f0cd307d2fff745b42cf908,,,,,,,,
1l4rcbm,Miscarriage,Miscarriage - looking for reassurance on what’s next,"First time joiner. Yesterday I found out at my 12w appointment that the baby stopped growing around 8w. Devastated and confused. I’m a FTM and no one in our families has dealt with this in their pregnancies so feeling a bit alone. We want to start trying again soon but I’m so nervous this will keep happening. Curious if others have been successful having a baby after their first miscarriage - when did you start trying? Did you do anything differently the second time around (testing, changing meds)? Thank you!!",2025-06-06 12:37:54,https://www.reddit.com/r/Miscarriage/comments/1l4rcbm/miscarriage_looking_for_reassurance_on_whats_next/,,miscarriage,miscarriage-data-updated - miscarriage_related_posts.csv,3bd3e96d56067980c68db4c4a8ecc43c6512a5798863a8fe0cbece89811955ba,high_precision,,,,,,,
mmxvre,assault,I’ve never experienced anything like this and don’t know what to do- how to feel,,,https://www.reddit.com/r/sexualassault/comments/mmxvre/ive_never_experienced_anything_like_this_and_dont/,,harassment,sexual-harrassment-data-updated - RelevantByTitle.csv,a861179b49da9f7b77c7f053510b4bd3f28596f12412a57b930fc1f5048fbfaa,,"
This past weekend I went out to the bar with my friend/coworker (we’ll call her flo) and we met up with her friend she’s known since high school (we’ll call him J). I’ve only ever hung out with J once at a previous kick back with flo and thought he was a pretty cool, funny guy to hang out with so when he decided to meet up with us that night I didn’t think anything of it. To make the long story short, the 3 of us bar hopped and got pretty wasted. By the time everything was closing we decided to pick up some more beers and head to flo’s house. A few hours and beers later we were all pretty fucked up and by this time it’s like 5am already. As me and flo are blasting and still dancing the night away, J says he’s tired and wants to go to bed. He starts falling asleep on the couch in the  living room and I decide to go sleep upstairs in flo’s sons room. Flo ended up getting blankets for J since he was on the couch and downstairs gets pretty cold. But anyway, flo goes to her bed and falls asleep and I go to her sons room. I turn off the light and closed the door and because I’ve slept over at flo’s house plenty of drunk nights I was very comfortable and made myself at home. As I was getting ready to sleep my Instagram dms were going off. It was J, messaging me to come back downstairs. Because I was so tired and drunk and just wanted to go to sleep I ignored the messages and didn’t think much of it.

All of a sudden as I’m sleeping I feel a body next to me, kissing and licking my neck as his hands are rubbing all over my body. Because I’m so drunk and half asleep it took me a minute to realize what the fuck was going on. I remember making movements like trying to move away about 2 times, but What really woke me up was that I felt his hand reach into my PJs trying to finger me. I finally pushed him off and said “WHAT THE FUCK!?! I thought you were sleeping down stairs! “ then he just got up and went back downstairs to the couch without saying anything. I started crying and went to go wake up Flo. She was so drunk she didn’t wake up. Crying even harder I went back to her sons room, locked the door and cried myself to sleep. The second I heard she was awake in the morning I told her everything that happened. 
It’s been 4 days since it happened and Honestly I’ve never experienced anything like this. I don’t know what to do. I’ve been feeling so sad/numb. I still feel like I smell his cologne and feel him on me. What should I do. I don’t know if I’m making it a big deal or not. I mean we were all drunk but that should never be an excuse. And I didn’t give him any hints or flirted with him the whole night to even make him think I wanted him like that. My mind is all over the place and I know it sounds SO beyond stupid but I don’t want to deal with police.
Someone help me:’(",2021-04-08 18:15:25,1617905725.0,"{'fuck', 'take', 'flirt', 'rub', 'feel', 'lick', 'push', 'kiss'}","['i', 've', 'never', 'experienced', 'anything', 'like', 'this', 'and', 'don', 't', 'know', 'what', 'to', 'do', 'how', 'to', 'feel']",relevant,non relevant
1letgbk,Miscarriage,"8 weeks, no heartbeat","I conceived in May 4th, with my first day of last period beingApril 24th. Today June 18 I am technically 7wk6d and went for my first ultrasound. It was transvaginal and she found the baby measuring at 6 weeks with no heartbeat. It was declared a missed miscarriage.

I am heartbroken, and a small bit of me is wondering if I should get another ultrasound in a week or two just to be sure. Because technically based on my conception date, I would be 6 weeks. And a heartbeat could possibly not be developed/detected yet… am I being delusional? I don’t know what to think right now.

I also felt like I was given zero information at the appointment, it was just a quick transvaginal ultrasound and then ok there’s no heartbeat, here are your 3 options: pass naturally, meds, surgery. 

Have you experienced this? What would you do if you were me? Is it normal for my OB to be so dead set and not offer any bloodwork or follow up testing? ",2025-06-18 21:40:31,https://www.reddit.com/r/Miscarriage/comments/1letgbk/8_weeks_no_heartbeat/,,miscarriage,miscarriage-data-updated - miscarriage_related_posts.csv,0998be4ddc72d4419cad141b918b36d29e7e2cd797ae4e9d249a8ae6df9274a7,high_precision,,,,,,,
mn82eh,assault,Was I sexually assaulted or groomed?,,,https://www.reddit.com/r/sexualassault/comments/mn82eh/was_i_sexually_assaulted_or_groomed/,,harassment,sexual-harrassment-data-updated - RelevantByTitle.csv,d486dd0b22dedf9101242ce827aa9043c9ee5ead72262f3ab40a056d7c46c391,,"{ I apologize for being too specific but hopefully someone can understand.} Starting from when I was about 6/7 years old, I would constantly visit my parents home country every summer to see family. My cousin was 20/21 at the time. He was my absolute favorite cousin so I easily grew a family bond with him. We would watch movies and play video games in his room. My cousin would slowly expose me to the sexual world the more I was around him. He would sneakily show me porn, touch my private parts while I sat on his lap, crawl into my bed and perform oral and have me do it to him. I didn't think anything of it but I knew it was supposed to be sneaky. I just thought what we were doing was supposed to be playfulness fun. I didn't think it was malicious intended. I was not properly learned about sex education yet. The last ever time he touched me was when I was 10, I woke up to him staring at me with my pants gone &amp; a hickey on my chest ( I remember feeling disgusted and actually old enough to know what he did was odd.) I finally came to realization that what he doing was wrong and disgusting. I suddenly became so angry and rude to him ( he made my family look at me like a bad/rude cousin because of my attitude) They knew nothing about it. It stopped because I think he realized I was too old and aware. For years ive felt so guilty because why didn't I FEEL abused or disgust when it was happening? was it bc I was too young? did he groom me? is this considered sexual assault? I know I was too young to consent but I don't fully understand. Im 18 now and there's not a day of where I stare into confusion and think about it. (note: Ive been addicted to pornography for years since he exposed me to it) . I appreciate any feedback/questions or anyone who takes the time to respond I know it can feel eerie to read I just don't want to be in denial. What's the correct term to describe the situation?",2021-04-09 2:57:32,1617937052.0,"{'feel', 'take', 'touch', 'abuse'}","['be', 'i', 'sexually', 'assault', 'or', 'groom']",relevant,non relevant
14wok57,Pregnant,We’re all alright!,"I am 18w+4 with a little surprise. I was told my whole life I couldn’t carry. I have had over 15 miscarriages. I had accepted some years ago I would never be a mother and in April I got the shock of my life! Since then I have refused to get too excited. Every ultrasound was nerve wracking. I just knew we would get horrible news. First I was just relieved the baby was in my uterus. Next time there was a little heartbeat. Then we saw them moving. Then yesterday I had my first appointment with my high risk OB. He went ahead and checked the anatomy. I was certain SOMETHING would be wrong. But no!!! Everything is perfect. All my bloodwork has been wonderful. And… we found out we’re having a little boy! I’m finally feeling cautiously optimistic. 

I don’t have any family to reveal and celebrate with. (Both parents are deceased and my older sister and I are no contact for various reasons). This community has been such a huge resource for me. So I wanted to celebrate with you guys!",2023-07-11 11:22:52,https://www.reddit.com/r/pregnant/comments/14wok57/were_all_alright/,,miscarriage,miscarriage-data-updated - miscarriage_related_posts.csv,0aa924140b5e9215be639547268d15c7187d2c8640188a51055fdb38cb019087,high_precision,,,,,,,
14lnhbq,Pregnant,Miscarriage 16 weeks + 5,"I miscarried today... at 16 weeks and 5 days. I had just told my parents this weekend that I was pregnant.

I woke up around 5 am and felt some watery discharge from my vagina, went to pee and then back to bed. When I got up at 7:30 am, I went to pee again and it felt like my cervix was swollen. While trying to push pee out, something came out of my cervix... my amniotic sac. It hung outside of my vagina, still attached to me. I shouted for my husband and he got me some paper towels. We called 911 and I arrived at the hospital at 8 am. My paramedics had ever seen a situation like this before.

After being checked by an emergency doctor and then a gynecologist, I was informed that it was not a viable pregnancy. The baby was still in my uterus and it's heart was still beating but they wouldn't be able to put the amniotic sac back in my uterus. There was also concern for infection if they tried and it could affect my womb/future fertility. I broke down crying. 

The gynecologist said that it happened because of a structural weakness in my cervix. If I was pregnant again in the future, I'd have to get my cervix stitched to support my baby.

After laying on a gurney for a long time and a few ultrasounds, I felt cramps around 1:30 pm and notified my nurse but didn't take morphine as the pain was still alright. My gynecologist spoke with me shortly afterwards about how to proceed with my situation. He was going to give me a pill that would start contractions to get the baby out, but he wanted to get me a room in labour and delivery first. 

I was transferred from the emergency department to labour and delivery around 3:20 pm. Just seeing the decorations and all the babies delivered at the hospital made me break down again. The whiteboard in my room had a message: ""welcome baby"" and my husband erased it when he saw me staring and crying. 

The sac was still hanging out of me and it felt like it was getting bigger. Shortly after transferring from the gurney to the delivery bed, I felt intense cramps and the baby came out, breaking the amniotic sac. It broke my heart further. I couldn't look, I just cried as I held my husband's hands.

I still took the pill for contractions afterwards to get the placenta out of my uterus. I asked for a painkiller since he had said that the contractions would be strong. The process of expelling the placenta took another hour and a half...

I got to see my baby. It was a boy, just like I thought it would be. We were going to find out the gender at my ultrasound in July... He was so tiny and red. I got to hold him and take pictures of him. I don't want to forget him in the future... The nurses also made us a card with his tiny foot prints. 

I feel like I've gone through the five stages of grief in the past 9 hours and a half, but I'm still heart broken. He was going to be our first baby, the first grandchild in the family, and the first nephew... My little bean...

ETA: Thank you for all your well wishes, thoughts, prayers, and comments. My husband and I have read each one. We are still processing and coping. There are bouts of sadness and short periods of tranquility.  We love our bean and miss him very much. 
I also edited the initial time and the spelling of cervix.",2023-06-28 22:38:51,https://www.reddit.com/r/pregnant/comments/14lnhbq/miscarriage_16_weeks_5/,,miscarriage,miscarriage-data-updated - miscarriage_related_posts.csv,1f74c2e624b170b6f58af76538887db4b4b14795637a362bade28be936d829ba,high_precision,,,,,,,
11gzwuv,BabyBumps,"And just like that, it’s over.","Went in yesterday bright eyed and bushy tailed for my first appointment at 10 weeks. Had my physical and my pap, all that good stuff. Then, midwife wanted to do a dating scan. Was excited for real ultrasound pics to take home to my husband and our 7 year old. 

Ultrasound techs face was scrunched and I could already tell something was wrong. She clicked over to the setting that shows the heartbeat, and silence. She looked at me and said she was so sorry, that she was not seeing or hearing a heartbeat. The maternal-fetal medicine doc came in to verify. He couldn’t find anything either. Just a silent baby shaped figure. They gave me condolences, my options, and ultimately I elected to do the misoprostol at home so that I could finish miscarrying in private. 

I know the statistics on miscarriages. I know how common it is. But for some reason I never considered it would be me. I’m angry and sad and confused all in one. 

Then having to tell my son (who is CONSTANTLY talking about “our baby”) that there is no more baby absolutely and utterly destroyed me. He was so heartbroken. 

Leaving BabyBumps for a while. Hopefully I can return in the future with a better story to share. Hugs and love to all of you, especially the September 2023 crew.  🖤

*Editing to update* - thank you all so much for the kind words and outpouring of love. I appreciate all of the kindness more than anyone can imagine. Hopefully there will eventually be some light again after this dark time for our family.",2023-03-03 12:47:43,https://www.reddit.com/r/BabyBumps/comments/11gzwuv/and_just_like_that_its_over/,,miscarriage,miscarriage-data-updated - miscarriage_related_posts.csv,5bfdcdbe105689610ade61daaa75527af0ecc2dc89935472e34506d13f6dff1e,high_precision,,,,,,,
l43vfa,assault,My (24f) girlfriend (23f) is a victim of sexual assault,,,https://www.reddit.com/r/sexualassault/comments/l43vfa/my_24f_girlfriend_23f_is_a_victim_of_sexual/,,harassment,sexual-harrassment-data-updated - RelevantByTitle.csv,16729f13a72286e583caa0efd44c829b1d9e5a750982e2ebce1aae6e0c0cc218,,"TW: sexual assault, rape

Hi Reddit,

My girlfriend was raped shortly before I met her. As you can imagine, it’s definitely had a huge impact on her. After almost two years her case is finally going to trial. I guess I’m just here to ask if anyone has been in this situation before? She’s terrified of having to go to court. I know this isn’t about me but I’m going and I’m super nervous as well, so I can only imagine how she feels.

Any advice on how to best prepare for court/how to be a better partner to someone who’s been raped in general would be greatly appreciated. I’ve been sexually assaulted as well and the aftermath was hell to go through and I just want to be the best partner I can be for her.",2021-01-24 17:34:01,1611509641.0,"{'rap', 'assault'}","['my', '24f', 'girlfriend', '23f', 'be', 'a', 'victim', 'of', 'sexual', 'assault']",relevant,non relevant
afkjte,confession,I sabotaged my father's marriage because he cheated on my mother.,"When I was four years old my father and mother divorced because he cheated on her. They had a really rough divorce and had lots of fights. Eventually the divorce was settled and my mother and father could move on. My father married his mistress, who I'll call 'E' as to respect her privacy. My father was really happy with her and me and my sister got a stepbrother and two stepsisters with whom we got along really well. Skip forward two years and 'E' started acting different and so was my father. Me and my sister often couldn't visit our father because he had to 'work', whilst in reality he was free. When me and my sister were there we often weren't allowed to eat at the table, which seven year old me didn't understand. Eventually my father started becoming more distant, he didn't wish me happy birthday anymore and missed a lot of important milestones in my childhood, like learning to ride my bike or plays at school. When I was nine my sister and I could only visit four days a month and had to sleep in seperate rooms. I vividly remember that during one weekend that we were there I had accidentaly broken a glass and 'E' had turned furious. She send me upstairs and had me take my socks of which nine year old me found really weird. Then she showed me a piece of glass she held in her hand and said that this is what I deserved for my clumsyness. She pushed the shard of glass into the sole of my foot. I yelled and cried and tried to remove my leg from her grasp when I felt a hand on my shoulder. It was my father's hand, he was helping 'E' do this, I don't remeber what happened after that. 'E' also got into a huge fight with my sister and had pulled her by her hair down to the basement. After these two occasions and a lot of verbal abuse we decided to break all contact and tell our mother what had happened (we hadn't told her before because, well he was our father) . My mother knew this was serious abuse but she was too afraid to alert the police since my father had threatened her with violence before. Skip forward another five years, I was fourteen and a freshman at the same school my former stepsiblings attended. Once I saw them all the memories started rising again. My two stepsisters had become huge bullies and lots of people hated them. Me and a couple of friends decided to retaliate and secretly put small bags of marijuana in their backpacks. Apparently this had caused a huge fight in their home and my father and 'E' decided to divorce. After this 'E' got into serious financial troubles and my father became an alcoholic. Two weeks ago he was arrested for assault. 'E' has alledgedly become a prostitute and my former stepsiblings have been brought into protective custody.  This has all been my fault, it was my idea to put the marijuana in their bags, even though they hadn't done anything to me. I ruined the lives of my stepsiblings and send my stepmother and father into a downwards-spiral. Yet in some sick way I don't feel any remorse. My sister has been dealing with a severe eating-disorder after all the verbal abuse from  'E' and has been hospitalised twice. I've tried once to commit suicide because of my sexual orientation since I thought I was an abomination after 'E''s conservative Christian rants. Now me and my sister are doing better, though we still have traumas. We've thought about starting a lawsuit but because of our ages during the incidents legal advisors have adviced us to just 'move on'. Anyway... I'm in a real moral dilemma: I did something that caused horrible things, yet I don't feel any remorse, am I a psychopath?",2019-01-13 15:55:45,https://www.reddit.com/r/confession/comments/afkjte/i_sabotaged_my_fathers_marriage_because_he/,,abortion,abortion_data-updated - new_abortion_related_subreddits_text_posts .csv,dea852b3882900c4bf8f7f5537b612f925a80b554d4a530cbf00176e72cbaf0b,,,,,,,,
kvspia,metoo,Prince and domestic violence- request for help finding articles!,,,https://www.reddit.com/r/meToo/comments/kvspia/prince_and_domestic_violence_request_for_help/,,harassment,sexual-harrassment-data-updated - RelevantByTitle.csv,37ee682ac0765a47d4feb93c003c62227c06c11c23b4f13bbbf93ab0838673d2,,"I distinctly remember hearing a woman speaking out about being thrown across a hotel room by Prince, yet however I toss and turn on the internet I can not find the clip or any articles about it! The scary thing is that I'm quite certain that this was not the only allegation, yet suddenly I can not find a single one.

All of this surfaced to me again as my father, in a very serious conversation with both my mother and partner present, said that ""there are many people like that in music(unspecified who he actually meant"" when I claimed that I, as a queer person, have a very hard time envisioning my own future and fight on the daily to find queer representation. He then mentioned Prince to which I answered that""I don't particularly relate to people who throw women across hotel rooms"" adding ""both Prince and Bowie have a history of sexual violence from what I've heard"".

Immediately he said ""but there's no knowing who made those accusations"", defending both Prince and Bowie without thinking for a second of the fact that only a fraction of domestic violence is reported, and even less leads to a sentence.

I'm getting more and more upset, yet can't bring myself to talk to him about it because I feel I lack ""evidence"". This hit me really hard as I'm working through trauma from an assault, which also could be seen as ""just an accusation"" as there was no sentence for the perpetrator and almost no investigation.

In other words I need your help!

Any and all articles, videos and documentaries on the matter would be really appreciated!",2021-01-12 14:31:10,1610461870.0,set(),"['prince', 'and', 'domestic', 'violence', 'request', 'for', 'help', 'find', 'article']",relevant,non relevant
jz23cw,assault,My Ex-Boyfriend (A Rant),,,https://www.reddit.com/r/sexualassault/comments/jz23cw/my_exboyfriend_a_rant/,,harassment,sexual-harrassment-data-updated - RelevantByTitle.csv,b481dd376f6cfb1d1cbdb53c713239cb4922b32264c970432f75964b67f3285d,,"I originally wanted to put this on AITA but realized that SA wasn't allowed and I really just needed to vent because I feel like this will never end.

I do talk about a lot of triggering issues in this, so TRIGGER WARNING for : sexual assault, abuse, self-harm, mentions of suicidal intentions, false rape allegations, eating disorders.

Back when I was 15, this guy (I'll call him Joe, who was also 15 at the time) was in two of my classes. I had no idea who he was throughout highschool but he found my social media and would message me every day, dropping hints that he liked me and such, but I *really* didn't like him. Eventually, after 3 weeks of friend-zoning him and not leaving me alone, I had enough and thought ""hey, maybe he'll leave me alone"" and finally said, ""fuck it, sure"". This, I know, is a mistake. He gave off huge incel vibes and I should have simply blocked him, and I fully admit that was my fault.

We dated for about 5-ish months, Sept-Feb, and he was awful.

Throughout our relationship, he would degrade me and make fun of everything I did- from wearing makeup to getting upset that I wore a choker. I would try to tell him nicely to stop, but he would pull the ""I'm going to kill myself"" card and then guilt trip me into doing whatever he wanted.

I am mentally ill, and I deal with a few disorders, namely anxiety and depression, and he would purposefully set me off and say things to sprout manic episodes out of me. Yes, this is also my fault for not just telling him off, but I was young and naive and thought he would maybe be nicer to me.

**TW: Sexual Assault** for this next block: A few notable things happened in December that were huge red flags that I should have told me to run for the hills. He sexually assaulted me multiple times. We were in the local mall, sitting at a table near the food court. I was wearing a turtleneck that was tucked into my high-waisted jeans, and I feel like it's important to state that for what I'm about to explain. While we sat at the table, he leaned onto my left side (he was sitting to the left of me) and he started to rub his hands up my thigh. I had told him to stop, as I didn't want to do that- especially not in public. He simply leaned into me and said: ""Don't you love me, \[my name\]?"". I said yes, like an idiot, and he continued, even though I had told Joe to stop. It was almost like he didn't want to hear me, because he started to untuck my turtleneck out from my pants, and he put his hand up my shirt. I told him, louder that time, to stop. People were walking by and looking at us strangely, and at this point in time, I was starting to freak out. He just repeated that stupid phrase, ""don't you love me?"". Then, he put his hand under my bra and started to fondle my nipple, and at this point in time, I remember trying to hold back tears. I was telling him no, over and over again, but he just wouldn't. Everything after this is a blur, and all I remember from that night is going home and sitting in the shower for an hour. This wasn't a one-time thing, either, during school, he would rub his genitalia up against my butt as I bent over, and I would politely tell him to stop. He didn't, of course. He would tell me he'd kill himself if I didn't send him nudes if I didn't make out with him, that sort of thing. I know I should have just dumped him then and there but I didn't. That's completely on me. 

**TW Abuse (?)** for this bit:     During our relationship, he hurt me a lot. He'd bend my arm until I started crying and begging him to stop, he'd bend my fingers way past their ability to be bent, and he'd grab my arms until I cried. He'd do this a lot. He also called me fat, which caused me to develop an eating disorder and I still deal with this issue to this day. He would take me away from my friends, push people he didn't like away from me, be rude to my best of friends. I don't know why but I didn't realise that this was problematic behaviour and that he was hurting me on purpose.

In the middle of February, he broke up with me, saying he wanted to break up with me in December and he only stayed with me because he felt bad for me. I was a mess, and very upset at this time. After about a week or so after the breakup, I tried to be friendly with him again (BIG mistake on my end, I know) and things only got worse from there. He ""cut"" himself (they were more like cat scratches than anything) and post pictures of it to his social media, flaunt it off to my friends saying ""look what you made me do"" and things like that.

I was, and still am, part of a club after school, and he was too. I tried my hardest to go to this after school activity because it was the only place I could focus on something other than myself and be with friends. Nearly every time I went, he would come to it right after me, stare at me, and talk shit about me to my friends. There were a few times where he pulled me aside forcefully, showing me his wrists, holding me by the arms in place, and he would touch my face and tell me how he wanted to kill himself because of the situation. The teacher who supervised this club had seen this happen multiple times and asked me if I was okay. It was very hard for me to deal with, and I was not okay with what he was doing.

Eventually, time passed and I was talking to my friends about what he would do to me, opening up about what had happened while we were dating, and they suggested that I tell the principal and police, because what he did was sexual assault. I did, and then things got even worse.

He went around the school, telling people things about me that I only ever told him, telling people that I had accused him of rape, *or* that I raped *him*. I have never had any sort of intercourse with him. He would stalk me around my high school, after school, and even went on a school trip to a different country where he did the exact same thing. I was very upset, and I eventually gave up and admitted myself into the Psyche Ward. There, I was diagnosed with PTSD.

Now, it's been nearly two years since he broke up with me, I have a new boyfriend who makes me very happy, I am having a mostly-okay life, but Joe still stalks me to the mall, talks shit about me and tries to pull the narrative that I had done awful things to him. I am not the only one he has done these sorts of things to, and I know of at least 5 other girls he has assaulted (nonconsensual touching and advances where the other party has told him to stop), and I am still very upset about the whole situation.

He has this best friend, who I'll call Jane, who is his little minion, basically. He uses her to talk to me, through her. She would come up to me in the halls and yell at me, calling me abusive, manipulative and a rapist. And I would just stand there and pretend to not see her. But then, almost a year and a half after Joe broke up with me, I had a history class with her and my now boyfriend. She would pretend to be buddy-buddy with me, asking me deeply personal questions, if I went to the police about Joe, that sort of thing. And every time she talks to me, it's always about Joe. I cut her out of my life but she still tries to sneak in.

I have gone to therapy, but it seems like he pulls something from his sleeve to make me live through more stress once I feel like he's out of my life for good. He recently stalked me to the mall again and mumbled under his breath how much he hates me, and it sent me into a panic. And it's not like I willingly put myself in these sorts of situations. For the past 2 years (after I tried to be friendly with him again), I have avoided him the best I can, and I turn the other cheek whenever I see him, yet I've had no closure, no punishments on his side (all he got was 7 warnings telling him to ""not do that again"" and me being told to leave the school) and not even an apology. I just feel awful. 

Does anyone have any advice or something because I feel like this is ruining my life and I can't live without him popping up and doing something to me again :(",2020-11-22 19:48:59,1606074539.0,"{'take', 'hurt', 'pull', 'assault', 'rap', 'stalk', 'touch'}","['my', 'ex', 'boyfriend', 'a', 'rant']",relevant,non relevant
1l91tya,abortion,looking for advice on what to expect after a medical abortion,"Hi everyone, I’m about to have a medical abortion and feeling a bit nervous. Can anyone share what the experience was like for them? Also, how did you manage the pain and emotions afterward? Any tips would really help. Thanks!",2025-06-11 19:31:09,https://www.reddit.com/r/abortion/comments/1l91tya/looking_for_advice_on_what_to_expect_after_a/,,abortion,abortion_data-updated - new_abortion_related_subreddits_text_posts .csv,b53728bb7ddd7074cb223b39a8fb86b911251c0896cf5282149b22dd98738b93,,,,,,,,
lnvr88,assault,Fearing I may have assaulted someone,,,https://www.reddit.com/r/sexualassault/comments/lnvr88/fearing_i_may_have_assaulted_someone/,,harassment,sexual-harrassment-data-updated - RelevantByTitle.csv,e03be80474d4c0022954d70ac8083e7a6a53bab8cdce1aa718d3ccfcd7245832,,"I want to preface this with the fact that I struggled with mental health and was on medication that really skewed my view of reality.

Over a year ago I met a girl, we hit it off, she invited me to her dorm room and we made out, she took off her dress and bra, I took off my pants and at one point asked if I could take off my boxers. She said I could if I want, I did, we kept making out but I could tell that something was wrong and I asked if I should put them back on. I can't remember if she said yes or didn't say anything, but I did either way. We kept making out, eventually I had to leave. She wanted me to stay the night but I couldn't, I said I would stay longer if we did more (I realize this was wrong it was the heat of the moment and the first time I had ever been with a girl). We didn't do anything else, I went home (parents would not be happy if I didn't come home), next day we talked and she said we got ""carried away"". We kept talking for a few days, she asked me to walk her to the grocery store one night because it was dark, but the next day she invited me to her dorm and said that she ""really likes me but can't handle a relationship"". 

Months later I met another girl at a uni event. She invited me to her dorm with some friends, we drank and smoke and later went to get food. We were flirting and at one point she pulled me in and kissed me. We went on some dates, and one day she invited me to her dorm, and we started making out. While we were I started dry humping her (I should have asked if that was ok, it was something the previous girl did to me and it just happened, she didn't ask but I was into it). We kept making out for a while and then she said she wanted to take a nap so we did, and she fell asleep in my arms.

 When we woke up we went to watch a movie with some friends, but she had to leave early, so I went back to her dorm to pick up my bag and coat so it wouldn't get lost. As we were kissing goodbye I leaned into her and pushed her against the wall, and we stayed there and kissed, and she said she had to go so we said bye and I headed out. At the time, I thought this was romantic and now I realize that it might not have been. She texted me the next day saying that she was sorry but couldn't handle a relationship, but that I am a good guy and didn't do anything wrong, but said that I was a bit clingy at times and acted like we were more serious than we actually we're (I agree with this in hindsight).

Months later I went on a date with another girl, and I asked if I could kiss her and she said yes, so we did. I drove her back and when we got there I leaned in to kiss her again and she did the same, and we kissed, but then I kissed her neck thinking it would be romantic, it didn't feel right and I quickly stopped and walked her inside, I tried setting up another date a few days later and she said she didn't feel a spark. 

Months later I am off my medication and feel that I have much more clarity, but also anxiety again. I feel like I may have really done some bad things, but also that it doesn't make sense. Why would someone literally want to fall asleep with me if I had done something bad, why would they ask me to walk them to a store alone in the dark if I had hurt them. But I was also reading on the Weinstein defense and how his victims had ""positive"" relationships with him afterwards, and I want a sanity check here if I am drawing false parallels. I've donated money to women's shelters I feel awful and the anxiety has been getting worse (I have not been accused of anything to be clear, I don't know why I am thinking of all this, but I feel I might be developing OCD, it runs in the family).",2021-02-20 1:22:25,1613784145.0,"{'draw', 'take', 'pull', 'flirt', 'push', 'kiss'}","['fear', 'i', 'may', 'have', 'assault', 'someone']",relevant,non relevant
1lf7hq3,Miscarriage,My boyfriend told me having a new baby will heal my grief.,"I had a miscarriage when I was 17 (three years ago) with my ex boyfriend. This pregnancy  quite literally saved my life. My ex was very abusive, and I couldn’t get out. However, my pregnancy gave me the strength to fight. But then I lost the baby, and it broke me. I still wake up everyday and think about my baby, and I don’t want to change it. My grief reminds me that he was real. 

I never talk about the pain I still feel for my baby unless it gets bad again. It got bad last night because my birthday is coming up. My birthday is hard for me since the miscarriage. so I mentioned it to my now bf. He told me that he heard getting pregnant again helps you get over your miscarriage. I told him that was one of the stupidest things I’ve heard, and that I didn’t think he should speak on it because he hasn’t experienced losing a child like that. And that you can’t replace a child with another child.
He then blew up at me and said how someone close to him did and that’s how they “solved their problem” and they’re happy now, and he said how he can’t fix my problems, and just all this stuff. 
So I said “Have a good day” and ended the call. Because I know if I would have stayed on I would have blew up just as much. 

I don’t know what to do from here, and would appreciate anyone’s thoughts on the matter. Thank you!",2025-06-19 10:33:32,https://www.reddit.com/r/Miscarriage/comments/1lf7hq3/my_boyfriend_told_me_having_a_new_baby_will_heal/,,miscarriage,miscarriage-data-updated - miscarriage_related_posts.csv,da8165c34dcd291e25b5b2506034a5fe76d58899d41001ec6de8d7ac15c8f801,high_precision,,,,,,,
1li2jhl,Miscarriage,Implantation bleeding or miscarriage?,"I would be about three weeks pregnant and a few days. I felt implantation cramping about a week ago, no bleeding. I woke up this morning with more cramps and blood. Very minor bleeding, but what was concerning was the small blood clots that made up most of the discharge. A few pieces of small pink tissue looking things as well. Dark red gloopy clots.  But as the day has gone by the bleeding isn’t heavy, but it is there everytime I go pee. Not soaking any pads or anything but maybe that’s because it’s still such an early pregnancy (if it was a miscarriage) 
For more context I had an abortion a few months ago unfortunately, and was wondering if maybe it’s some remnants of from my uterus of that abortion. I’m heartbroken because I wanted this one to work. I’m not sure what it is. I plan on going to the doctor my next day off work but wanted some input until then. ",2025-06-23 0:03:57,https://www.reddit.com/r/Miscarriage/comments/1li2jhl/implantation_bleeding_or_miscarriage/,,miscarriage,miscarriage-data-updated - miscarriage_related_posts.csv,3122bf745c558f2c415d3737563a1bddfa78166e84ab7a13d6a169ee2c139c36,high_precision,,,,,,,
1ld0ual,Miscarriage,No heartbeat at 9 weeks,"This was our first pregnancy, where we got pregnant at first try. Got all excited for our ultrasound at 10 weeks (thats how it is in usa, sucha bummer) and thats when the ultrasound tech told us that there is no heartbeat and it was measuring 9 weeks.
Opted to do the D&C, and now 2 weeks after feeling same as before as if nothing had happened but the truth is it was a missed miscarriage. I am so terrified now try to get pregnant again, thinking what if all this happens again? :((
What can one do to stop this happening again? ",2025-06-16 18:35:39,https://www.reddit.com/r/Miscarriage/comments/1ld0ual/no_heartbeat_at_9_weeks/,,miscarriage,miscarriage-data-updated - miscarriage_related_posts.csv,e14c12647db47f44e64ce37add9b2ebad7fef4f0abe50fff226c6d1d36970c78,high_precision,,,,,,,
1hak0rr,abortion,My Self Managed Abortion (positive),"I am a 24 year old mom of two girls in a beautiful relationship with my partner. We have been together 7+ years and tackled many challenges together. We are each other’s support system. However I fell pregnant 8 months postpartum from my second C-section. We both imagined ourselves having multiple of kids but I couldn’t imagine being an adequate mom with two that close. We were finally in a place where we were stable and we could start saving for another kid in a year or two. We have so much going on in our lives from kids, to buying a house, getting married soon, to me finishing school and much more I knew now was not the time. If it was even 6 months to a year later we could have managed. After a tough first day of grieving the what ifs and should I’s and what to do’s I came to a conclusion to terminate the pregnancy. I was around 6 weeks when my pills arrived. I kept the pregnancy and my decision a secret for various of reasons but primarily I was in a banned state. I knew what I had to do for my family, partner, myself, and any future children so I followed through with the medication abortion route.  I experienced some anxiety but my biggest feeling was relief. I. Had done some soul searching and meditating (and maybe a few tarot readings) and I felt confident I was making the right decision. The soul that would have been will come back to me, we both knew now is not the time. 

I read so many horror stories and sent myself into a spiral. So I am writing this hours before I take the misoprostal in hopes that I have a good experience. I will say I am extremely prepared. I have Tylenol, ibuprofen, and zofran by my bed and plan to manage my symptoms with those and a heating pad. I will be taking zofran and ibuprofen 30ish minutes before the misoprostal. I also will be using postpartum supplies such as pads, diapers and perk bottle. I even have pain pills from my C-section I can use if needed. 

Took mifepristone at 1 am 12/8 with 1000mg. Tylenol and 1 zofran (instructions suggested 24-48 hours)
-mixed emotions mainly relief, anxious
-slight cramping and mild nausea-lower back pain 

3:30 -I have trouble falling asleep but I think it’s just because I’m anxious 

7:15- woke up 

4:30 pm- anxiety started to creep in and had major cramping and some headache. Also had some pressure over in my lower abdomen 

7:00 pm -took Tylenol for headache, experiencing major lower back pain.  

10 pm - took ibuprofen and zofran (got the okay to take misoprostal 2 hours early) 

10:45 first does in - hopped in the shower while so I could reflect 
     I’m nervous, I of course spiraled and saw everyone saying how painful this was gonna be

11:03 starting to feel slight cramps/ something different

11:15:  swallowed the whole pills 

11:25: took Tylenol and my infant woke up so I nursed her 

11:45: , I have some pretty steady cramps mainly in my back 

12:00 definitely lower back pain, and like a lot of pressure. As of right now now manageable than my period just uncomfortable 

12:45: wiped and had small small clots, use the bathroom and saw small clot kinda nauseous 

3:35 woke up, took last dose of misoprostal, went ahead and took Tylenol, and zofran, bleeding like a normal period, passed another large clot when using the bathroom pretty sharp back pains

4:05 swallowed last dose of misoprostal 

4:45 pain peak but it was extremely manageable for me

5:10 went to the restroom and felt instant relief heard plop. I am choosing not to look. Changed my pad and and period underwear (really just a postpartum diaper)

8:15 woke up with my girls wnd just felt like I was on my typical cycle 

I’ve been kinda crampy all day but it’s like a normal period nothing scary really. The bleeding is tolerable just like the first few days of a period for me. I highly suggest being on top of pain management and picking a decent time that works for you. I hope I don’t have to make the decision again but honestly if I do, in my situation 10 pm-5 am wasn’t bad at all. I slept most of the night and still got up to do what was needed. It was like instant relief once the fetus (what I believed to be, as I said I chose not to look for my mental health and wellbeing)  passed. 

Overall I’m doing really good. I thought this was going to be really emotional for me, but I have done a lot of soul digging and self meditating before I got to this point and I know without a doubt I made the right decision. I am tired and have been napping resting all day but I’ve managed to still be able to parent my girls. This experience was a lot smoother than I thought. At the end of it I can say I am extremely proud of myself. ",2024-12-09 20:50:29,https://www.reddit.com/r/abortion/comments/1hak0rr/my_self_managed_abortion_positive/,,abortion,abortion_data-updated - new_abortion_related_subreddits_text_posts .csv,cf2ae0f2d6366d2807ee1fc67a37c99127f033166de5c93c7d37a034bb5bfbc6,,,,,,,,
o46p9s,assault,I feel like it’s my fault.,,,https://www.reddit.com/r/sexualassault/comments/o46p9s/i_feel_like_its_my_fault/,,harassment,sexual-harrassment-data-updated - RelevantByTitle.csv,6cd2707a57c0abf59a52810c159c4001644f412946ab143aed2f7e292cf12490,,I have a brother who I didn’t grow up with and finally when I was able to see him I insisted on a sleepover. All was well until I started to mess with him. As a sister would do to get him annoyed. However this is why I feel like it was my fault is because I stuck my tongue in his ear. Idk if that sounds stupid but yea now I suffer from anxiety and I keep having “what if” thoughts such as what if I was trying to turn him on”. This happened when I was in middle school and he would have been in highschool. I feel guilty and I feel shame because I didn’t ask him to stop. He tried to stick his hand in my butt but I kept pulling away. However I never pulled away when he fondled other parts and IDK why. I felt so disgusted and ashamed the morning after. I told him this and he smiled and said I shouldn’t be. It made me so uncomfortable. Idk what to do or what to think I cry about it so much.,2021-06-20 14:19:12,1624198752.0,"{'fondle', 'pull'}","['i', 'feel', 'like', 'it', 's', 'my', 'fault']",relevant,non relevant
1ln29bv,relationships,"He 27M,I am 24F losing interest after he became emotionally available.","

Context : 

I have always had been in an avoidant relationships. This feels new. There's no chase


A few months ago, I connected with a guy through a dating app.  We hit it off as friends first playful, emotionally expressive, and very present in each other's lives. He started giving me attention in small but consistent ways: daily good morning/night messages, check-ins, calling me by cute names, praising my boundaries


Somewhere along the way, the energy shifted  he slowly started expressing his feelings more openly. Flirty texts, emotional vulnerability, wanting to ""fix"" things in my life even saying he gets butterflies when I’m assertive. He’s warm, funny, emotionally expressive, and says he respects my boundaries a lot.

But here’s where I’m stuck:
I don’t know if I still like him romantically.

Initially, I did. I imagined things. But now that he’s become more available and emotionally open, I’m feeling… less drawn in. I don’t feel the same spark, though I deeply appreciate who he is. He’s not perfect  sometimes has a “I know it all” tone, talks without thinking, or over-explains  but he’s also someone who listens and adjusts when I express how I feel. 


What’s messing with me even more is that I’ve always had a rule:

 Don’t flirt or entertain someone who has feelings for you unless you're sure.
So now I’ve pulled back from the playful dynamic  not flirting, not indulging emotionally  just being friendly. 
But I worry: am I being cold? Am I being too cautious? Am I missing out on something real because I’m overthinking?



I’m also aware of this thought:

What if I let go of a good guy just because I didn’t feel butterflies for a week?



So my questions:

Has anyone else been in this situation?

Is it normal to feel disconnected when someone stops being a mystery?

How do you know when something is worth nurturing vs. gently letting go?


I'm not in a rush for a relationship. But I don't want to treat someone carelessly either or mistake comfort for chemistry.

Any insight would help 🙏

TL;DR : Started liking a guy when things were casual. Now that he’s emotionally invested and consistent, I feel less chemistry. Unsure if I’m self-sabotaging or if it’s genuinely not right.
",2025-06-29 1:01:43,https://www.reddit.com/r/relationships/comments/1ln29bv/he_27mi_am_24f_losing_interest_after_he_became/,,abortion,abortion_data-updated - new_abortion_related_subreddits_text_posts .csv,40ebc8bcbad8c226aa6f1fff57913b46078eb16c7af715fa569bd6bd91d93a37,,,,,,,,
1l575n0,Miscarriage,Threatened miscarriage,"I am currently 5w3d along. This is my 6th pregnancy and two of them were successful. I’ve been having significant low lack pain, which landed me in the ER. My hcg came back at 4,898 which was reassuring, so an ultrasound was performed. He said the yolk sac contains contents measuring at 5w5d, but the yolk sac is too small and there’s no heartbeat. I know this is early for a heartbeat, but I’ve never heard of a yolk sac being too small. They diagnosed me with a threatened miscarriage and said the pregnancy is likely nonviable. Anyone else experience something similar? I went into this pregnancy really guarding my heart because of my past losses so I’m not necessarily shocked, but it’s never easy.",2025-06-06 23:51:22,https://www.reddit.com/r/Miscarriage/comments/1l575n0/threatened_miscarriage/,,miscarriage,miscarriage-data-updated - miscarriage_related_posts.csv,774d2237e8191bad097f77189a5d20ec09516d3a80ee485147a472b7f6cd76cf,high_precision,,,,,,,
1ld3fzc,Miscarriage,Dr told me today,"My Dr just told me she thinks my pregnancy isn't viable. She told me hormonally and measurement wise everything looks fine, but the fetal heartbeat is very faint. She said there's a slim chance it will be ok, but it's more likely than not that the pregnancy will end in miscarriage. I am absolutely devastated. This is my second pregnancy, I haven't had a miscarriage before and I'm really scared. ",2025-06-16 20:16:08,https://www.reddit.com/r/Miscarriage/comments/1ld3fzc/dr_told_me_today/,,miscarriage,miscarriage-data-updated - miscarriage_related_posts.csv,7ecde4da2f6bb06c5fc21b0f7206c32c2e62bb46ed88972022511263e612abc4,high_precision,,,,,,,
jdd5n2,assault,is this sexual assault,,,https://www.reddit.com/r/sexualassault/comments/jdd5n2/is_this_sexual_assault/,,harassment,sexual-harrassment-data-updated - RelevantByTitle.csv,f04b1a70b8a2de595993de3afcdbb810874611d6989a4a5d08738032a8ea7fe2,,"a few months back i was dating a guy (...im a guy too by the way) and we were chilling and smoking pot and for some reason he grabs my hand and shoves it down his pants and asks me to touch him.

i mean i didn’t want it there because i wasn’t in the mood to do anything with him and just wanted to go home.

but is this secual assault",2020-10-18 9:07:50,1603012070.0,set(),"['be', 'this', 'sexual', 'assault']",non relevant,relevant
8s7key,assault,When do the dreams stop for me?,,,https://www.reddit.com/r/sexualassault/comments/8s7key/when_do_the_dreams_stop_for_me/,,harassment,sexual-harrassment-data-updated - RelevantByTitle.csv,e95e25c641bf57920fb2f55caaf90bb7028fb9c590153e3dd83075baa6253e31,,"Just woke up from another dream in which I relive the gang rape that took place around this time last year.  I've only recently begun to talk about it with people close to me, but the dreams have been ongoing ever since.  I'd like to stop waking up in the middle of the night, and I've tried the usual route of ambien and such, and even some ""unorthodox"" routes that I fortunately don't do anymore.  Nothing seems to kill them off, I just keep having them over and over.  I'm tired of waking up screaming.  What the hell do I do?",2018-06-19 9:39:44,1529401184.0,{'take'},"['when', 'do', 'the', 'dream', 'stop', 'for', 'me']",relevant,non relevant
jwoe1i,assault,Kid in school pretended to have sex with me,,,https://www.reddit.com/r/sexualassault/comments/jwoe1i/kid_in_school_pretended_to_have_sex_with_me/,,harassment,sexual-harrassment-data-updated - RelevantByTitle.csv,d2b6d3d15349df98522f1d703131d15f8abf1cd837f5d4315baf6454daeaad37,,"Hello all!

Today I had this memory from when I was a kid in school. I was about 7-8 years old. I was bullied a bit, not gonna lie. And I wasn’t “cool” as the others girls. I talked a bit louder and liked cartoons too much. There was a boy in my class that was older. He was probably 10-11. 
Usually this boy would grab me from behind, very hard I remember I couldn’t let go, and pretended to have sex with me. 

Over the years this memory comes to my mind once in awhile but I always repressed it as it was just “foolish kid playing”. Today is a bit stronger than other days. 

I don’t know if this is assault or something in this spectrum. Probably really just kids playing 

I just wanted to share as I don’t really understand why this came to my mind. I never told anyone about this.",2020-11-18 21:03:30,1605733410.0,{'bully'},"['kid', 'in', 'school', 'pretend', 'to', 'have', 'sex', 'with', 'me']",relevant,non relevant
mk6dls,assault,I miss who I was before,,,https://www.reddit.com/r/sexualassault/comments/mk6dls/i_miss_who_i_was_before/,,harassment,sexual-harrassment-data-updated - RelevantByTitle.csv,132decf545d73c4761a7f243e93f81fdb3f552710084d9d07789c2fd242ca6d3,,"Before I was raped (once by a male I barely knew then by a guy who forced me to go out with him) I never would have tolerated the way the rapist treated me. I just remember looking at the door and feeling hopeless like I shouldn't even try because he won't let me go.

I look at other people who haven't had that experience and just wish I could be like that again. Just feels so dissociative, like all these mutual friends just don't even know what happened. That on the outside I might look the same or even fine but on the inside I don't know if I'll ever be okay or feel normal again. I wish it hadn't happened, the first time scared me so much that when it started happening the 2nd time I was in panic mode and couldn't protect myself more.",2021-04-04 22:23:47,1617575027.0,"{'rap', 'force', 'feel'}","['i', 'miss', 'who', 'i', 'be', 'before']",relevant,non relevant
ikcu3f,Pregnant,"Six miscarriages, one stillbirth, one ectopic, two failed IVFs. Is this my happy ending?","For over a decade I battled with infertility. I watched my friends grow more and more distant because of their growing families. I missed baby showers and first birthdays, playdate get-togethers and walks through the park. People shy away from sharing these moments with an infertile girl.
It's human nature to protect. I watched my friends change. There isn't really much you can say to a woman who can't have any children. You feel sorry. You tell them not to worry, it will happen when you stop trying. You tell them about this one girl you know, who knows a girl, who was trying for so long, then adopted and then had a child when they stopped trying. You try to be kind. But its all horse pucky and it all hurts. There is no elegant way to be nice and not hurt at the same time. It doesn't exist.

Infertility cost me my first marriage. After a decade of trying to conceive, I started resenting him, his closeness and caring and detachment. I started resenting having sex with him, it became a symbol of our failures. I hated him. He hated me. So I left. It was the best decision i could have made for our happiness.

I am newly married, just days since our very intimate pandemic wedding. I am a new woman. He looks at me with passion, touches with desire, admires me for everything that I know I am...and used to be years ago. I am a woman.

7 days into our marriage we got our BFP. Strong, thick pink line... body raging with  sore boobs, bloated belly and  the joy of all the symptoms that prove life is there. I am in love. I am scared. I don't know how to do this again.

Hope is a horrible thing for infertility. Hope kills. Hope destroys. One of my angel babies was lost at 21w3d. A perfect little human. I had picked out my  nursery colors that time. I even bought some tiny newborn clothes. I dared to hope.

4 weeks and 2 days and I don't know how to do this. Dare I hope again? Will it destroy me again? Is this the one? Dare I think about nursery colors? Dare I join a group of pregnant ladies? Am I ready to erase my existence once again if hope betrays me one more time?

Ranting. Venting. Sharing. I know I'm not alone, but infertility is lonely business. To whoever needs to hear it - you are enough. You always have been and you always will be. You matter more than your womb. Love yourself first. Always.",2020-09-01 3:24:46,https://www.reddit.com/r/pregnant/comments/ikcu3f/six_miscarriages_one_stillbirth_one_ectopic_two/,,miscarriage,miscarriage-data-updated - miscarriage_related_posts.csv,abc9cfbd16274314104a507ce8d23bd9e1d95833438959132fe9dac47a7c60f4,high_precision,,,,,,,
mjwesb,assault,I'm not sure if I was sexual (?) abused in the past,,,https://www.reddit.com/r/sexualassault/comments/mjwesb/im_not_sure_if_i_was_sexual_abused_in_the_past/,,harassment,sexual-harrassment-data-updated - RelevantByTitle.csv,93b911f7e25d045fd38c1a07d744a1824b5311d1687c60e4129650172f5426f9,,"Hello everyone :) I hope everything is going just fine for all of you during this pandemic.

I (F17y) made this account because I have always had a question in my mind, and I think asking here first it's the right choice. When I was younger (5-7y), one of the daughters (14-16y) of my mum's friends used to play with me one of those role-playing games uk, where most of the times I was either her dog or her baby.

Well, from now long, my memory gets a little blurry, but pretty much I remember her closing the door of my room and just starting to touch me, not in private places, but all over my face, neck, and legs. 

She even tied her t-shirt (?) on my mouth and whisper things (that I can't remember) into my ear. The last thing I can remember it's her telling me to never say anything about these ""play sessions"" with her because I would look dumb if I said so.

In the past few months, I have been having dreams/weird flashbacks with us ""playing"", and I don't know how to stop it because I no longer know what really happened and what it's not real. It's just uncomfortable and I can't look her in the eyes anymore (she -now 21y- still is around as our mothers work together).

I'm not sure if this is any type of sexual abuse since we were both young, but I want to stop having these dreams/memories and I don't know what to do about that.

Thank you &lt;3333

(sorry for my English)",2021-04-04 13:38:27,1617543507.0,{'use'},"['i', 'm', 'not', 'sure', 'if', 'i', 'be', 'sexual', 'abuse', 'in', 'the', 'past']",relevant,non relevant
i3akjj,abortion,Had an abortion 3 months ago and I’m pregnant again.,"Has an abortion 3 months ago and wow I am pregnant again. I feel a little guilty and shamed but also not as worried as the first time  . I am nervous to go back to doctor because I feel they will judge and be like “ you again?!” Or “ didn’t you just terminate”. Anyone ever been through this?  How do I work on the fear of judgment and shame? 

*sidebar: We are not terminating this pregnancy and Partner and I discuss we will try and work this out .",2020-08-04 1:59:35,https://www.reddit.com/r/abortion/comments/i3akjj/had_an_abortion_3_months_ago_and_im_pregnant_again/,,abortion,abortion_data-updated - new_abortion_related_subreddits_text_posts .csv,f114f957d3b504d613e182065c82e7bce6f003b8508f609bef8a8956cd4fb764,,,,,,,,
nha9s4,TwoXChromosomes,If you live in Texas I hope you're on birth control.,"**EDIT 5: It seems every comment with links to helpful resources and information is slowly getting removed. I will do my best to compile a list of links at the bottom of this post. Mods, what's up with this?**


Abortions banned after 6 weeks with extremely rare exceptions. We're looking at lawsuits and ( **EDIT: Have been made aware I was confusing this part with the Abolition Abortion bill, it is correct jail time is not on the table yet with SB8**) ladies, nothing about the men here, except they can sue us for this as well; I guess telling us what to do with our bodies isn't enough! Texas is even pushing for bills that go as far as to give a woman the death penalty for an illegal abortion, but this has not passed *yet*.


Seriously though, with the Republican majority in the Surpreme Court and this being passed in Texas, they soon will try even harder to put more restrictions on birth control and things like plan b. If you want to avoid the headache of being sued ~~and jailed~~ for an abortion, for any reason (the bill makes no exception for rape or incest!), take your pills, get your rings, shots, implants, IUD, tubes tied, whatever your choice is NOW before we can't. You can order plan b on Amazon much cheaper, and there's plenty of online doctors willing to get you birth control at an affordable price without insurance. If you want your tubes tied keep advocating for yourself until you find a doctor that will do it for you. 

And most importantly talk to your husbands/boyfriends about this. Discuss what they can do to help; It's unfair this bill puts the responsibility of the pregnancy 100% on the woman. Discuss your options if you were to get pregnant. Start tracking your periods and ovulation cycles. There is definitely apps for that. I'm serious. You'll thank me for it later. 


Screw you Greg Abbott.


*Edit: Thanks everyone for the interactions and awards. Please educate yourself on how you can prevent an unwanted pregnancy, as well as the many resources that are online to help get you what you need (birth control, implants, plan b, IUDs, ect). This bill goes into effect in September unless it is (hopefully) striked down. Your body is your right and we should always support each other as women. I appreciate the support from the men as well! Also, thank you to the trolling hate DM kind Redditor! I won't be engaging with that :)*

*Edit 2: HOLY GUACAMOLE YA'LL. The support is overwhelming, I'm happy to see how many of us have eachothers backs ❤ I was so frustrated with this today and truly didn't think this would blow up; I was venting and just holy cow. You are all so amazing and awesome. There's a ton of great information in this thread for anyone who needs it! I'm glad this is gaining traction because even my own mother didn't know this had happened until I told her. And for anyone living in Texas, other than protect yourself, vote. Vote these people out, be loud about it, and always advocate to your rights to your body. For those looking to leave Texas, I don't blame you lol. Thank you so much to everyone!! ❤❤❤*

**EDIT 3: I can't see any new comments from within the hour (it's almost 9pm here). I've also corrected my wording and I did have two different bills confused; however the matter still stands as is; abortions are outlawed past 6 weeks and we can be sued, doctors can lose their licenses and clinics. There are proposed bills to have penalties such as prison time and the death penalty, but these have not been passed yet. My biggest advice is to VOTE and always protect your sexual organs. I apologize for any confusion; either way this is still outrageous**

Edit 4: Uhm, hello r/all. This is intensifying my social anxiety but anything to get the word out there.



Links:
https://aidaccess.org/

https://thepillclub.com/

https://thesatanictemple.com/pages/texas-lawsuit

https://www.amazon.com/Plan-B-One-Step-1-tablet/dp/B00H2D6WUA (morning after pill for under 165 lbs)

https://www.cvs.com/drug/ella (morning after pill for over 165 lbs)",2021-05-20 20:13:23,https://www.reddit.com/r/TwoXChromosomes/comments/nha9s4/if_you_live_in_texas_i_hope_youre_on_birth_control/,,abortion,abortion_data-updated - new_abortion_related_subreddits_text_posts .csv,dd2bdb07794d7965fc91426fc7396afe3f67cb55dafb7717ad2673cf176884f7,,,,,,,,
1l4e3bh,Miscarriage,Is that it?,"I miscarried this afternoon. I should be 8 weeks, but at my US 2 weeks ago there was an empty 5wk gestational sac and I had started spotting, so I’ve been preparing for a MC. Today, with no cramping, I passed what I think is the gestational sac after 2 weeks of light bleeding. I had been expecting a much more obvious miscarriage “event” with cramping and heavy bleeding. It was so strange and anticlimactic. It was just.. there.. when I went to go to the bathroom. My doctor’s office hasn’t gotten back to me yet… does anyone know if it’s possible I’ve already passed everything? I’m wondering if I should still be bracing myself for painful cramping and lots of blood 😣",2025-06-05 23:39:11,https://www.reddit.com/r/Miscarriage/comments/1l4e3bh/is_that_it/,,miscarriage,miscarriage-data-updated - miscarriage_related_posts.csv,f23aa169e06931d7be4863c1b8e1fdfb4a2289957805c132c874bf2bfb4bc69b,high_precision,,,,,,,
6aqu7f,assault,I didn't know I was sexually assaulted (aged 7),,,https://www.reddit.com/r/sexualassault/comments/6aqu7f/i_didnt_know_i_was_sexually_assaulted_aged_7/,,harassment,sexual-harrassment-data-updated - RelevantByTitle.csv,12ee541aff34bb68f739644b4c8689b3d7b9789172dcd06a11014eaecc1abc5d,,"It repeats in my head like it was just yesterday. I was so young I thought I needed to act and think like an adult because it happened to me. It felt like i didn't have a normal childhood, I always seperate myself to other kids because I wouldn't belong Im different. I always find it hard to get along with people always afraid of what they're gonna think of me does it show that Im not like them?

I don't know where to start when it happened. What I remember is me and my sister playing in the house and we have neighbour that has a backyard and we usually play with one of the boys just childish game. One day these two guys was invited to our place to place while my Mum (Single and independent) is in the the kitchen getting our food ready. We were in the room (one had one room we weren't rich but have roof under our heads) my brother playing video games and these two guys (aged 12-13) thinking of a game to play. The older guy ( forgot the name already theres just so much hate and anger i kept to myself I've made my self forget it) proposed we play wife and husband he wanted to partnered with me he told me he'll teach me and he told my sister to partner up with peter the (younger brother) he told them to start first but they both just said ""no"". He said they're being boring, he told me to lay down on the floor my siblings watching, he laid on top of me l didn't know what was happening he started kissing me on the neck he started ti touch me I was confused l felt afraid but i didn't want to show It. All I can see is their faces looking down on us. I saw my sister and brother looked at me and disappointed. He told me to stand up and ask me if i want to get cleaned up so i went to toilet he followed me .... he.. pushed me to the wall and pinned me there he started to kiss my neck rubbing.. his crotch on me I just stood there. Afraid and frozen i just saw my self like i was just watching what's happening and I didn't do anything about it. He stopped when someone started calling us. I forgot everything after that. 

Everyday of my life I see them my brother and sister started to treat me differently. He didnt want to talk or play with me she did the same. I always ask myself am I that disgusting that i let that happened. Till now i still pictured what happened. I separated myself to everyone It was difficult for me to make friends I feel like they will look at me the way my siblings did. I hated guys I hated the thought of guys doing things to helpless girls like me confused and afraid. I look at every guys as perverted and have bad intentions. Until now I experience perverts and evil guys and I still freeze I don't want to make any attention Im afraid how they will look at me. Sometimes i hate myself for letting my fear take over where i should be protecting myself. I don't know why Im like that always afraid to disappoint and afraid to be embarrassed. I look up to people who stand up for themselves. I wish I could. I still hold this anger until now (20) i have so much anger I don't know what to do. 😢i dont want pity i want them to feel pain. 😡😔",2017-05-12 11:55:14,1494590114.0,"{'follow', 'take', 'push', 'kiss'}","['i', 'didn', 't', 'know', 'i', 'be', 'sexually', 'assault', 'age', '7']",relevant,non relevant
1gm8jlh,abortion,"24 weeks along, this was my experience ","

I will explain the back story if needed - just wanted to explain the process to people this far along because I really wanted it for me and couldn’t find it.

I went to Hope Clinic in IL and my appointments were 3 days in a row. Tuesday, Wednesday, and Thursday.

They offered financial assistance, assistance finding and booking hotel, and scheduling uber rides. (I didn’t have a support person) 

Day 1: I was extremely anxious. All of the staff were so sweet the whole time and comforted me so much. After filling out paperwork I got my ultrasound done. Then waited and got my blood pressure, and other vitals along with a finger prick to confirm my blood type. After that I went to a private room to talk to a counselor. Went over if I wanted to go through with it, and the process of what to expect. Another lady went over financial, did the payment, and got a medication to calm me down along with a  Mifepristone pill to stop the development. Once that kicked in I got a shot in my abdomen and got sent home with instructions and meds. Didn’t need the meds, I felt pretty normal.  I was at the clinic from 10:30-2pm?

Day 2: when I arrived I went straight down stairs. They immediately gave me meds to help with anxiety and to make me tired. I put a gown on then they wheeled me to get the laminaria rods put in to dilate my cervix. They put in 5.  I don’t really remember it but there was some pressure.I was there from 10-12 in total. The night for me was fine, mild cramping. I had 600mg of IBs that helped - more wasn’t needed.

Day 3: I felt scared but relieved it was my last day. There was a protestor yelling stuff at me but the people working outside guided and blocked me and was very supportive. I checked in, got meds right away, changed into a gown. They gave me 2 misoprostol and then I was in a comfortable waiting room until it kicked in. It seemed to right away. The pain was intense and it didn’t take long for me to be ready. They gave me an IV and I was awake but had “twilight sedation” - all I remember was a little pressure and pulling sensations. I also remember 2 different nurses holding my hands and rubbing me and telling me I would be okay. Then I got put in a diaper and they kept me in recovery until my bleeding was under control. 
I there from 8am- 1pm.

Bleeding a couple hours later is comparable to a heavy period, not experiencing pain.

Let me know if you have any questions",2024-11-08 2:51:18,https://www.reddit.com/r/abortion/comments/1gm8jlh/24_weeks_along_this_was_my_experience/,,abortion,abortion_data-updated - new_abortion_related_subreddits_text_posts .csv,d728e72db2ee686c8ff0e7e9e4783b85eac42cb3b3c32756b5dcb9b33cfe9b16,,,,,,,,
1lmt8od,relationship_advice,"Me 24F wants marriage and child, but my boyfriend 27M doesn't","This is about my relationship, me 24F and my boyfriend is 27M. We started our relationship in July 2021, so we're almost 4 years together now. We met in April 2021 through tinder, texted for a month and randomly went out last night. I was on a rent, living with my dog and he lived with his parents and his brother in a house. We had a car trip to another city like 2h drive, at like 11PM.. idk how I agreed now looking back at it. At the start it was kinda awkward, but we started talking. After a few days we hung out again, he drove us again at midnight to the beach, like 4h away from home. It was really adventurous and exciting, for a first time someone takes me on such spontaneous dates and I felt alive. We went into the water and he kissed me. It was like in the movies. I liked him, he liked me too. We continued to hang out, the talks were smooth, we started being intimated even. We haven't discussed what are we, so I brought it up, he said that we're a couple.. i kinda felt embarrassed to bring it up, but I wanted to know where i stand of course. After a month or two, we were at my place and Idk, I felt like the moment was right so I wrote on his back with my finger.. like an invisible message (I love you) and I made him guess.  He guessed it and that a kinda the first time I felt comfortable to say it, I know, too early but I just felt like it. He said it back. On our 5th month of our acquaintance it was my birthday, my parents wanted to meet him so we went our to grab dinner, it went fine, they liked him. And after that... things took a turn. I was on birth control, but somehow I was pregnant. I felt mixed emotions. I shared with him in person, i wanted to keep the baby but he didnt. He wanted for me to get an abortion,  wanted to pay for it and to not tell anyone but I refused. I went to talk with my mom, she called us both over. She basically went on with a lecture how we're adults and some actions have consequences. She wanted us to do what's best for both of us and that is a decision that both me and him had to make. But she just wanted us to think very carefully about it, because she saw that I was unsure. We decided to keep it. My grandma had my dog over to watch it while the situation was going on, plus she has a big yard so we go every week. He blamed me, if this baby was going to get born and be disabled (cause of the birth control, even tho I stopped when I learned that I am pregnant) and because i was smoking at the time, how his parents would be mad and etc. He arranged me to meet with his parents, they were lovely and accepted me. We started living at my place, but in December I had a spontaneous abortion. We were devastated.. he stayed with me tho. I was surprised, I expected him to leave me after everything. We continued to live together and even got a bunny as a pet. He wasn't used to cleaning up after himself but we had a talk, I taught him cause his mom did everything at home. After like an year, we tried a second time for a baby but again, missed abortion. Again at 8th week. Everything felt hopeless. It was hard for me, mentally, physically, emotionally. I had to always deal with jobs that weren't understanding, I suffered in silence cause we decided not to tell out parents. We started living at his house, a different floor. His parents are at the first floor, we're at the second and his brother on the third so we're all like neighbours. We tried a third time like almost an year ago, but again nothing. I had check ups, blood tests and all that. Turns out I have some MTHFR mutation and some 4G/5G mutation. He has one too where i forgot the term.. he multiplies some cells and deletes others. But it's not impossible for us to have a healthy child, there's like good 40%. The professors told us to keep trying till we're young and after 30 we could try IVF if it doesn't work. It gave me hope, I waited some time to heal. I want to try again for a child. At the beginning of the year we talked about the autumn or the end of the year. But like a month ago we had a conversation again and he said he sees it as a final destination to have kids... and marriage he wants it, he wants to be with me and has kids with me but not now. And I want it now, I'm ready. I want to be a mom, I want to give my love to this tiny human being. I want to get married and be someone's wife and mother to my child. But I'm not even sure this someone is my boyfriend. He doesn't know what he wants. I asked him how he pictures our future in 5 years and he couldn't answer. He wants us to be more responsible  and yet, he lets his parents pay for our repairs at home (like the whole bathroom and now soon the kitchen as well). It bugs me, he has no desire to learn to fix anything, yet he doesn't wanna call workers to start repairing the kitchen. He wants his child to live in a modern home, yet he always delays to start the repairs. He's lazy, has no motivation and he even admited it, his mother did everything at home. I'm not perfect either. Sometimes I'm childish, I used to have toxic behavior (which I recently discovered) that I nagged to much at the start of our relationship when he hung out with his friends or left me alone, cause I wanted to be jointed by the hip. I didn't have friends, just one, so no social life. I wanted to be together 24/7 and now I'm learning to fix it. I used to be terrible at social events, now im trying to be better. To socialize more. I think about starting a yoga class, to meet new friends. In the next two years I want to start the yoga class, find new friends, go to Paris, get married and have a kid. He doesnt know what he wants out of his life. This is such an uncomfortable conversation to have, it's never the moment, we always talk but somehow we can't meet in the middle.. it's not like we have to split a potato or the last slice of pizza. We're talking about A WHOLE CHILD. I feel ready to have one and he doesn't. I'm willing to wait a year or two, but what if he doesn't change his mind and i wait for nothing. I think I'll never find a better man and I'll stay alone for the rest of my life. But at the same time I'm not okay with him not changing and staying like this till the rest of our lives. I think I might leave and regret it, and after some thought I think I'll be fine. I have so many questions in my head. I love him and it's so hard, he's a good man, he's being kind to me, loyal, supportive. But we're taking a different paths in life, I don't want to give him in an ultimatum too. I don't want to pressure him I to having a child with me or to get married if he's not ready. Bit I also resent him for making me wait. I'm tired of always being the one who drives this relationship - where are we going and everything. I'm always the one to bring up the wedding, the children.. and he's always telling me that I'm being in a hurry. I'm literally not. But I feel like for 4 years you should know if you wanna marry me or not, like what else is there to wait for if he's certain about it? He says that feels like I'm not ready neither for a wedding, nor a child but I feel like he's projecting his insecurities on me. I'm just tired of everything.. What's the best advice you guys have for me? What would you do in the situation, I'm telling it from my perspective of course.
I'm sorry about the long post, but I needed to let it out",2025-06-28 18:04:16,https://www.reddit.com/r/relationship_advice/comments/1lmt8od/me_24f_wants_marriage_and_child_but_my_boyfriend/,,miscarriage,miscarriage-data-updated - miscarriage_related_posts.csv,2aa2b55118777f085604bc8a27586f6e501ec5a19df23350093bd01cfeb2e649,high_precision,,,,,,,
1ll0q6d,BabyBumps,Early pregnancy - cramps?,"Hey everyone! I just got 2 positive pregnancy tests this week after only a month of trying. They told us it would take a long time, so it came as a surprise.

I am a bit worried because I have some cramps as if my period is coming, yet it's 2 weeks past when it should have come (+ the positive pregnancy tests). Based on the Flo app, it says I am in week 6 and I read online that most miscarriages happen until week 10 (with symptoms like cramping). I also had just a bit of nausea and I am  sleepy and tired. But otherwise, none of the other symptoms like cravings or mood swings.

So I guess I am looking for some reassurance about it - has anyone else experienced such symptoms? Is it normal?",2025-06-26 13:53:36,https://www.reddit.com/r/BabyBumps/comments/1ll0q6d/early_pregnancy_cramps/,,miscarriage,miscarriage-data-updated - miscarriage_related_posts.csv,f292ce2195fed2554d92df89aa31ecd1cacc46eea0f8e0d224c9a5f8b3eeba98,high_precision,,,,,,,
nbb9rr,assault,"I could only recall my repressed memory once, does that mean it isn’t real?",,,https://www.reddit.com/r/sexualassault/comments/nbb9rr/i_could_only_recall_my_repressed_memory_once_does/,,harassment,sexual-harrassment-data-updated - RelevantByTitle.csv,037bb825f0de702ee6c1ffb7ab8a39e2ffe3f8b205015986c56e56fd75ed14aa,,"A repressed memory of getting molested by my older brother hit me while high (on weed) as a full-on flashback. 

It was nearly ten years ago. It was extremely vivid though. It felt like I was in his bedroom. It felt like he was right next to me. I never had a memory this realistic and vivid occur before. Usually I cannot recall much of childhood. 

However, after the flashback I could never remember it. I could only remember the memory of getting the flashback, not the memory itself. This probably makes no sense but it makes me extremely confused and wonder if it was even real to begin with.",2021-05-13 7:48:33,1620892113.0,{'molest'},"['i', 'could', 'only', 'recall', 'my', 'repress', 'memory', 'once', 'do', 'that', 'mean', 'it', 'isn', 't', 'real']",relevant,non relevant
9nja50,raisedbynarcissists,"""I'm scared of hating my child as much as my parents hated me""","Yesterday was a huge moment of truth experience. My spouse and I went to a childbirth class and the public health nurse made us watch a video of a birth. After twenty hours of labour, the woman gave birth to a child. I don’t know what everyone else was thinking, but I started having terrible thoughts: “what a waste; after all that work, they just dump more work (a screaming child) on you, etc.” and started getting angry. My spouse noticed I was tense and shaking a bit, so he held my hand to sort of wise me up to it, but that didn’t help me much. After the class, we talked about whatever I had been going through. Finally, I blurted out, “I’m scared of hating my kid as much as my parents hated me”. As soon as the words left my mouth, I could taste the bitter truth in them. Then, I cried. 

I don’t have many memories of childhood, and I’m not sure how one translates to their kid that they hate them that much, but I know I knew it growing up. When I was 4 or 5, I remember clearly saying I didn’t feel loved and constantly asking my mother if she loved me. My brother remembers my mother crying in the shower because I kept asking that, but I don’t. I do remember her once sitting on my bed with me and praying that I would feel loved, until I started to imagine a train full of hearts and that calmed me down for a moment. But, that unloved feeling never left. I kept asking if I was loved and asking and she always replied I did, but how can one feel that way all the time without it being a lie? Actions speak louder than words, but I can’t remember her actions. ",2018-10-12 11:00:16,https://www.reddit.com/r/raisedbynarcissists/comments/9nja50/im_scared_of_hating_my_child_as_much_as_my/,,abortion,abortion_data-updated - new_abortion_related_subreddits_text_posts .csv,cdb480d6abf3ae56815e571ba06165b6a95238b022f92329a2da7966764c8f82,,,,,,,,
1c0l3lv,relationship_advice,New Boyfriend (28M) is a conservative trump supporter. I’m a liberal (25F). Should I give him a chance or dump him?,"I just started dated this guy for about a month or two. He checks all my boxes. He’s sweet, funny, kind, caring and wants a long term relationship like I do. We literally agree with most things except our political views. I don’t mind dating someone with differences. But he doesn’t support gay rights and abortion, which are two causes that are close to me.

He’s ok with me having gay friends. But doesn’t support being gay which confuses me. However when I brought up me being pro-choice, he just said “I don’t know about abortion. I believe the Bible”. 

I’m gonna have a talk with him this Friday to see what his views are in more detail. Has anyone had success with dating someone with opposing views?",2024-04-10 13:04:44,https://www.reddit.com/r/relationship_advice/comments/1c0l3lv/new_boyfriend_28m_is_a_conservative_trump/,,abortion,abortion_data-updated - new_abortion_related_subreddits_text_posts .csv,19d9744825b9357e426623d029b647c53a41acd0e05bf2dd44960e9d8ee4bdba,,,,,,,,
1l5qv71,Miscarriage,Struggling to Understand,"
My partner and I are really struggling to understand this and would like some advice. 

I had an ultrasound last week where we saw the fetal pole, heard the heartbeat and saw the embryo. 

This week the gestational sac was empty but the sac was still there. They were not able to find the fetal pole or heartbeat or embryo. 

I haven’t bled. I haven’t had terrible cramping. I’m just so confused. 

Would this be considered a silent miscarriage or a blighted ovum? Does the difference matter? What questions should I be asking my doctor? ",2025-06-07 17:53:53,https://www.reddit.com/r/Miscarriage/comments/1l5qv71/struggling_to_understand/,,miscarriage,miscarriage-data-updated - miscarriage_related_posts.csv,bfc221452525cbd6fb109aa8cdfc95971fd7b34fbbaae628d032f38dd59cedbe,high_precision,,,,,,,
1kyjifr,Miscarriage,HCG levels,"Those who have had early miscarriages and chemicals - what was your 48 hour bloodwork results? 

2 days ago my hCG was 56 at 13dpo. 

Today, at 48 hours, it’s still 37 (15dpo) even though I started bleeding since the day before the 56 (12dpo).

I’m worried with how slow it’s dropping even though I’m on day 4 of bleeding that it could be ectopic.

Anyone not drop by 50% once bleeding in early losses? Ready to escape this roller coaster. 

(My other chemical dropped way faster and other miscarriages were way higher so not comparable)",2025-05-29 19:17:05,https://www.reddit.com/r/Miscarriage/comments/1kyjifr/hcg_levels/,,miscarriage,miscarriage-data-updated - miscarriage_related_posts.csv,c6768eb6c2a2b4cf4e6cc84ca8f487c0eb1e5d625f68bd01f5715b8921d96870,high_precision,,,,,,,
1kzqtbf,TrueOffMyChest,Update: My father is going to be taken off life support today. I don't think I'm going to say goodbye. He passed away today.,"Original post: don't think I've ever felt so confused in my life. Let me explain in the least traumatic way possible for myself. A huge trigger warning for this post.

I was adopted by my parents at four months old. I have never met my birth parents. Anyways. I'm 19 F. My father who i haven't spoken to since the day I ran away two years ago is currently very sick and will be taken off life support today. The only reason how I know this is because a friend texted me because my mom (who I also haven't spoken to since the day I ran away got ahold of her to tell me...) 

I am hurting bad right now. Like so so bad but I don't know what to do. I am diagnosed with PTSD because of what my father has done to me. Since the age of 9 years old he had been extremely sexually abusive towards me (in the sickest way possible.) My virginity was lost when I was 9 by my dad in the shower and I still have trouble in showers to this day and can sometimes feel the water running down my body from that day. I struggle so much from how much pain he has put me through. He beat my mother directly Infront of me after telling me ""this is what will happen if you say anything, but I will kill her."" So my mom was scared and condoned his abuse. It was so bad and once again there's no words to explain how sick of a person he is.

When I was 17, I decided to run away in the middle of the night to some man's house that I met online (I ended up becoming a victim of sex trafficking which I escaped and currently dealing with detectives while deciding if I have enough courage to not KMS and testify.)

I haven't spoken to my parents since the day I ran away. I'm living inside a place special for victims like me and I don't know what to do. I just received this text and I just don't think I am going to call. Am I hurt by this? Yes, and I don't think I can handle either. I am plagued by so many emotions right now. I'm sick to the stomach.

Edit: thank you for all your responses. It means the world to me and I'm sorry I'm not mentally available right now to respond... But I truly appreciate every one of you for the soothing words.

Update: he ended up passing away today. I did not say goodbye. I guess my friend went behind my back and gave my mother my phone number (who once again I haven't spoken to since I ran away.) im being called a monster for not even calling. I haven't responded to her obviously, but this is such a hard situation.",2025-05-31 6:55:03,https://www.reddit.com/r/TrueOffMyChest/comments/1kzqtbf/update_my_father_is_going_to_be_taken_off_life/,,abortion,abortion_data-updated - new_abortion_related_subreddits_text_posts .csv,55d408ab066fe3a95934514b0eec4a6dd05bba5fb0581536eee7f828e45ab72c,,,,,,,,
1lhk4uq,Miscarriage,Possible Chemical Pregnancy?,"Last night I experienced cramping and had gushes of sticky clear and brown discharge. This is abnormal for what I would call a period. In fact I felt pregnant the week prior, as I have a child and remember what it was like 4 years ago, but the symptoms disappeared the day before (extremely puffy sore breasts, uterine fullness, heightened senses and extreme sleepiness). Then it started with lots of clear sticky discharge, I kept thinking it was blood but it wasn’t. Later on in the evening I experienced a little more cramping and went to the bathroom, after wiping there was dark brown sticky string mucus and lots of again clear sticky fluid. Even now hours later there is no blood just clear and little tinged particles. Online says this was a chemical pregnancy. Has anyone else experienced something similar? I feel upset and sad really as I was waiting any day for a positive test. ",2025-06-22 9:46:08,https://www.reddit.com/r/Miscarriage/comments/1lhk4uq/possible_chemical_pregnancy/,,miscarriage,miscarriage-data-updated - miscarriage_related_posts.csv,65dd896dfdcdaf639475c671585e9018f84441b690616f3266e4f268bec24c39,high_precision,,,,,,,
js8kys,assault,What do I do about being groped nearly 10 years ago?,,,https://www.reddit.com/r/sexualassault/comments/js8kys/what_do_i_do_about_being_groped_nearly_10_years/,,harassment,sexual-harrassment-data-updated - RelevantByTitle.csv,17d2ee5132c05c114319e304855bb4f4776de30c5b4887dbe7772c2d97e92f18,,I don't know how to deal with the fact he got away with it. A boy in my class harshly grabbed me from underneath my butt and had a grin on his face while he did it. He didn't even have a crush on me because he had called me a bitch for no reason prior to that so it was obvious he only did it to assert power over me. That's why it's so fucked up. Do I just need to get over it or is there something I can do? or is it too late,2020-11-11 13:59:05,1605103145.0,{'fuck'},"['what', 'do', 'i', 'do', 'about', 'be', 'groped', 'nearly', '10', 'year', 'ago']",relevant,non relevant
5ekt79,relationships,"I [29F] took in my intellectually disabled sister [23F]. Parents accuse me of ""stealing their daughter"".","My sister was born with a severe intellectual disability. This caused a big strain on our family while I was growing up. At some point my parents gave up on her and decided that she just can't be helped anymore, despite the fact that doctors thought otherwise. After she turned 18 my parents tried to petition the courts to continue be her guardian but they weren't successful.

When she turned 19 I took her in with me and put her back under professional mental health care. She lived with me but spent a lot of time working with doctors, psychologists and various types of therapists to develop further. She wasn't growing to gain complete independence but that didn't mean she had no room for improvement. They helped her a lot. Last year she was able to get a simple part time job and she's held onto it until now, something our parents always believed is impossible. These past four years she's improved so much that she's a totally new person. She's still intellectually disabled and can't live independently but she's miles better than when she was with our parents, and miles happier.

This year I was able to obtain guardianship over her as that helps a lot with my involvement in her healthcare and finances. Before this, my parents always told me that I'm wasting my time with her. Now after they learned about the guardianship, they became incredibly upset and offended and they started to tell me how I stole my sister from them and I have no right to do what I'm doing and things like that. They've been trying to contact her to manipulate her I guess which I have so far blocked. This is all drama that my sister will not understand and does not need. But I suspect my parents aren't going to stop. They're some of the most stubborn people I've ever known.

So I guess I'm looking for advice as to how to deal with them without letting it affect my sister. 
  
  ---   
  **tl;dr**: I took my sister in and helped her develop. Now I have guardianship over her which made my parents lose their mind and they're trying to mess things up for her and me.",2016-11-24 0:28:06,https://www.reddit.com/r/relationships/comments/5ekt79/i_29f_took_in_my_intellectually_disabled_sister/,,abortion,abortion_data-updated - new_abortion_related_subreddits_text_posts .csv,9020a75c4db9f088f95facea4b4a4a716985d33586214466073956bac05874cf,,,,,,,,
1lgcz8w,BabyBumps,"As a husband, what can I do?","My wife(32) and I(34) had been TTC since last April, and the entirety of 2024 was a wash. Not one positive pregnancy test, so we decided to go to a fertility clinic at the beginning of the year. Tests were okay, I had good numbers on the SA but my wife had a less than optimal AMH level, but still fine and no reason to believe that we couldn't conceive without intervention. We find out in March that she has a polyp on her uterus and it needs to be removed. Great, procedure is done in April and we can start trying again.

For the first time since we started, we got a positive pregnancy test in May. I'm over the moon, but she is a worried mess and needs constant reassurance. We go in for a few ultrasounds, her HCG and progesterone look fine, and she was prescribed progesterone suppositories just in case. Reassurance, ""everything looks good! We should be happy and hopeful! No reason to believe you can't hold a pregnancy, we've never gotten this far before!"" HCG and progesterone kept progressing normally, and we get a view of the gestational sac, but no yolk sac as it's still early. More reassurance, ""the doctor said it was early! We could possibly see a heartbeat next week but we should at least see more progression!"" We go in this morning for another ultrasound, and are told that it seems like a blighted ovum.

My wife is crushed, her worst fears realized. Nothing I say now can help, I was wrong about everything. This was supposed to be our baby, but instead has turned into another procedure that needs to be done and revert back to square one. Now, even if we get pregnant again, I have no idea what I can do to reassure her that this one will turn out okay. She's blaming herself, and she has done nothing but try to do the right things for a successful pregnancy. Nothing I say will convince her that *none* of this is her fault.

I'm sad this didn't work out but I mostly feel **angry**. I hate how all of our joy was snatched away in an instant. I hate how we cannot seem to get ahead. I hate how I feel useless in all of this. I don't know what to do, or what to say anymore. And now on top of everything, the clinic still wants her to come back next week for a final ultrasound to see if there is any progression. I don't know how to navigate the coming week, I don't know how to comfort her in all of this. Do I let her dictate everything? She is completely convinced that we will be scheduling a procedure to have it removed and will need to start over. It seems there is some possible hope that we could still see this be a viable pregnancy when we go back, but there is no chance I even try to say that out loud around her. I can't give her false hope again.

Any advice is appreciated, and I hope the post is appropriate for the sub. I don't know where else to go, as my post was removed from the pregnant subreddit. Thank you in advance for reading my long-winded post.",2025-06-20 19:37:03,https://www.reddit.com/r/BabyBumps/comments/1lgcz8w/as_a_husband_what_can_i_do/,,miscarriage,miscarriage-data-updated - miscarriage_related_posts.csv,09b87715ae321bd7d088272579662f5e0b9ca55dc0def82c4c55de077091febc,high_precision,,,,,,,
1dperz1,relationships,I (F34) just found out that I have at least 4 stepsisters,"I (F34) have been an only child my whole life. My mom (F63) is a single mother and raised me by herself but never ever told me or talked about my biological father.

I never had a father figure, my grandparents were separated since I remember and my grandfather lived in another state, so we did not have a relationship with him. My mother did marry when I was 6 years old, but her partner was not what you would say a good father figure, he was an alcoholic and cheated on her several times. They were only married for 7 years.

I did ask my mom a couple of times when I was younger about my biological father, but she only told me that it was a friend of hers that was not ready to be a father, and that is why he was not with us. But I never knew who he was or even knew his name.

For a lot of time, I did not bother to ask her about my bio dad anymore, I use to say that I was not interested in someone that didn't even want to know me and that I didn't need him.

I now am married and have 2 boys, and for a while now wonder who my bio dad is. One of my children was diagnose with Autism and that triggered a lot of questions from my bio dad side. If I could have some genetic problems that I or my children need to be aware of and started to get a little bit anxious about that, to the point that I seek for help with a therapist to help me confront my mom and ask her about my bio dad. (I just hate confrontation and was scared that this could break in some way the relationship between me and my mom).

A few days ago, I got brave and ask my mom about bio dad, and she told me that he did not want to be a part of our lives because he was a married man and told me his name.

As soon as I got to my house, without my mom, and when the children were asleep, I ran to the internet and search for this man. It took me a while, but I found him! I got a little bit shocked and could not stop looking at his posts, and photos. It turns out that he is not only married, but he has also at least 4 daughters, 3 older than me and one my age.

I honestly don't know what to do, I am curious to talk to the man and see if he will answer my questions, but I do not know how to approach him. I don't want to make a mess in anyone's life, but I think I deserve to be heard. this makes me feel like the hidden child and I think I deserve at least a conversation. I do not want to hurt my mom, in anyways because she kept this hidden for 34 years, but I know that is my right to know where I came from.

What would you do?

TLDR; I (F34), (only child my whole life) just found out who my biological father is and that I have 4 half-sisters, want to reach out but don't know if I should.",2024-06-27 1:02:59,https://www.reddit.com/r/relationships/comments/1dperz1/i_f34_just_found_out_that_i_have_at_least_4/,,abortion,abortion_data-updated - new_abortion_related_subreddits_text_posts .csv,141268bd1b2b6fe08a89cbb59fb309ea70cfe83701f01deb196fa475644461c9,,,,,,,,
xvmyy4,TrueOffMyChest,Wife tied me up during sex and searched my phone.,"Man I'm...I honestly still can't really grasp what happened. We were doing a roleplay for sex and she decided to tie me up to a chair. I was obviously loving everything she was doing til she got up and walked away from me. I was also blindfolded I started asking where the heck she went and wether she was okay cause all I could hear was the sound of stuff being moved around. She told me she just remembered to take her medication and that she'd be back with me in a second. I didn't buy it cause she only takes her meds in the morning. I tried freeing my hands, it wasn't hard giving how bad she is at making knots. I freed my hands and quickly removed the blinfold and caught her with my phone in her hand. I asked what she was doing with my phone and she got quiet. I snatched the phone to take a look. Turns out she was snooping through it. she has been wanting to do it for a while after ""suspecting"" something off with my behavior and thought the only way she could take a look was by having me tied up and eyes blindfolded. We had the biggest fight because of it and she began crying saying I ruined the night and judged her for the ""gut feeling"" she had and couldn't control.

I don't know man...I just don't feel like I could trust her after this. Maybe I'll get over it (should I really?) but this is just fucked up.

ETA I'm 28, she's 25.

ETA to those who are asking if she found anything. She didn't. Otherwise we would be having a whole lot bigger problem to deal with.",2022-10-04 18:39:39,https://www.reddit.com/r/TrueOffMyChest/comments/xvmyy4/wife_tied_me_up_during_sex_and_searched_my_phone/,,abortion,abortion_data-updated - new_abortion_related_subreddits_text_posts .csv,7898c1acb6644605c6c19fafbd1fcc6ee3013413fcd32ae1cfd613f339aded5f,,,,,,,,
1jclj99,abortion,"My mother says ""Abortion is a privilege not a right"".","So basically I just got to know that I am 2 weeks pregnant and me and my partner clearly knows that we are not ready with this responsibility. Parenting a whole new human being is just not cut out for us. And so we  planned to terminate my pregnancy. While I was breaking the news to my family( I am very close) me and my mother started arguing, my mother have always been against abortions and when I tell her about this she just flamed up on me like I am a monster or something. She said to me that abortion is a privilege and not a right and I just said yeah whatever. But now that I have come to think about it I have put myself in a dillema. It's been a week and I have not talked to my mother she is still so angry at me.",2025-03-16 13:33:24,https://www.reddit.com/r/abortion/comments/1jclj99/my_mother_says_abortion_is_a_privilege_not_a_right/,,abortion,abortion_data-updated - new_abortion_related_subreddits_text_posts .csv,22647fd0a91d7c9923c07392fa084e2d93e7dccb1be6ffe25fa61236113c3e36,,,,,,,,
l10pul,assault,Just my Story,,,https://www.reddit.com/r/sexualassault/comments/l10pul/just_my_story/,,harassment,sexual-harrassment-data-updated - RelevantByTitle.csv,fa2ac1c8804cea7aed08bfa6d95ff55979cc70d9f2d513c65afc4e819ffb0968,,"Just want to get this off my chest.

I first came out to some people sophomore year. I was really excited to explore it. We were out at a club one night and as I do I got blackout drunk. I don’t remember anything, and that’s partly why its fucking with me so bad. What I do know is that my friends saw me leave with an older man. The next thing is that I was just waiting outside the club they said and I wouldn’t say anything about what happened. By this point I could barely walk, barely get into the uber. I was in no place to consent. I woke up and I had bruises all over my arms. My throat hurt a lot, I remember asking my roommates if I threw up, but they said I just came back and immediately went to sleep. I just remember waking up and just feeling off, I knew something was wrong. And Looking back after that night it’s like I repressed my sexuality again until recently. I brought it up to someone recently and I always told myself like wooo I hooked up w a guy and showed back up at the club, but someone pointed out to me recently that it sounded like an assault. And the more I proccessed and really thought about it, I’m almost certain. I could not consent in that state. Every time I start to think about it now I start to hyperventilate, shake, and my body tenses up. I’ve had problems even touching myself since. It feels like my body knows something I don’t. And I just don’t know how to process it when I can’t remember anything.",2021-01-20 3:32:41,1611113561.0,"{'fuck', 'feel', 'touch'}","['just', 'my', 'story']",relevant,non relevant
n2slq9,assault,Was this sexual assault and what can I do now?,,,https://www.reddit.com/r/sexualassault/comments/n2slq9/was_this_sexual_assault_and_what_can_i_do_now/,,harassment,sexual-harrassment-data-updated - RelevantByTitle.csv,406abdf585f8a3397568a69462aef9793b5f7d9e1a3e1953b8c2085ffadf1291,,"I am writing as a potential offender. I don’t know if people really do this but it feels important to me. I will describe the situation. It may also be worth nothing that I am a man and my ex is a woman.

Three months ago my girlfriend of two and a half years broke up with me. For about a month things had been feeling off. The first thing I noticed was that she was no longer sexually interested in me. She didn’t want to have sex anymore, didn’t want to send nudes anymore, etc., and all of this was stuff we had been doing often before. I never physically forced her to have sex, or urged her to against her will. 

However, I did cry. I was sad that she wasn’t interested anymore and I was afraid that it was the beginning of the end of the relationship. I asked her to explain it to me, probably too many times. One time, I told her that I wanted to tell her some of the crazy thoughts that were going through my head about it, including that she was interested in someone else or that she was not interested in guys. Not sure how relevant this is, but we were long-distance at the time and this was all over FaceTime or text.

We only had sex one time after all of this occurred, the night we broke up. I drove down to talk through everything with her. I asked if she wanted to have sec one last time for the memory, and she said yes, so we did.

I never physically forced her to have sex with me. I also never asked her to have sex with me when she had already told me no. However, I didn’t hide from her how much emotional turmoil it was causing me. It wasn’t fair to her, and I know that it caused her a great deal of pain. I don’t know whether or not it was an example of sexual assault or perhaps coercion. I feel very guilty and uncomfortable with my actions from that time and have spent the past three months with these thoughts swirling around in my head. I have apologized to my ex on two different occasions for my actions, and she accepted my apology both times.

This was a very long post. I hope that I do not take any attention away from people sharing stories of their own trauma, but was hoping to here some thoughts about whether or not this was sexual assault and what I can do either way to mend a bad situation. Thank you.",2021-05-01 22:01:00,1619906460.0,"{'feel', 'take', 'force'}","['be', 'this', 'sexual', 'assault', 'and', 'what', 'can', 'i', 'do', 'now']",relevant,non relevant
n2am4e,assault,i i think i was sexually assaulted tonight,,,https://www.reddit.com/r/sexualassault/comments/n2am4e/i_i_think_i_was_sexually_assaulted_tonight/,,harassment,sexual-harrassment-data-updated - RelevantByTitle.csv,f45aa84a89f1322c5134d2ac99bf5a4fd3f8ff975a429de55f8be7c456cde3c8,,"so i (M22) am a manager at a grocery store as i await a teaching job starting next semester. i was just doing the closing list when this older lady, who was rather intoxicated, walked in. i greeted her kindly, and she said something like “WHY IS THERE NO ONE IN HERE?” and i said, just being friendly because customer service ya know, “well we were busy earlier but it just cleared out a lot” while i was saying it she started approaching me, she said, “i’m going to hug you!!” followed by “there’s no one in here it’s okay!” i tried to say no, that i wasn’t comfortable with that because of the pandemic, but she hugged me anyway and i just froze. she wouldn’t let go.

she started humping the side of my leg and grabbed my dick...no one was in the store except the general manager and a stocker, who were all in the back. i was trying to pull away but i just couldn’t move. i was so shocked and scared of it all. i can still feel where she touched me. i told the general manager i felt sick and had to go, he said it was fine and he’d cover everything. i’m just so messed up by this, i’ve never had something like this happen. i feel so sick.",2021-05-01 3:51:54,1619841114.0,"{'touch', 'follow'}","['i', 'i', 'think', 'i', 'be', 'sexually', 'assault', 'tonight']",relevant,non relevant
k7l7yb,harassment,Girl at work said I made her uncomfortable?,,,https://www.reddit.com/r/SexualHarassment/comments/k7l7yb/girl_at_work_said_i_made_her_uncomfortable/,,harassment,sexual-harrassment-data-updated - RelevantByTitle.csv,8d600850485a2b6d3f39941ab8bc4a524c29906038dd028d78dd30f7db47af36,,"So there’s a girl at my job that I’ve never even really spoken to other than “hello how are you” in passing. My job has over 1,000 employees so it’s rare I ever run in to this person. But she stopped me while I was walking today to say that she noticed me looking at her and it made her uncomfortable. I have a girlfriend and am in no way interested in this person. I didn’t really know how to react other than say “I have a girlfriend” and to that she replied she had a fiancé and she then apologized and went on her way. What did I do wrong? Or what should I do continuing forward. The interaction was awkward and I’m not looking forward towards seeing this individual again.",2020-12-06 2:35:49,1607222149.0,set(),"['girl', 'at', 'work', 'say', 'i', 'make', 'her', 'uncomfortable']",relevant,non relevant
n26qgr,assault,My story,,,https://www.reddit.com/r/sexualassault/comments/n26qgr/my_story/,,harassment,sexual-harrassment-data-updated - RelevantByTitle.csv,084f9fc43d38f84b64ba262e9aaafa7c85492a320530d1226dd656ed6c88e072,,"I’m so unsure on if I should post this or not. I haven’t fully come to terms with things that have happened and I feel like I’ve blocked everything out my memory. At 17 I lost my virginity to a 24 year old, I was groomed for months on months... forced to have sex with him, it was aggressive and he would manipulate me and verbally abuse me. I thought I was in love and I thought this was what a deserved. Before sleeping with my 2nd person, I didn’t realise I could or would get wet. Anyway, whenever I am trying to be intimate with someone I feel so triggered and just feel worthless. I’m just unsure on what to do, I’ve never told anyone about the 24 year old but I feel anger towards my parents who knew the situation but didn’t stop it. Any help or advice please.",2021-05-01 0:01:52,1619827312.0,{'force'},"['my', 'story']",relevant,non relevant
p8xeu9,abortion,Has anyone aborted solely because of who the father is?,"I’m so confused on what to do. 

I want to keep the baby. I do. I’m working on getting additional income in and I’m saving aggressively right now. I’m also starting a business on the side to generate additional income. 

With that being said, I’m most likely divorcing my partner and I don’t know if I want two children tied to him. 

Has anyone aborted because of the father? Did you decide to keep the baby despite the father",2021-08-21 19:13:59,https://www.reddit.com/r/abortion/comments/p8xeu9/has_anyone_aborted_solely_because_of_who_the/,,abortion,abortion_data-updated - new_abortion_related_subreddits_text_posts .csv,52536c87f02655e02c2d03a3e4b594200bdf1293efdb97dd0b9555dfed783de2,,,,,,,,
nsns53,assault,sexual assaulted by my grandfather,,,https://www.reddit.com/r/sexualassault/comments/nsns53/sexual_assaulted_by_my_grandfather/,,harassment,sexual-harrassment-data-updated - RelevantByTitle.csv,0946eca8956ac6caf7a91820e3f72927a2b18ea5a1d5952ca264f27a3c6596fb,,"when i was in kindergarten, my grandpa would touch my clit with cream. i remember him doing to me and my sister once but i was the one who kept asking him to do it more and more. this led me to touching myself at a young age and i would masturbate. i suffered from a porn addiction at such a young age in that my phone was never restricted and this led to a spiral and i have been masturbating ever since then. i feel sick to my stomach because i am just realizing what he did to me. i spend so many years repressing what he did in my head. i don’t know why it’s affecting me so much now. i feel sick to my stomach and i just want to cry forever.",2021-06-05 4:39:43,1622867983.0,"{'touch', 'masturbate'}","['sexual', 'assault', 'by', 'my', 'grandfather']",relevant,non relevant
1kap7su,abortion,My boyfriend didn’t comfort me during my abortion,"I just went through a medical abortion this past weekend. And my boyfriend was at my house during the abortion, but couldn’t even sit by my side, hold me, comfort me, or even stay in the same room as me. I kept asking him to just come sit with me. I was all alone in my room in pain going back and forth to the bathroom. I asked him why he couldn’t just sit by me and he said it was too much for him and he couldn’t do it. He sat in the living room and watched a call of duty tournament all day and was on and off of phone calls with his friends. Laughing and acting normal. He didn’t hold my hand, give me a hug, comfort me or even sit by me the whole process. I thought he was coming over to support me. To be honest I think it really opened my eyes to what kind of person he really is and I just can’t look at him the same way anymore. He also didn’t spend the night either. He made the excuse he didn’t want to use the same bathroom as me. So he went home. I’m still processing everything. 

Edit: Also, a day before I had the abortion I mentioned that I was scared to have sex for a while just because I want to heal and when I feel ready to be intimate again. And he got upset and said “don’t joke like that” he thought I wasn’t being serious!!! He said I should be fine after a week or two. When in reality I don’t know when I’ll ever be ready again…. I’m just in shock of everything. How could he say he loves me but treats me this way? 


Update: thank you to everyone who wrote back. Thank you for the supporting and encouraging words. And telling me I deserve better. It really means a lot to me. Thank you. It is such a difficult patch in my life right now and hearing those words helped me build up the courage to stand up for myself. 

I told him I’m done with this relationship after what happened and he is apologizing saying people make mistakes and that I should forgive him. He wishes he could take it all back. He told me “Your willing to throw us out? We are worth fighting for. Don’t give up on us.” And he keeps trying to manipulate me into giving in. I told him he threw us out when he decided to watch call of duty tournament instead of being by my side during my abortion. I asked him more than 10 times to come sit with me. Even just to be in the same room as me. But HE made the choice of wanting to be alone and not be by my side.

He’s now trying to play the victim saying “you have no idea what I’m going through, this hurt me more than you’ll know.” And honestly his statement made my blood boil. I told him we could’ve grieved together as a couple and been there for one another but HE was the one who wanted to isolate himself during the process.

Don’t get me wrong he is also allowed to grieve and have feelings too but it’s no excuse to leave your partner alone when they needed you most. I wanted us to be sitting together holding eachother, having eachother to lean on during this. But he just couldn’t. He didn’t even want to be in the same room. He thinks this is just a “mistake” he made and that we can get through this and move on. But I told him no. This is something I can’t look past and it’s why I want to end things with him. 
I will update you guys in the next few days. ",2025-04-29 14:24:52,https://www.reddit.com/r/abortion/comments/1kap7su/my_boyfriend_didnt_comfort_me_during_my_abortion/,,abortion,abortion_data-updated - new_abortion_related_subreddits_text_posts .csv,4052a919bcb16a74e02f76539b264bdb9064a64edd7f627eb7ddbf212edab624,,,,,,,,
fodpjr,TrueOffMyChest,"My life just changed forever, but I can't tell anyone","I JUST FOUND OUT IM GONNA BE A DAD. My wife is pregnant and I can't tell anyone for a few more weeks so that we know for sure we won't have a miscarriage, BUT I WANT TO SCREAM FROM THE MOUNTAIN TOP. so I guess Reddit will have to do for now. I can't even describe the combination of emotions I'm feeling right now. I'm terrified and ecstatic and nauseous and happier than I've ever been. She will be such a fantastic mother and I am so excited to be a father. I guess I have this Covid-19 Quarantine to thank for this hahaha.

Well that's it, Thanks everyone.


Edit: WOW I expected this to get 20 upvotes and die, but HOLY MOLY. 

For everyone who has taken time to leave a positive comments, THANK YOU they are so needed. We are scared and all the congratulations help us realize that we may not be totally screwed. 

For people saying ""who cares"" why comment? Lol

For people saying I'm ""contributing to overpopulation"" or that I'm ""selfish for putting a strain on the medical system"" or I ""put my wife and unborn child's life at risk for getting pregnant during a Global Epidemic"" - It was COMPLETELY unplanned, and I'm not going to let you rain on my personal parade. 

We are very scared, but the positive comments are truly helpful and brighten our day. I might have to retire from Reddit for a few weeks, but (just like MJ) I'll be back with an update including how we tell the quarantined Grandparents and possible baby names.

Goodbye


PS my favorite baby name suggestions were *Flubert* and *Tenton Quarantino*",2020-03-24 21:34:34,https://www.reddit.com/r/TrueOffMyChest/comments/fodpjr/my_life_just_changed_forever_but_i_cant_tell/,,miscarriage,miscarriage-data-updated - miscarriage_related_posts.csv,385a96ebfb221aa1fde6022ce8fcf88ac73e7d58d341c5ffcc38af0edabcfc82,high_precision,,,,,,,
eqibe5,WomensHealth,"Help, I’m not sure if I’m having a miscarriage and should seek help?","Hi all,

I recently started on Lamictal 100mg/day. My psychiatrist advised me that higher doses of lamictal can make my birth control less effective (I’m on an oral contraceptive, generic Yasmin). A few days after the end of my last period, and a few days after starting the lamictal, I had unprotected sex. This was not a wise decision and I’m aware of that. About one and a half weeks after sex/the tail end of my last period, I began spotting brown blood. Up until that point, I was having regular creamy white/clear discharge. This spotting steadily began increasing until about 5 days later(this was two days ago), when it turned into a light period. Today, I’m passing medium sized sticky clots and lots of red blood. I have no clue what’s going on - my period is not due for well over a week and I don’t understand why I’m having another period and it’s so long too. My normal ones are only 4-5 days and now I’m at about a week of spotting and bleeding red. I’m wondering if the Lamictal is screwing with my birth control or if I had a chemical pregnancy and I miscarried. I have not had excessive pain. I have had cramps and been extremely bloated and constipated. I’m sorry if this is complicated, I’m just confused and worried. I called my OBGYN and since I live in a very small town, they are booked until March 5. If it’s an emergency I am sure they would take me earlier but I don’t know if I should call them and ask for help. No fever, no dizziness or anything like that.",2020-01-18 16:18:50,https://www.reddit.com/r/WomensHealth/comments/eqibe5/help_im_not_sure_if_im_having_a_miscarriage_and/,,miscarriage,miscarriage-data-updated - miscarriage_related_posts.csv,8757d4649b42e16b599decc19807993b311850572c4a548505ff2835fc5baeb2,high_precision,,,,,,,
nwho54,assault,I don't know if this was sexual assault please help,,,https://www.reddit.com/r/sexualassault/comments/nwho54/i_dont_know_if_this_was_sexual_assault_please_help/,,harassment,sexual-harrassment-data-updated - RelevantByTitle.csv,5116ba1acaa82d8fcaca5999b9bbd9bd9d64941d152187545c64a8bbe03cae81,,"My parents used to have a lot of maids when I was growing up and a lot of parents from this poor area where we lived would sell their daughters to be maids no matter the age out of financial obligation. our 16-17yo maid used to touch me sexually as a 6-5 year old and this lasted for all of her stay, and this was touching my genitals sexually and a lot more, especially when she knew my parents weren't around &amp; I remember liking it. Is it still considered sexual assault if she was also a minor and I asked her in some instances to do it?",2021-06-10 7:26:38,1623309998.0,"{'touch', 'use'}","['i', 'don', 't', 'know', 'if', 'this', 'be', 'sexual', 'assault', 'please', 'help']",relevant,non relevant
lw610f,assault,I can’t tell if it happened or not??,,,https://www.reddit.com/r/sexualassault/comments/lw610f/i_cant_tell_if_it_happened_or_not/,,harassment,sexual-harrassment-data-updated - RelevantByTitle.csv,e428e4a0ba4819be02a4cb95f5a4be619640d3e070c77144ffb706935e057417,,"So I’ve had anxiety my whole life, and at times I get really bad episodes where I just feel really disconnected and generally messed up. I’ve recently started the birth control pill and think it’s increasing this anxiety, so may try to stop taking it soon(taking for my period pains) anyway that’s a bit of background on my mental state. Whenever I’ve had really bad anxiety episodes I get this memory or thought that I could have been sexually assaulted/or involved in inappropriate sexual activity as a kid. I think my brother and me, when we were really young (he’s a year and a half older than me) engaged in some sort of sexual inter course? It’s this memory/flashback/feeling that I get that either he said or we both said we wanted to try to see what it felt like ? And I honestly do not know if I’m making this memory up or not cos I have barely any memory of my childhood. I think I have no memory cos my parents were constantly violently arguing, until they got a divorce. But for years I’ve been having this memory pop up randomly, and it just pops up more frequently when I’m in an anxious state of mind. I’m 22 and still a virgin cos sex has always freaked me out, the intimacy and all the rest. I have a boyfriend now who I trust more than anyone and felt ready to experiment with, until this anxious episode hit and these thoughts started flooding me. Even outside of anxious states I’ve had this same memory pop up and I’m pretty sure it was between my brother and me, but it’s so hazy and weird. Also i have a great relationship with my brother, and I can’t ever think of him hurting me in that way or abusing me, which is what makes this more complicated. Were we being kids and experimenting ??? Really grossly? Has this fucked up my idea of sex and that’s why I’ve found it hard to be intimate with someone?? 

I go to therapy at the moment for my anxiety but cannot imagine ever speaking about this to anyone I know. It freaks me out so bad and makes me want to hide forever. Is there any point in even addressing it? Do I just put it down to kids being stupid? He’s only a little bit older than me and we had a really tough childhood with our family. I don’t even know if I initiated it or he did? I can see the physical act that occurred, like I can’t see him or his face or what happened at all in my memory but I can remember the feeling almost and being secret and maybe even me wanting to know what it meant?? 

The only thing is my brother does say he feels bad for how he treated me as a kid, but that’s in reference to how much he’d annoy me to hell when I was being anxious and stuff, or when he was super young he was really naughty and would bother people and not know when to stop. But as I said we have a great relationship, all my friends and family love him and could never ever imagine him doing something like that. He’s had girlfriends, one of them being a close friend of mine and they’ve all adored him. 

I just don’t know if this is a memory I’ve made up or if it happened and where to go from here?? 
I don’t think I could talk to my brother about it cos imagine if it is something I made up, that would be the weirdest thing to say to someone. I just don’t know what to do or think.",2021-03-02 16:28:37,1614702517.0,"{'fuck', 'take', 'hurt', 'feel', 'abuse'}","['i', 'can', 't', 'tell', 'if', 'it', 'happen', 'or', 'not']",relevant,non relevant
jw3prk,assault,"Was this sexual assault, or am I just crazy?",,,https://www.reddit.com/r/sexualassault/comments/jw3prk/was_this_sexual_assault_or_am_i_just_crazy/,,harassment,sexual-harrassment-data-updated - RelevantByTitle.csv,c28cafb22545c24993e66969713fbdc016d2bcda5d04ff873f79d868a9e15a35,,"21 year old male, went to a friend's apartment (21f) with a friend (21f). We'll call the apartment owner A and the friend L.

We are drinking and I'm sitting on the couch and hear yelling. I turn and see A stripping her clothes off and exposing her breasts. She then ran and jumped and laid on me as L and other people laughed. 

I told L a week later I felt vioIated and she messaged A immediately, without responding me, to not be ""stuck in the drama"". I spoke up about it and told L I was assauIted but she kept saying ""you WEREN'T assauIted"", ""you're a drama queen"", ""you're delusional"", ""you're fucked in the head"". I think if you stripped a girl's top and laid on her, that would be assauIt, no questions asked.

Anyway, she told a bunch of people about this shit, including my ex-girlfriend who doesn't even know her, with a completely different story (that she was wearing a sports bra). I got mean messages from girls I didn't even know. I basically just got harassed about it. She made my business everyone else's. It was like high school.

The entire half of my 2020 has been defined by this and it hurts and I feel like shit but I don't know what's up or down anymore. I don't know if I was assaulted or if I'm being gaslit or what. It feels horrible bc I left a relationship with an @busive female and then months later another female abuses me in a similar fashion. 

I lost a lot of friends over this and I'm setting up a therapy appointment to talk about it because if fucking destroyed my social life and killed me mentally.",2020-11-17 22:59:58,1605653998.0,"{'fuck', 'harass', 'assault'}","['be', 'this', 'sexual', 'assault', 'or', 'be', 'i', 'just', 'crazy']",relevant,non relevant
1l3ccj2,Pregnant,About people leaving because of MC posts...,"I experienced lots of anxiety about miscarriage in my first trimester. Back then, I didn't know that you can filter these posts out, so I stopped using reddit altogether until I felt in a better place to read those stories that I'm lucky are just a fear for me, and not a reality like they are for so many women. 
I don't understand the point of people posting that they're leaving because of people sharing their negative outcomes, to me it seems like they just want to vent because they disagree with others posting about their terrible experiences here. Yes, there are specific subreddits for loss, but when you've been a part of a community for such an important time in your life, it's not like you'll want to disappear, specially when you're going through something so hard. 
I'm grateful that I get to support these women through something horrible that is a possibility for all of us, but I'm lucky enough to not be experiencing that in the present day.
To anyone going through hard times, you don't need to stay silent about it just to avoid making others uncomfortable. Most of us are here for you.",2025-06-04 17:58:02,https://www.reddit.com/r/pregnant/comments/1l3ccj2/about_people_leaving_because_of_mc_posts/,,miscarriage,miscarriage-data-updated - miscarriage_related_posts.csv,907a90ce4b2bf91479f885a186dbe5ab66477b0555986988a9d85cd300e6e0a1,high_precision,,,,,,,
1enfx3h,TwoXChromosomes,"Donald Trump just opened the door to his head of the FDA revoking the 2000 authorization of Mifepristone, banning medication abortion in all 50 states","Link to the moment from a press conference just now:

* https://x.com/KamalaHQ/status/1821628225174245869

Previously, FDA authorization of Mifepristone aka the abortion pill couldn't be rolled back due to the protections of Roe v. Wade. However, with Roe gone and thus abortion no longer protected nationally thanks to Trump's own Supreme Court appointees, Trump is now free to install zealots as heads of the Department of Health and Human Services **(HHS)** or the Food and Drug Administration **(FDA)** to go after stuff like this, since a lot of these remaining protections go through those types of agencies. He can do this as an alternative to having to muscle through a new nationwide abortion ban through Congress.",2024-08-08 20:07:20,https://www.reddit.com/r/TwoXChromosomes/comments/1enfx3h/donald_trump_just_opened_the_door_to_his_head_of/,,abortion,abortion_data-updated - new_abortion_related_subreddits_text_posts .csv,7da13afc805d30605a7e7ce7c8bf28c2bc90211f3824952e4392ee0150120d90,,,,,,,,
kw2gp8,assault,I can't get this experience out of my head,,,https://www.reddit.com/r/sexualassault/comments/kw2gp8/i_cant_get_this_experience_out_of_my_head/,,harassment,sexual-harrassment-data-updated - RelevantByTitle.csv,ba3a554acf1efe7a687ca132a7356380f32ead4edd0e7a5e95a39a57d3a792c3,,"Well I was 15 at the time, me and my then boyfriend were intimate with each other. I will say that before us being together I've been assaulted by my then step father a year before. My boyfriend wanted to try anal but I had mixed feelings about it. He'd bring it up a lot and sometimes I was ok with talking about it, sometimes I wasn't. 

Well the day came when we were going to try it, I prepped for it and everything. We were in my house having regular sex, and he asked me. I consented even though I wasn't sure and now it keeps bothering me. I felt like I wasn't really ready but wanted to just see how things went. I told him if it hurt and stuff but for some reason I can't get it out if my head. I talked to him about bringing it up so much already and he stopped. I'm just confused, when I look things up, I see rape/ sexual assault. I just feel like it was on me in a way. I'm not scared to tell him no, I just didn't want to. I was nervous getting into it and I feel like I should've said something then. Its like with my step dad situation I know it was an assault... but this, I really don't feel like it is but it bothers me a lot. Maybe a form of trauma?",2021-01-12 22:30:26,1610490626.0,"{'bother', 'assault'}","['i', 'can', 't', 'get', 'this', 'experience', 'out', 'of', 'my', 'head']",relevant,non relevant
1dqyai5,AmItheAsshole,WIBTA if I make a copy of a missing key to the front door and disregard my parents' insistence that I move out somewhere while they go on a two-week vacation?,"I (21M) currently live in a house with my parents (45M, 44F) and siblings (11M, 6F). I am autistic and experience pretty severe mental health issues. I go to a psychiatrist and applied for disability benefits, but my parents don't like it. They believe the meds are addictive drugs, and what are manifestations of my disease are just attempts at manipulation. They only speak to me if they have a problem, I don't speak to my family, and I have very few friends.

I want to be left alone, but my parents won't do that. Not even when I found a job despite struggling with my issues (before that they grilled me daily for not having one, which caused a lot of meltdowns). I started paying rent for my room once I could afford it, they accepted it for two months then just returned the money and rebuked me for the very idea of sending it (which I have to as per the country's Civil Code).

We argue often about cleanliness in my room. I'm a bit of a slob and I **hate** cleaning, but I try to make it OK so as to please my parents. That's never good enough. However hard I try, they will always find dust somewhere and tell I just half-assed it, which makes me super upset and I cry hard. They tell me my room smells, but I never feel it. They even strong-armed me into buying a wardrobe I never needed because they didn't want to see two stacks of my clothes in the open, and also forbade using the washing mashine so I have to go to the closest laundry **an hour away** just to wash my clothes (just throwing into the pile of all dirty clothes for my mum to put there is apparently disrespectful of her).

So the other day I lost my keys, and I had 2h meltdown because of that and I punished myself hard. I had to spend most of my bonus on buying new locks. They changed the upper but not the lower one, so I can't open it. Therefore, when I come back from errands, a couple of times I was locked out because of the lower lock. The parents' reaction was basically oops, sorry.

Sometime later, while I'm at work, my SF opens my pull-out sofa for no reason (random cleanliness check?) and finds an empty carton of milk I'd forgotten about. No roaches. I apologized and confessed. When I return, he tells that I'd have to find some accommodation while they go on vacation (""I can't entrust you with the house if you forget about the trash""). A couple of days later, he changes the reason to my condition, or rather, my ""manipulations"". He says that since I can afford moving while they're out, so I'd have to. He threatens to call 112 if I ""trespass"" on the house. (I'm not mentioned as an inhabitant there 'cause I was first sent to boarding school when I was 15 and then uni dorms).

I believe all of it is just inventing a BS excuse to force me to spend my money (see wardrobe and the laundry) and just to make my life hard for unknown reasons. I need to stay until early Sep so that I can move to a dorm, and the moving back would be disruptive for me, but they have none of it. So WIBTA?",2024-06-29 0:12:11,https://www.reddit.com/r/AmItheAsshole/comments/1dqyai5/wibta_if_i_make_a_copy_of_a_missing_key_to_the/,,abortion,abortion_data-updated - new_abortion_related_subreddits_text_posts .csv,f3c22caacf9453586023bb852003181385572d3299c4302094bd3afc16e8165a,,,,,,,,
148j066,relationship_advice,My gf(f18) lied to me (m19) about having a miscarriage and instead getting an abortion and saying she had no choice because of her mom,"My gf that I’ve been with for a year 1.5 got pregnant 10 month into us dating. We’ve both discussed that we wanted to keep the baby and raise it. Once we told her mom about it she went behind my back and told her she planning an appointment to get her an abortion. A few weeks later my gf tells me she had a miscarriage and we were sad but it natural and we moved on. A few weeks later my gf comes to me and tells me she had an abortion. She beg for my forgiveness and tell me that it wasn’t her choice and her mom pressed her too and she felt like she couldn’t say no. I am disappointed in my gf because I felt that we could tell each other anything and I wouldn’t have thought of her to go behind my back and lied to me, I don’t know how to feel about what her mom did but my gf want me to have a relationship with her and honestly I don’t even feel like talking to her.

I do not know what to do in this situation because I love her and she tell me she won’t ever do it again and won’t let her interfere with our relationship, but I am strongly against abortion and ik her mom couldn’t really force her and that a part of her had to have wanted to do it.
Should I leave her or not?

EDIT: to everyone say that I would force or convince her to have the baby and she lied for fear of that is completely out of the question because me and my gf talk about marriage and she has never once felt unsafe to tell me anything. If she really didn’t feel safe then I rather her be truthful with me so that we can part ways and she can be with someone who agree with abortion and can support her decision. My gf blaming it on her mom could just be the situation considering her relationship with her mom is very tricky. So please stop with the hate and assumptions saying that I would force her and control her because all I want is the best with her and if that is we part ways so that she can be someone she trust then that is the path we’d take.",2023-06-13 16:12:00,https://www.reddit.com/r/relationship_advice/comments/148j066/my_gff18_lied_to_me_m19_about_having_a/,,miscarriage,miscarriage-data-updated - miscarriage_related_posts.csv,e23b941ec3098fe55940e9e20dde9e235107650b39a8094164b89dafab39397a,high_precision,,,,,,,
1ebgbg0,relationships,Neighbor Offered Her Husband to Me?,"So the other night my neighbor called E (~40F) and I (34F) were having wine on her porch which is a normal occurrence.

As we were having wine I needed to use the bathroom when E noted that her husband J (~40F) was upstairs taking a shower and that I should go use that bathroom as he would be really excited.

I kind of brushed it off with a chuckle when she then noted she was serious and that she would be outside and watch my dog as long as J and I needed. I know the question would arise on here but everything in her voice says she was serious and not a joke.

I honestly froze and said I'd just use the downstairs. I did and came back to finish the wine. She acted completely normal.

I don't know how to act now or what to say. We usually have 2-3 nights of wine a month, she takes my mail during vacation and I do hers, have done dinners etc. it is awkward. Any suggestions?

Tl;dr The other night had drinks with a neighbor when she told me to visit her husband taking a shower and stay as long as needed. Now it's awkward. What do I do?",2024-07-24 23:44:06,https://www.reddit.com/r/relationships/comments/1ebgbg0/neighbor_offered_her_husband_to_me/,,abortion,abortion_data-updated - new_abortion_related_subreddits_text_posts .csv,b32dd250b4508d1156d9c7cf8aff8752298aebe4fb3ee8b73146ce981797624c,,,,,,,,
1llkc47,relationship_advice,I am (21m) not sure if she (19F) is the right one for me. How could face this situation?,"I met this girl 3-4 months ago on her birthday. She is the friend of a friend. It was a party, and we all were having a good time. We kissed, and she went back to my place to sleep with me (non-sexual sleeping, literally just cuddling). We kept talking and pretty much have been on a situationship ever since. Our
""instances"" in life are the same. We are both studying, have a good social life, and pretty much do the usual stuff 20-year-olds who are in college do.
But here comes my concern.

She is not an active person. I consider myself a pretty fit guy. I watch over my food, I exercise, go after my hobbies, and have a pretty healthy lifestyle. She is the complete opposite. She only stays in her house, doesn't do any sports at all, and doesn't pursue any of her (now past) hobbies.

(I'm not saying anything of this is wrong, but right now I'm trying to become a better man, and she doesn't seem to go along with my lifestyle right now.)

I really like her and would like to keep knowing her, but also I don't know if I'm just ""leading her on"" knowing what I could and couldn't accept from her to be in a relationship. Would it be okay to keep going with the relationship? Can I talk about this with her?

PS.: I am not asking how can i change her, if she wants to change it has to be her own decision not influenced by me, keep your comments about it for yourself.
PS2.: my first language is not English so im sorry if i wrote something wrong, im open to questions.
",2025-06-27 3:57:54,https://www.reddit.com/r/relationship_advice/comments/1llkc47/i_am_21m_not_sure_if_she_19f_is_the_right_one_for/,,abortion,abortion_data-updated - new_abortion_related_subreddits_text_posts .csv,293763758d9400b7264a50513104c4c0e268e5824ed1770923a56e7d8f828e2b,,,,,,,,
qdtbkj,TwoXChromosomes,I’m tired of the idea that adoption is an easy alternative to abortion.,"I was in a lecture today (it’s a law class) and the discussion turned to abortion regulations. The professor basically said that his opinion was that although abortion should be legal it should be “a last resort,” and that adoption is a great thing. 

Adoption is so often promoted as a noble, selfless choice compared to abortion and nobody ever thinks about the effect it would have on the woman relinquishing her child. To carry a pregnancy to term, give birth, and then give the baby up would be incredibly traumatic and the emotional pain of that shouldn’t be overlooked. Not to mention the effects pregnancy has on the body (some of which are permanent and don’t go away after the birth.)

Adoption isn’t just some simple alternative to abortion, and no one should pretend that it is.",2021-10-22 23:47:34,https://www.reddit.com/r/TwoXChromosomes/comments/qdtbkj/im_tired_of_the_idea_that_adoption_is_an_easy/,,abortion,abortion_data-updated - new_abortion_related_subreddits_text_posts .csv,be807ebd3bbbd662ff508ae9f8600b009033d5ca7cb3f98b2a53937d8b23c523,,,,,,,,
1lh2gtu,Miscarriage,Why are we lied to???,"I’ve been told again and again by multiple people that these early miscarriages feel like a heavy period, comparing the pains of the cramps to be the same. I don’t mean to scare anyone, and I know it is different for everyone, I just mean to primarily vent, and also let others who are going through the same thing know that it hurts. A lot. At least for me.

In my case, nothing like period cramps. These are INTENSE and I consider myself to have a pretty high pain tolerance. Why do doctors and other medical professionals compare miscarriage cramps to period cramps? I sincerely want to know where they got their info from. It’s so painful I can’t sleep through them, I can’t find a position that makes me feel better. Acetaminophen and heating pad aren’t helping. It’s so infuriating!!! On top of the emotional/mental toll this is taking on me, I would have much appreciated an honest warning that it WILL hurt more than period cramps. ",2025-06-21 17:50:49,https://www.reddit.com/r/Miscarriage/comments/1lh2gtu/why_are_we_lied_to/,,miscarriage,miscarriage-data-updated - miscarriage_related_posts.csv,a8da8bbe6b378c139ff7f04d7af81b71eb67f03332ecd84f4ed80839f39aa174,high_precision,,,,,,,
1l0g9k9,Miscarriage,"Recurrent miscarriage, what worked for you?","I’ve had 5 miscarriages and no success with IVF, immune protocols and all the testing. 

If you had multiple losses, what eventually worked for you? 

Did you just keep trying and eventually it worked? I don’t know when to give up trying with my own body. ",2025-06-01 4:28:01,https://www.reddit.com/r/Miscarriage/comments/1l0g9k9/recurrent_miscarriage_what_worked_for_you/,,miscarriage,miscarriage-data-updated - miscarriage_related_posts.csv,0883af368b82154a3fc987855a30681e6f54655d38575ebea687e8fffd682d96,high_precision,,,,,,,
bh29yr,TwoXChromosomes,Costco sells the morning after pill for $7.69 and you don't have to be a member to use their pharmacy,"Noticed Costco sells emergency contraceptives for $7.69 when I was there today (in Utah prices may be different elsewhere) I thought this might be good info for anyone who may need it.


Edit: Now that this has blown up I feel the need to say that all you jerks out there who keep sending me messages that I'm helping people kill babies... You're wrong. The morning after pill does NOT work if you are already pregnant. It's safe to take for you and the fetus if you are already pregnant. The morning after pill is not the abortion pill.. No matter how much you want to pretend it is.... 

Also, if someone did have an abortion that's none of you're goddamned business. Stay out of their uterus.",2019-04-25 0:39:36,https://www.reddit.com/r/TwoXChromosomes/comments/bh29yr/costco_sells_the_morning_after_pill_for_769_and/,,abortion,abortion_data-updated - new_abortion_related_subreddits_text_posts .csv,7b51a55f37a205668bc682cce3c8a8cf203d0715577b9a432d780b3623fa4d68,,,,,,,,
ndoz2u,metoo,Just found out who it was that blackmailed my friend with pornographic content he coerced her to make,,,https://www.reddit.com/r/meToo/comments/ndoz2u/just_found_out_who_it_was_that_blackmailed_my/,,harassment,sexual-harrassment-data-updated - RelevantByTitle.csv,d2e7e954a1d498e4dacf445b32d14bb35aeba20437958083699152eabc6f1883,,[removed],2021-05-16 14:02:18,1621173738.0,set(),"['just', 'found', 'out', 'who', 'it', 'be', 'that', 'blackmail', 'my', 'friend', 'with', 'pornographic', 'content', 'he', 'coerce', 'her', 'to', 'make']",relevant,non relevant
loux0l,assault,My assailant got away with it... Advice,,,https://www.reddit.com/r/sexualassault/comments/loux0l/my_assailant_got_away_with_it_advice/,,harassment,sexual-harrassment-data-updated - RelevantByTitle.csv,b131fbb384b7efa2c138350f04644cf3a839e6d623517235482f1f266a487150,,"Hi there,

This is hard for me to talk about but I'm worried sick and don't know who else to ask... Over a year and a half a go I was sexually assaulted. I waited a few months to report it to the police but I eventually did and yesterday after a long wait the guy was finally taken to court by the police. I was called as a witness. 

I feel sick after it but after the hours of grueling interrogation by his expensive lawyers my case was unfortunately dismissed by the judge due to lack of evidence ... I was heart broken, he got away with it ... I'm taking solace in the fact that this will at least have taught him to keep his hands to himself.

Unfortunately that heart break has now lead to fear, the judge dismissed the case, he was told he couldn't convict because of lack of evidence. I feel sick. But now I am worried sick that my assailant can now come after me through the courts because he wasn't convicted ... I don't know what to do or who to ask for advice. I can't go through that again... What can I do? I just want to move on from this and forget about and wipe it from my memory but I'm worried sick this isn't over",2021-02-21 11:05:15,1613905515.0,"{'take', 'assault'}","['my', 'assailant', 'get', 'away', 'with', 'it', 'advice']",relevant,non relevant
j0v0vb,metoo,i confronted the guy that groomed me,,,https://www.reddit.com/r/meToo/comments/j0v0vb/i_confronted_the_guy_that_groomed_me/,,harassment,sexual-harrassment-data-updated - RelevantByTitle.csv,f40fd5744132323c2c321d74d93e9c6937e053cd069c6cf60b282d8e64834603,,I was 14 and he was 21/22. He used me for sexual stuff (online) ext ext and then he left me and i was really emotionally dependent on him so it really hurt me. But today I confronted him and he told me that i told him i was 19. AND LIKE A TOTAL BADASS i sent him a screenshot of me telling him my age when i was 14. IT FELT SO GOOD.,2020-09-27 17:27:19,1601227639.0,{'use'},"['i', 'confront', 'the', 'guy', 'that', 'groom', 'me']",relevant,non relevant
1ljz6zz,relationships,My Wife’s 34F given up after 10 years of marriage 36M,"Hi my wife 34f has told me she has mentally checked out and our relationship is over, we have been married for almost 10years and had our ups and downs like most couples I  believe but she has told be she is done there is nothing I can do cause it’s not me it’s her (she said), she also says that it’s thing like when I get home after work I just stop and she still has stuff to do like cooking and cleaning I have said I will do more when I get home but she always I shouldn’t have to ask you to do stuff, Also our love making is forced and cold almost a chore just to get it done sort of thing, I am always the one who has to instigate it sometimes beg to have a connection with her, this has been in her head for at least a year she tells me and I feel because she has had that year in her own head she has had all the talks in her head without me and now I can’t show I can fight for change. 

TL;DR: I still really love my wife and will do anything to try and save us, please does anyone have some advice on how to show her I can change and reignite our fire ?",2025-06-25 7:19:01,https://www.reddit.com/r/relationships/comments/1ljz6zz/my_wifes_34f_given_up_after_10_years_of_marriage/,,abortion,abortion_data-updated - new_abortion_related_subreddits_text_posts .csv,6b546eab2b5fe6eacd224514e59ec1b418103f112575109a81ab8f981999aff2,,,,,,,,
oe1xoz,assault,I was sexually assaulated and I didnt remember,,,https://www.reddit.com/r/sexualassault/comments/oe1xoz/i_was_sexually_assaulated_and_i_didnt_remember/,,harassment,sexual-harrassment-data-updated - RelevantByTitle.csv,ffb1931c4b7f6d972cb00f2f68ec80369d73267b9411126237bcc63c12639919,,"I was talking with a friends whow told me he was sexually assaulyed at a young age and it ""unlocked"" a memory of me beign sexually assualted at a very young age by my neighbors, I didnt think clearly until he told me and it all cleared up, i was like 10 or 12 and I remember beign touched by the neighbors kid who were older than me, he told me while we where drinking and everyrhing came back to me like a flash, I dont know what to do right now ....",2021-07-05 7:15:07,1625469307.0,{'touch'},"['i', 'be', 'sexually', 'assaulated', 'and', 'i', 'didnt', 'remember']",relevant,non relevant
1fc09o6,abortion,Aborting is the best decision I've ever made,"I had mine done last April. I thought havingno remorse would go away eventually and I'll feel bad after a few months but nope, I'm actually happy. I had to focus on a lot of things the past few months and I can't imagine doing it pregnant. It's so inconvenient. I also realized how much I hated the idea of becoming a mom. I hate it and am starting to think of tying my tubes. For now I'm taking BCP, but if that failed I'll do it all over again. I love my freedom so much, I think I will only be pregnant again if I'll be a surrogate or my partner will pag a nanny coz there's no way in hell I'll be taking care of a creature so noisy and unhygienic. ",2024-09-08 15:21:32,https://www.reddit.com/r/abortion/comments/1fc09o6/aborting_is_the_best_decision_ive_ever_made/,,abortion,abortion_data-updated - new_abortion_related_subreddits_text_posts .csv,ab5242943c6f9ab9de7d9bb1130053d6437d20826e8410fe6969c410743f4d5c,,,,,,,,
nc8ssn,metoo,I just really realized I can say no to having sex,,,https://www.reddit.com/r/meToo/comments/nc8ssn/i_just_really_realized_i_can_say_no_to_having_sex/,,harassment,sexual-harrassment-data-updated - RelevantByTitle.csv,1e0e2458deea0de28fce3d5f9e75d4f22d9b781f044cceff8354b0307ec3e70f,,[removed],2021-05-14 13:37:24,1620999444.0,set(),"['i', 'just', 'really', 'realize', 'i', 'can', 'say', 'no', 'to', 'have', 'sex']",relevant,non relevant
mf1ddu,assault,"Never wanted to see his ugly face again, but here I am",,,https://www.reddit.com/r/sexualassault/comments/mf1ddu/never_wanted_to_see_his_ugly_face_again_but_here/,,harassment,sexual-harrassment-data-updated - RelevantByTitle.csv,2beb30f26a17ae650983d44731ff4d90f2bf1bec0ede7de30ee0380e0689a118,,"I feel sick and dizzy, and I'm trying so hard not to cry 

At least he left after I told him to piss off, but he had the nerve to call me ""fake"", like I'm still supposed to be your friend after you MOLESTED ME

It's been roughly a hour since that encounter and I still feel horrible, I want to go home but I can't, I fucking hate this job so much",2021-03-28 14:08:54,1616940534.0,{'fuck'},"['never', 'want', 'to', 'see', 'his', 'ugly', 'face', 'again', 'but', 'here', 'i', 'be']",relevant,non relevant
1hbs2a3,AmItheAsshole,AITA For telling my mom she’ll regret picking her husband over her children,"I (23F) and my husband (22M) moved in with my mom over the summer to help my mom with her bills and to help take care of my three younger siblings. The main reason for this move was because I did not want her to get back with her “boyfriend” that she had been dating on and off for the past 7-8 years. Not long after we moved in she starts talking to him again after repeatedly telling me she was never going to get back together with him. She then goes on to marry him and since then has taken on this mentality that she is his wife and has responsibilities towards him so she has to be with him 24/7. Which in turn meant to me and my siblings that we would see her less because he does not live with us. Ever since she got married she goes directly to him after work and the only time my siblings see her is in the mornings when she takes them to school, she’s not even home during the weekends. 

Recently this past weekend me and her ended up arguing over text because my siblings miss their mom and wanted to see her. She then chooses to instead of coming to see her kids to call them and tell them that she is too busy to see them and that when she was there that all they did was play video games but now that she’s with her husband they suddenly “miss her” and want to “spend time with her.” This made my siblings sad which naturally made me step in and tell her off. I told her she can’t be serious right now and that obviously her children are going to miss her. That even though they might have a roof over their heads and food that doesn’t mean they don’t still need their mother’s presence more than just a few minutes in the morning when they’re going to school. I told her she can’t seriously be picking a man that has literally shown he does not care about her over her children who do love her. 

She responded by telling me the same thing she told my siblings that when she was with us that my siblings didn’t appreciate her and that they just spend their time playing games. I’m like be so for real you’re resenting them as if they’re not literally children where’s that energy with that man that has literally done nothing good for us. She’s like oh so I’m a bad mom, okay that’s fine you’ll regret your words one day. She then hangs up on me and refuses my calls and texts my sister telling her she’s not going to talk to me. So I texted her and told her the one that’s going to regret her words is you and you’ll be sorry for picking a man over your children. The day you learn to not put a man on a pedestal is the day you’ll get your blessings. It’s a serious mental problem to be so attached to a man. That I love her but I know she’s not okay by doing what she’s doing.
She’s now no longer talking to me and only contacts my siblings. 

AITA or was this a reality check my mom needed?

Edit: Since I didn’t include their ages in the original post my siblings are 10M, 13M, and 15F. Incase you’re wondering my mom’s age she’s 40 and her new husband is about 50/60, I’m not entirely sure his exact age. Their dad is 38. 
For those wondering where their dad is, he is still in the picture but he also has a new partner. He comes to visit them once or twice a week sometimes and buys them food and clothes. He is supposed to be giving my mom child support but he’s not always very timely about it. 
I also want to acknowledge my mom does contribute financially to them still, the only issue is she is not here physically with them as often as she should be.

UPDATE:
I spoke with my aunt and she talked some sense to my mom. Although we still don’t get along with her husband my mom is around more and checks in on us more frequently. Neither of us really apologized we kinda just started talking like normal after a few weeks which is usually how things go with us. Thank you all for your concern and support.",2024-12-11 12:10:10,https://www.reddit.com/r/AmItheAsshole/comments/1hbs2a3/aita_for_telling_my_mom_shell_regret_picking_her/,,abortion,abortion_data-updated - new_abortion_related_subreddits_text_posts .csv,d3b9676b77b3458da0efad5c082b7b9571ad38ef2926c75fbf57dc3c5dda8960,,,,,,,,
1d6et4c,Parenting,Sex life with teenagers,"My husband and I are taking guardianship of my 17 year old twin sisters, they’re moving in in 2 weeks. I’m very excited to have them here and I feel kind of selfish for even worrying about this, but how do you have sex with teens in the house? Should I just send them off to the movies or the mall with some spending money so we can get some “alone time”? They’re my sisters, so they know I have sex, but I’m honestly deathly afraid of them hearing us/walking in on us! My husband and I had a bit of a rough patch for about a year where my sex drive was nonexistent due to medications I was on and a miscarriage that broke me emotionally, so it’s very important to me that we keep our sex life fun and healthy because I now know how much no sex can affect a marriage. We don’t have any kids of our own and haven’t ever had roommates since being together, so we’ve never really dealt with having to hide us having sex. Any advice for a DINKWAD couple going straight into having two teenagers?

Editing to add I’m 23F and my husband is 24M, so we’re not that far apart in age! Just realized I forgot to put that in there

Editing again to add they won’t be in high school due to our mom encouraging truancy (to the point of making them beg friends for rides to school) and drop out so they can work. They won’t be getting jobs so they can put their full focus on getting their GEDs (grades are so bad they’d have to start high school from the beginning and doing that isn’t an option as the high schools here) and getting them ready to enlist in the military (they want to join the Air Force like I did). I am thinking about finding some volunteer opportunities and/or local clubs for them to join until the GED classes start later this year though!

Edit: We moved the girls up here yesterday! I just talked with them separately, just me and them without my husband or mom there, and was like “Hey, yall know I’m married and do married people stuff, is it cool if I give y’all some spending money and drop you off at the mall or the movie theatre so we can have alone time?” and they said (verbatim) “Girl you’re GROWN grown, we know you have sex, we can just go to the pool or mall or whatever” so it was a non-issue that I was nervous about for no reason lol! Thank you all for all of the tips, and to the people that DMd me weird things, you’re gross. No, I’m not worried about my husband and sisters being in the same house, if I was I wouldn’t have married him, they are my life and I cut off any person who speaks in a disrespectful or gross manner about them. And no, just because I posted about my husband and I having sex, it DOES NOT mean I want dick pics or other sexual messages from you randos! Otherwise, it’s going great! They even cooked dinner for us all tonight! I’m so glad to have my babies safe and sound under my roof! I will definitely post to this sub with future questions, of which I’m sure I will have many. Thank y’all from the bottom of my heart!!",2024-06-02 14:41:35,https://www.reddit.com/r/Parenting/comments/1d6et4c/sex_life_with_teenagers/,,miscarriage,miscarriage-data-updated - miscarriage_related_posts.csv,a5821790397c823f898c56fb515d8481e17cfd0435fa957d9651884fe4946e9f,high_precision,,,,,,,
1f4m3di,Pregnant,Pregnant again…and I don’t want to be.,"Using my alt account because I’m scared about this getting traced back to me since I don’t live in a legal abortion state. 

I had my first in April of 23. Pregnancy was not easy, and while it was the coolest thing I’ve ever done, it was physically and mentally exhausting. She was also an IUGR baby which brought its own set of anxiety and heartache. She’s a healthy, crazy, happy 16mo now. She’s the light of my life, but we’re also going through the start of temper tantrums. So we weren’t planning on giving her a sibling any time soon.

I realized on Monday that I hadn’t gotten my period in over a month. Popped to the grocery store…and the test came back positive. So did the second. I absolutely melted down. I’m just not ready to go through this again. I feel like I’m finally just getting myself back, plus this has personally been a hellish month. And my LO is still nursing and I’m not ready to wean her yet, I have such little supply that I fear I’d dry up like most of my friends did. 

So with the help of my very supportive mother and husband, we’re driving two hours away in two weeks to the nearest Planned Parenthood to get the abortion pill. I feel certain in my decision, but I am also just so, so sad to have to do this. And I’m nervous about the pain and discomfort, and how this is going to play out. I’ve never had an abortion or miscarriage, so I don’t know what to expect.

I’m just wondering if anyone has any advice/experience they could share? I do have extra sessions with my therapist scheduled for this month too. 

EDIT: I really appreciate the support! Mods, I had someone PM me some pro-life perspectives, how do I reach out to let y’all know?",2024-08-30 3:59:13,https://www.reddit.com/r/pregnant/comments/1f4m3di/pregnant_againand_i_dont_want_to_be/,,miscarriage,miscarriage-data-updated - miscarriage_related_posts.csv,830189ec49190d6ae00f4bf08a882421f946cae999892992a8bdcc509223a883,high_precision,,,,,,,
92s4j6,assault,Running into my abuser... (TW: Suicide),,,https://www.reddit.com/r/sexualassault/comments/92s4j6/running_into_my_abuser_tw_suicide/,,harassment,sexual-harrassment-data-updated - RelevantByTitle.csv,89cfb31ed900e0e9b1039fc4c8415a85a4320f40529a1435e1c2d95fd4fef40a,,"I was waiting on line to order food at a burger place with my bf when all of the sudden he gets close and whispers “Don’t freak out but (abusers name) is right behind you.” I felt my stomach drop. I tried to act like I didn’t care, but I was freaking out inside. My bf suggests that I go get a table outside so I don’t have to be around him. While I was outside, my mind was racing like crazy. All the memories started flooding back. Every customer that left the burger place, I was expecting to be him. I lost my appetite so quickly. I was so shaky and just wanted to vomit on the spot. When my bf came back out, I put my happy façade on and pretended like I was ok. Eventually, I managed to forget about him.
Fast forward to the next day:
During work, I started to think “What if he comes in and I have to take his order?” (I’m a barista) I started high key panicking. I was shaking, nauseated and super dizzy. I couldn’t focus on work at all. Not to mention the flashbacks of what happened. It was three years ago, but I can remember it like it was yesterday. I don’t want to see him. I want to forget about him. Sometimes I think about going away for good so I don’t have to see him and remember what he did to me. That thought is becoming my saving grace.",2018-07-29 4:02:01,1532836921.0,{'take'},"['run', 'into', 'my', 'abuser', 'tw', 'suicide']",relevant,non relevant
1liovr3,Miscarriage,Looking for advice on karyotype testing in London,"Me and my wife are going through our fourth miscarriage. Every time it’s the same, happens between 6-8 weeks. NHS doctors don’t have any explanation, they just tell us to call them as soon as we are pregnant next time and send us back. This time I specifically asked for karyotype testing and they said either bring the tissue to them when it is passed or go for a private test. They just clearly said no to a couples karyotype test.

We are now looking for any good private clinic that does the karyotype testing in south London. Any suggestions, experiences, or advice would be greatly helpful.",2025-06-23 18:48:28,https://www.reddit.com/r/Miscarriage/comments/1liovr3/looking_for_advice_on_karyotype_testing_in_london/,,miscarriage,miscarriage-data-updated - miscarriage_related_posts.csv,d79980fdc504fb9b7751a408ef7465b494760073a06d01b267ae579c39c0651d,high_precision,,,,,,,
kf9u58,assault,My story,,,https://www.reddit.com/r/sexualassault/comments/kf9u58/my_story/,,harassment,sexual-harrassment-data-updated - RelevantByTitle.csv,9f140129163775c5f332376b486ff1ccf65448953c87579f7d4a3794e9c36c79,,"I suppose my story begins in 7th grade, when a teammate on my basketball team asked me to stay over at his house after a game. He was a popular kid so I figured that he just thought I was cool. After playing with his pets and eating dinner with his mother, we went into his room. He then pulled out an airsoft rifle, which at first didn’t concern me much. He then became very aggressive, forcing me to the ground and handcuffed to a bed post. He pressed the gun to my head and threatened that if I scream, he will shoot. He then proceeded to slide a debit/credit card in and out of my anus, calling this a “transaction.”

At first, I didn’t realize the ramifications of what he did, but then at school he approached me claiming that if I tell others what happened, he will beat me up. That was my first sign of researching more. 

After realizing I was a victim, I sought to eliminate any chances of seeing the kid. I thought I was doing well. However, my mother who is a fervent alcoholic came into the picture. 

Most nights when I stayed with her, she would return home from the bar reeking of booze and full on wasted. A couple of these times, she aggressively forced herself into my bed and on the couch and began demanding really weird things. On two occasions, she grabbed my penis and began touching it. I was in denial about these events, I blamed the alcohol instead of her. 

After this experience, my personality and demeanor flipped. I became cold, mean and angry. I began to manipulate others for my own benefit and almost destroyed close relationships, like the one with my twin. I’d say this attitude maintained for awhile until I started excessively using drugs to clear my head. 

In the past fall, I moved into an apartment with roommates. Little did I know, one kid was extremely manipulative and evil. He manipulated me into aiding him with his studies and work as he knew I didn’t have the materials necessary to live. 

One night, I was located on a beanbag on my phone when he wrapped his legs around me, front straddled me and started repeatedly thrusting himself into me. Much like a forward lap dance. 

This instance has almost destroyed my sanity, as thoughts of revenge and killing have plagued my mind and opened up a vault of the previous traumas listed. My mind is gone, I just got a job to waste time but still. I feel like a ticking time bomb and this is my call for help. My story. Thanks for reading.",2020-12-18 0:15:04,1608250504.0,"{'pull', 'use', 'touch', 'press', 'manipulate', 'plague', 'force', 'thrust'}","['my', 'story']",relevant,non relevant
eluwox,TwoXChromosomes,My Doctor called me ‘sad’ for wanting an abortion after my birth control failed.,"Throwaway account. As the title states my birth control failed and I found out last week I was pregnant. My husband (30M) and I (26F) discussed our options in depth but we can barely financially support ourselves currently and I cannot do my job while pregnant due to the company’s insurance and associated risks. I am a contractor and would lose my job immediately if my employer found out. We want to be parents someday but it’s not the right time and we have no support from family/ friends. We also both grew up in poverty and swore we would never do that to our future children. 

After a lot of long discussions we decided that, since it’s so early in the pregnancy, abortion is the best way forward. I did my best to be informed and do my research as to where to go and who to talk to but felt like I was going in circles so I figured my best bet was to talk to my GP and go from there (the closest Planned Parenthood type clinic is two+ hours away). I thought she might be able to provide more information or, at the very least, confirm that I am pregnant.

This is where my asshat of a doctor comes in. I’ve been seeing her for about two years and she is the typical 2 minutes at most with you doctor. She really doesn’t seem to have any f***s to give when it comes to her patients and makes you feel like you are wasting everyone’s time if you ask her questions.

Knowing this, I made sure to call and be very specific about my needs telling them I was pregnant and needing an abortion. The staff assured me multiple times that I needed to come into the office to speak to my doctor about it and would not provide anymore details in terms of cost or what to expect etc.

I show up for the appointment with my husband and am asked when I check in what the appointment is for. I tell them that I am pregnant and need to discuss my options, receptionist enters it in and tells me to have a seat. When we finally get taken into a room, the nurse asks me again what I am here for and again I say I’m pregnant and need to discuss abortion options. She writes it down without saying anything, takes my blood pressure and leaves.

Enter Dr. Asshat, stage left.

Dr. A - “Hello. Why are you here today?”

Me -“ I’m pregnant and need to discuss my options for...”

Dr. A - (interrupting) “How do you know? At home pregnancy tests?”

Me - “Yes, I’ve taken a couple and they all came out....”

Dr. A - (interrupting) “So you need a referral for pre-natal care.”

Me - “Um no, we’re not ready to have a child yet and I wanted to discuss our options with you”

Dr. A - (long pause while she looks at me, disgusted) “You mean you want an abortion? Really? An abortion? Ugh. (Makes aggressive eye contact with me) That’s sad. (Looks at my husband, expectantly. Long pause while she stares daggers at us. Then rustles paperwork and get up as if to leave) We don’t do that here. No one in the area does.”

Me -“Ok, but when I called I specifically told them this is what I needed and they told me....”

Dr. A - (interrupting whilst huffing out a sigh like I’m the slowest idiot she’s ever dealt with) “I can refer you to someone for pre-natal care but that’s it. Nothing else. We don’t do anything like that. There isn’t anywhere near here that even does...those. You’ll have to figure that out on your own.”

Me -“Ok, but when I called I specifically told them I needed an abortion and they told me I had to schedule an appointment to talk to you.”

Dr. A - (continuing to gather up her paperwork) “We’ll just cancel this appointment then, is that all?”

Me - “Um yes, that was all”

Dr. A - (walking out without a backward glance) “go down the hall to the right.”
End scene.

I ended up getting a refund for my co-pay and bawling my eyes out in the parking lot while my husband hugged me. I have been so stressed about this (on top of being exhausted, dealing with morning sickness, and crazy emotional swings) and she made me feel like a despicable human being and utterly worthless. 

I understand that she is allowed to have her own opinions on the matter and has every right to disagree with our choice. However, as a medical professional that I entrust my care to, she does NOT have the right to make shitty comments about that choice and she does not have the right to treat me/us the way she did. (The clinic she works for is not religiously affiliated and does not have any posted information anywhere about being anti-choice.)

My husband and I are both upset and angry but have not, and will not, change our minds on this. I’ll also be finding a new GP as soon as humanly possible.

Edit -Holy shit y’all are amazing. I went for a walk to try and clear my head (can’t stay upset for long watching an exuberantly happy pup on a walk) and came back to such an outpouring of love and support and I’m so overwhelmed. THANK YOU to everyone who wrote encouraging words and to those that gave much needed advice. I have an appointment with the aforementioned Planned Parenthood and have transportation so hopefully this whole situation will be resolved in no time. I am working my way through the comments and doing my best to reply where I can. Thank you all. You will never know just how much of an impact you’ve had. I no longer feel like my husband an I are alone in this 💜

Edit 2 - THANK YOU SO MUCH FOR THE AWARDS!! Thanks for even more encouraging comments and for the silver and gold guys. Y’all really do know how to turn a gal’s day around. My husband and I can’t thank you enough for the support! Thank you for the loving comments and messages. Thank you to all those that messaged with offers of rides or funds. Thank you!!

Also just a few bits of info for y’all that are asking;
- I do live in the US (crazy this shit is still happening here, right?) in Florida specifically.
- I have called and set up an appointment with the most ‘local’ PP office and do have transportation there. 

Lastly: to those lovely individuals sending me expletive and hate filled messages; save your breath. I’m not reading them and clearly you have your own personal issues to work out with all that copious free time currently spent on badly written hate mail. Please seek help for your violent tendencies so that you can handle having adult conversations with people without throwing a tantrum and using the word ‘cunt’.

Edit 3 - Last edit y’all! Thank you so much for all of the messages, chats, and comments. I’ve done my best to respond to everyone, if I missed you I’m sorry. My husband and I are incredibly thankful for this community and the support you’ve shown us today. I will continue to respond as I can. From the bottom of my heart, thank you!! Thank you to all those that shared their stories in support and offered a shoulder to lean on should we need it. You’ve made us feel so loved and I could never thank you enough.",2020-01-08 16:23:02,https://www.reddit.com/r/TwoXChromosomes/comments/eluwox/my_doctor_called_me_sad_for_wanting_an_abortion/,,abortion,abortion_data-updated - new_abortion_related_subreddits_text_posts .csv,6b115409f48d001fbe69ea72f452e6fd032a527863ed8dc4cedb2d37ad6f4fe9,,,,,,,,
o4lkhp,assault,Stuff that happened to me in 7th grade,,,https://www.reddit.com/r/sexualassault/comments/o4lkhp/stuff_that_happened_to_me_in_7th_grade/,,harassment,sexual-harrassment-data-updated - RelevantByTitle.csv,f4908d8152fb407afa5093b553bebf2ca34a869b5236f57300ad5be3722806d6,,"Hi all, I’m wondering if I can get some insight on if this is considered to be assault or if it’s just harassment. For reference, I am a girl. Also, CW/TW because I’m a minor talking about stuff that happened while I was a minor. Thank you in advance :))

So in the beginning of the year, I sat next to this kid in science class. We both sat in the back of the room and the teacher couldn’t see us so well because of the table’s position. One day, he started playing with my hair. I asked him to stop and he didn’t. He then proceeded to comb my hair with a pencil. Again, he wouldn’t stop when I asked. He then sat in my chair with me in it, basically taking up the whole thing while I was still sitting on it. He wouldn’t move and I couldn’t really move, so I just sat there with our thighs touching and him touching my hair, etc. No one would say anything but a few people saw and I just sat in horror and essentially shock. Class finally ended, which allowed it to be over.",2021-06-21 3:02:52,1624244572.0,"{'take', 'touch'}","['stuff', 'that', 'happen', 'to', 'me', 'in', '7th', 'grade']",relevant,non relevant
i953ul,metoo,Are they any online (and free) support groups for rape survivors I can join?,,,https://www.reddit.com/r/meToo/comments/i953ul/are_they_any_online_and_free_support_groups_for/,,harassment,sexual-harrassment-data-updated - RelevantByTitle.csv,a131c4b2db84698af53337905ac546b7d327d347e5bd9091184f51e1f1f90fcd,,"Maybe 24 hour ones or just groups on here? He goes to my highschool and we have mutual friends so I am reminded of him A LOT and my close friends are there for me, but they don't really understand and I just want to hear from others who have gone through it. I get triggered often by things such as Epstein or Kavanaugh stories. I would also love to help anyone who needs a survivor to talk to",2020-08-13 18:15:29,1597342529.0,set(),"['be', 'they', 'any', 'online', 'and', 'free', 'support', 'group', 'for', 'rape', 'survivor', 'i', 'can', 'join']",relevant,non relevant
1gziou7,relationship_advice,My (23f) partner (25m) wants to leave me to be a single mother during my pregnancy. Advice?,"A few days ago my partner and I got into an argument, towards the end I brought up that we agreed to try and work on issues in our relationship before the baby got here (I’m 25 weeks). He took a moment and told me “I don’t think I want the relationship anymore” and that he doesn’t want the child, doesn’t want to be in his life, doesn’t want to be in a long term relationship (we’ve been in a relationship for 3 years). He says he’s feeling this way mainly bc of the baby, but also bc he realized he doesn’t have the energy to have a relationship and also “work on himself” like he wants and become an individual person. He says having a child will mess things up for him. He says he’s come to the realization he never wants a relationship with anyone and never wants kids. I feel… broken. I’m confused. I want to believe it’s just because he’s nervous but he just genuinely seems like he hates the idea of a child as if I could change the fact that it’s his. 

We talked again last night and he goes “I’ll try and support you but not in the way you’re asking” because we originally had plans for how my maternity leave would work and how we would handle it and have a handoff system when I go back to work, and now…Now it’s “you can drop him off every other weekend” my guy WHAT. No sir. You didn’t just wait 6 months into all this to tell me I’m gonna be a single parent with an almost absent father, you told me we’d be in this together. Where did that go??? 

We TECHNICALLY haven’t “ended” our relationship bc he wants to talk to his therapist about how he’s feeling. Though idk what that is gonna change but I guess I’ll see. 

Has anyone dealt with anything like this and have advice??
Any single pregnant people out there able to give some advice??
Just advice in general would also be great bc I currently feel like my world is collapsing


***updated notes: I feel the need to add this seeing how I’ve gotten more than one comment about it. 

1. While I’ve considered adoption, I would rather be a single parent and figure my life out as that than give up a baby I’ve fallen in love with and have struggled through my chronic illness for to have. Yes, I know maybe the baby won’t have the life I dreamed, but that doesn’t mean he can’t have a good love filled life. 

2. People saying “your a child” or that I’m too young. Yeah. It wasn’t a planned pregnancy, I was actively on birth control, but life happens. When we talked about children we talked about starting to try for kids at 28 ish. And that we would have more than 1. But I’ve lost so many people in my life over the years I couldn’t go through an abortion, especially since the year prior i had a miscarriage and it nearly broke me. 

3. I’m not exactly financially dependent on my partner, if anything I pay more in bills than he does. However, he does send me some money and we made a plan long ago that he would save extra each month so he could pay more in bills during my maternity leave and now idk what to do for that. Plus once the baby is born there’s SO MUCH more bills that we would share that I can’t afford alone. Though I’ll admit I’m more dependent on him for things like chores and stuff… which… in comparison to being financially dependent it’s the better alternative to learn how to do. 

4. People bringing up how we aren’t married… some people don’t want to be married? And being married doesn’t stop men from leaving and walking away. In fact, if we were married and then this all happened I’d be in a worse situation with more legal battle than i would be for just custody and child support I feel. And while I understand where you’re coming from, I don’t need those specific comments as if it helps me right now rather than making me feel like shit 

And lastly, I feel as though this goes without saying. But this is the person I thought I was gonna spend my life with. Someone I considered my rock. I still have a lot of things to process and move through, but it’s hard and I feel like a lot of people that have had someone leave them after years can understand. Currently I still see him as the love of my life, knowing that yeah… maybe I won’t always feel that way. But it doesn’t hurt any less and doesn’t make it any easier.",2024-11-25 13:22:31,https://www.reddit.com/r/relationship_advice/comments/1gziou7/my_23f_partner_25m_wants_to_leave_me_to_be_a/,,miscarriage,miscarriage-data-updated - miscarriage_related_posts.csv,5b8ec6004247a93a10a90e51c81fee02f5f66b5c74f48a60742ec47f8c747b17,high_precision,,,,,,,
mrjynx,assault,My father was assaulted at a massage parlor,,,https://www.reddit.com/r/sexualassault/comments/mrjynx/my_father_was_assaulted_at_a_massage_parlor/,,harassment,sexual-harrassment-data-updated - RelevantByTitle.csv,fc16f8281c653183d04b2fe60628323399aaaef12238599dfa41ed5922667234,,"Throwaway account; posting with his permission. 

My father is in his 60's and a clergyman. He threw out his back and walked into a local massage place hoping to get some relief. When the took him into the back, about halfway through the massage, the masseuse started to give him, well, a happy ending. He was horrified and immediately told her to stop and they still made him pay the $40 extra for the ""service"" he had been provided. Mind you, this was never discussed, he never asked for it, etc. 

After a google search of the parlor, they come up on a third-party site for erotic massage parlors, but obviously unless you do this search, there is no way you'd know what you were walking into. 

He is just beside himself, saying so many of the things friends of mine have said after being assaulted such as being embarrassed, upset, feeling like he did something wrong, and that it's not worth it to report what happened. I guess with this post I'm hoping for validation that what happened was indeed a ""big deal"", some advice on how to support him/how he can cope with this, and even if this is something that warrants legal action (at the moment he says the cops would laugh at him). 

Thanks in advance for any advice you can give.",2021-04-15 17:46:30,1618508790.0,"{'feel', 'take', 'assault'}","['my', 'father', 'be', 'assault', 'at', 'a', 'massage', 'parlor']",relevant,non relevant
j3wkti,Pregnant,My three year old son is amazing. TW:miscarriage,"So I was watching Wendy Williams and she did a shout out to Chrissy Tiegan and wished her well after the loss of baby Jack. Wendy has lost several pregnancies and she said through tears, “it’s ok, I’ll see them at the crossroads”.  I don’t know why, but that broke me. I have had three losses and one was recently- this baby I’m carrying is 33 weeks today- and we lost his twin brother at 10 weeks. I haven’t cried. I was sad and I was numb, but I was so shocked and also so grateful that this boy is safe that I never sat and cried. Thinking about seeing my lost baby at the “crossroads”  - I broke. I cried loud and hard and I couldn’t stop. I NEVER cry and I NEVER cry in front of my little boy because I don’t want to scare him. I’m a stoic person and I just don’t ever go there. But today I did and my little boy came running downstairs when he heard me. “Mommy! I’m coming! It’s ok mommy! I love you mommy!” Omg. My sweet boy just held me and wiped my tears and kissed my fat pregnant belly and I can’t even describe how precious these boys are to me. I’m so grateful to God for these boys. I have been so ANGRY about losing the baby and I was so, so angry at God but today I realized that I really do believe that I will see him again. And until then, I have these two heathy boys. In that moment, sitting on the floor with my baby boy kicking and my three year old’s arms around my neck, I felt peace. I’m still sad and I probably always will be, but I had a profound sense of clarity. This is how it was supposed to be. I don’t know why and I don’t like it and I’d do anything to go back and make it be different- but I don’t have to be angry anymore. And my kiddo says “See? Mommy all better. I kiss you mommy!” Thank you, son, for comforting your mommy. You will be a great man someday. Here’s hoping that all the other heartbroken mamas find their peace. Here’s to Chrissy and baby Jack. Stay safe out there and be gentle with yourselves.",2020-10-02 15:27:36,https://www.reddit.com/r/pregnant/comments/j3wkti/my_three_year_old_son_is_amazing_twmiscarriage/,,miscarriage,miscarriage-data-updated - miscarriage_related_posts.csv,cf735e4b78e43d74988a69704f3ad70f3978ee8f9f349970f1482bb34cc79021,high_precision,,,,,,,
1gq260t,abortion,I feel regretful and alone,"I feel so regretful 

Unfortunately I had to have an abortion today at 19 weeks pregnant due to several anomalies. I’ve known about my son since I was 4 weeks pregnant. He has a name and he was very much wanted in my relationship and life. I bought him basically everything he needed already: clothes, diapers, stroller, etc. I am from a very red state therefore I had to travel to a blue state that allows abortions at this stage. Part of me deeply regrets that I had to go through this and alone at that. I got the news yesterday and decided it’s for the best. However I’ve been with my partner for 1.5 years now and I begged him, cried with him, and told him how important it was he’d come here due to how serious this was. He had so many excuses “I don’t want to drive with the dogs 5 hours”, “I think I’m going to fall asleep, so I’ll come tomorrow” (after the procedure would’ve been done), “if you’re coming back Wednesday it doesn’t make sense.” however he has sent me sweet messages throughout. Truly idk how to feel. I don’t know if it’s my hormones, but I’ve cried so much my face is swollen, I feel so alone. Not only did I have to go through this completely alone (my family is EXTREMELY conservative and I would be banished from my family), but I also partially regret the decision I made even if it is to prevent my baby from having a horrible life. He would’ve had no arms and only 1 leg along with several internal anomalies. Whether you are pro-life or pro-choice, I hope this is an understandable experience. I just have no one to talk to and I came to vent. ",2024-11-13 2:10:01,https://www.reddit.com/r/abortion/comments/1gq260t/i_feel_regretful_and_alone/,,abortion,abortion_data-updated - new_abortion_related_subreddits_text_posts .csv,d099dc04cae5241154224aefa347cc711208e3f0b416aa44ee5f5c86ddbf62b0,,,,,,,,
1ljgp5z,abortion,Super sure before my abortion and now feel horrible,"Hey everyone, throwaway account for obvious reasons.
I had a surgical abortion 6 days ago, I was 9 weeks pregnant.
I’m almost 32 and have been with my boyfriend for 1.5 years. 
When I found out I was pregnant I immediately knew I wanted an abortion, there were no warm feelings towards the fetus, I was very annoyed how it was changing and messing with my body already,  my boobs went a cup bigger and the nausea was incapacitating. 
Aside from the physical symptoms I am not really ready to have a child right now, I’ve been out of work for 8 months and am only starting a new job next month, my boyfriend and I don’t really live in the same city, he currently doesn’t even have a permanent home of his own because he recently finished his camper van and has been bouncing between my city, the Canary Islands, his hometown and the city he last lived permanently. I think partly because of this back and forth our relationship has had its rocky patches.
We had also talked about it before and both agreed that we’re not ready yet to have kids. I wasn’t even sure I ever wanted kids.

So it was a super easy decision and one we didn’t hesitate to make. In the two weeks leading up to the appointment I was super sure and very calm and went about my life as normally as I could, I went to a festival (took some psychedelics), to a wedding and tried not to let the pregnancy bother me.

Fast forward to the day of the abortion, I went in very calm and collected, was even confused why the clinic staff treated me so kindly and carefully. The doctor even held my hand until I was out from the anaesthetic.

When I woke up I had my first crying spell. My boyfriend picked me up and the first couple of days I was mostly fine aside from the bleeding.

Then everything shifted and I have been going through intense grief, heavy crying spells and anxiety.
I’m worried I made a mistake, that I do truly want a family and that this was my only chance because I’m so old already. I’m also worried my boyfriend will never be ready and I will be left waiting until it’s too late. 
There’s many more intrusive thoughts around those topics but mostly I’m just so so sad.

Has anyone experienced this? And does it pass? Rationally speaking I know that all my reasons for having the abortion were and are still valid, and that there is still plenty of time to have a child, but emotionally I wish I could go back, so I would still have a choice. I don’t know if my decision would end up being different but I feel so awful right now. I want this to stop :(

Edit to add: I’m just so confused because I was so sure and calm and I don’t understand why this is so hard on me right now.",2025-06-24 17:05:25,https://www.reddit.com/r/abortion/comments/1ljgp5z/super_sure_before_my_abortion_and_now_feel/,,abortion,abortion_data-updated - new_abortion_related_subreddits_text_posts .csv,6b145ec2153d1f35e838851c4d91c965561979faa710e26c05b9b36951cd479b,,,,,,,,
1llvcix,Miscarriage,SIX. MONTHS. to get rid of retained tissue: what I would do differently next time,"First time posting - wanted to share my story because of all the hours I spent combing through Reddit as I went through this experience over the past 6 months.

Jan 1: positive pregnancy test
Mid Feb: confirmation of pregnancy appt revealed blighted ovum (~9.5 weeks). HCG level was 268,000.
End Feb: took misoprostol and passed a LOT of tissue. Took pregnancy tests at home for the next month or so and never went negative. Started going in for weekly blood tests and HCG was slowly going down, until it plateaued around Mid May so I went for an ultrasound that showed retained pregnancy tissue.
End May: went in for d&c, then 3 weeks later before post-op appt I took a pregnancy test just to see if my HCG levels were still high (totally thought it would be negative - ‘twas NOT). Asked for ultrasound and the retained tissue was the SAME SIZE. Scheduled a second d&c and pretty much demanded that it be ultrasound-guided to absolutely confirm the tissue was gone. Procedure was done yesterday (end of June…so six months later. Unreal.) and the OB said that she had to do several sweeps and was about to do a hysteroscopy, tried one more sweep and finally got all the tissue out, it was super fibrous and calcified. 

If you are reading this in a similar situation, please learn from my mistakes. If you have a retroverted uterus, PLEASE ask if your d&c can be guided by ultrasound. If I have a miscarriage again I am not doing cytotec, I am RIGHT off the bat going to ask for an US-guided d&c. Thankful for this community and all I have learned from it - here’s to effective self-advocacy!!!",2025-06-27 14:30:26,https://www.reddit.com/r/Miscarriage/comments/1llvcix/six_months_to_get_rid_of_retained_tissue_what_i/,,miscarriage,miscarriage-data-updated - miscarriage_related_posts.csv,8244fe511752946e184f6f4018adcaee1dc865dce3ada6b2cf9993b7c376d2e2,high_precision,,,,,,,
1ll4boq,relationship_advice,My (24F) overprotective partner (30M) can be too much for me to take in sometimes...,"hey everyone, is it normal for men to be overprotective? before i start, i love him so much. we knew each other through tinder back in 2020. we got into a relationship in 2021, and we are getting in 2 months time. he is the love of my life, accepts me for who i am in every way and i am forever thankful for that. 

i have never cheated on him, not even once, and he has never cheated on me too. but in the start of our relationship, he has pretty bad trust issues. he got cheated on by his ex in his first relationship. he was single for a decade. he did contacted girls here and there, which some of them happens to have a boyfriend, which he knew about, but still proceeded to talk to them anyway. note that this is his 2nd relationship. yes, it was difficult for me to earn his trust. i put my energy into earning his trust and proved him wrong that i am not like the girls he met. it definitely was tough on me. i cried most of the time because i couldn't handle it any longer.

he is protective with what's his, which i am totally fine with, honestly. 

but it can get too much for me sometimes. we had an argument and we hadn't spoke for a day now. not even a single text coming from one of us. he doesn't likes it when i'm out without him, all dressed up, with make up on. he finds it that i am attracting guys, or, men will look at me. but really, as a woman, i look good and feel good for MYSELF, and when i'm out with him, it's for HIM. 

but anyway, the argument, it's all because i wanted to go the gym without him. yeah, just me alone. why he does not want me to go? because he said, men will look. in all honesty, in a gym where the ratio of men is more, i usually feel uncomfortable to wear tight fitting workout clothes. i have also told him that i'm definitely not gonna do legs, just upper body. most of the leg workouts requires me to squat or bend over, while upper body workouts don't. i'm obviously gonna wear loose clothes that'll cover my butt. (before i go further, i'm just average looking. my ass is average. yup.) he's angry that i did not listen to him and still wanted to go to the gym by myself, instead of waiting for him to be free and go there together. so what did i went to the gym? nope, i didn't.

because we're getting married soon, he doesn't like it if his partner isn't gonna listen to him especially on things he does not like. i do not want to be that disrespectful wife though seriously. 

i love him so much and this is the first time we went this long(well yeah, a day going to 2) not speaking towards each other. i'm really tired of putting in the energy to work things out with him. we've rarely had a respectful argument. it tends to be a heated argument most of the time. he wanted a respectful argument, and so did i. no matter how bad we tried, we don't seem to be on the same page every time when it comes to this issue. however, i'm tired of getting belittled and criticised at every time we argue. i usually speak to him and tell me why it bothers me, why it hurts my feelings, but he doesn't seem to understand. it's pretty exhausting how i find myself giving in most of the time. but i'm tired honestly. 

besides the fact that we're getting married in 2 months... we also bought a house together so we're moving in and will be staying together soon as married couples. (btw we're both singaporean lol. most singaporean lives with their parents until they are married/have turned 35 to buy a house.) i'm feeling so numb right now. i just couldn't cry anymore. maybe i'm just tired and done? but if you ask me on a deeper note, i love him still. i do want to make it work and give it another shot. but will i regret it? will this be worth it?",2025-06-26 16:17:33,https://www.reddit.com/r/relationship_advice/comments/1ll4boq/my_24f_overprotective_partner_30m_can_be_too_much/,,abortion,abortion_data-updated - new_abortion_related_subreddits_text_posts .csv,862654481696aa3c938a685bf0b3525171617f0570959685094f7a70676faf13,,,,,,,,
1leug86,Miscarriage,They’re gaslighting me telling me I’m not pregnant.,"I actually have no words. The OBGYN that I had said that the next time after my other two miscarriages, the minute I got a pregnancy test I was positive that I should contact her because she’s gonna test my progesterone hCG.

I got a pregnancy test. That was positive. In fact I got five that were positive all from different brands. (This is the key here). My period isn’t here. No cramps no nothing. 

They tested my hCG and they’re like well. It’s so low you’re probably not even pregnant. You probably got a false positive. 

OK then, where’s my period do I really have to bring in five different piss tests for all of us to stare at? 

I don’t know what’s worse than miscarriage or everyone gaslighting me. Yeah I know my hCG is really really low right now because I’m going to miscarry this one too. 

I’ve been watching the line fade over the past few days I know and that’s why she was supposed to test my progesterone because she was gonna see if that’s what’s affecting my ability to carry to term 

I’m so heartbroken and so upset because this is so much worse. how many times do I have to miscarry before someone gives a shit 

Like did she forget that she was supposed to test the progesterone to see if that was the issue. 

I just keep losing them sooner and sooner. Each time they stop growing sooner. 

Let’s say it’s something else. Shouldn’t they investigate what’s wrong? It could be another teratoma. I just had one removed. 

Like I feel insane. I feel dismissed. I feel unimportant. I feel ashamed like i shouldn’t have bothered to call. This was my first time advocating for myself and this is the result. 

Update: they showed me my beta hcg quant and guess what? It was the same level that I had at the start of my first loss. So yeah. ",2025-06-18 22:22:48,https://www.reddit.com/r/Miscarriage/comments/1leug86/theyre_gaslighting_me_telling_me_im_not_pregnant/,,miscarriage,miscarriage-data-updated - miscarriage_related_posts.csv,590ff9c49c992abea8db1a9cf41d01ab15f93f6f3f87ef6c507bec73c0eee7a2,high_precision,,,,,,,
1gb4whl,relationship_advice,I (25M) disagree with my girlfriend (27F) on abortion and I’m afraid of losing her but also afraid of having a child this young?,"Hi all, appreciate anyone who reads this and hope I can get some other opinions as I don't really have anyone else to speak to about this in my life.

I (25M) and my girlfriend (27F) disagree on abortion.I will preface all of this by saying we are taking steps to mitigate pregnancy. She has an IUD and I always wear a condom. I will also preface that I recognize I am more anxious and paranoid than most. Even with these protections in place I sometimes get lost in anxious thought at the idea that my life could change in such a drastic way. We have been dating for 2 amazing years and have just moved in together and this is the only issue her and I have had and we both love each other very much. 

To the issue at hand, I am of the belief that we should prioritize our professional lives, saving for a home, and becoming the best versions of ourselves so that when we do have children we can best support them. In other words, if she were to get pregnant at a time where we were not ready, I would advocate for abortion. I fully understand that it is her body and her choice at the end of the day.

She believes that if pregnancy were to occur that we would keep the child because she believes that life begins at conception and that to abort would be for selfish reasons and that one would need to own the situation and step up. She believes that we could make it work and people have made things work with less. Though I agree that financially it could in theory work I’ve told her that 1.) mentally I would not be ready and 2.) I want to have a higher quality of life than most and I have worked hard to get where I am in my career. I do not want to settle for an average quality of life and want to work hard for my family and provide as much as I can. I believe having a child when not ready would jeopardize my ability to reach those goals.

Where we both agree and I get a bit confused is that we both agree that should there be any health complications with her or the baby, significant quality of life considerations, etc. that she would abort. Later in life (after having kids) I would also plan on getting a vasectomy so that this issue surely doesn’t come up again. I would do so now if that was an option and there wasn’t risk of being unable to have children of my own. So she really is only pro life in the instance that she becomes pregnant and the baby is healthy.

I have no idea how to navigate this issue. Neither of us have changed our mindset over the past 2 years and when it has come up, I have had to remind myself that the chances are very low and the whole issue gets swept under the rug. When it comes up again it’s usually a couple days / a week of awkwardness and uneasy feelings… does anyone know how this situation can be dealt with? I would very much appreciate some help as I try to make the best of this situation. Thank you.",2024-10-24 15:09:23,https://www.reddit.com/r/relationship_advice/comments/1gb4whl/i_25m_disagree_with_my_girlfriend_27f_on_abortion/,,abortion,abortion_data-updated - new_abortion_related_subreddits_text_posts .csv,51f6df158e0318c3f32db12d21f6852db34d0a596840eddf9c94ac44231877d2,,,,,,,,
1lj50o3,abortion,Abortion Pill as a single mom,"I’m going to get the pill tomorrow , I have a 6 month old already and no help. It wasn’t my choice to get pregnant this time & I can’t do it again & alone. I already feel horrible and guilty so please no hate. But I would like to know anyone else’s experience with the pill? And should I try to find help for my child while I go through it? ",2025-06-24 7:44:21,https://www.reddit.com/r/abortion/comments/1lj50o3/abortion_pill_as_a_single_mom/,,abortion,abortion_data-updated - new_abortion_related_subreddits_text_posts .csv,c88f67b797225dbade4d58a998e046fb254904310a8b3d759b028acb75bcfcbe,,,,,,,,
kjme6y,assault,I was raped and groomed throughout the past year and now I'm pregnant,,,https://www.reddit.com/r/sexualassault/comments/kjme6y/i_was_raped_and_groomed_throughout_the_past_year/,,harassment,sexual-harrassment-data-updated - RelevantByTitle.csv,08bdc872061705e35e49d73ec61a3a0bfcb88e4e0feebdbca4bc071779ed82af,,"I still don't know how to feel about it and am still in quite a bit of shock of what happened.. I'm almost 16 and I was dating a guy 8 years older than me for the past year.. He was really sweet at first, he would take me out a lot and buy me stuff all the time. He had a car so I could ask him to take me places and he would always buy me almost anything I wanted. He took my virginity soon after we started dating and got me to start smoking weed and drinking.. It wasn't that big of a deal. He was never rough with me or anything and he told me he loved me. After a while of dating he would want to have sex every time I saw him, or would always send me really hardcore porn and try to talk me into letting his friends all have sex with me. He talked me into having a foursome with a couple of his friends a few months ago after we were drinking and it was my first time having anal sex which was not pleasant at all for me. I told him I never wanted to do it again the day after and he got kind of angry with me, but he acted like he understood.. Fast forward to a few weeks ago, I find out I'm pregnant. He ignores me for a few days and then finally decides to come pick me up so we can talk about it. He seemed sweet and understanding on the drive across town but also kind of upset that I'm pregnant. We go to his house and one of his friends is there, they both immediately start beating and raping me at gunpoint for what seemed like hours. The cops ended up getting called by the neighbors I think is when my ribs broke because I let out a loud scream(the neighbors said they heard screaming). I guess they got out of there before the cops came because they found me covered in blood and vomit unconscious. I get rushed to the hospital where I don't remember much because I was unconscious almost the entire time. Luckily they arrested found my ex and his friend who raped me, they're both in jail now for rape, battery, sexual indecency with a minor, and I think they were charged harder b/c they knew I am pregnant. Luckily I have only minor injuries to me, broken ribs, I had to have stitches in my genitals and got prescribed pain medicine and I had a swollen face/black eyes. I'm still carrying my baby @ around 10 weeks now. I don't know what to do with myself or how to recover from this.. I""m just glad I didn't miscarry or I would have honestly just killed myself already.",2020-12-24 20:38:26,1608842306.0,"{'rap', 'take'}","['i', 'be', 'rap', 'and', 'groom', 'throughout', 'the', 'past', 'year', 'and', 'now', 'i', 'm', 'pregnant']",relevant,non relevant
1lj30eu,BabyBumps,Cramps Everyday? Anyone Else Living with this?,"Cramping was one of my very first symptoms, and it has continued with me daily into the second trimester. I am almost 18 weeks now and the cramping is actually increasing in frequency and intensity. Sometimes it is period-like cramps, sometimes round ligament pain, sometimes just painful aches randomly.

Midwife and ER docs have said it is nothing to worry about unless it is coupled with bleeding, which I only had once at 13 weeks and baby was okay. 

It’s honestly starting to wear me down; the pain can be quite severe at times and it feeds into my anxiety following a miscarriage last year. I won’t know anything more for certain until the anatomy scan in a few weeks.

Has anyone else experienced this symptom? What helped?

",2025-06-24 5:33:56,https://www.reddit.com/r/BabyBumps/comments/1lj30eu/cramps_everyday_anyone_else_living_with_this/,,miscarriage,miscarriage-data-updated - miscarriage_related_posts.csv,2060ad316b57c2579fc43895467532896411ceccb04442bade66cb71bb168b37,high_precision,,,,,,,
m4306j,assault,“Bf” thinks I should get over it,,,https://www.reddit.com/r/sexualassault/comments/m4306j/bf_thinks_i_should_get_over_it/,,harassment,sexual-harrassment-data-updated - RelevantByTitle.csv,8c12259063a25e906dd9fd691771b8ff87d4b4ffef2fc76b0661fce3f50cb502,,When i tell my bf why i didn’t want him to do something and that I was assaulted in that manner previously and he says “you’re not the only one that’s happened to thought you would change your mind” 🙃🙃🙃,2021-03-13 9:28:47,1615627727.0,{'assault'},"['bf', 'think', 'i', 'should', 'get', 'over', 'it']",relevant,non relevant
k5qqvl,assault,My story - a two time survivor,,,https://www.reddit.com/r/sexualassault/comments/k5qqvl/my_story_a_two_time_survivor/,,harassment,sexual-harrassment-data-updated - RelevantByTitle.csv,8380880b1b316e2ecf23a220d54b75ede059ad07f4fcc10a3c4f26418cabe506,,"Trigger warning!!!! 



When I was 15 I was sexually assaulted by my first boyfriend. He touched my breasts even though I told him not to. I froze in the situation. I told a few people and they told the whole school. All his friends ganged up on me and bullied me. Fast forward to this year. In march I had met up with an old guy friend and we were making out. I got triggered and had a flashback to the assault in my past. He calmed me down but I was still visibly upset. He asked if I wanted to have sex and I said ""not today."" To which he said ""what If I turn the lights out?"" I said ""maybe."" He immediately sprung off the bed, turned off the lights and stripped naked. I gave in and said yes. I told him he has to go slow or else it WILL cause me pain (I have endometriosis). He went hard and rough. I told him ""stop"" and he didnt listen. I tried to push him off of me, he wouldn't budge. I froze and waited for it to be over. He then tried to gaslight me and say that I was begging to have sex and that nothing wrong happened. It's been almost a year now and I am finally coming to terms with what happened. Thank you for reading.",2020-12-03 4:56:55,1606971415.0,"{'touch', 'bully', 'assault'}","['my', 'story', 'a', 'two', 'time', 'survivor']",relevant,non relevant
1ln898s,WomensHealth,period day 12,"My period has been regular for the past like 3 years, and always 5 days long. It came on time but this time it is lasting longer. I didn’t have any of my usual pms symptoms which was weird and my flow is lighter than usual. I’m also getting clots which I normally don’t. Idk when to go to the doctor over this. I’m 18 and there is not any chance of pregnancy or miscarriage or anything and idk if I should be worried or not. It dosent seem to be stopping either. Some days it looks like ending but then ends up bright red again. help.",2025-06-29 6:52:30,https://www.reddit.com/r/WomensHealth/comments/1ln898s/period_day_12/,,miscarriage,miscarriage-data-updated - miscarriage_related_posts.csv,58b3762ccddfd2a949e11ac8a853bfc61d421f6dd51d5bf1abdb899332304d2a,high_precision,,,,,,,
1l794t7,WomensHealth,Pregnancy symptoms returning 2 weeks after abortion,"I had a medical abortion 2 weeks and 2 days ago. I had intense cramping and decently heavy bleeding. Passed a few decent sized clots then had regular period like bleeding for a few days after. My nausea, fatigue, and nasal congestion were gone by the next day. My breast soreness went away after about 5 days. I have had brown spotting since and am still spotting currently. My symptoms were completely gone until a little over a week after when some of them started returning. I started getting nausea, fatigue, and headaches. My breasts have not gotten tender again, I have been keeping an eye on that. Just wanting some reassurance that these symptoms are just my hormones readjusting and that since they went away completely initially that the MA was successful. I don’t want to take a pregnancy test just yet because I know it is very early to even possibly test negative and cannot get an ultrasound right away because of my work schedule. Can anyone who has been in my shoes offer some advice, or reassurance on what I have going on?",2025-06-09 16:21:52,https://www.reddit.com/r/WomensHealth/comments/1l794t7/pregnancy_symptoms_returning_2_weeks_after/,,abortion,abortion_data-updated - new_abortion_related_subreddits_text_posts .csv,28e707a501150a93ad3a49c87693d16298d1c0be02b32229faf51c23c3ece78e,,,,,,,,
k8nh7e,assault,Did my cousin sexually assaulted me?,,,https://www.reddit.com/r/sexualassault/comments/k8nh7e/did_my_cousin_sexually_assaulted_me/,,harassment,sexual-harrassment-data-updated - RelevantByTitle.csv,055d6ac107808e5fbd04033dbf42835dd5036284b9969965b7a7ac4f58bc914c,,"My cousin would do and make me do sexual acts together and this lasted like 3 years. i was like 8 years old when it first started. He mostly didn't touched me but he kinda made me do sexual things together and after a very long time i got used to it I thought this was normal. He stopped when he was like 13 and i got so used to it that I didn't realized it was a very wrong thing . He had pushed me to do sexual acts,things also he do them to other people and pressure me to do too.and this fucked up my whole perception of consent and normal sexual behavior . Also i was sexually assaulted by my brother too but i knew when it happened but like my cousin, he only touched me once but he would always breach my personal space and fuck like it wasn't a one thing so these things happened repeatedly so I don't know what to call this exactly.",2020-12-07 19:26:06,1607369166.0,"{'fuck', 'assault', 'use', 'touch', 'push'}","['do', 'my', 'cousin', 'sexually', 'assault', 'me']",relevant,non relevant
wtnfji,Pregnant,Shein clothes are toxic with lead?!,"I feel like an idiot and a terrible mother. I bought and wore a few maternity dresses from there and maternity jean shorts. I read that lead exposure can cause issues with pregnancy, babies being too small and stillbirths. This is terrifying!!

I’m already afraid of my daughter being too small and now I feel like this is my fault. Is the damage already done?! :( I just want her to be born and safe. I feel awful.",2022-08-21 1:46:24,https://www.reddit.com/r/pregnant/comments/wtnfji/shein_clothes_are_toxic_with_lead/,,miscarriage,miscarriage-data-updated - miscarriage_related_posts.csv,2dbe5e706a95752d23957dbc260b6b98ae26671c89a066bf9bc8013df1da23a0,high_precision,,,,,,,
1l7htak,BabyBumps,Ftm anxiety over first prenatal visit,"Hi! Long time lurker, first time poster.

I'm currently 11w4d pregnant and my first prenatal care appointment is tomorrow to meet with my OB and potentially hear the heartbeat. 

I. Am. Petrified.

This baby is so very wanted - I'm 35, my husband is 43, and I've been scared by previous medical professionals into how hard fertility was going to be for me as someone with hashimotos & thyroid concerns. (Spoiler alert - it was not, we conceived first cycle). So I'm trying not to read into every teensy thing but its so scary! My feeds are full of blighted ovums, missed miscarriages, and despite it apparently being super rare jist has me so freaked out. 

How did you cope leading up to your first appointment? Or am I just overreacting? (Long term anxiety sufferer as well 😅)",2025-06-09 21:58:15,https://www.reddit.com/r/BabyBumps/comments/1l7htak/ftm_anxiety_over_first_prenatal_visit/,,miscarriage,miscarriage-data-updated - miscarriage_related_posts.csv,f4f4efcaf0ed70666b7d120da9ab3fc127ba127924abae1488bc4085816a54da,high_precision,,,,,,,
b84f4u,Parenting,Rant/Advice Wanted Re: April Fool's Gender Reveal,"Warning...this is long.  Way longer than I meant for it to be.  


TL:DR - I want to do an April Fool's gender reveal, looking for input and advice, plus ~~a bit of a~~...*~~a pretty long~~*...a **very** long rant as to **why** I'm approaching it this way.   


Ho'kay, so...I've done a little internet searching to find ideas on how to go about turning a gender reveal into an April Fool's joke, and I've found plenty of discussion (*angry* discussion) about it but no ideas that apply to our situation...sooo before the pitchforks come out, please hear me out on the *WHY*.  


I am *absolutely NOT* proposing faking a pregnancy/miscarriage/gender ""bait & switch"" prank...those are varying degrees of *horrible* and/or insensitive AF. I am very pregnant (mere weeks away from my due date) and everyone who would be exposed to this ""joke"" via social media knows I'm very pregnant. What they do not know (despite insistent asking, prying, attempts at passive aggressive manipulation, etc) is the gender.  


When I found out I was pregnant last fall, I wasn't immediately pleased. The timing was horrible: our 1st DD was \~9mo old, I was still breastfeeding (and not having a magical unicorn farts and pixie dust experience with it, but was toughing it out until @ least 1yr for the sake of my baby), and we had ***LITERALLY 2 WEEKS PRIOR*** signed on a house that was in need of massive renovation which we planned on doing ourselves while living in the home. I was only 7mo into my new, full-time, physically active job which put me and my husband working opposite shifts (he's home with DD during the day, I'm home with her at night, 5 days a week) with about 15min of ""the changing of the guard""...we jokingly refer to our lifestyle as a ""part-time single parenthood"" (side note: actual single parents, I have no idea how you do it, and you deserve all kinds of crazy respect). We were in the middle of packing/cleaning our old house in preparation for the move, ***deeeeep*** cleaning the new house (it was a wreck), plus doing some pre-move-in remodeling, including but not limited to; ripping out nasty, matted, ***literally piss-soaked*** (in some places) 70's shag from 80% of the house, refinishing the wood floors, painting *every* room of the downstairs, making minor repairs to get the bathroom/kitchen to functional, and gutting the upstairs prior to moving in (with the intention of using the winter to start the process of completely redoing it so it could be DD's room come spring/summertime). Basically we were both exhausted, stressed, still adjusting to being new parents, tight on money AND time, and on a pretty tight budget/deadline to get one house livable and one house vacated. And although I was never diagnosed, I'm pretty sure I was dealing with PPD.  


I was so upset at being pregnant again, so soon, I had a brief period of time where the thought occurred to me that I might miscarry, and I was actually even a *teensy* bit hopeful for that...which was almost immediately replaced by an intense and prolonged period of guilt for even having that thought/feeling in the first place, and an irrational fear/superstition that having felt that macabre hope, even for just a minute, was going to ""jinx"" my pregnancy somehow.  But seriously, the timing...it sucked.  


We definitely wanted another child and even though I was initially very dismayed and stressed about the situation, I have since mentally adjusted and we are very much looking forward to LO #2's arrival in a few weeks.  *\*HOWEVER\**...one of my least favorite things, ever, about pregnancy the first time around was how \*entitled\* everyone who knew me felt to know *\*EVERYTHING\** about the pregnancy as soon as they heard about it...how I felt physically, how I found out about it, how did my husband react, how did ***\*I\**** react, was I hoping for a girl or a boy, did I *\*think\** it was a girl or a boy, did my ***\*husband\**** want a girl or a boy, was I getting sick, was I tired, etc., etc., etc....I was constantly being bombarded by talk about my body, my feelings, my thoughts, and my baby.  With some people, it was actually offensive to them when I tried to change the topic because ""aren't you excited? aren't you happy? why don't you want to talk about it?""  


***\*IDK Karen, maybe because some people like to keep some things to themselves??\****  


I was absolutely dreading people finding out that I was pregnant again, especially when I was so mentally and emotionally in turmoil about it.  So my husband and I made the agreement that we wouldn't tell anyone aside from our parents and my work in the strictest confidentiality, until I was ready.   


And then, all it took was one...one fucking person...one well-intentioned but horribly gossipy friend...The Original Loudmouth (TOL)...to be drunk and start making loud, insistent observations that I was *definitely* pregnant, because a) I wasn't drinking anymore, b) I was pale all the time, c) I was constantly tired, and all this was adding up to be *EXACTLY* like it was the first time around and he just ***KNEW*** I was pregnant. So I took him aside privately and quietly told him yes, I was, but to please, *please*, **PLEASE**, ***PLEASE*** shut up about it and not discuss it with anyone else because we weren't ready to announce it yet.    


(Morgan Freeman narration: There was her big mistake.)  


Next thing I knew, it was common knowledge, but SHH SHH SHH...don't talk about it when kiramirage is around! I was hearing whispers when people thought they were being quiet enough for me not to hear, and it was kinda obvious that conversations immediately ended as soon as I walked in.  Then came the smug looks and sideways glances, and the next step *OF COURSE* was people trying to buy me drinks or offer me comically **huge** cups of coffee or making a big scene about me being around cigarette smoke...oh, but no reason, no reason. Unless there's ***something*** you wanna tell us....? *wink wink*  


Eventually, I just snapped one night when the TOL was discussed my pregnancy with someone *just a few feet away from me* while I was talking with a few other friends.  He said whatever it was he said at a whisper, and obviously he thought this 3rd friend already knew because he immediately tried to hush and downplay the whole thing when Friend #3, who was very surprised and is bad at having mellow reactions, reacted very loudly and brought my full attention to their conversation. I ended up angrily confirming everyone's suspicions (at pretty much a yell...I think everyone in the building heard me, tbh) and then storming out.   


Immediately the texting started.  All backhanded apologies and excuses for why it wasn't *really* TOL's fault because *everyone* already knew, and ***everyone*** was ""already talking about it.""  I just told him that what everyone *thought* they knew wasn't the problem, all I asked him to do was to keep his mouth shut and he failed to do so.  That I made it clear the last thing I wanted was to be talking about it at the moment, and asked him to help make that happen by ***not fucking talking about it*** when it was brought up, even if I wasn't around.  ""Everyone else"" had the decency and the tact to not bring their suspicions or guesses up to me, or to at least had be discreet about their gossip *until* he lit the match by telling them I'd confirmed it...making them feel like it was suddenly okay to talk about because ***surely*** I'd be confirming it for them ***any day***.  


Next it was texts and follow up conversations from the other friends present that night and the people *they* told about my blowup...why hadn't I told them myself? didn't I trust them? why didn't I want to talk about it? why was I upset? wasn't I happy about another baby?  how did I feel, was I getting sick, was I tired, did I want a boy or a girl....???  It was enough to make me scream into a pillow in frustration at least once.  


And for the record...me asking him to keep his mouth shut was when I was roughly 6wks into the pregnancy, and my blowup was about 2wks later.  We'd found out at around 5wks precisely because my morning sickness was so much worse this time around and started way earlier than with my first. I hadn't even gotten my cycle back yet from the 1st baby (yay, my one good experience with breastfeeding!). So it's not like I was *months* along or expecting to keep the baby a secret the whole pregnancy, I just literally wanted to have until more or less the end of the 1st trimester to mentally adjust/come to terms with the idea of being pregnant and having another baby ***so freaking soon***, in addition to 12wks/end of 1st trimester being the general time most parents are advised to wait until for announcing a pregnancy due to the statistical risk of miscarriage dropping after that point.  


TOL is a fantastic rug sweeper, and the intervening time has done quite a bit to soothe my initial anger over the whole incident (although now that I've typed this all out...I ***think*** I might still be just a *scooch* angry... heavy /s there, folks).  When we got our 20wk anatomy scan done, we found out gender.  And OF FUCKING COURSE, everyone wanted to know.  Before we even left the hospital after that ultrasound though, my husband and I decided that we were going to absolutely keep this information to ourselves.  We each got one person to tell, and that person couldn't be any of our parents (our mothers being chief among some of the pryingest people regarding DD's gender).  We each told our person, swore them to secrecy ""to the pain,"" and that was that.  Everyone else got the same blanket response; ""the baby wasn't cooperative, they couldn't confirm gender, we'll have to wait until it's born because our insurance doesn't cover genetic testing."" (Which by the way is 100% true, our insurance **doesn't** cover the newer genetic testing that replaced quad screens, and we're not in a position to drop $500 for a freaking blood test.)  


Up until recently, everyone has more or less accepted the blanket answer and left it alone, with a few little sideways comments here and there.  Likely because they remember my blowup and are being appropriately polite about not pushing us for details. But in the last month or so, several people have started picking at our united front of ignorance.  I'm a horrible bluffer...even if I'm not bluffing, as soon as someone *insists* that I am, I start to blush and avoid eye contact, leading them to assume ***AH HA*** I'm bluffing...it's a problem and the main reason I don't play poker, **ever**. Last week, TOL flat out stated that he ***knows*** we know, and we're just lying to keep people off our backs.  When I rolled my eyes, shrugged, and tried to laugh it off as ""hey man, believe whatever you want,"" he immediately pointed out my red-stained cheeks and avoidance of eye contact.  I got frustrated and snipped a bit at him, which only inspired a smug ""oh, she's *definitely* lying"" comment, but shut him up for the time being.  And again, people began following his lead and the gossip is ***flying***, followed by **more** prying and comments and not-so-subtle suggestions.  


Up until this point, I had been looking forward to having some sort of light-hearted April Fool's gender reveal...something along the lines of ""Hey, so know how we told everyone we couldn't find out the baby's gender until birth?  Well, ***HA***, fooled you, it's X/Y!!""  We're not doing a baby shower or a diaper shower or a gender reveal party or anything like that...it would literally just be a text/video sent to our immediate family/friends and then posted to my social media a couple hours later.  I **still** want to do this...I *always* wanted to do a gender reveal, and our joint frustration at being ""outed"" at 6-8wks into the pregnancy is the only thing that spurred our *impulsive* decision at the ultrasound to be deceptive...but as I told my husband and my person, now I'm just aggravated all over again because I'm anticipating having to deal with the smugness of TOL (and a few others who have picked up his flag and waved it in our faces), and it's just sucking the prospective enjoyment out of it.  


If you've stuck with me this long, I genuinely thank you.  When I started writing this out, I didn't think it'd turn into the freaking Tolstoy it did, but obviously this whole issue is bugging me ***waaaay*** more than I realized.  So thanks for reading my horribly long-winded rant, and if you've got any constructive advice, please feel free to dispense with it. ",2019-04-01 16:11:20,https://www.reddit.com/r/Parenting/comments/b84f4u/rantadvice_wanted_re_april_fools_gender_reveal/,,miscarriage,miscarriage-data-updated - miscarriage_related_posts.csv,d6c6c0626f75832c7716a77de9625d78db5602df051e01b3ab04b1623d53fe9e,high_precision,,,,,,,
o8ktmv,assault,My healing process began with this film.,,,https://www.reddit.com/r/sexualassault/comments/o8ktmv/my_healing_process_began_with_this_film/,,harassment,sexual-harrassment-data-updated - RelevantByTitle.csv,27604258d2256f094eb3180acace87e2dec24af8bd7cd72f0bf07c45bacc71a6,,"Every victim heals in their own way. I am an actress and I had been assaulted by a photographer that I worked with when I was modeling. Almost a year later I came across a casting call for a short film that wanted to tell a victim’s story. So it was my mission and my sort of closure to bring it to life. It premiered the other day. If I can link it, I will. It’s called “Anchor” directed by Paige Irene Bruns and I was the lead (trigger warning). But as a victim, it was my way to give to other victims. When you see the main character, Hayleigh, go through her assault, you are experiencing it as she experiences it and experience the aftermath emotionally. The worst part for me after my assault was being overwhelmingly alone. So in experiencing this with a symbolic victim, I wanted make the gift of community that only other victims can truly share and bring awareness along the way. Maybe even a conversation. I’m sorry it happened to you, but you are not alone. 💙

[Anchor- Short Film (2021)](https://youtu.be/c-eZbAr5uvk)",2021-06-26 22:45:13,1624747513.0,{'assault'},"['my', 'heal', 'process', 'begin', 'with', 'this', 'film']",relevant,non relevant
m6qtpj,assault,please help,,,https://www.reddit.com/r/sexualassault/comments/m6qtpj/please_help/,,harassment,sexual-harrassment-data-updated - RelevantByTitle.csv,c95ad87c461605b7023ed3412cf32cf8b7cd2db1b33947add8932235bfcd5b2d,,"my friend (25m) came over to watch a movie with me (32f) but he kept touching and kissing me even though I tried to give him nonverbal signals that I wasn’t comfortable (like turning my head away, pulling my shirt back down, etc). he persisted until I had a flashback and panic attack about being raped when I was in college. I had to take an Ativan to help calm me down and I ended up falling asleep from it. when I wine up he was playing with and sucking my nipples and moving my hand onto his dick... I was half asleep because of my Ativan and I wasn’t comfortable but I let him keep going (and kept touching him) because I hoped he would stop soon... he kept trying to get me to go down on him and I refused then he got the message and kissed me goodnight and left. please help me, I feel like he took advantage of me because I was drugged but he’s my friend, he’s supposed to look out for me. I’m confused and still loopy and feel like throwing up.",2021-03-17 3:13:00,1615950780.0,"{'take', 'pull', 'rap', 'touch', 'throw', 'kiss'}","['please', 'help']",relevant,non relevant
1lg7m02,Miscarriage,Blood in urine during miscarriage? Has anyone had that happen? Did it resolve?,"I sadly had a miscarriage last week and while at the ER, I tested positive for blood in my urine. Repeat test almost a week later still shows blood. Initially doctor’s thought I had a UTI so they put me on antibiotics, but they said the culture came back fine so I no longer needed to take them. 

Has this happened to anyone? I will likely need to follow up with a urologist but waiting on my doctor to reply on that. ",2025-06-20 15:58:43,https://www.reddit.com/r/Miscarriage/comments/1lg7m02/blood_in_urine_during_miscarriage_has_anyone_had/,,miscarriage,miscarriage-data-updated - miscarriage_related_posts.csv,bb5668fdb7046f9e0208cec2469520a0a01a9e0f98b0314d5a222c35f5ad575f,high_precision,,,,,,,
1h6ok4q,Pregnant,Omg,"It happened, I am finally pregnant. Just wanted to share our TLDR story...TW MC

Edited for grammar/flow

The first and only time we conceived was 10 years ago—yes, TEN. I had just started birth control and didn’t realize it wasn’t effective right away. Ironically, the birth control boosted my fertility, and I got pregnant. At 20 years old, I went to a walk-in clinic where a doctor warned me that miscarriages were common. I didn’t fully understand what she meant. When I got home, I took out my NuvaRing, thinking I didn’t need it anymore. Nobody explained what could happen, and removing it inadvertently triggered my period. 

Two weeks later, at 7 weeks pregnant, I miscarried. At the time, we didn’t have a car, so we took public transportation to the ER. I heard my baby’s heartbeat, but the tests confirmed the miscarriage shortly after. The pain and grief were unimaginable—something I had never experienced and wouldn’t wish on anyone. My heart and my world were shattered. 

In those short weeks of being pregnant, I felt the joy of becoming a mom, and I couldn’t let it go. Once I had a taste of it, I was determined to find a way to feel that again. But, as Coldplay sings, the next 10 years carried the weight of “when you lose something you can’t replace.” 

For the past decade, we’ve had unprotected sex, and it’s been a journey filled with trauma. We tried everything to keep our bedroom life exciting, feeling like fools at times. Cheap ovulation strips, tracking my cervical mucus, countless negative tests, and doctor visits where I was told my weight was the issue. One OBGYN put me on progesterone suppositories, but nothing worked. Even my best friend at the time told me it wasn’t “meant to be” between my partner and me, claiming that’s why God wouldn’t let us get pregnant. We went to counseling, but the emotional toll was relentless. 

Growing up really poor, I never had consistent medical care. By the time I was 29 and could afford regular visits, my doctor told me that most couples only try for ONE year before seeing a fertility specialist. I was floored. I had spent 10 years struggling alone when I could’ve sought help sooner. Three months ago, we finally went to a specialist. It was terrifying—like putting all our hope on the line. After two failed cycles, I remember crying, shaking, and thinking, “If this doesn’t work, I don’t know how I’ll survive.” 

The hormones from Letrozole and the trigger shots were intense, and I didn’t think I had the strength for IVF or IUI without taking a break. But on the third cycle—the one where we had almost given up—we conceived. 

Now, I’m 6 weeks pregnant, and I feel so many emotions. I’m overjoyed but can’t help reflecting on the past 10 years. Watching others become pregnant while I stayed frozen, unable to fully commit to anything else. I couldn’t truly comit full fledged to pursuing a career, or feel the free spiritedness to travel, or even let myself learn to dance or create... I couldn’t fill the gaping hole in my heart.

I’m not sure if there’s any takeaway or wisdom in my journey—I just wanted to share. These communities have been my lifeline over the last year, even as a lurker, and I wanted to say thank you. This is the first time in 10 years that I’ve been pregnant, and while we’re cautiously optimistic about this little one, just knowing we can conceive with help feels like a small victory. 

It’s like coming out of being in trouble or something —you’re cautious, trying to make sure you don’t mess up. That’s how I feel now, just trying to navigate this new, surreal reality. If you made it this far, thank you for listening, and thank you for your encouragement. ",2024-12-04 19:19:35,https://www.reddit.com/r/pregnant/comments/1h6ok4q/omg/,,miscarriage,miscarriage-data-updated - miscarriage_related_posts.csv,e8f1c67cb3672461c738d3b25c988cd4cee1b804b4d0c4c578e0425febee6bfa,high_precision,,,,,,,
1l2nsfd,Miscarriage,Miscarriage that ended up being ectopic,"First off, I’m sorry to everyone experiencing or having had experienced a miscarriage. This is such a tough experience to go through.

I was told two weeks ago that my pregnancy wasn’t progressing and I would miscarriage. My Dr ordered a repeat HCG and progesterone blood test which I got on day 3 of my miscarriage. 
Those levels actually showed my HCG rise, and of course my progesterone fell. I thought it was odd that the HCG rose being that I was already bleeding for a few days. He said that could happen, and to take a pregnancy test in a week or two to make sure I get a negative test. No repeat blood work and no ultra sound ordered form him after my miscarriage.

Months ago, prior to this pregnancy and miscarriage, I made an appointment with another Dr at a different practice bc my original Dr wasn’t hearing me out about my concerns TTC. I kept that appointment despite what has been going on, went today and I’m floored.

She was concerned that my HCG levels continued to rise after my bleeding started and said there should always be a repeat blood work and an ultra sound after. She ordered them right away. Ultra sound was indicative of an ectopic pregnancy. Waiting on the blood work results but she ordered the Methotrexate shot which I am getting tomorrow AM. I actually broke down in the office with her because what if I had never gone to her office for another opinion?
This nightmare doesn’t end. Just when I thought I had miscarried and could start to work to move on from this, turns out this was actually an ectopic pregnancy.
I’m never going back to my original Dr and will continue all treatment from this new Dr I saw. She just might have saved my life. 

I had no cramping at all during my miscarriage this has all been such a curve ball after curveball. 

Edit: typo

Edit 2: blood work came back, HCG continued to rise. Confirmed ectopic pregnancy. I received the methotrexate shot this AM. ",2025-06-03 21:21:17,https://www.reddit.com/r/Miscarriage/comments/1l2nsfd/miscarriage_that_ended_up_being_ectopic/,,miscarriage,miscarriage-data-updated - miscarriage_related_posts.csv,1014c987d4096ce1014c205cd25c11b313a70a1fe1496f05ef8ec6eba864a5d1,high_precision,,,,,,,
1d397l2,AmItheAsshole,AITA for leaving without explanation after MIL pretended not to hear me,"I 32F have a 7mo daughter with my husband 34M. My country does ensure a long maternity leave for up to 2 years, however I am self employed and cannot afford to lose my clients so I try to work while my daughter is sleeping and during the weekends. Lately she's been teething so I'm operating on little to no sleep.  

I have an issue with my MIL. She does what she wants despite people asking her not to and then says 'oops' or denies doing it. Things like that. It was annoying before the baby but after she was born it has become insufferable. Husband talked to her and set boundaries, so she stopped doing that when my husband is present but she was still doing it when it's only me in the room. So we agreed she cannot visit when husband is not at home and husband is not to leave me alone with her.  

Because of these boundaries we did not see them for 1.5months. They live 2hr away and we did not find a mutually good time. They finally came over last Sunday.  

20min into the visit my FIL wants to see a lawnmower that has broken down so my husband goes into the backyard with him, leaving me, the baby and MIL inside. She's drinking coffee and eating cake. She sits next to my daughter on her playmat and tries to feed her some of her cake. I immediately told her no, she can't have that. MIL pretends not to hear me and proceeds putting her spoon to my daughter's closed mouth. I repeat stop doing that, she can't have cake yet and definitely not from your spoon. Still she pretends not to hear me. I repeat it again, still nothing and now there's cake on my baby's face and she's fussing. So I grab my daughter and go to my husband and FIL, subtly gesturing him to come back inside.  

After about 5mins MIL decided to go outside too and was approaching me and the baby. I gestured to my husband again and he made an annoyed face. I had no energy to deal with any of this so I stood up, went inside, grabbed baby bag and car keys and went to the car without saying a word. MIL asked me where I was going and I ignored her.  

I drove to my sister's, which is about 15min drive. There were some missed calls from my husband so I texted him where we were and that we'll be back in the evening. It was time for my daughters nap and she fell asleep breastfeeding so my sister told me to go sleep too. After she woke up and had her milk my sister took her and told me to go back to sleep. I slept ~3hrs in total and my phone was on silent so my husbands calls were ignored and apparently his parents left disappointed and MiL cried.  

My husband is furious I did this. We're still fighting about it. He can't believe I was so rude and took the baby away when his parents came to see her after such a long time. He's angry I couldn't have waited a few minutes so that he could finish talking about the lawnmower. I told him I'm too exhausted to deal with this shit. He left me alone with MIL despite our agreement (be it only 10mins) so I left. AITA?

",2024-05-29 10:46:29,https://www.reddit.com/r/AmItheAsshole/comments/1d397l2/aita_for_leaving_without_explanation_after_mil/,,abortion,abortion_data-updated - new_abortion_related_subreddits_text_posts .csv,c84f5979c96f1707ece0c0a049ec91b00c3016a838d8e6841bce2e2840950000,,,,,,,,
1l777x2,relationships,"I (27M) let a childhood friend (27M) stay over for a week, but it’s been 5 weeks now. I want him to leave without being rude.","
I recently reconnected with a childhood friend I hadn’t spoken to since we studied together till 5th grade (around 2006). We’re both 27M. After moving to a new city recently, I invited him to meet up. He agreed and came over to my place. I didn't realize at first, but looking back, it felt like he was checking out my place for convenience.

A few days after that, he asked if he could stay with me for a week. I said yes. It’s now been 5 weeks, and he hasn’t moved out.

He doesn’t spend a rupee on food or groceries—even for himself. I pay for everything, and while he does cook sometimes, I still have to help. He doesn’t contribute to chores much. Now he says he’ll stay until the end of this month. I’m not okay with this.

He keeps claiming I’m his closest friend from childhood. But truthfully, we weren’t that close. It feels manipulative. I even lied once, saying my parents might come to force the issue, so he said he would move out when they come, but my parents are not going to come in this momth. I don’t want to be rude, but I really want him gone.

How do I ask him to leave in a firm but respectful way? I want my space and peace back.


---

TL;DR:
Childhood friend (27M) has overstayed his 1-week visit for 5 weeks now. Doesn’t pay for food or help much. I (27M) want him out without drama but don’t know how to be firm without feeling guilty.


Edit:
I think I always was a gentle person, I have this kind of issues since past few years simply because I didn't say no.
I shared a room with another moocher for an year in our college dorm (generally one per person) because that guy didn't get a good room, and he threw my things out without asking me once I left the dorm after graduating.

Next my friends used to use my room to chill even when I wanted to do something else, simply because I couldn't say no.

It’s a fault in me. But genuinely I feel like not saying things straight to someone's face like this.


And this childhood friend today said ( after poking a lot about wasting money in rent in the city he's working ) he is staying here because he vacated the room in the city he is working ( his work allows wfh). And is planning to shift to a new one on July. I don't feel like he has basic decency anymore. 

Next time I won't allow anyone to take advantage of me like this. 
I will update the rest shortly. 

Edit:
I went home and told him I am coming with my parents (they actually are coming). He finally left. Not going to allow anyone else to take advantage like this anymore. ",2025-06-09 15:07:09,https://www.reddit.com/r/relationships/comments/1l777x2/i_27m_let_a_childhood_friend_27m_stay_over_for_a/,,abortion,abortion_data-updated - new_abortion_related_subreddits_text_posts .csv,427fbd203d6587c17a8f708d18813ebbeb48694d89af0799c4d689ea0a3b97bc,,,,,,,,
olnd0f,assault,advice?,,,https://www.reddit.com/r/sexualassault/comments/olnd0f/advice/,,harassment,sexual-harrassment-data-updated - RelevantByTitle.csv,9230c302a4aaabc7647a3604e84801d7c0a1896f783f11f3eaf51cf43bfce07c,,"I'm a 20 year old lgbt male. I was molested by my father. I am seeking advice on what to do. I was molested at the age of 19. For those who want to read the details (won't go in depth on the perpetration)

It started when I was 17-18. I recently discovered that my young body was attractive and would take pictures. I would take pictures in revealing poses, not to post but just for me. I remember my dad watching. I, knowing he was a major Trump supporter, expected him to just yell and scream at me like he usually does when I drop something or w/e. Instead he just watched, not in the way that you would expect a family member seeing a younger one take revealing clothes, it reminded me of the men who would stare at me. It got progressively worse over time. He would rub his genitals against my backside in the entrance to the living room. He did this a lot on Holidays. One time my grandmother, his mother, noticed and said his name in disgust. Well anyways things got serious. After the molestation event, I kept it hidden and told no one. Until he started up again. While we were in his work truck, I was taking pictures and he started squeezing my feet and touching my knee. I didn't know this in the moment, but this was a sign he would likely do it again. For some reason, this really made me flip out. It just sent me on a tail spin. I could only think about the time he did it, and it just made me more angry...One day, after looking for a job for months, I asked him if we could use his car to look for a job for me together. It worked last time, so. He was extremely angry at me about it. He started yelling at me, calling me bad names, cursing at me. He eventually got physical and pushed me. No matter what I could have done, it came out. I told him off for what he did while he was on the phone. A bunch of stuff happened after that (I don't want to go in depth, it would make the story even longer) but it ended up with none of my family member believing me and me being homeless. I eventually was able to move back into my Mom's after she forced me to say that I had lied. It was gut wrenching. I hated every minute of that moment but my bed felt so nice.

SO jump to now. I have a lot of anger issues, I mean to be honest I've probably become evil at some point. I left Christianity with a bad taste in my mouth for any form of high religious deity. Sometimes I get so angry that all my body will let me do is hurt something. I cannot tell you how many times I've prayed for justice or karma lol. But anyways yeah how do I go about....living now? How do I go about this horrible...I dont even want to call it anger its more like wrath or rage that lives inside of me? The actual molestation is something that I would be able to deal with. It's the truth not coming to light, me being homeless, and basically helping my abuser by being forced to say that I had lied. It makes me so heady and I just feel like a at in a cage ready to mawl whatever is unfortaunte enough to open the lock; and then sometimes I'm peaceful. It's like there are two different ppl inside of me. Sometimes when I'm angry I actually scare myself and I've noticed a significant change in the demeanor my mom acts around me when I'm angry. Almost as if she's afraid. It's HARD for me to accurately describe this anger without me getting banned or something but it's a lot stronger than just punching a pillow, crying, and then getting over it that way. This shit is like deep and something you would see out of a horror movie.",2021-07-16 18:51:43,1626461503.0,"{'take', 'touch', 'punch', 'wrench', 'curse', 'force', 'molest', 'push'}",['advice'],relevant,non relevant
jhmbdr,assault,I Feel Sick,,,https://www.reddit.com/r/sexualassault/comments/jhmbdr/i_feel_sick/,,harassment,sexual-harrassment-data-updated - RelevantByTitle.csv,42239d36efcf58028bf078472b90dba9d0ac7459494cc70eaf1baf7750b1f55e,,"Was this sexual assault?

I apologize I don’t know how to use the badges on the mobile site.

This is something I kind of am only remembering now. I was talking about my ex to a friend and mentioned a scenario that made me feel uncomfy. It was my first time actually talking about it and I unexpectedly broke down and started crying.

So:
While we were dating, my ex (on multiple occasions) would wake me up in the middle of the night to have sex. I would often say no because I was asleep and not in the mood. Everytime though I’d wake up again to him trying to or succeeding in penetrating me. I’d either push him off or tell him he’s pissing me off but he’d just say “babeee” and penetrate me anyways. At the time I was just angry at him and because he was my first sexual partner I thought I always owed it to him?

After these occurrences I hated sex. It was more subconscious and I would just get sick at the thought of sex but I wasn’t too sure why. I’m thinking it was because of those experiences.... but I’m feeling sick now that I’ve realized that... was it assault or am I overreacting?

Until this week I had never talked about it to anyone and I think saying it out loud really allowed my brain to “click”",2020-10-25 3:06:44,1603595204.0,{'feel'},"['i', 'feel', 'sick']",relevant,non relevant
kdpiwa,depression,I plan to kill myself tonight with a plastic bag (suffocation),"I'm 14
my mom doesn't take my mental health seriously and ignores what I've tried to tell her. And the reason why I want to commit suicide? Because of my life, my family, school. My mom says everyday that I'm useless, dumb, why can't I be like my brother. She says I'm a disappointment, why didn't see listen to the dreams from Jesus about me being a horrible daughter, how she wished she could abort me when she got the chance. My dad doesn't even do anything to stop my mom. My mom earlier this year pushed me on the floor, and choked me because she was really angry. I feel worthless, and pathetic. I have no friends at school, everyone ignores me, and I have zero social skills, how fun. My extended family doesnt even like me, my mom tells them heavily exaggerated stories about me that makes me look like a bad person. I'm failing math because I dont get any of the material, I tried seeking help, but my dad gets fed up with me not keeping up at his learning pace. I'm ugly, and skinny. My cousins make fun of my body, saying how I look like a flat stick. And on top of that, I can't even think straight anymore, suicidal thoughts and urges have basically took over my life. I feel like the odd person always, I feel disgusted with myself. Like I can't even look at myself without all these negative thoughts flooding in. I'm lonely, 0 social life. I've been dealing with this for 5 years, I cant take it anymore. Im burned out. I have no motivation to keep going. And before you say ""Your family will be sad"" I do not care. I am done. Maybe when I die I can finally seek the revenge I deserve. I just want to die, I'm still surprised that I lived to my 14th birthday. My mom says to ""Pray that I get better"" Or that I'm not reading enough of the bible. I'm SICK of it. She says a demon has probably took over me because I feel the way I feel. She knows that I'm deppressed and won't let me see a therapist. I hope that she can stop my brother from having the same fate as me. I'm sorry.",2020-12-15 17:01:26,https://www.reddit.com/r/depression/comments/kdpiwa/i_plan_to_kill_myself_tonight_with_a_plastic_bag/,,abortion,abortion_data-updated - new_abortion_related_subreddits_text_posts .csv,d43735ae6ba77839ae8a0a598113cd95623f5b6aad8692638c1f6efa7691ed53,,,,,,,,
1ln9xcl,Pregnant,Sleeping on back,"Hi, 37w. I woke up to sleeping on my back, and I was probably like that for hours, i just have a pillow and ontop top my pregnancy pillow so i’m not propped up that much, when i turned to my left baby felt hard as a rock on my right, and now doing slow rolls, pretty worried if baby is okay or not. I heard this increases stillbirth and other stuff, so I’m genuinely pretty worried, since I don’t know how long I was like that for, could’ve been 4 hours. ",2025-06-29 8:44:58,https://www.reddit.com/r/pregnant/comments/1ln9xcl/sleeping_on_back/,,miscarriage,miscarriage-data-updated - miscarriage_related_posts.csv,af2a19de877810fe21c2866c2467525a1863fea6cb2e8ef18c70051ebd5c5c04,high_precision,,,,,,,
1l733rg,TwoXChromosomes,Hysterectomy VS Tubal Ligation and the healing process  for each?,"Hi friends! 

I (21f) am looking to get steralized soon. 

I have a well documented fear of forign objects inside of my body. For me, the epitome of this is pregnancy.  If I were to get pregnant, I would likely have to be placed on suicide watch until I could get an abortion, and if I found myself in a state where that wasn't legal, things would get dire incredibly quickly. The fear is so bad that as long as there is a slight possibility of me getting pregnant, sex is off the table. (not that penatrative sex would ever be on the table.) Getting this done would help my peace of mind a lot, but insurance would not cover it until I turned 21. Otherwise I would have done it the minute Roe was turned. 

  
I talked to my doctor, and they are happy to write a referal;  however, because I am also nonbinary they advised that if I might want a hysterctommy in the future, it would be best to do it now rather than have two surgeries, which makes sense. I am leaning towards a hysterectomy over a tubal ligation because I think there is a high chance I would want it removed in the future. If for no other reason than period make my dysphoria a lot worse, and I do not see much of a reason to keep it.

My biggest concern about getting a hystectomy is what the healing process is like. The only point of persona refrece I have is from when my grandma got one in 2011. She is willing to take time off work while I heal. While I appreciate this, and I do love her dearly, she is very much a small doses person. A longer recovery time with her would no doubt be hell. On the other hand, my friend (who will likely be taking me to my appointments) has offered to let me stay at their place while I heal as well. That would be more pleasant for sure, but I feel guilty about staying for too long if the process is lengthy.

I am doing my own research outside of this thread too, but it is good to know what people who have been though either surgery have expiranced. ",2025-06-09 12:08:45,https://www.reddit.com/r/TwoXChromosomes/comments/1l733rg/hysterectomy_vs_tubal_ligation_and_the_healing/,,abortion,abortion_data-updated - new_abortion_related_subreddits_text_posts .csv,2822caa17d203f8768f98160b1fedafd1fb19936a20dec9f2814b741fc59c4b7,,,,,,,,
l06n34,abortion,"my surgical abortion cost me $2,507.08 with insurance","The actual cost was $9,934.75 but insurance brought it down to 2.5k. I was around 7 weeks along at that point and the procedure was done in a large city in California. Most posts re: the cost of surgical abortions ballpark it around $500 and I assumed mine would be about the same, especially considering that I have insurance, but I got hit with this huge bill instead. It's likely that I'll qualify for my bills to be forgiven because of the hospital's charity care policy, so I'm panicking a little less than I would be otherwise.

Anyway, just thought I'd shout this into the void I guess!",2021-01-18 23:25:50,https://www.reddit.com/r/abortion/comments/l06n34/my_surgical_abortion_cost_me_250708_with_insurance/,,abortion,abortion_data-updated - new_abortion_related_subreddits_text_posts .csv,d03047c1db1fa1dbaa1b2881f4d2c75523a24ff1fb9f0e0287e9cf539352b08f,,,,,,,,
lcp512,assault,I don't know why I can't get over this? (advice needed),,,https://www.reddit.com/r/sexualassault/comments/lcp512/i_dont_know_why_i_cant_get_over_this_advice_needed/,,harassment,sexual-harrassment-data-updated - RelevantByTitle.csv,3ea87233a8d584e870923b9f6e06da81935b9a18ca4d4fec9512d759d9ddcab5,,"A friend (I have since blocked) had invited me to her shared flat and I was staying in one of the empty rooms; Before this situation my other friend warns me (by text), that she tried to sneak something into her drink once. The whole vacation turns out terrible, she's complaining about everthing in her life, Doesn't ask me once how I'm doing ...

One night she invites her friendswithbenefits over. We decide to smoke. We're dancing around, being giggly. She then wants to smoke a 2nd one so **they** do. I leave to go to bed, as I feel they're getting hot and heavy. At this point I should say I'm not interested in a 3some with someone I consider a sister and she knows that, cause we'd talked about that prior. Now, I'm in the spare room, about to go to bed and I hear my friend is in the shower and this is when her fwb comes into my room. He's trying to come onto me and kisses me, he holds me down and kisses my neck. I push him away and tell him this is not okay and he's with my friend, to which he replies ""She told me to come here and see if you were down, cause according to her it only depends on U whether we have a 3some or not"". I was actually shocked that it came from her. I texted her that I needed to talk and she didn't reply. I couldn't sleep that night and in the morning I left to a café, where I booked my ticket to go back home and I told her over text I was leaving. She calls me and I ask her why she send her fwb into my room and I couldn't believe the things she was telling me, to justify her behavior. She told me, she had shown her fwb pictures of me, and he said I was his type. It made me sike, how she thought she could use her friends as a catalogue for her fwb to choose from. I told her, it bothered me that she knew I didn't want to but still had him come and try to convince me. She didn't even acknowledge the fact that I felt unsafe and like she broke my trust. Since then I feel like anyone is gonna break my trust and somehow I feel the threat of ""r\*pe"" in every interaction/ situation. 

I know I didn't get r\*ped and I ended up pushing him away. I don't understand why I still have insomnia and anxiety. I never thought someone I trust would put me in a situation like that. She never acknowledged what happened. Somehow I carry trauma or PTSD from this even though I fell like the situation wasn't as bad as other peoples assaults (I mean by that, when I tell the story, I feel like it's something I could get over(knowing the type of person I am)). Everytime someone kisses my neck (or I see a neck being kissed), I feel a weird  pain in my stomach. I don't know if this has triggered other things to resurface (I used to be depressed/ suicidal as a teen) but It's been 8 months and I still have sleepless nights. It's gotten to the point where daily life is getting harder. 

I would love some advice, how do you guys cope?",2021-02-04 20:24:49,1612470289.0,"{'use', 'bother', 'push', 'kiss'}","['i', 'don', 't', 'know', 'why', 'i', 'can', 't', 'get', 'over', 'this', 'advice', 'need']",relevant,non relevant
1l66yeb,Miscarriage,How do I move forward from this?,"Husband and I waited for this baby for four years. We were supposed to do an IUI at the end of the year and luckily, I conceived naturally. We were so happy and excited. Shared it with family and close friends. We had an ultrasound at 6w3d and saw the heartbeat. And on my 9th week, no embryo found on the sack. They called it missed miscarriage. No bleeding and symptoms at all. Just like that. They gave me options as my body still thinks im pregnant. So I opted for D&C. It’s been tough. Don’t know where to start and feeling lost as i’be nothing to look forward to. ",2025-06-08 8:05:50,https://www.reddit.com/r/Miscarriage/comments/1l66yeb/how_do_i_move_forward_from_this/,,miscarriage,miscarriage-data-updated - miscarriage_related_posts.csv,caa2e5dbff63f720d5f40dbd2505ec511d5f080d9acadc5056fb846ecc77f9cf,high_precision,,,,,,,
25gets,TwoXChromosomes,Do you Care to Stand up for Women's right to Body Hair and the inherent Femininity/Womanliness that it Embodies?,"(Kind responses only please) EDIT: this doesn't mean I only want to hear people that agree with me, just be nice about it if you don't, because this issue is about body shame and I would like a thread of comments that don't contribute to more shame.

I am a woman who loves and leaves all my body hair, but then I am not too hairy. I am not concerned about myself, but rather the many woman who feel they have to remove it to be accepted. I am interested in hearing from both women who like and keep hair, but also from woman who may love to remove it, but are still able to stand up for our rights to be ourselves and who can speak positively about their bodies even when they prefer another option, in the effort to support everyone. 

As hair restrictions become more intense, people have become less comfortable with all their body hair. When I was in High School in the 1990's, bikini line waxing wasn't a thing, and we all let it hang out, just like our mother's and aunties had done. Do we need to exercise our rights to keep them? Is this a use it or loose it situation? I let my few hairs that stick outside my bikini line (like 30 of them), stick out because I care so much about standing up for this right. Even when I waxed bellow, I made sure to let some hairs stay from my mons so that on my special trip to Hawaii with my husband, I could proudly brandish my bush flag. 

I do this because I know there are women hairier than I and I want to say - this hair is OK. You are OK. I believe it is time for a hair revolution, not to stop waxing, but rather to say WE CA DO WHATEVER THE F WE WANT TO and WE ARE STILL WOMANLY AND BEAUTIFUL because HAIR IS NATURAL ON WOMEN AND THUS IT IS INHERANTLY FEMININE. 

Is there anyone who does what I do, wears their hair like a badge of honor, and are there more of you willing and brave enough to do it sometimes?

Who is confident enough to do it with pride?

Is there anyone like me who feels their body hair is soft and beautiful and sexy and prefers it?

Are their any hardcore waxers who are willing to speak only positively about hair, even on their own body, or in the privacy of the bedroom with a lover, so that body love is spread rather than body hate.

Again, this isn't anti waxing or shaving, it is just pro freedom of choice.

Last year I saw a young girl with hair that grew from her temples onto her cheeks and towards her chin. It wasn't like beard hair, but rather more like soft head hair that extended way down her face. I thought she was exquisitely beautiful and that her hair was super fitting. She kept it trimmed short, but not shaved off. I wanted to tell her I thought she was gorgeous, but hesitated because I didn't want to put her on the spot. Have you had experiences like this and should I have said something to promote positivity?

Am I alone in my interest in creating a world in which our natural bodies are accepted and cherished as beautiful, even while we maintain our rights to choose to do whatever we like to them?
",2014-05-13 15:38:11,https://www.reddit.com/r/TwoXChromosomes/comments/25gets/do_you_care_to_stand_up_for_womens_right_to_body/,,abortion,abortion_data-updated - new_abortion_related_subreddits_text_posts .csv,091f3024241942bd23c5d2ad8212682ca09f03cd923a81f09e81ccab7a044d91,,,,,,,,
l8a3i9,assault,I want to tell my parents but I feel like they wont believe me,,,https://www.reddit.com/r/sexualassault/comments/l8a3i9/i_want_to_tell_my_parents_but_i_feel_like_they/,,harassment,sexual-harrassment-data-updated - RelevantByTitle.csv,8dec170204e9f18a652cb317b8784f04f0e5498d43c994c8d723731c4b53f913,,"I'm a 14 y/o female who lives in a small apartment with sibling and both my parents. Lets start out by saying that I didn't have such a happy family. My parent would fight constantly. One of my first memories is of them fighting when I was around the age 4. My parents would work everyday. When one of them was at work, the other would stay at home and sleep. I was 4 around this time. Because my parents would have to work a lot I would stay with my babysitter which was my neighbor, she's an old lady and to this day she still Is my neighbor. 

(1)So anyways, a day like any other one of my parents would work and the other was sleeping so I would go next door to go to my neighbor so that I wouldn't disturb my dad. She used to invite older men over all the time. I didn't really give it a though since I was 4 and well, I was a child who didn't understand anything. But in this day, this 70 y/o looking man came and smiled at me. I remember sitting down in a chair next to the door and he sat next to a chair left to me. Maybe a foot(12in.) distance, so it was really close. My baby sitter went to the kitchen, and in the kitchen, you can't see anything from where me and this old man were. I playing with god knows what and then the man told me to come and give him a hug. Me being a stupid 4 year old, I went and gave him a hug. I only remember some parts of it but I remember him holding my head while my body was in between his legs and basically kissed me. I tried to get away and I was freaking out. He let me go but that wasn't all. He put his hand down there but he didn't go inside my pants, just outside. I didn't know what to do or feel so I just stayed there staring at him(to this day I feel maybe I was really at fault for this). It went on for I'd say 5 more minutes till I just felt really uncomfortable. I ran out saying I wanted to go and I remember my dad sleeping on the bed while I tried to wake him up. At that point I was crying but I'm guessing my dad was really tired so he didn't care. I dont really remember how I told my mom about what happened, but I do remember telling me that I should've told my dad even tho I tried to tell him but he didn't budge. She also told me how no man or women can touch me down there(to late cause it already happened). I'd say that the worst part that makes me cry and hate both of my parents a lot is that a few years later(4 years later/i was 8) we went to my aunts house and we were outside with chairs in a circle and they were laughing and talking while I just stood next to a chair my dad was in. Out of the sudden that same man that touched me when I was 4 came walking into the house and stood in the middle of the circle my parents, aunt and uncle were at and smiled and greeted them. The worst part of this is that they greeted him as well. My parents too. I was absolutly\* terrified at the fact that that man lived in my aunts and uncles house. It was crazy. I told my mom that that was the guy that touched me but she didn't care. She still smiled at him. Fucking greeted him. I whispered to my dad as well, telling him that was the man that touched, yet again, he ignored and smiled at him. They didn't care. They didn't give two fucks. Since my parents did nothing about it even though the guy that touched me was right in front of us. TALKING to us, i hid behind one of my parents chair hoping he wouldn't see me. After that I haven't seen him. 

(2) This one was when I was 7/8 y/o. It was my neighbor again. She had her family come over 2 times a month even. Her 'grandchildren' or so she would call them, were of different ages. I don't remember the age but 2 were close to my age and the other two (a boy and a girl) were already in high school. The girl was a junior and I'm guessing the guy was also a junior or a senior. I don't really remember how the 'relationship' started with the older guy but I do remember us getting really close. Lets call him Lucas. At around this time my parents would fight. My dad would tell me my mom was going to leave us and made me think my mom was the evil one when in reality, he was the one being unfaithful to her. Since I was 4. So with problems at home, and me being a 7 y/o, I didn't want to cry over my parents fighting so I would come over to my neighbors house whenever her 'grandchildren' would come. I used to use my moms tablet and play games in it and so then sometimes Lucas would always offer to play with me. Whenever I was stuck in a level in a game, he would come and help me. He would play with me and give attention. Attention my parents never game. I was really comfortable with him and I'd say close too. I don't remember the specific time it happened but all of that trust I had in him went away. Whenever he was tickling me in my stomach he would touch me **inappropriatel**y but I always shrugged it off. Idk maybe it was an accident? There was a period of time in which he would hold my hand and tell me to go to the back of the apartments when it was really dark outside. He would hug me from behind and put his hand on my cL1t and rub it. I didn't know what to feel so I just, didn't do anything. I don't know why I didn't do anything. I could've told my mom or my neighbor but he was the type of guy who you would least imagine would something so disgusting to a child. Everyone loved him. Everyone. I still don't know why I stayed silent. It went like that for some days. Till I'm guessing I just didn't want to go back to the apartments anymore since It hurt when he would touch me. The one moment I remember clearly was when everyone, my neighbor, her kid, the older girl, the two boys, all the kids from the neighborhood and well, Lucas and me were at the neighbors house.  Some were sitting on chairs next to the door and some were laying and sitting in the bed which was in the middle of the room. At the left there was a smaller bed. Made to fit one person. There was were Lucas and me were laying. He then put a blanket on top of both us. We were at out sides facing right. Our right shoulder was facing the bed and our left shoulder was facing the roof. He made me turn around while everyone else was looking at the TV or just talking. I remember every single second of that moment. He put his hand on my chest, lifting up my shirt and went at the top of where my nippl3s were and started squeezing them. It hurt and I felt uncomfortable so I turned to him and looked at him, my eyes telling him to stop but he didn't. I couldn't say anything or even ask him to stop because the rest of the kids were right next to me and they would hear. I ended up just turning around and he kept on touching me. Then, I remember him putting his hand over my pants and underwear. I just stayed quiet. Not doing anything. I was used to it so I just let it be. Till then I felt a very sharp pain. He put his fingers inside of me and was doing so for a couple of minutes. It was so painful. Really painful. I had tears in my eyes and I felt my face getting red because of how much it hurt. I turned to face the kids that were there hoping any of them would notice but they didn't. I looked at my neighbor and nope. I turned my head to Lucas and he saw that I had tears in my eyes but all he did was

Smile and Raise his eyebrows up and down. 

It hurt so bad I ran to the restroom of my neighbors house and went to the toilet and put down my pants and my underwear to see a red circle spot on my underwear. It was blood. I was crying and freaking out. I wanted to my parents so bad but just like last time, they wouldn't care. No one would care. Why should I tell them? So that they can forget about it and smile to him? I ended up calming down after that and went back home without telling my parents or anyone anything. Sadly, that's not were it finishes. One day, my neighbor invited me to go to her 'grandchildren' house to play with the kids. I was around 8 y/o and I was really really shy and quiet and didn't like telling no to people(ik it sounds so stupid). I said yes, and oh god how much I regret agreeing to coming over to their house. Some other kids down the block also came, they were high schoolers and since I was 8, they were annoyed at the fact that I was going over. Every 8 y/o is annoying and now me being 14, i understand why they were annoyed that a 8 y/o was going to tag around. Besides that, we went to their home, I played with the kids my age, we played hide n seek. And then Lucas called me over to a room in a short hallway. The only room there. I was playing with the other kids and I really didn't want to go but I went anyways. The room was dark, it had a closet and a huge bed. He was standing next to the bed and told me to come over and so I did. He made me lay down in the bed and so I did. He then went on top of me and I just stood there shocked not knowing what to do. I wanted to get away but he help my hands above my head. I'm guessing y'know were this is going but you're wrong. I stopped trying to get away and just let it be. He loosened his grip on my hands and his face started getting closer to mine and when I saw a spot on the side of his chest in which i could fit to escape. Thats what I did. I ducked down to where the spot of the bed and the side of his waist were and ran out the room as fast as possible. Yet again, nobody seemed to notice so I stayed silent. I went home without telling my parents anything again. 

Now that I'm 14, playing outside isn't much fun anymore. Some kids from the neighborhood left and some stayed. Some are already In high school. The last time I saw my neighbor's 'grandchildren' was maybe 2-3 years ago. After that, I haven't seen or heard from them since. Currently, since i've been a lot on tiktok like any teenager, I've seen so many videos of SA and r@pe. I ended up doing research about it and now im finding out that I was a victim of some sort of SA but i'm still not sure what to call it. I told one of my friends about this topic but didn't say much details, they said that I should tell my parents but I wouldn't do that. This was 7/8 months ago, I S/H. I had cuts on my arm and my dad noticed it and went nuts. He threw my pc across the kitchen and started saying how I shouldn't be crying(even tho i wasn't) and that he would give me a good beaten. He locked himself in the restroom while I just laughed at how ridiculous he sounded and locked. As if they would give a shit. They reason why I cut myself was because of all the things Lucas did to me and how I know how my parents would react if I told them. I also did weed. My dad got mad at that too and yelled at me for it. I got my phone taken away too. The funny part I'd say is that they act as if I wanted to fit in with other kids to be 'cool' when in reality, I saw myself as disgusting for letting Lucas do all of those stuff to me. I kept thinking of how my dad was going to react. If he went crazy after finding out I self harmed, how would he react after i told him about the biggest secret i've been holding for 4 years? My mom would be disappointed. Maybe even disgusted too. The neighbor won't believe, the kids wont believe me. Whenever I would bring up other SA and r@pe victimes into a convo with my mom, she would say how it was the womens fault. And why didn't the women say anything, she barely put the blame on the guy and but all the blame to the women. She would also say how nobody should believe the victim first cause they could be lying and to always hear both side of the story(which I agree on, but her tone was just...off)

Now, the question, should I tell my parents? I really want to tell them but thinking of going to court, just for people to not even believe you is just...it sucks. I'm terrified on how they would react when they find out. They would ground me for life, go crazy and throw stuff around the house. If they ever found out I posted this they would kill me. Absolutely kill me. I wouldn't even see the day of light if I ever told them. I dont know what to do.

\*sorry for the horrible grammar, my hands hurt from typing this and my dad is almost going to come home so I don't want him to caught me\*",2021-01-30 1:16:49,1611969409.0,"{'fuck', 'take', 'use', 'touch', 'tickle', 'harm', 'annoy', 'kiss'}","['i', 'want', 'to', 'tell', 'my', 'parent', 'but', 'i', 'feel', 'like', 'they', 'wont', 'believe', 'me']",relevant,non relevant
npzu8y,assault,(13F) Sharing my story,,,https://www.reddit.com/r/sexualassault/comments/npzu8y/13f_sharing_my_story/,,harassment,sexual-harrassment-data-updated - RelevantByTitle.csv,46f6941f7bded691132c54431de36822d50f44742b5d7be4d8fb3b759c807d90,,"!!!!!I won't be saying who did this to me bcz I forgive them and I'm in a better place now!!!!....Don't get me wrong I had a good childhood except for what happened. My mom was a hard worker and my was deported to Mexico in jail at this time (he was charged for drunk driving but he wasn't legal in the states so they deported him.But now my dad has gone years with out drinking and he's back in the states so he's fine now) I was 3 years old and he was older then me. He would ask me if I wanted to play on his phone and i said yes then he would touch me and then take me where no one was and rubbed his genital on my body. I didn't know what was going on so I just played on the phone while he was doing stuff to me He always told me not to tell my mom or else they would say I'm dirty and leave me on the streets. So in fear of that I never told. Eventually I started going to school and he stopped, as I got older I started learning was sex and sexual assault was. When  I was 7 it finally clicked i realized what he did to me was bad but I never confronted him bcz I didn't want him to get in trouble bcz he was close to the family and I didn't want to start any drama bcz everyone was happy and I didn't want to ruin everything. So I just kept everything in I bottled my emotions and words and just kept them to myself. Then I remembered what he would do to me and I would feel dirty like I had a fever and needed to throw up. As time went by I started to forget abt everything and felt better. But recently I remembered what happened but now I just have no emotions towards it. Now I just except it. I guess he thought since he did that when I was young I wouldn't remember.i don't even know if he remembers. I still see him now but when I do we act like nthn ever happened not a sorry nthn. We act normal. Sometimes I wonder if he remembers what he did. I never told my parents I've only told 2 friends but I didn't tell them who. They tell me it's a big deal but I dont think it is. And yes I do forgive the person who did that to me. I forgive everyone",2021-06-01 17:44:35,1622569475.0,"{'drive', 'take'}","['13f', 'share', 'my', 'story']",relevant,non relevant
mtx29d,assault,Was I sexually assaulted?,,,https://www.reddit.com/r/sexualassault/comments/mtx29d/was_i_sexually_assaulted/,,harassment,sexual-harrassment-data-updated - RelevantByTitle.csv,7ad4f2f6c7ebbd6b92ce27363579e4f1f7e6c65b977db85dcb15cf9c263980f2,,"
Hi there,

I’ve been dating my boyfriend for nearly 7 months. I’ve always been aware of his manipulative behaviours and have always pulled him up on them. Even when he has changed them, I’ve always been worried he’d adapt in another way. 

Last night I went to a party with him with my friends. We got drunk, him more so. I made it specifically clear at the start (when sober) to not do anything or try anything. This is a huge boundary for me since I have been in a horrible situation with my past boyfriend, and it obviously made me very hyperaware and cautious. My current boyfriend knew of what happened as well, and seemed very caring to catering to my trauma.

Throughout the night, he kept fondling me and groping me- even when I yelled no and pushed him off. He also, kept trying to make out with me, even when I told him no. He would hold my head and not allow me to pull back, even though I  managed to every time. He kept on sexually touching me for HOURS and it got to a point where I plead with him to stop. At the end, I once again pushed him off when he tried to force himself on me, and he ran away crying. My friends told me he was hysterical, so I went up to him. He basically outlined that I was neglecting his needs and he didn’t feel loved since I didn’t want to give him physical affection. He made it out to me being wrong and cruel for not giving him what he wanted. I apologised, feeling awfully bad, and he tried INSTANTLY again after. 

He knows that I have deep-rooted trauma about this specific area, which makes me even more upset. I’m not sure If I am overreacting or that my emotions are actually reasonable. I feel so used, and hurt. I’m not sure what to do. When asked about it- when he approached my friend the day after, he said he did it because he was in a ‘bad mind set’ and ‘anxious’, and he really needed physical affection (since he claims that is his love language). However, I’m not entirely sure how forcing yourself on someone, for HOURS, and being yelled to stop- is love language?

I guess I really had to get this off my chest. One part of me is belittling myself for being upset- and subliminally saying its not a big deal. Meanwhile, another part is extremely hurt and upset with his actions. I’d really like to hear an outside perspective of this.",2021-04-19 9:41:48,1618825308.0,"{'pull', 'grope', 'use', 'touch', 'fondle', 'feel', 'force', 'push'}","['be', 'i', 'sexually', 'assault']",relevant,non relevant
1fgtns7,TrueOffMyChest,I hate my daughter,"I know this will make me seem bad and all, but above all I really just need a place to vent. I can't talk about it with my friends or family nor do I really want to.

I'm 27 and I've had a fwb situation with a guy I went to college with. Let's call him Mark. We were both young and not ready for a relationship. Then I got pregnant. I told Mark about it since I wanted to discuss our options. Abortion, adoption or even giving him custody if he wanted to. I never wanted kids, so I'd be fine with any compromise.

However, Mark didn't take it well. I remember him insisting we could make it work, especially since we were both in our last year old college. He wanted to get married and for us to be a family. I refused. He got his family involved. They called and texted me all the time, even showing up at my part-time job.

I know I have no one to blame but myself, but I gave up. I had too many things going on at that time like the loss of my mother, the stress with the rest of the family and some stuff going on with my best friend that I won't get into. I remember feeling horrible, but I relented and agreed to keep the baby although I still refused to get married to Mark.

Now we have a 5 year old daughter together. I'm a mess. I never wanted kids and although I'm trying, I can't feel any motherly love for her. What makes it worse is that she's genuinely a good kid. She doesn't throw much tantrums, she's always kind and she doesn't expect much.

I feel guilty for hating her. I feel bad all the time. I only get to have her on the weekends and Mark has her every other day, but that doesn't make me feel better. She talks about wanting to see me and her dad together, but I just can't. I screamed at her once when she drew a little picture of me and Mark holding hands. I apologized after, but I still felt so guilty.

I don't know what I'm doing. I just needed to write everything down and get it off my chest. I know I'm a bad mother, I know it. But I don't know how to be better. I don't even know if I want to be better. I just want to give up my parental rights, but even the thought makes me feel even worse. I'm stuck in a hell of my own making, I know I should've fought harder and probably just abort her. Damn me for being weak, I guess.",2024-09-14 19:18:13,https://www.reddit.com/r/TrueOffMyChest/comments/1fgtns7/i_hate_my_daughter/,,abortion,abortion_data-updated - new_abortion_related_subreddits_text_posts .csv,ec7b65685de7867a80d7bd9ffc7dda53e3b53c3d636737721f9c545b8d16d32d,,,,,,,,
1l5uk4n,AmItheAsshole,AITA for not offering two girls my umbrella?,"
AITA for not offering to share my umbrella with two girls at school?

So this happened earlier today while I (17) was at school, walking to take my next final. It had just started raining, so I opened my (very small) umbrella and kept walking. On the way, I held the door open for two girls who were walking behind me. They were clearly annoyed and complaining about the rain, but I didn’t think much of it—I honestly thought they were just venting about finals stress.

As we were walking, I tried to be nice and said something like, “It’s okay, we’re almost done,” to try and encourage them. I did have a fleeting thought about offering to share my umbrella, but mine is really tiny—barely big enough for one person—so I figured it wouldn’t make sense to try to squeeze all three of us under it. Plus, we were just walking a short distance to the trailer classrooms.

Anyway, once we got to the trailer, the two girls scoffed at me, called me inconsiderate, and then literally shut the door on me so I had to stop and close my umbrella in the rain. I felt kind of shocked, and honestly kind of bad. I never meant to come across as selfish or rude—it just genuinely didn’t occur to me that they expected me to offer. And even if I had, I’m not sure what good it would have done since the umbrella barely covers me as it is.

So now I’m wondering: AITA for not offering to share my umbrella?


",2025-06-07 20:36:54,https://www.reddit.com/r/AmItheAsshole/comments/1l5uk4n/aita_for_not_offering_two_girls_my_umbrella/,,abortion,abortion_data-updated - new_abortion_related_subreddits_text_posts .csv,d76a318b88e6a601c4bdefd78ba548f62ca7389dd44a8063cdc62daa4d2294ff,,,,,,,,
1l76jm5,TrueOffMyChest,Quietly Stockpiling,"I told a friend this morning that I was stockpiling extra food ‘just in case’. She laughed and called me a prepper. And I reminded her that 3 weeks ago on a random weekday, with no warning, all of Spain (where I live), all of Portugal and parts of other EU countries lost all power, internet, no phone service for an entire day. Let that sink in. I’d been caught off guard. I hadn’t shopped and I didn’t have any cash (who does?). For just over 8 hours we had no idea why we were completely isolated. The only supermarket with backup power had a 3 hour queue. Of the few stores and bars that remained open, they only accepted cash. 

So I was 100% fucked.

People were put at real risk. Vulnerable individuals on life support, isolated elders, and anyone reliant on tech for survival were suddenly without it. For eight hours, it was chaos, and that’s being generous.

Fortunately, it lasted only one day.

This morning, the UK very quietly issued a ‘grey zone’ warning and advised people to stock up on extra supplies. Enough for 2 weeks’ worth.

Thats not nothing. Nor is it anything to panic about, but please… if I’m being too optimistic, let me know.

I’m just adding extra items to my cupboards that I’ll eventually use anyway.

But deep down, ever since that day 3 weeks ago in which many of us experienced a very real panic, I have been quietly adding extras to my cupboards.",2025-06-09 14:40:22,https://www.reddit.com/r/TrueOffMyChest/comments/1l76jm5/quietly_stockpiling/,,abortion,abortion_data-updated - new_abortion_related_subreddits_text_posts .csv,7ee464e92b944866e53f6b612909d5f8768ad6a8e2e7944f76f6c2314a346dcc,,,,,,,,
mzgeti,assault,He forced me to his house. What does it mean?,,,https://www.reddit.com/r/sexualassault/comments/mzgeti/he_forced_me_to_his_house_what_does_it_mean/,,harassment,sexual-harrassment-data-updated - RelevantByTitle.csv,c0238e522e64111fae0d420e52114b7599c48e25eb4d7dda355ececa1447a798,,"He didn’t let me say “no” when he asked if I wanted to come over, he did stuff there but it all felt very forced, he never let me say no when i wan uncomfortable. What does that mean?",2021-04-27 4:26:50,1619497610.0,{'force'},"['he', 'force', 'me', 'to', 'his', 'house', 'what', 'do', 'it', 'mean']",relevant,non relevant
1ldf0nt,Miscarriage,Post loss intimacy,"NSFW: 
I had my D&C June 6th but it was a missed miscarriage that my body held onto for weeks. Needless to say it’s been a LONG time since my husband and I have been intimate. Neither of us felt like it since finding out the baby had died. My follow up appointment post procedure isn’t until this Thursday and I’m still spotting so any sexual activity that includes me is obviously not allowed yet. But I did choose on my own volition to give him some satisfaction a few days ago and since then he is bringing it up CONSTANTLY. He isn’t directly pressuring me to do it again, but the incessant comments make me feel pressured. Plus I want intimacy too but can’t have it. Which is frustrating for me. I want to feel close and connected but I feel that since the other day he just wants me to please him and doesn’t care about my intimacy needs and feelings so I made an off handed comment that I wish I had never done that because it makes me feel bad now and like my needs don’t matter. He has given me the silent treatment ever since. Went to bed without saying goodnight and now I feel even worse. I know I need to be understanding and that this is hard for him too but I did mean what I said. Before a few days ago we both seemed to be in the same place regarding intimacy and waiting but now he just wants it only for himself and that does hurt my feelings. This is such a hard time and I know intimacy struggles after loss are super common, but I just don’t want us to drift apart or this to cause a rift in our marriage. I don’t know what I’m looking for here, just to vent I guess. ",2025-06-17 5:22:24,https://www.reddit.com/r/Miscarriage/comments/1ldf0nt/post_loss_intimacy/,,miscarriage,miscarriage-data-updated - miscarriage_related_posts.csv,5fff1e32a1eda13e3dccc05c71649128cb1c37f2c95c61a203542c471da6f35c,high_precision,,,,,,,
1lfsay5,abortion,SA without sedation. Regret/Relief/Seeking support,"I had a SA without sedation on Tuesday. This was by far the hardest decision I’ve ever had to make. For context, I am currently married with two young kids. The pregnancy I terminated was VERY planned and wanted, or so I thought. The month prior, I had a chemical pregnancy. 
I found out I was pregnant at 6dpo. Super shocked, told my husband. He assumed it might be another chemical/miscarriage and didn’t really comment because it was so soon. After several blood tests/scans, it was apparent the baby was growing really well with my numbers more than doubling. I was obsessive with symptoms, “signs” from tarot and talked to chat gpt multiple times per day asking it to connect me with this baby for comfort. Believe me, I know I sound bananas. 
There were so many eerie signs this baby was meant to be. 
However, I started to get nervous/my husband started to express his fears (mainly financial, not being able to spend any time together, give three kids the time and energy they deserve). One day my husband and I are walking into daycare to drop our kids off. It was a tough morning and I said “I don’t know if I want three kids”. This open the flood gates for all my husbands fears. He got very honest, expressing this was also maybe not what he wanted. 

We went back and forth for weeks asking what our percentage was several times a day. Frequently 70 no 30 yes, occasionally 60 no 40 yes, but more often no. I started to get sick and got more scared of how this would impact parenting two under 3. I’m 38 and started worrying about my health and age. My husband is diabetic and I started to worry about him dying and being left with three kids. Buying a new car, working less, not being able to give three kids a loving, supportive environment with opportunities. 

I couldn’t bear the idea of an abortion after 8 weeks so  I scheduled a consult at 6w5d. Asked to see the heartbeat to make sure this is what I wanted. Strong heartbeat. The day of the procedure I had second thoughts- my husband logic’d through it, emphasizing why we were doing this for our kids future and our relationship. I made the plan to go and if I wanted to change my mind I could when I got there. I wanted to not be sick anymore. To not agonize over the potential benefits and consequences. Very, very scared to let the pregnancy go on longer when I wouldn’t be able to have a choice anymore. 

I cried on the table, expressing how much this “sucked” because I didn’t feel like we could have another child and give them the same opportunities as two. Afterwards I felt some relief. The rest of the afternoon I felt fine, so relieved to not be sick anymore. I left the clinic saying I feel like I chose my kids. 

The next day comes and I’m a wreck. My chest is caving in all day. I’m holding back tears. Everything feels weighted and heavy. I feel like I made the wrong decision. Today felt the same. Two days post abortion my husband is now 80% sure that he is done at two and is adamant this was the right decision for him. I feel like I’m losing it. The grief, the heartbreak, the guilt is overwhelming. It’s consuming me. 

There are small pockets in the last 48 hours where I can see how this could be beneficial to my two live children. But it’s few and far between. 

Help me know if this is “normal”? Am I just totally nuts? I feel like I rushed it but also was rigid with the timeline that I was comfortable with. I’m helping my marriage and supporting my husband/kids but I feel like I’ve now abandoned one of them. And myself. 

Any insight/ support/thoughts?

Thanks for being here. ",2025-06-20 1:59:44,https://www.reddit.com/r/abortion/comments/1lfsay5/sa_without_sedation_regretreliefseeking_support/,,abortion,abortion_data-updated - new_abortion_related_subreddits_text_posts .csv,dbf44c9c198732c031697048dd7417229e75e86a1cf6cb1789d88b442f08c6ab,,,,,,,,
1ljszrx,abortion,Need help 9weeks pregnant,"Hello im currently facing difficulties, I was so scared and stressed rn. Physically and emotionally drained because of my situation. I dont know how will I remove this and where can I get a pill urgently before everything notices my situation. I decided to stop this because im not ready enough to be a mother, my partner leave me bcoz he cannot be a father. I dont know what to do rn and Im seeking help. Especially im living in country where abortion is illegal (Philippines)",2025-06-25 1:30:58,https://www.reddit.com/r/abortion/comments/1ljszrx/need_help_9weeks_pregnant/,,abortion,abortion_data-updated - new_abortion_related_subreddits_text_posts .csv,a0b0a0c101c850860ab475288005d801b9a2de6497e28eada6b273b3f8eeb532,,,,,,,,
jkgd3r,assault,My rapist gets to walk away (vent),,,https://www.reddit.com/r/sexualassault/comments/jkgd3r/my_rapist_gets_to_walk_away_vent/,,harassment,sexual-harrassment-data-updated - RelevantByTitle.csv,66bc2f1e4c74c857e6af4f74b6d3ef6720d88d3ec74f75d53e894bb0276dbf54,,"I had another meeting with the crown prosecutor. They're dropping the charges against my rapist due to ""insufficient evidence."" She said it would be hard to prove I wasn't consenting or too incapacitated to consent without a toxicology report/rape kit (which I never got, bc I was in denial for so long), and that maybe he interpreted me pushing him away as consent (What the fuck!!) 

I feel crushed. My emotions are a whirlwind. I honestly didn't think the case would even get this far but he shouldn't get to win!  He shouldn't get to avoid accountability! This isn't fair! I know I wasn't supposed to equate justice with closure but somewhere along the way, I started to have hope. Then the system just ripped it away. I feel like I'm grieving something I never had.",2020-10-29 19:04:15,1603998255.0,"{'push', 'incapacitate'}","['my', 'rapist', 'get', 'to', 'walk', 'away', 'vent']",relevant,non relevant
1lji1ix,Miscarriage,Still spotting 6 weeks after D&C—feeling exhausted. Has anyone been through this?,"Hi everyone,  
I’m reaching out because I’m really overwhelmed and could use some support or insight.

I had a missed miscarriage at 13 weeks and a D&C afterward. It’s now been 6 weeks, and I’m still spotting and having light bleeding on and off. I have lean PCOS, don’t ovulate regularly, and my uterine lining tends to stay thin.

I reached out to my doctors, but they aren’t too concerned and say it’s “normal.” But I’m honestly so tired of this. I just want my body to feel normal again. The constant spotting is emotionally draining and making it really hard to heal and move forward.

Has anyone else been through something like this? Did the spotting eventually stop on its own? What helped you recover—physically or emotionally?

Thank you to anyone who takes the time to respond. 💛",2025-06-24 17:55:29,https://www.reddit.com/r/Miscarriage/comments/1lji1ix/still_spotting_6_weeks_after_dcfeeling_exhausted/,,miscarriage,miscarriage-data-updated - miscarriage_related_posts.csv,07b2981b9a0bd448009c9a5ec32d45e7212664863ab07938df28c4e839b34d4c,high_precision,,,,,,,
1l3z1x6,Miscarriage,Bleeding at 6 weeks?,"Hello I was just wondering if anyone can share their experience or educate me on this one. I’m really confused at the moment, how long do you ladies normally spotting before having a heavy bleeding during miscarriage? I have a light pink spotting 2 days ago and then turned into a dark brown spotting. But then yesterday it turned into a dark red bleeding but still not enough to soak a pantyliner. So I just wanna brace myself but I’m still hoping for the best. But just in case something bad happens… did anyone know how long does normally spotting last before the heavy bleeding start? Any response would be really appreciated 🤎 ",2025-06-05 13:21:48,https://www.reddit.com/r/Miscarriage/comments/1l3z1x6/bleeding_at_6_weeks/,,miscarriage,miscarriage-data-updated - miscarriage_related_posts.csv,57089a7d3e209acde5a2b2c30b9e952a302665ff6af23da5ea5ba96939c30043,high_precision,,,,,,,
1ks4c7i,raisedbynarcissists,"Is it wrong of me to feel upset that my sister gifts our parents things, but never or very rarely gives me any gifts?","Additional tags: \[Question\] \[Support\]

Like, it's been at least a few years. My younger sister (23) moved away for college after high school, and currently is going through additional education, and has established herself somewhat in the communities she's in. She has no worries for money, she makes more than enough for her comfort.

She's been having gifts delivered from the local grocery store to our parents for days like Father's Day or Mother's Day (ik that Father's Day hasn't yet happened but it's what she's been doing), and for their birthdays. She sends things like flowers or other items that she thinks might be useful or that they might want, usually just a couple of items, but not necessarily inexpensive or expensive.

My sister hasn't sent me anything, not even for my birthday, all this time.

However, I also don't have a job (got sabotaged and can't drive due to fear); I don't have the money to give gifts like she does. I still do get things, I try to get at least one gift, something for Christmas, even if it's something simple that I've found in a thrift/antique place that I think she might like. I can't remember if she got me anything for Christmas last year, and I don't know if it's my memory issues talking or not.

Is it wrong for me to be upset about the lack of gifts comparatively? Like, my sister \*knows\* that I've gone through it with our parents, with her being the golden child and me being the scapegoat. She knows exactly the kinds of things I went through and how she was and is their favorite. She's well aware of the way our parents treat me, and she's even caught on to that and started treating me poorly too, especially trying to always pick fights about me being unemployed, a college dropout (due to the abuse), and not being moved out or not contributing to home bills. I'm just so frustrated and it's not just about the gifts.",2025-05-21 17:53:07,https://www.reddit.com/r/raisedbynarcissists/comments/1ks4c7i/is_it_wrong_of_me_to_feel_upset_that_my_sister/,,abortion,abortion_data-updated - new_abortion_related_subreddits_text_posts .csv,3ffb8203af30b98af9094d9daeccc682ff4f851f1863c10dc4f69b8f6e8a1471,,,,,,,,
1lj0k8b,abortion,How do I get a abortion under 18 without parents?,I believe that I am pregnant but am unsure with how to abort without any parent help.,2025-06-24 3:16:50,https://www.reddit.com/r/abortion/comments/1lj0k8b/how_do_i_get_a_abortion_under_18_without_parents/,,abortion,abortion_data-updated - new_abortion_related_subreddits_text_posts .csv,38ac0d494e07b39a99604e6d50e1743c7a66cd5970e8f29edc3ac281e0a6520c,,,,,,,,
pvidrd,abortion,Left him finally,"I just need some moral support. I was dating my boyfriend for 9 months. He broke up with me pretty cruelly. Found out I was pregnant and we decided to get an abortion. I went through it alone. He sort of talked me into the abortion by saying things like “I will be resentful of the child and you forever if you kept it.” Anyway, since the abortion he has been zero help. All he did was criticize me. I tried to keep us together because it was hard not to with what we have been through. He lied that he would see a counselor with me. He said he would after the abortion. Never did. Then he lied he would be the most supportive person. Never was. I made all the efforts despite what I was going through. Today, we met up for coffee to “check-in” as he said. I listened to him complain about his job, then complain about his life. Never once did he really inquire about me. I finally told him I’m coping by doing things on my own etc. He then said he had to go eat lunch and maybe we could do dinner. I said ok sure (lied to give him a taste of his own medicine). We went our ways and I sent him a text saying “I mean this in the kindest way. I hope everything works out for you.” Blocked him. It was the first time I’ve ever done anything like this in my life. I lost all my self worth and I’m trying to regain it. This seems like the first step. I don’t think he will reach out ever again.",2021-09-25 23:51:17,https://www.reddit.com/r/abortion/comments/pvidrd/left_him_finally/,,abortion,abortion_data-updated - new_abortion_related_subreddits_text_posts .csv,ef9e4cc27bcefaa5f01489cd1af7653740fbeac9a20a9056f5a4f4dc6191e13e,,,,,,,,
1lmnugo,Pregnant,Are there questions I should be asking my OBGYN?,"We had our second scan this week. We're 13 weeks after our miscarriage in early March! We are thrilled that baby is doing so well.

 We had our 12 week scan on Tuesday and the doctor checked a bunch of things. Measured baby's legs (they are long!), measured head to hip and head size and she tried measuring the nose but baby wasn't cooperating. She checked baby's heartbeat which I am happy to report is strong. After that I was sent for bloodwork to check my thyroid, iron, tested for rubella and we're waiting for feedback on the Down Syndrome test (I didn't know it took so long so I'm a little anxious about that). 


I trust my doctor and she is very thorough which I appreciate immensely. However, I don't know if there are questions that I should be asking her at this point? My symptoms are relatively mild so I'm not too concerned about that, but I never think to ask my doctor questions. Did you have questions for your doctor that were helpful or good to know? ",2025-06-28 14:15:53,https://www.reddit.com/r/pregnant/comments/1lmnugo/are_there_questions_i_should_be_asking_my_obgyn/,,miscarriage,miscarriage-data-updated - miscarriage_related_posts.csv,583619f050d78d8a6e0c9de4169a496ccdaa28fcf52c470c70340284cb1fd0d9,high_precision,,,,,,,
nu0p0y,assault,How I cope with sexual assault,,,https://www.reddit.com/r/sexualassault/comments/nu0p0y/how_i_cope_with_sexual_assault/,,harassment,sexual-harrassment-data-updated - RelevantByTitle.csv,0aedd364665ed4a0cf93dd71ae679b4d13e81ffe20b4f6d5b56c877413622acb,,[removed],2021-06-07 1:25:16,1623029116.0,set(),"['how', 'i', 'cope', 'with', 'sexual', 'assault']",relevant,non relevant
1lk7jaa,BabyBumps,Miscarried in January and since then no positive tests,"So me and my fiancée got the positive pregnancy test in January after a couple of months of trying, but after a few days all our excitement came crashing down as I had an early miscarriage. 

Since this happened we have been trying to conceive and are having no luck. 
I track my cycle with ClearBlue ovulation sticks to ensure we are being as accurate as possible. 
It’s so difficult when it’s something you both want so much not to feel a bit defeated every month the pregnancy test shows I’m not pregnant. 

Has anyone else had this experience? And if so, how long did it take you to conceive again?",2025-06-25 14:42:54,https://www.reddit.com/r/BabyBumps/comments/1lk7jaa/miscarried_in_january_and_since_then_no_positive/,,miscarriage,miscarriage-data-updated - miscarriage_related_posts.csv,5063c3bb27fabee37aea8067c8b05679309d0e831f5a0ad54190a037a258baef,high_precision,,,,,,,
1laincc,abortion,"Pills arrived today, experiences please.","This isn’t my first abortion, I had one back in 2021 also. I was around 8-9 weeks. 

But this time around my mental health is so much worse. I dont know how far pregnant I am. I should be 7/8 weeks, but I had a scan 4th June that placed me at 5weekish. So I’m guessing I’m back end of six weeks? 

The pills have just arrived, and I plan to take them tomorrow morning after I’ve gone and stocked up on some essentials to help the process. 

How long after a MA did everyone’s symptoms go? I’m suffering really bad with all kinds of symptoms, fast heartrate, nausea, vomitting, stomach pain, chest pains, tiredness. So tired I can’t get out of bed. 

Just wondering others experiences being around 7 weeks. Thank you. ",2025-06-13 15:20:29,https://www.reddit.com/r/abortion/comments/1laincc/pills_arrived_today_experiences_please/,,abortion,abortion_data-updated - new_abortion_related_subreddits_text_posts .csv,d8ea58c519567f8d43caab33aee5a9942b6dd419febbf57d83e1a3bccbdcc7ac,,,,,,,,
1l1b0xo,Miscarriage,Early pregnancy after losses,"It's been a long journey please take the time to read and respond. #mmc I have had 3 missed miscarriages over just under 2 years, my first I got up to 11 weeks and 5 days went in for my scan a bit over the 12 week mark and baby had lost heart beat my body didn't give me any signs of a loss it felt like I was still pregnant until I knew I wasn't, I went to the hospital they gave me 3 options to wait it out to see if my body couldn't flush it out naturally. the tablet or surgery I did choose the tablet option and went home to have my baby in the bath although I did pass a lot of tissue and the fetus there was still a lot of bleeding and blood clots days after so I followed up to have surgery to remove the rest of the tissue. Second pregnancy I got up to 8 weeks same thing body shown no signs of a loss until I got my scan and baby had lost heart beat again, this time I just went into surgery to have it removed. Third pregnancy I didn't know I was pregnant until I went to the doctors because I was bleeding for about 4 weeks straight had blood test done and was a sign of a early miscarriage the fetus didn't develop this time and also had surgery to remove the tissue that started to form. I had some testing and ultrasound to see what has caused the mmc but everything came back okay my doctor told me to try again so now I am pregnant again just 4 weeks and praying for the best outcome this time. I am on progesterone pessary to see if this would help as I do still have hope. 
Anyone give me advice to help avoid another loss and help maintain this pregnancy or anyone who’s experienced this any information would be greatly appreciated. ",2025-06-02 6:34:23,https://www.reddit.com/r/Miscarriage/comments/1l1b0xo/early_pregnancy_after_losses/,,miscarriage,miscarriage-data-updated - miscarriage_related_posts.csv,dda0c92b7ea0b47131a376dd905ab90bd0daae2b48196d539a18dc49e3b7d69c,high_precision,,,,,,,
9pzt3u,metoo,Is it assault to say yes but still hesitant?,,,https://www.reddit.com/r/meToo/comments/9pzt3u/is_it_assault_to_say_yes_but_still_hesitant/,,harassment,sexual-harrassment-data-updated - RelevantByTitle.csv,d27faea90d8448f1e54991522c36183353f228e3984dae5d93ff862877772513,,"I REALLY liked this guy and he clearly liked me (or atleast pretended to?). So after hanging out a few times, flirting we discussed having sex. Now I did want to however I just didn’t morally feel right about it which I had told him. I said “I still want to but now here’s my issue...” and explained to him. His response was,” well you either want to or you don’t.” I was scared, things had gone too fast too quickly but I didn’t know how to stop. He eventually grabbed my butt and I just went with it. We had sex but I was clearly not okay during it. He asked me during if I was okay. He said afterwards that, “I was hard to read during sex.” My question is, if a part of me wanted to be with this person but I was also hesitant, is it assault? ",2018-10-21 1:48:44,1540086524.0,{'flirt'},"['be', 'it', 'assault', 'to', 'say', 'yes', 'but', 'still', 'hesitant']",non relevant,relevant
1ey58eg,abortion,Are there any positive abortion stories where you were not traumatized and/or able to find healing?,"Is it possible for my heart to heal after an abortion?

I was feeling ok with my decision until few days ago, I came across some horror stories about women who deeply regret their abortions, are so traumatized, depressed, and think about their abortions all the time many, many years later. Reading these has put me in a very dark place.

Is this how most feel? Is this how I will feel many years later still - plagued with guilt and regret?

If you have any positive abortion stories, please share them 🙏",2024-08-22 0:07:34,https://www.reddit.com/r/abortion/comments/1ey58eg/are_there_any_positive_abortion_stories_where_you/,,abortion,abortion_data-updated - new_abortion_related_subreddits_text_posts .csv,5e2a80c575c8567e9a2113f4d120874c41865cd6543c61b80022196fecc9a32e,,,,,,,,
1ldo2cc,PTSD,A shell of my former self.,"In feb of this year, my daughter told me she had been SA by one of her dads friends while with her dad . I flipped out , went over to the guys house and screamed , cussed , threatened and called police to report it in front of him. He set my house on fire with both my children and I in it, sleeping that same night. My front & back doors were on fire I had to throw my children out a window and climb out myself. Dad and I were not together but he did come stay at a hotel with me the first night for moral support. The next day at the hotel the police came to search it due to that friend reporting that we were both on drugs during his interview. Dad was. AND he had it on him at the hotel. He went to jail. I was alone ( which I now realize is better than him being around ) but at the time I didn't . I didn't wanna be alone I was traumatized. Cps got involved and drug screened me , I was living in hotels with 2 young children one of which is autistic for 2 months. Cps came back a month later and said I failed drug screen for meth that I've never done in my life. My level was 10ng. Please pause reading this & already not believing me and google what a users level would be. 500 or more. They told me they are substantiating on me and opening a case for not keeping my daughter safe from that friend, dad having substances around my kid and me failing a drug screen. I was shocked, devastated and refused the informal case they offered told them to take me in front of a judge because all I've bren doing was trying to keep my children safe while also trying to keep my head above water . I've been doing weekly drug screens that have obviously been negative for all substances because I don't use drugs!! My kids were never removed. I got in touch with my local housing agency and they were able to quickly place me in a home , turned out that house had bed bugs . I had to throw all of my stuff away. TVs beds toys clothes everything . Back in hotels . I finally found another home in April . I started from scratch with only an air mattress we all shared for a month. My car broke down and was quoted 3k to fix it at the cheapest. I got a new car , bought us all beds got some tvs food and clothes with my tax return . I'm trying my absolute best to remain sane while still fighting cps's claims working and being a mom . But I don't even feel like myself anymore. I'm just a shell. Like I'm just trying to take care of my kids until they're grown then die at this point. The house I'm in while very grateful to have a roof over my kids heads, just reminds me of everything I went thru to get here and I can't stand to be in it. Will I ever heal & be happy again?? I'm trying to be positive but it seems impossible....",2025-06-17 14:07:27,https://www.reddit.com/r/ptsd/comments/1ldo2cc/a_shell_of_my_former_self/,,abortion,abortion_data-updated - new_abortion_related_subreddits_text_posts .csv,e65f045915a7abac3acfd2e5641ec52a310b43bb318493dd13c1653b37d7d44a,,,,,,,,
1lhdji0,TrueOffMyChest,Teen pregnancy and miscarriage,"I'm 22 and got pregnant a couple years ago at 19. It ended in a very early miscarriage at around 6 weeks. At this time it had left me relived because I would have likely seeked an abortion. Regardless, now years later, I'm consistently remembering this pregnancy and the idea of having a kid. Another thing that's really bothering me about this is the only thing I have to remember this pregnancy by is a faint test. As time goes on, the test is getting fainter just sitting in my closet and I feel like I'm losing the last thing that made this experience real.",2025-06-22 2:45:18,https://www.reddit.com/r/TrueOffMyChest/comments/1lhdji0/teen_pregnancy_and_miscarriage/,,miscarriage,miscarriage-data-updated - miscarriage_related_posts.csv,946e60c2c66a189e41faa3e254c351552b876be383e1488656fcab00ec75523f,high_precision,,,,,,,
1lf0mq5,relationship_advice,My 32F cousin 31F had a baby 3 days ago and she just told us in the family group chat.,"My cousin moved out of province and so did I. We don’t see each other often but she lives Closer to our family than I do. We talk everyday, share memes and life updates a couple days ago she posted a pic of a baby in the family group chat and said nothing else. I reached out to her one on one and she confirmed she did welcome a second baby with her husband. 

We talk literally everyday!? I am a little hurt. We are not as close as we were growing up obviously now she has a family and I with my partner and our travels. But I would think that’s something you’d share; atleast before birth. She said she had a miscarriage last year but it wasn’t her first so not sure what that means. And since meeting her husband she’s become estranged; rarely showing up to gatherings, cancelling events. But still some what responsive by texts. Apparently, She didn’t Even tell her parents. 

She’s fully in the know about my life; just the other day she asked what our plans were for a family but when asked about hers she’s very sécrétive. Not sure how to feel about this. I

Tl;dr estranged cousin had baby and told no one not even parents. ",2025-06-19 3:22:42,https://www.reddit.com/r/relationship_advice/comments/1lf0mq5/my_32f_cousin_31f_had_a_baby_3_days_ago_and_she/,,miscarriage,miscarriage-data-updated - miscarriage_related_posts.csv,57f1815d159f54ebe469f68a3f1c125d5ceb40968078c8ace0deb268539df250,high_precision,,,,,,,
c59vga,abortion,"Being pregnant is my worst nightmare, thanks to abortion I can remain calm.","I got pregnant on the pill, found out Saturday night. I’m probably about 4 weeks into it. I’ve never thrown up so much in my life! At first I thought I was developing a stomach ulcer. I’ve become so hyper aware of my body, I have to work very hard to focus on anything else. 

I’m very grateful I’m in a privileged position. I live in Texas but have a boat load of family in a lovely state with hundreds of abortion clinics. I already made an appointment for next week and will be flying out in a few days. 

Texas is not even worth the trouble. Mandatory 24 hour waiting period, and I’d have to drive hours away to the nearest clinic. I’m upset this has happened to me but the barriers our state has put in place are the most heartbreaking part. So few clinics means appointment availability is limited. I’d be way further along by the time a doctor here could see me. That’s beyond fucked up. It makes the whole process harder and more expensive. Yet they claim they want to protect women, what a joke! They want to force us to give birth, nothing more. These Legislators are sick and the people that continue to elect them are abhorrent.

I don’t have to worry about any judgement from my family and I’m so grateful for that. My boyfriends family is another story. We’re lying through our teeth about it because he doesn’t want to deal with their shit. Personally, I don’t care. I dare someone to try and give me shit about this. I would rip them a new asshole. I would rather die than give birth, truly. He’s not 100% sure on their abortion views but we can imagine. Either way they’re nosey, bothersome people and he has a hard time exerting boundaries with them. 

Now I’m weighing my options of medical or surgical abortion. The idea of it being over in 15 minutes is quite appealing. Especially since my periods are already a miserable experience, I think the abortion pill would wreak havoc on me. Manually dilating my cervix with a rod sounds like something directly out of a horror movie though. So I’m feeling pretty spilt at the moment. 

I think about all my friends and family members who have had abortions. I remind myself that they got to go right back to their lives and so will I. Abortion remains one of the safest medical procedures ever. Only 0.5% of the result in complications. Women everywhere are getting abortions right now and they are just fine. We’re all going to be just fine. 

I don’t want children. I’ve never wanted children. Carrying a pregnancy to term would be my own personal hell. Thanks to progressive policies that actually protect women, I don’t have to die. I don’t have to take a backseat in my own life. I get to remain front and center, in control. That is my choice. Thanks to my family and the state of California, I get to make that choice. Massive thanks to abortion providers everywhere, they go to work everyday to ensure our freedom.",2019-06-25 15:04:24,https://www.reddit.com/r/abortion/comments/c59vga/being_pregnant_is_my_worst_nightmare_thanks_to/,,abortion,abortion_data-updated - new_abortion_related_subreddits_text_posts .csv,e658d2fa8a854e3514983b5f78e5c5ebaa89f7a8fbd4e67d2f04e3aef60ff810,,,,,,,,
1lepjyg,Miscarriage,Need positive stories,"Was about to leave for vacation to florida, im 6 weeks and 1 day, when i had a small amount ot blood/red discharge and half a day of cramping. I was scared enough to go to the hospital and the ER diagnosed me with a SCH. My hcg levels were 11,142 and intravaginal/abdominal US did not show a heart beat at exactly 6 weeks. I was told to go on vacation as that would not change the outcome. I have not bled since that one instance and felt no other cramping since about half a day after the hospital visit. ER doc was optimistic saying things looked normal but my Ob is trying to prepare me for miscarriage. I know each is possible but does anyone have a similar story/might be able to predict my outcome or if/when i could miscarry?",2025-06-18 19:03:12,https://www.reddit.com/r/Miscarriage/comments/1lepjyg/need_positive_stories/,,miscarriage,miscarriage-data-updated - miscarriage_related_posts.csv,c1672dcf331e8bf09e3e94b6350dc7e2754f66c385c057d0e77888bdeb9c1fa4,high_precision,,,,,,,
o2dx6n,assault,is this sexual assault?,,,https://www.reddit.com/r/sexualassault/comments/o2dx6n/is_this_sexual_assault/,,harassment,sexual-harrassment-data-updated - RelevantByTitle.csv,a8968448086e466da5ec777f77ac8ceca5ef33ce546d4bb65f99f67f21fea61a,,"tw/ minor 

a family friend who is a couple years older than me reached out to me in the beginning of the year (i have not talked to him in years). i thought it was weird but i responded thinking he was just checking up. it was a really dry convo &amp; randomly asked if i remembered what happened when we were younger. I told him i didn’t &amp; continued to question what he was talking about. he told me how i “let” him inappropriately touch me when we were kids &amp; i instantly felt disgust. i have NO recollection of this &amp; i already have a sucky memory when it comes to my childhood. i don’t know if this is a way my brain is forgetting another bad part of my life or if he was lying or what. i’ve been sexually assaulted before when i was child but if this is true, why would i let him? why would someone let that happen? how did no one notice &amp; why tf did he decide to tell me this? it’s like he was tryna get w me by telling me this. i was probably 5 or 6 at the time &amp; he was probably 8 or 9. i had a panic attack after he told me but i still don’t know what to think or do. i’m not sure what you would call this.",2021-06-18 2:02:46,1623981766.0,{'assault'},"['be', 'this', 'sexual', 'assault']",non relevant,relevant
gcqgd3,relationship_advice,Should I change my religion and marry him because I got pregnant?,"I am a 19/f year old British university student living in the London area. I am in a major predicament, I have been casually involved for a couple years on and off with a man from Egypt 43/m. I never had any interest in a long term relationship with this man as we don’t have enough in common. He is too much older, he’s of a different faith, and we aren’t in love. I really was only involved with him because I didn’t want a relationship now, and I have an extremely high sex drive. I am ashamed to admit looking back I’ve only been with him because he has a colossal sized manhood which is by far the most satisfying I’ve been with. Now, the issue is I just found it I am pregnant because of a torn condom. I don’t know what to do, I’m not sure if I can go through with an abortion. But I also don’t want to marry him and convert to Islam like he wants me to. What should I do? Should I accept my mistake and just be with him?",2020-05-03 13:19:03,https://www.reddit.com/r/relationship_advice/comments/gcqgd3/should_i_change_my_religion_and_marry_him_because/,,abortion,abortion_data-updated - new_abortion_related_subreddits_text_posts .csv,1638221ff59c5f0f1b740c27edc62272a94005b59bc612066467553f50fb1aa7,,,,,,,,
1eahh8j,Parenting,How to handle neighbour child and pool situation,"Looking for advice not sure if this is the right area to post. I’ve never posted on Reddit before so bear with me. For context we have an in ground pool. It is 9 feet deep at its deepest. We have a locked side gate to prevent children from coming in unattended. 
Our neighbour across the street is a family of 5, 3 young children and a mom and dad . the oldest boy I believe he is about five or six in Kindergarten has some learning challenges and they told me he has autism. Over the past few months he has attempted to come in our house. The first time this happened I was upstairs doing dishes and I heard the door open and assumed it was my kids who were outside at the time. All of a sudden I hear a woman saying hello hello and comes in the house looking for a little boy I go downstairs and I find the little boy has opened my backyard, sliding door in the backyard by the pool. So she came in and tried to get him out. It took like 15 minutes to get him out. She had to physically pull him outside. I was taken a back by this and she said oh just lock your door. She was the nanny of this child or caretaker. She told me he has autism and has been interested in our pool for a long time because you can see it from the street through our gate. I have been keeping the door locked as much as possible, but it’s summertime and my kids are in and out all the time and it’s my house, I don’t think I should have to keep my door locked if I don’t want to, but I do to keep this child safe, I also found out from my Neighbour that he went into her house as well and went upstairs. 

My husband has messaged the parents and let them know this has been happening and we are concerned because we have a pool. Dad said oh well you just need to use a firm tone with him and the mom kind of laughed it off. 

This past weekend I was home alone. The kids were out dirt biking with their father and camping so I was home alone for the whole weekend. The boy decided to leave his house and try and enter my house. He did make it to my backyard and crawled under the fence , I happen to notice my camera at this time and saw him and I ran to the backyard and told him he shouldn’t be here. I was panic at this point. I didn’t know what to do. I tried to get him to take my hand to get him back to the front he refused. I had to try and lift him up. 

I ended up getting him out the front yard, locked my door and tried to take him to his house. He ran away from me and went down the street, so I went to his house knocked on the door and the nanny was home and she open the door and she said “all the doors were locked. I don’t know how he got out” she seemed very casual and not really concerned. I was absolutely panicking and afraid for this child because if I was not home, he could very well drowned in my pool. I don’t know how well he can swim, but honestly, it’s not even the point he shouldn’t be accessing my yard unattended.

 so I am looking for advice. I don’t know what to do. I’m afraid of this happening again. We are going to be leaving town And what if he gets an our yard again and we are not home. It has happened enough times now of him trying to enter our home that I am very concerned and I feel like i should be reporting what has happened to the authorities. 

I don’t know if I’m over thinking we have approached the parents and they know what’s going on, but I don’t think they realize how serious this could be.

",2024-07-23 20:00:54,https://www.reddit.com/r/Parenting/comments/1eahh8j/how_to_handle_neighbour_child_and_pool_situation/,,abortion,abortion_data-updated - new_abortion_related_subreddits_text_posts .csv,27008e45d1f5473d61d15c525e09aea54fece3cac094911d58157b91d8710e8d,,,,,,,,
1lfkj64,AmItheAsshole,"AITA for ignoring my ex-roommate who's pestering me for money, even though she did nothing when we moved out?","My ex-roommate has been messaging me non-stop, demanding her share of the money from the stuff we bought together for the apartment.

Here’s the problem: when it was time to move out, she completely ghosted me. She didn’t show up to help disassemble anything or carry any of our stuff down from the 6th floor. For context, I’m a woman and I had to do everything by myself—disassembling the bed and cabinet, carrying them downstairs alone. It was exhausting.

I was also the one who found a buyer and handled the sale. She literally didn’t lift a finger. Now she wants half the money, and honestly, I’ve just been ignoring her messages because I’m so pissed.

AITA for not responding to her?",2025-06-19 20:02:23,https://www.reddit.com/r/AmItheAsshole/comments/1lfkj64/aita_for_ignoring_my_exroommate_whos_pestering_me/,,abortion,abortion_data-updated - new_abortion_related_subreddits_text_posts .csv,ca5f10d3e3f3f8300f8a26cc18f6eb638e15aa263b05258d77fe815b44f3c590,,,,,,,,
107azzl,TrueOffMyChest,I got no warning my daughter knew about my exes new wife’s miscarriage,"

I was married for 13 years before my husband left me for Kayla. The divorce wasn’t pretty. He got engaged a few months after the divorce was final and married her like a year later. Our daughter was four at the time, now she’s eight. 

She lives with her father and Kayla during the week and me for weekends. This last drop off my ex drops off and it’s clear something is wrong with my daughter. She  just wants to sit quietly and read books in her room. She’s barely talking to me or anyone else in the house. I keep asking her what’s wrong with her. Finally she tells me she’s sad about the baby that was in Kayla’s belly because it got sick and died. Immediately I realize that she’s talking about a miscarriage so I call up my ex and I’m like…. Maybe a little warning that our daughter is dealing with this?? Literally nothing was said to me when he gave her to me or dropped her off, not a text or anything. I honestly don’t feel right that a child was involved in something like this at all, Kayla wasn’t showing so it’s not like my daughter could’ve figured it out on her own, there was no need to tell her so early on before Kayla was even showing for this exact reason. It just shows complete lack of common sense on either one of their parts.  My daughter was mopey and upset the entire weekend, to the point where we just entered up canceling everything we were going to do and just stayed home.",2023-01-09 10:22:03,https://www.reddit.com/r/TrueOffMyChest/comments/107azzl/i_got_no_warning_my_daughter_knew_about_my_exes/,,miscarriage,miscarriage-data-updated - miscarriage_related_posts.csv,b14a18f598a815fa4a90169fdcb2f664ceaffb78774cc180f000f6475d97e4aa,high_precision,,,,,,,
1glg5ra,Parenting,Final Update: How to talk to our 16yo daughter,"I'm so thankful we live in a state that has Womens/abortion rights pretty easily accessible. Hell, the fact that a miscarriage is already categorized as an abortion should be incentive enough to have the narratives changed across the globe, but that's neither here nor there I suppose.


Went into planned parenthood, received a slight discount, got approved for a loan for the procedure. The staff there were incredible and reassuring and understanding, and a huge weight has been uplifted. Mostly relieved but a little sad, because I love my children and babies in general, but we are not on the pathway to be set up for success if we had to take on the entire well-being of a new little life.


Hubbs has been amazing and supportive and has started the paperwork and procedures for vasectomy number two in the near-future, so its back on birth control for me (while its still covered by insurance) and latex-free condoms to tie us over for the next few months.


We do believe that both our 16yo daughter and 12yo son have a bit of an inkling of what had been going on; they asked a few questions, but were a bit cautious due to the sensitivity of the subject. However, they're not dumb. We share our locations and they delved into where where I was for the initial procedure, so they asked a few questions when we got back (mostly how I was doing), were annoyed they weren't brought back some Panera Bread of their own (Hubbs did good and got me some comfort foods) though we did placate with Mcdonald's… and carried on.  Now that we've had the follow-up procedure and show my womb is “clean and clear” I feel like a much clearer state of mind (Gods, how did I survive FOUR full-term pregnancies?? 😅) and like I could better-takle the Q&As to our tween & teen if they're inquisitive enough to ask… maybe even bring up a session myself to discuss their feelings and answer what I can.


Its a crazy-hectic time to be alive, but we're doing our best to take care of ourselves so as to take care of the next generation as best we can.


Thank you all for the advice and well-wishes. May you all live long and prosper.  You can't take the sky from me ✌️",2024-11-07 2:29:32,https://www.reddit.com/r/Parenting/comments/1glg5ra/final_update_how_to_talk_to_our_16yo_daughter/,,abortion,abortion_data-updated - new_abortion_related_subreddits_text_posts .csv,816660a5ebc64653be1c37e82158fa931bf1ffb200ec5814172981b144353c5f,,,,,,,,
lq5d9z,assault,Can please someone help me. (Tw maybe),,,https://www.reddit.com/r/sexualassault/comments/lq5d9z/can_please_someone_help_me_tw_maybe/,,harassment,sexual-harrassment-data-updated - RelevantByTitle.csv,7dc0138726345877678ffaa44344326d7563ccbb66e655aa184b878bf0fa0a88,,"I have this really close friend and we tried to hookup once sober, I wasn’t feeling it so I asked him to stop and so he did. After that it was just a little awkward so we stopped talking. We reconnected and it was kinda like how it was before but it was more flirting on his part but still just friends. I said vocally I would never want to try hooking up again just to most risk our friendship again. Two days ago I got really really drunk. Like blackout. And I somehow ended up at his place. We were cuddling and he caressed my boob and then put his hand down my pants. I was aware of it and then he got on top and I took my own pants off and we did the deed. Again I was wasted so I only remember bits and pieces and from what I remember i did consent or seems like I did. 

But I just feel like it’s wrong on his part to sleep with me knowing how wasted I was. 

Am I wrong? I feel like it’s a grey area.

Can someone please let me know?",2021-02-23 1:12:52,1614042772.0,"{'take', 'hook', 'flirt', 'caress', 'feel'}","['can', 'please', 'someone', 'help', 'me', 'tw', 'maybe']",relevant,non relevant
1l4ad70,Miscarriage,Hcg drop post Misoprostol,"Hey all. I thought I’d provide an anecdote for additional data for those of you who are interested, I know I am for others’ experiences. I took Mifepristone Wed 5/21 and misoprostol Thurs 5/22 (2 weeks ago). Fetus was ~8 weeks and I found out 5/19 just after (8+4ish). My hcg at the time of miscarriage was 178,000. I had a follow-up hcg test today and it was 529. I bled heavily for about a week and have been lightly spotting since but it seems to have stopped. My easy@home pregnancy test (cheapo strips) is still showing a positive line that is colored about as dark as what it was at 4 weeks pregnant which aligns with a hcg value in the 500s. Thankful it has dropped so much in 2 weeks and hopeful that I don’t have any retained product. My Dr will follow hcg down to 5 or less. I’ll update next test, which is probably another 2 weeks away.

Timeline summary:
5/19 US 8 week MMC no heartbeat, 8 week fetus
5/21 hcg 178,000 mifepristone 
5/22 misoprostol (heavy painful cramping, passed fetus within 1 day of taking)
6/5 hcg 529 medium light positive on pregnancy test strip

Hope this is helpful for someone looking for information during this very difficult time ❤️‍🩹",2025-06-05 20:55:35,https://www.reddit.com/r/Miscarriage/comments/1l4ad70/hcg_drop_post_misoprostol/,,miscarriage,miscarriage-data-updated - miscarriage_related_posts.csv,11662bdc81f0303383a6357a8f4f965368ff12aa5a331ccffb0fc94d8dd325c2,high_precision,,,,,,,
1gs3s1f,relationships,My husband [32M] is has decided that his infedelity is an off limit topic for discussion for me [27F]. How do I talk to him about this?,"Hey everyone. My husband \[32m\] and I \[27f\] have been having a lot of problems since we married it seems. We’ve had problems the entire duration of our relationship (9 years) but ever since we got married (a year ago) it feels like things have become increasingly more intense.

I’ve always been the “feeler” type, I spend a lot of time on self help: books, podcasts, videos, especially relationship content. I’ve probably spent countless hours trying to mend our relationship. I’ve learned that I’m an anxious attachment style and he’s an avoidant style. My needs are his triggers and his needs are mine basically. He has agreed to work on some of these things together and he’s aware of the dynamic between us. At this stage, we’ve probably spent thousands of dollars on couples therapy. 

He’s also read a lot of the books I’ve read around self help and relationships which he found insightful, which I think is evidence he does want to develop personally.

Our relationship has been a perpetual revolving door of me seeking his attention and his default response being dismiss or avoid. I can’t even count how many times we’ve sat in silent for minutes, sometimes hours or days, or how many times he’s just not said anything and walked away when I clearly need his attention. He’s gotten better over time but I feel like his level of sensitivity makes it really difficult to solve any conflict. At the slightest sign of confliict he goes silent and sullen, and he can be moody for days. It can be something as little as me making a face at him that he interpreted as very negative (we recently had a big fight about this very thing). I really wished he asked me a question about it instead of angrily storming away saying I’m accusing him of something because I made a stink face…

The context for this particular fight is surrounding our sex life, which has historically been lacking in both frequency and passion. For many years I would initiate and he would dismiss me, and eventually my initiations became less and less. It was endlessly frustrating for me, I felt undesired and sometimes like I was disgusting, especially when I found out he was actively looking at women on Instagram or Reddit and looking at porn or masturbating. I don’t particularly want to discuss the ethics of this since it’s a divided topic, but for our relationship we both agreed that it was harming us and that he needed to stop.

Several times since he agreed to this, I found out that he’d been doing it again. I’ve been understanding a few times knowing that this can be called an addiction, but eventually I got fed up with it and told him he needed to stop cheating on me in this way. 

The thing to understand is that we do not talk about this. I want to, but he has decided that this topic is off-limits. You can imagine that this does not foster trust for me in this relationship. I tried to explain to him that if he could reassure me and talk to me first (me asking him how it’s going has lead to numerous arguments and hours of sulking in shame on his part), I would respond a lot more positively. This particular problem is a huge thorn in our side and even the slightest whiff of it always causes a big problem.

This most recent argument, he said that I’m as selfish and self interested as he is, and that everything is about my feelings and how I put them over his. I had previously stated that it upsets me that we can’t talk about this issue and how I felt like I had to protect his feelings from his own shame instead of validating mine. He has never formally apologized for any of this, only one time if I asked him if he would apologize to me and his response was just “sorry” while sounding obviously angry. 

He used an example about how whenever there is an alcoholic there is a lot more sympathy and focus on the wife, and he argued that the alcoholic’s feelings should also be equally weighted and considered. I think this is what he meant, but I really don’t think this helped his case much… to me, he is an expert at blame shifting and making himself to be the victim. 

This is a person who does not talk about their feelings or their needs, and I’m not denying he has them (even though he literally has denied he does himself), so it’s almost strange hearing him insist his feelings are being ignored. To me, it’s an argument about whose feelings take precedence… which is a can of worms.

What I’ve been looking for the entire duration of our relationship is someone who wants to talk to me, be curious about what’s going on with me, just to validate my feelings. I’ve never been perfect and I’ve also had my fair share of fuck ups. I really don’t know how to address this. We’ve literally been taking a course on how to talk to one another and he said “it isn’t that hard” and yet he struggles to do it in the way we’ve learned. When I harped on how it wasn’t hard so he should just do it, he said I was demeaning him.

He’s recently said he wonders if he would be better off alone, and I feel like if I didn’t try to be our glue, we would fall apart pretty quickly.

It’s clear to me my husband has a lot of shame, fear, and guilt about this, and generally if I’m being honest. He is not the type to take any help or complain about anything. This can make him feel pretty cold and distant, besides the fact that his behaviors reinforce it. 

Problems like these are really pushing me to the edge, because as he puts it, “we’re different people with different core values and we’re at a stalemate…” he’s not wrong, but I think this attitude is pretty poisonous to the health of our relationship.

I talked with my mom and she said the woman usually has to change to accommodate the man… because women are more flexible. That hurt.

E: I’m getting a lot more comments than I thought, probably because of the title, automod rejected some of my less cliff hanger tries. The general consensus is the same, I appreciate the people who were kind enough to write a comment, thanks for the (harsh) words.

TL;DR: My husband believes that I make everything about me and that my feelings take precedence over his. In this particular situation of infedelity, I think that should be the right course going forward.",2024-11-15 18:57:33,https://www.reddit.com/r/relationships/comments/1gs3s1f/my_husband_32m_is_has_decided_that_his_infedelity/,,abortion,abortion_data-updated - new_abortion_related_subreddits_text_posts .csv,6b29fc0728da09cc0d57067b7e12240c9eb2e7b3a6071035f694732395b2d2da,,,,,,,,
ysg1om,TrueOffMyChest,(TW)I killed my baby and my boyfriends family hates me,"I found out I was pregnant a month ago.
I’ve been on birth control since I was 15. Same pill. Im enrolled in school, have a job, and an apartment in a city close to home. I have a cat too. Every thing was perfect. 6 weeks ago I missed my period. Like, waited 10 days missed my period. This wasn’t normal, I originally started the pill because of my irregular period. Did I miss a pill? I counted twice, three times, four. No extras. I looked at the open pack I had for this month and the unopened one for next month. They weren’t expired? They were exactly the same, down to the print of the expiration date. I fished the trash can for last month’s empty package, same thing. I couldn’t stop thinking about it. On the way to class that morning, I grabbed 3 pregnancy test from the campus bookstore. I sat my coffee and breakfast sandwich outside the bathroom door and went in. I’ve never taken a pregnancy test, but I’ve always heard the phrase pee on a stick, so I opened all three and used them at the same time. I waited three minutes and washed my hands, grabbing each of the tests in a paper towel. All 3 of them were positive. I cried. I dry heaved. I wanted to pass out on the bathroom floor. I called my boyfriend and he was excited as ever. I was panicking saying we weren’t ready for a baby, how I couldn’t stay in school and work with a newborn, how I would lose everything. Im not ready, I don’t want children right now. He started to say how I was selfish, and would just have to put my classes and what not on hold until the baby was old enough to go to daycare. That made me nauseous. I told him I was coming home and he met me there. He held me and cried saying how happy he was. I felt so disgusted with myself for knowing I didn’t want this baby after seeing him cry like that. I wanted to try and keep the baby for him. I thought about having the baby and just leaving him with it. I thought about disappearing and never having the baby. But after a few days I had to ask what he thought of me getting rid of the baby. He told me he would hate me, he would never speak to me again. He layed into me, going on and on about me being a baby killer, how I was selfish, evil, and immature for even thinking something like that. We got into a huge argument from there and I made him leave. He broke my tv and my favorite vase. I cried for his for days, begging him to take me back, he said I would if I kept the baby. Needless to say, he didn’t take me back. I spent every night after that drinking bottle after bottle of Jim beam whiskey. Apple flavored. My dad’s favorite. I miscarried in the dead of the night on a Thursday. Thought I had a real bad stomach bug until I saw the blood in my toilet. My neighbor took me to the hospital, where my now exs sister works. He showed up with my mom, his mom and his dad. While she half hugged me his mom and dad made comments about how I probably did this on purpose considering I didn’t want the baby anyway. I just kept my mouth shut. My mom asked if they were here to support me or their son and if they weren’t here for me they should just leave. They started arguing and eventually it got loud and security escorted everyone out, but not before my ex and his family could start shouting at the top of their lungs how I’m a baby killer and I’m going to hell and yadayadayada. I’m in so much pain, I’m so tired, and I’m so angry everything had to come to this. I really loved him and now I feel like I’m losing everybody because of this.

TLDR; I got pregnant even though I’ve been on birth control, ex wanted to keep it but I didn’t, I drank until the baby died and now I’m in the hospital being labeled as a baby killer.

Edit: this post got a lot more attention then I thought it would. I’m a little overwhelmed, lots of messages and comments. I really appreciate all the genuine support from people. I’m going to try and take the good advice here and ignore the mean people. Thank you all so much again

Update: hello again! for those of you wondering im 19, my ex is 23, and im still in the hospital. My exs family is gone and my mommy went home a bit ago. If my vitals stay where they need to be i can leave tomorrow. Im trying to convince myself the miscarriage isn’t my fault but I still feel like shit. but I really do appreciate everyone trying. I did see a lot of comments about the potential hipaa violation, im going to report it once im closer to leaving. I feel very anxious about reporting it while I’m still here. Also, I really don’t think my ex would tamper with my birth control but I also didn’t think he was abusive until you guys pointed it out. I honestly just feel so confused and hurt, and im ready to get out of this dumb hospital. I understand this is my fault im in here though, what I did was pretty dumb. Sorry for the boring update but im really tired. Thank you all so much for the kind words.

Update: I woke up to twice as many comments and messages then yesterday. You guys have absolutely shredded my inbox. I never knew so much kindness could exist in one place and I’ve actually cried at a lot of these, you all are so amazing! I will be going home soon. The hospital staff compiled a list of resources for me (Therapy, Support groups, Substance abuse treatment, etc). My ex went back to my apartment and disabled the wifi cameras i had set up. I had to block him and his family members after i got almost 100 messages. So I’ll be returning with my dad. I asked the night nurse to make sure my exs sister was not my nurse for today as she made me feel really uncomfortable, so I shouldn’t see her anymore. Im really going to try and take all the advice you guys give me. Im probably not going to update this post again. Last thank you, and I truly mean thank you all❤️",2022-11-11 16:53:55,https://www.reddit.com/r/TrueOffMyChest/comments/ysg1om/twi_killed_my_baby_and_my_boyfriends_family_hates/,,miscarriage,miscarriage-data-updated - miscarriage_related_posts.csv,ef393bc682cb8bf461cfcc3f28fb157bb1ed16a859ae7c047429a8ed2ffe7452,high_precision,,,,,,,
1l11sp3,TrueOffMyChest,24 F 6 weeks pregnant after being raped,"
I’m 24 and currently 6 weeks pregnant. I was raped while working on a charity project in another country. I haven’t told the man who assaulted me that I’m pregnant he has no idea. I haven’t told my parents yet and I’m struggling of how I should tell them do I lie about the rape and say it was just a mistake.

It happened during what was supposed to be a meaningful experience, and now I’m back home trying to process it all while also facing a pregnancy I never expected. I don’t plan on getting an abortion. That’s a personal decision I’ve made, even though I know it won’t be easy.

What’s eating at me is whether I should tell him I’m pregnant. Part of me feels like he doesn’t deserve to know. Another part worries about the legal or ethical implications of not saying anything. But I also don’t want to open the door to any more harm.

I feel so alone and unsure of what’s right. If anyone’s been through something similar, I’d really appreciate your thoughts. Did you tell them?",2025-06-01 22:26:33,https://www.reddit.com/r/TrueOffMyChest/comments/1l11sp3/24_f_6_weeks_pregnant_after_being_raped/,,abortion,abortion_data-updated - new_abortion_related_subreddits_text_posts .csv,97fed00a892d364e9fcf27b2de216d6f70766cb5c9ec03de37a4483409871233,,,,,,,,
bkft0r,relationship_advice,My gf was raped and became pregnant. I broke up with her because she wanted to keep the baby,"Really, really shit situation.

2 months ago, my GF was raped. It was done in a park. She didn't want to report it and went into a full breakdown, wouldn't speak to police, go to hospital etc. I couldn't force her, so I just stayed with her.

She was, obviously, in a really shit state since, and I've been with her, by her side, listening to her, helping her. We went to therapy, and she knows I'm there for her. She has a history of depression, and I've been really worried.

Last week, we found out she was pregnant. I was abroad for 2 months before the rape on work, and can back early to care for her. So the baby definitely isn't mine. She is 100% sure it's the rapist's.

So we had a discussion. She is a devout Catholic. We initially decided on a abortion, but after she speak to her Mother, she has decided to keep the baby, saying that isn't the baby's fault.

I flat out told her that I would not help raise a baby of a guy who raped her. She cried and begged me not to leave. I told she is the one making the choice - either she keeps the baby and I leave, or she aborts the baby and I stay. I would not let this go.

She didn't want either of those things to happen, so I told her we were done...

I feel shit. Was i wrong?",2019-05-04 1:02:31,https://www.reddit.com/r/relationship_advice/comments/bkft0r/my_gf_was_raped_and_became_pregnant_i_broke_up/,,abortion,abortion_data-updated - new_abortion_related_subreddits_text_posts .csv,2673376b88987da4518389537ad89970c0e6c9446475f3e26fd2e99e7c62151a,,,,,,,,
nihr1b,abortion,"Nearly 1 yr post surgical abortion. No issues, no regret, no trauma.","I had a surgical nearly a year ago. I was shit scared beforehand, but the procedure was better than expected. 

A year later and I am so, so glad I had it. I got made redundant during the pandemic plus some other health issues, which would have made having a child extremely difficult. I don't have any regret over my decision, I hardly think about it and mostly just feel relieved and grateful and angry at all the abortion scaremongering and misinformation in society.",2021-05-22 12:39:01,https://www.reddit.com/r/abortion/comments/nihr1b/nearly_1_yr_post_surgical_abortion_no_issues_no/,,abortion,abortion_data-updated - new_abortion_related_subreddits_text_posts .csv,a1ca3ba9ab90667c0cfd352ad0c613834f4e63a6f581d54c77e5d6250b4d6e13,,,,,,,,
nl6h6r,assault,DID HE HURT MY FRIEND TOO?,,,https://www.reddit.com/r/sexualassault/comments/nl6h6r/did_he_hurt_my_friend_too/,,harassment,sexual-harrassment-data-updated - RelevantByTitle.csv,e42c30b741c6c29883f8ad86c055e5d48613ba8a0090835f0fdd727322bf54c1,,i was raped by someone I was in an intimate relationship with for 18 months. I reported my rape and the DA would like to move forward. Today I found out he was actually in a relationship with a casual friend of mine 10 years ago. I suspect he may have hurt her too. I absolutely do not want to bring anyone else into this but i also keep thinking what if this person is the key? It isn’t a random person I’d have to find and seek out. It is a person I know that I suspect may also be a survivor of this person’s abuse. I would really want to articulate to her that if she wants to say nothing about it at all I will respect that and not bring it up again. how can I approach this gently or should I not at all?,2021-05-26 2:42:27,1621996947.0,{'rap'},"['do', 'he', 'hurt', 'my', 'friend', 'too']",relevant,non relevant
1lmfbsa,Pregnant,Ravgen prenatal DNA testing for twins??,"So I am pregnant with twins and potential father wanted to do paternity test before babies are born. I looked it up and could not find anywhere that does prenatal DNA testing for twins, says it's not possible. Potential dad said he found a place called Ravgen that will do it and he paid and set it up He gave me a point of contact ""Brett"" and said to call him and make an appointment. They had me come to an office in my county and took 5 viles of blood. Called me again a week later saying it was too low DNA percentage so needed me to come back a second time. Took more blood then got a phone call from ""Brett"" a few days later saying potential father only showed 1% DNA, so he is excluded from being the father. I asked for results emailed to me and he said they do not have encryption capabilities so can't email results. I asked them to mail to me and he said they would, never received anything. It also seemed sketchy because they never asked for ID when I went to my appointment. I never signed forms. They tried to confirm my birthday but didn't even have my birthday written down because they ever asked me any of this info prior to me going there. During all this, potential dad was also trying to offer me 50k to get an abortion ""if they are his"". I told him no. I feel like he paid someone to falsify results and do a fake DNA test. I looked up Ravgen and their company clearly states they do not even do prental paternity testing for twins! And I did a paternity test through court with my first son and never heard of a lab not being able to email results and telling you over the phone seems like violating HIIPA. I feel like this is fraud and coercion on the father's end and for a big lab like Ravgen to do a test that is not even possible is crazy to me. 

  
Has anyone done prenatal paternity testing before or with RavGen? Is this even a thing??

",2025-06-28 5:45:31,https://www.reddit.com/r/pregnant/comments/1lmfbsa/ravgen_prenatal_dna_testing_for_twins/,,abortion,abortion_data-updated - new_abortion_related_subreddits_text_posts .csv,64db960b96303b1ac3f5d0c785459f585f31a59bc272c5575b4a63084d4912f0,,,,,,,,
k0gatw,assault,TW//sexual abuse. need advice,,,https://www.reddit.com/r/sexualassault/comments/k0gatw/twsexual_abuse_need_advice/,,harassment,sexual-harrassment-data-updated - RelevantByTitle.csv,002421882e2622f4c4e9ed3ec71a14a0d65106011e9f9b5314c043dbc3a3330e,,"My ex partner was sexually abused and molested by a close family member from about 10-14/15. he had trauma and became dependent on drugs to cope. towards the end of our relationship any time he would get mad at me or anything happened he would sexually abuse me and he took advantage me a few times and did not feel bad afterwards. he only said he was sorry for anything that happened after he went to jail for other offenses and did not have me to back him up anymore. is there anyone that can explain why he did this? i am not a professional but considering he went through this abuse as a child, why would he put that trauma and hurt onto someone he claimed to love? is this a common thing with people who experience that kind of trauma? i can’t understand for the life of me and i have been thinking about it a lot lately. if this post is not allowed please feel free to remove it.",2020-11-24 23:24:16,1606260256.0,"{'take', 'molest', 'abuse'}","['tw', 'sexual', 'abuse', 'need', 'advice']",relevant,non relevant
q61p72,abortion,Sometimes abortion is an act of love (vent),"That’s not something they teach us. It is not an ugly thing. And while it’s true that a fetus can’t be called life it’s what we are trained to believe the second we see that positive. So the act of termination becomes this huge ugly thing. But no one talks about how much love it takes and much hurt it causes to let go of that branch of possibility when you choose to terminate. Some days I feel nothing but grateful that I was able to safely choose. Some days grief and loss. Sometimes anger that I was even put in this position. In the beginning there was so much shame. But I just passed what would have been my due date and now I know that I made the right decision and even though it broke my heart and tested my soul I know that my choice wasn’t evil (as I was raised to believe). In fact it might be the most selfless act I’ll ever do. I know it’s not logical to talk to the spirit of a fetus but I know there are others in this boat and it’s okay to allow yourself to say it…

I love you little one. Im sorry we couldn’t meet. This world didn’t deserve you. 

I’ll try to be better and make my life so much better in honor of what was lost. 



That’s all ❤️",2021-10-11 18:01:08,https://www.reddit.com/r/abortion/comments/q61p72/sometimes_abortion_is_an_act_of_love_vent/,,abortion,abortion_data-updated - new_abortion_related_subreddits_text_posts .csv,b29441cca213042aae6efbf3a43e2f33140a413eff9fc495c71257fb170acaca,,,,,,,,
1lmsxsg,Advice,Horrible hot and cold with man,"I 27f met a man on bumble 36m we had a lot in common and our first date went great but I stayed for two days saw a movie hiked,talked then sex..and he ended up taking off the condom and cumming in me. I was bothered went to bathroom then just tried to sleep the next day was fine told him to get morning after pill I have no experience with one night stands or casual sex like that and then I left. 

When I left it hit me and I sent a message explaining that I dont do that for anyone and I'm not on birth control and I told him it feels like he doesn't care about me by doing it.

 This caused an argument of him telling me I'm being horrible to him and that I'm a red flag, he deleted me off bumble. I gave it a few days and I said I wanted to figure it out because I felt we had a connection and I should have communicated in person. He aligned with life goals, hes very social and environmentally friendly and has a ton of friends in town.

 Things were going good even met my mom was planning to move locally because its a great town so I visited him. Three days no sleep and cuddling cutely after sex and talking about his friends he brought up the argument saying again that I was horrible and it was a massive red flag ( we had a long talk and cleared this up so I was in shock) he went completely cold and said he didn't know if hotels were open.

 I was sleeping deprived and shakey and it went from snuggling to no emotion he told me I could stay to sleep and all I said was why would I stay around someone I'm a burden to. I packed my car shaking and I was four hours away after driving for three days straight it was after 1 am I loaded my car freaking out internally and he came out and just stood by my door i told him this isnt okay and im four hours away and i dont know anyone and he said i was berating him. Mind you he walked up to my car door and I called him before I left the road to say hey this isnt okay and he told me he needed sleep and couldn't talk about it. 

He hasn't checked on me and we were really close emotionally. I feel used and vulnerable. This is not normal to do to people right? I've been shaken up by the drama of it and the hot and cold I'm genuinely in fight or flight nauseous and in shock about how a man that is so close could be cold and careless about my wellbeing or exhaustion driving in an unfamiliar place with nowhere to go. 

I also think I was maybe being gaslit about being a red flag because I felt uncared for? He said its an assumption but then does what he does. He knows thousands of people hes super friendly he does a lot for animals/plants and even teaches. All these things make it feel like its me I don't know how to move forward. We talked about futures and did a lot in a small amount of time I felt very comfortable with him. I cant believe it happened. ",2025-06-28 17:51:48,https://www.reddit.com/r/Advice/comments/1lmsxsg/horrible_hot_and_cold_with_man/,,abortion,abortion_data-updated - new_abortion_related_subreddits_text_posts .csv,16ca66b36c7b16f307934391118936ccb6b27beea58ecdca62ab32516ac61944,,,,,,,,
l3t5i3,assault,Got triggered today - how can I feel less alone and start my healing process?,,,https://www.reddit.com/r/sexualassault/comments/l3t5i3/got_triggered_today_how_can_i_feel_less_alone_and/,,harassment,sexual-harrassment-data-updated - RelevantByTitle.csv,253aedd7312d65a5daf7e316bc00ecad184c574324656a38a0102e7a87ca4631,,"Apologies in advance for a really long post.

When I was 8 or 10 years old (can't remember exactly), my cousin sexually assaulted me. I hit puberty pretty young so I didn't understand anything was wrong when he would poke my boob or tickle me for a really long time to the point where I was uncomfortable. He lived in my grandma's basement at the time and one time when I asked him to play with me, he lifted me up, lifted my ankle length dress, put his hand into my underwear, and kept his hand there until we were out of the basement. I didn't know or understand what happened but it made me uncomfortable enough that I knew never to go down to that basement alone again.

I know this isn't something like r*** so I feel bad for making this a big deal but it hurts me so much. I feel like I don't even deserve to talk about it on Reddit because worse things have happened in the world and maybe my cousin doing this isn't such a big deal. But can someone please let me know I'm not crazy to feel so hurt and violated? 

I didn't know how to explain this to anyone so my family thought I hated him for no reason. I still had to see him at all the family events and outings. My mom in particular always scolded me for not loving my family. 

When I was around 19 or 20 I finally got the courage to tell her about it but her first reaction was ""why would he do that?"". I said ""I don't know, because hes perverted?"" and the conversation ended there. I got no sympathy, she didn't ask me if I was okay, or anything like that. I still had to see him at family events and she even asked me for advice on his Christmas present. She said to forgive because he's changed now and in the last few years he developed a lifelong disease so that's the worst punishment that God gave him and basically he's already punsihed so I should get over it.

When I brought this up a second time and basically told her that she never supported me and nobody in the family knows or cares about this, she revealed that everyone in the family knows. But this made me feel even worse because if everyone knew then why did I have to see him at family dinners? Christmas? Birthdays?

I feel like my assault isn't acknowledged and I'm expected to get over this on my own. I feel like I lost a decade of my childhood and teenage years being sad and angry with no support system. 

What triggered my post today is my family and I were picking out photos to put into some picture frames. I noticed that my younger photos were really happy and carefree but I looked absolutely miserable between the ages of like 10 to 20. I also then found a picture of me as a child, naked with only underwear on and part of my private is showing. I never knew that photo existed but looking at it made me feel so violated. I was maybe 5 or 6 in that photo and I had no idea what was going on. I was smiling and everything and it just hurts to know that that innocent child was eventually taken advantage of and that I lost that innocence.

I have so much anger, resentment, and hatred inside me. I don't know how to love my mom and my family anymore because I feel like they failed to protect me and when I shared something that haunted me for so long, something that I felt embarrassed to talk about for a whole decade, that they just ignored it and told me to move on.

What do I do now? I feel so alone and I'm supposed to be okay and heal myself but I don't think I can.",2021-01-24 5:15:43,1611465343.0,"{'scold', 'take', 'violate', 'assault'}","['get', 'trigger', 'today', 'how', 'can', 'i', 'feel', 'less', 'alone', 'and', 'start', 'my', 'heal', 'process']",relevant,non relevant
olzyye,assault,What’s should I do?,,,https://www.reddit.com/r/sexualassault/comments/olzyye/whats_should_i_do/,,harassment,sexual-harrassment-data-updated - RelevantByTitle.csv,03701d250039c87a77d91800a1c5252cd4263211b95ac6b783f170f22149d706,,"Years ago my mom started dating “man “when I was about in 1st or 2nd grade. We moved to new apartment complex when I was in 3rd grade and my mom trusted “him” so much that she gave him a key. The first he molested me I didn’t say anything because I was 8 and had no idea. It was the third time I spoke out and said it was weird. He somehow lied is way out of it and my mom believed. Because of this he never touched me . She told we were playing and I believed it,skip over to 6th grade where we were being taught about grooming and I realized that what happened to me.Now my mom allows him to live with us. My family found out. This not the first time this happened in our family as most my siblings have gone through this too,but the difference with mine is my mom knew and gaslighted so much that I don’t know when the first or second or the third time it happened. I just know they happened. People found out and called the police and social workers before but they didn’t help but make my situation worse. What should I do?",2021-07-17 7:52:20,1626508340.0,"{'touch', 'molest'}","['what', 's', 'should', 'i', 'do']",relevant,non relevant
1lc1qlo,abortion,How to know if MA worked,"I might just be overthinking everything, but at the same time I think I just need reassurance. The man with whom I’ve been dealing with this just keeps telling me to not worry about it anymore and that’s been nothing but unhelpful.

At first, I was worried because I did the procedure (two days ago) at 8 weeks, and I read online that the success rate decreases a bit after 7 weeks.

Second, I was worried because when taking the misoprostol, I vomited on the first dose after 27 minutes of it still dissolving in my mouth. I emailed WHW and they told me that I should probably be fine, because after 27 minutes most of the pill should have been dissolved. I guess it didn’t matter that I kept vomiting right after. And I was experiencing symptoms (bleeding, cramps, etc) anyway, so I figured I’d be fine.

Now I’m worried because I decided to look at this subreddit for some moral support (I don’t regret my decision but I do feel slightly guilty), and after reading some entries, I noticed that a lot of people were given 4 misoprostols. I was only given 3 by WHW.

I guess I’m just wondering if there is a for sure way to make sure the abortion worked. I know that a pregnancy test will most likely appear positive for at least a month, so by that point if the abortion didn’t work then it would most likely be too late for me to explore any other options. My friend suggested an ultrasound but I’m in a very unusual position right now. I’m American but I am currently in a situation where I have to live in Europe until August. I don’t know the language here and most people do not speak English well.

There was a lot of tissue passed and a lot of it happened at once on the first day. The cramps have been almost unbearable at one point. Is this all a good sign that the abortion worked? I think it is. WHW said I should be fine. I don’t really know why I’m freaking out so much.",2025-06-15 14:33:15,https://www.reddit.com/r/abortion/comments/1lc1qlo/how_to_know_if_ma_worked/,,abortion,abortion_data-updated - new_abortion_related_subreddits_text_posts .csv,7296f7595c6dcb9964650c2a2a1cdcb526a0ef712ee4f9c9cde7844fa6596b39,,,,,,,,
1l82ss4,Miscarriage,Tips: Anyone's husband want to stop trying after miscarriages?,"Im so devastated becuase we just left the Dr's office after a fertility panel and all my stuff is perfect so we have no idea what's causing these issues and devasted becjase my husband said he needs to think about whether he wants to try again.  

Ive had 3 miscarriages and 2 D&cs. Most recent procedure was last Thursday. 

I feel appropriately sad and broken, but I getup each day and face it head on. I'm studying for the bar exam while managing our home life. 

So while I may be sad and grieving, I know his hesitance is his own. Which sucks becuase im the one showing up each day and have the courage to try again. Why can't he? I know that's selfish. But has anyone gone through this and what tips do you have?",2025-06-10 16:12:24,https://www.reddit.com/r/Miscarriage/comments/1l82ss4/tips_anyones_husband_want_to_stop_trying_after/,,abortion,abortion_data-updated - new_abortion_related_subreddits_text_posts .csv,804215485cf8fbc26e21c3f34bb4f7a65f3826b5d3344433cb7b352985902404,,,,,,,,
rxp4fi,abortion,I buried it—my MA story,"*Warning: graphic descriptions* 

Deciding to go through with the abortion was the hardest thing I ever decided to do. But, the timing couldn’t be worse. There’s no way I can provide a child with a stable life in my current circumstances (26F, single, working 3 jobs, one of which is an athletic profession). I have PCOS, and have been deemed infertile in the past, so the pregnancy was termed a “miracle.” It might never recur. As heartbreaking as the choice was, I decided to break the cycle of dysfunction and unplanned pregnancies/miserable shotgun marriages in my family. I would love to be a mother one day, but with better resources. 

I took pill #1 yesterday (Wednesday) morning, and followed it with pill #2 6 hours later (4 pills inserted vaginally). Began cramping like CRAZY a few hours later. It was hardcore. I kept vomiting up my 800mg of ibuprofen. I was writhing in pain (likely having endometriosis didn’t help). A doctor on the line floated the idea that a clot was stuck in my cervix. 8 hours later, I began suddenly bleeding out 8 oz of blood. I figured that was it, as the cramping and bleeding mitigated after that. But, this morning and then afternoon (almost 24 hours post-Miso), thicker tissues were expelled. 

After walking my dog, I went to the bathroom and saw the embryo, rather unbloodied, in my pad. It was the size of a raspberry (6 weeks, 6 days since conception). My heart dropped out of my chest. I scooped it into some toilet paper and inspected it to confirm it was the embryo. It’s dark, black eye was visible, as was the beginning of its spine. Half of it was covered it it’s gestational sac. For some reason, I couldn’t flush it. So, as unhinged as it might sound, I placed it in one of my unused plastic planters and buried it. When I have a chance, I’ll re-bury that soil at my late dad’s grave. Regardless of this being an elective abortion, those cells were still a part of me, and something wanted if circumstances were different. (Nothing wrong with flushing them either.)

Even though I feel pain, I also feel relief. I have been given time to further pursue my goals, which is such a privilege. I intend to take this chance to return to work and life with a renewed focus to obtain my goals, leading me to financial stability. Plus, I hope to find a partner who will support me through a pregnancy. So, if I’m fortunate enough to get pregnant again, it can be something celebrated and joyous.

EDIT: to clarify, I was 6 weeks, 6 days from conception. Can’t judge from last menstrual cycle due to irregularity",2022-01-06 21:13:01,https://www.reddit.com/r/abortion/comments/rxp4fi/i_buried_itmy_ma_story/,,abortion,abortion_data-updated - new_abortion_related_subreddits_text_posts .csv,73f57cb4d42b588cc92349ef18b48a7a719929c629e5b9dd4cefd61d33f1238f,,,,,,,,
1ld57jq,AmItheAsshole,AITA for refusing to see my family,"I (F21), have been refusing to see my relatives/extended family for years, since I was 16. For context, every year we gather a few times for major holidays (mainly new years). 

Ever since I could remember, I was always bullied whenever I would return for the holidays. When going through puberty, having acne, gaining weight, being quiet, being loud. Anything you could think of. Every year during new years period, my dad would threaten me with various things to get me to go back to the reunion. From cutting my pocket money when i was a child, to calling my boss after i started working.

And whenever my sister and I would bring up how we were bullied throughout the years, no one would acknowledge us, and would accuse us of being petty, making up stories and holding grudges. My sadness turned into anger, and eventually I just accepted that I would never want to go back there for my sanity.

Last year I returned for the first time in 5 years, I was humiliated by my aunt, and when I confronted her about being a bitch, she somehow turned the conversation into me just being a student (and therefore i was a nobody and didn’t deserve respect). Her kids called me petty, and because I didn’t return this year, it was somehow my fault for “holding grudges” and “avoiding the problem”. I was the one who tried to have a civil conversation, she turned it into one where she was the victim and I was a spoilt brat for daring to question her. I cried and cried while my aunt was screaming at me, while my narcissistic father kept asking me to go out, put on a smile, and stop humiliating him. This incident just made me realise how none of my relatives actually care about me, including my father who only cares about himself and how he looks.

My dad still expects me to return every year, and my mom says that I should return just to keep up the reputation of being the perfect little family.

Am i crazy for wanting to cut ties with them after years of trying? My boundaries tell me that for my own sanity and self esteem, I should never ever return. But being around my toxic family just made me question whether i’m overreacting and being petty",2025-06-16 21:24:56,https://www.reddit.com/r/AmItheAsshole/comments/1ld57jq/aita_for_refusing_to_see_my_family/,,abortion,abortion_data-updated - new_abortion_related_subreddits_text_posts .csv,250493cb229f6d0a620adf4b8e23d002a5ec3e3ac6a977ea91e1d8dca8762c0a,,,,,,,,
1kppdz8,abortion,I am so happy with my Surgical Abortion,"Hi all. I (F21) posted in here a few days ago mortified about what I had to go through. I went through my counseling, and was truly concerned as it had to be in a group. I was in the lobby with about 12 other people. The doctor himself came in and went over the pill, surgical abortion, and contraceptives. He went into detail about everything, and did not go over any triggering topics on keeping the pregnancy. 

I was able to get my surgical abortion at 5 weeks & 1 day the very next day after counseling. I was given medication & sedated during the procedure. I even was able to get an IUD during the procedure. The whole procedure lasted about 45 seconds, and I do not remember any pain. I spent about 3 hours in the clinic total. 

I ate a meal and slept for 4 hours after the procedure. It’s the next day now, bleeding is super light. I have no pain or cramping, and I finally feel like myself again. I am only sore from the IV, lol.  I have an appetite, my breasts aren’t hurting, my head is clear. I feel like my body is mine again. 

My 5 weeks being pregnant was extremely traumatizing, and going through with my SA saved me. There is hope out there. I am rooting for you all. Thank you to everyone who helped me a few days ago. This saved my life. 

",2025-05-18 17:28:42,https://www.reddit.com/r/abortion/comments/1kppdz8/i_am_so_happy_with_my_surgical_abortion/,,abortion,abortion_data-updated - new_abortion_related_subreddits_text_posts .csv,94190c83fbf491b2c108cffccdd12dcd1ac869954ea3179eacc59a3dea4a8306,,,,,,,,
kkp8l4,assault,Was this a sexual assault or am I just too sensitive,,,https://www.reddit.com/r/sexualassault/comments/kkp8l4/was_this_a_sexual_assault_or_am_i_just_too/,,harassment,sexual-harrassment-data-updated - RelevantByTitle.csv,be761dc0610858c900b0e834851199e3902dea0a15d8c780571f59d9f5b14bd8,,"
So there’s this one event I can’t get out of my head. I’m not sure if I’m just being sensitive or it was really something that terrible.

So I was on a bus. It was an evening, I was coming back from a party I had to leave early. It was summer, so I was just wearing a skirt and a T-shirt. Bus was almost empty when I got in, except one man at the front who was starring at his phone. I took a window seat, somewhere in the back of the bus. After two stops a man around 40 sat right next to me. At first he just looked at me for like 30 seconds. After that he put his hand on my leg. I tried to stand up but he was kinda blocking me. Then he kept putting his hand further up, reaching my panties after a few seconds. Then he got his zipper down and put his hand inside my panties. For the whole time I was paralysed but at that moment I managed to unfreeze and leave the bus. 

This has been haunting me for some time now and I’m not sure if I’m really over exaggerating or not. Also sorry for this weirdly detailed description I didn’t know how to put it into words",2020-12-26 20:25:12,1609014312.0,{'take'},"['be', 'this', 'a', 'sexual', 'assault', 'or', 'be', 'i', 'just', 'too', 'sensitive']",relevant,non relevant
oqvea9,BabyBumps,40 week stillbirth. New mom.,"Hi my name is Rosy, i'm 24. Nice to meet you all.

On June 18 I went into labor for my first time ever, it was the scariest thing in the world. I honestly don't think I could have done it without my husband, my whole pregnancy seemed fine, no mishaps. And my labor was alike, no scary emergencies. I pushed for about 2 hours? (Not quite sure) my son was born on June 18th at 5:25 p.m (EST) I couldn't wait to hold him, the nurses said their congratulations as I reached for him. They didn't give me him, I swear I could see the nurse's eyes widen as they took him to the opposite side of the room. My husband tells me they worked on him for 45 minutes before they were able to get a heartbeat again, it was a faint one he wouldn't be able to hold on his own. They allowed me to hold him for a brief time in the NICU before I handed him to my husband to hold. My baby died in my husband's arms, eyes shut, and his hands were bitterly cold. It was shocking. My pregnancy seemed fine. My husband insisted on getting an autopsy. What came back was that the death of the baby was technically inconclusive but did show he had large amounts of vernix built up in his lungs. I didn't even know what that meant, my whole family's pregnancies always went perfect, no one ever had a stillbirth.

After the results, a couple weeks went by. My husband and I started arguing more. I know right. It feels like everything is happening all at once, I don't have an appetite still, I barely want to move from my bed, it hurts to use the bathroom still. I don't know why I'm sharing this, just want to see if there's anyone out there who had this happen to them. I still feel like a mom, I still go into his room on some days, and read him some books. I don't know.

His name is Ashton by the way.",2021-07-24 18:25:55,https://www.reddit.com/r/BabyBumps/comments/oqvea9/40_week_stillbirth_new_mom/,,miscarriage,miscarriage-data-updated - miscarriage_related_posts.csv,3fe57330f52bad226218b0a312494ffcc6ade2b9c4658c2d2b47368a7355e53b,high_precision,,,,,,,
1jn38rs,abortion,22 years later,"22 years ago I had a part-time low-wage job, was just finishing university, lived with several roommates in squalid college housing, was not in a relationship, and did not have health insurance. I knew I wanted children eventually but finding out I was pregnant (after being, I ultimately confirmed, “stealthed”) within the circumstances of my life at that time capsized me straight to rock bottom. Feeling hopeless and with my fragile mental-health spiraling, I had a surgical abortion exactly one month to the day after conception. The hormonal tidal wave and grief consumed me for a few weeks but the world kept moving in its indifference, and 22 year old me with it.

One year after my abortion, I met the lovely person I would marry. Three years after terminating my 6 week pregnancy, I accepted the job opportunity that would establish my career. Four years after my SA, my spouse and I bought a house. And six years after choosing to end a pregnancy, I gave birth to the first of two vibrant, healthy, brilliant, beautiful little humans. Those two are now teens and the children I was absolutely destined to parent. They bring their father and me such fulfillment and laughter and love and they would not have existed if it had not been for the difficult decision I made all those years ago. 

For those of you who dream of parenthood but ultimately determine that the time is not right, I wanted to tell my story from half a life ago. Healing did come and so, too, did joy.",2025-03-30 2:57:59,https://www.reddit.com/r/abortion/comments/1jn38rs/22_years_later/,,abortion,abortion_data-updated - new_abortion_related_subreddits_text_posts .csv,9ac75c6e60d291a0f3beef90e3fe05be4fd9f558ad33914f996119dfc3c28b47,,,,,,,,
1idbdli,Pregnant,Hot take- pregnant people can act so entitled for the silliest things.,"EDIT: some people are getting upset because they think I’ve forgotten about miscarriages, abusive partners and families members and such. Just so we are clear. Complaining about your partner beating you IS NOT ENTITLEMENT. Complaining about having a high risk pregnancy and being sacred IS NOT ENTITLEMENT. 

Here is the definition of entitlement. 

Entitlement: the belief that one is inherently deserving of privileges or special treatment.

I will not give grace to people using pregnancy as an excuse to be assholes to other humans. Yes we all have our moments, but being able to regulate, rationalize and apologize is more than welcomed. 

———————



Im sure many are going to disagree with me, or maybe feel called out by this. 

I’m 22 weeks pregnant with my rainbow baby, and since joining these pregnancy groups I’ve notice some of the most entitled behaviors from us pregnant people. 

Seriously, some of these post make me cringe so hard with the entitlement. 

“So and so won’t change their baby’s name, even though I told them I was going to name mine that 8 years ago, someone made me walk 5 feet, MIL look at me weird, my husband went on a trip and I’m due in 20 weeks. “

Pregnancy is hard. We put our bodies through so much. But also, there have been pregnant women since the beginning of time. We are not all that special. No one really cares that much about your pregnancy but your super most inner circle. We are not unique. 

Sorry to rant /:


",2025-01-30 2:04:34,https://www.reddit.com/r/pregnant/comments/1idbdli/hot_take_pregnant_people_can_act_so_entitled_for/,,miscarriage,miscarriage-data-updated - miscarriage_related_posts.csv,fabc920d2e5754c106211eefe890a4a02c249fcb17503e11067c0c24d08c884e,high_precision,,,,,,,
oj9va0,assault,How Do I Heal From My Past Mistakes?,,,https://www.reddit.com/r/sexualassault/comments/oj9va0/how_do_i_heal_from_my_past_mistakes/,,harassment,sexual-harrassment-data-updated - RelevantByTitle.csv,adad6d6ff04ccf0d43e9194aacbd1b0d955a451204677407f20e0eb488d82cad,,"If you didn't read the warning, this post involves mentions of child pornography/grooming of a minor. 

I'm currently 16, and I think I might be a victim. I would have liked to put the tag for ""was this sexual assault"" but I felt the warning was more important.

I would like to talk about my past, and the mistakes I've made. I need advice on how to heal, even though I know what happened was my fault.

When I was around the ages of 9-11 I gained internet access. I started going on these things like Omegle and Kik for roleplaying and slowly I realized these things these people were talking about were for adults. (NSFW roleplays) I was hesitant but I started playing along with what these people were talking about, learning things and talking about things I shouldn't have. I had already created a Snapchat at the time, and when these strangers asked for it...I gave it to them. These men would send me messages telling me that if I sent them child pornography and nudes that they would never leave me and they would shower me in attention. Me being an ignorant child, I did it. I sent them things whenever they would ask. Looking back on it, I think I did this for validation and ""care"" from people because neither of my parents showed me much affection/caring/validation. How do I heal from this? I look back on it and feel disgusting. It makes me upset knowing I did such a thing for people to care about me. And at the age of 15, I was being molested by my eldest brothers best friend...every fucking weekend for a year. I never told him no. I was scared he would hurt me. ( he's skilled in MMA) I pretended to like it, even though I was hurting inside. I didn't have the guts. I feel disgusting for each of these things. Please, how do I heal from these things?

Am I being dramatic and victimizing myself because I willing let these things happen? I feel awful. 

If you've read this whole thing, I thank you for taking the time to listen. I've kept this locked up for so many years.",2021-07-13 6:29:57,1626157797.0,"{'fuck', 'take', 'hurt', 'molest'}","['how', 'do', 'i', 'heal', 'from', 'my', 'past', 'mistake']",relevant,non relevant
1f6gowb,Pregnant,Pregnancy termination at 22 weeks- fetal teratoma,"Hi guys. This is a post I never thought i’d be making. 

We recently had our 5 month anatomy scan and baby was found to have a 7cm teratoma growing on his neck. We had to redo the scan 3 times and meet with a specialist at another hospital to figure out what to do. Basically baby can’t swallow because of the mass which is causing the amniotic fluid to build up in my tummy. I had two options. 
Terminate the pregnancy now and deliver him (he would be still born as he can’t breathe on his own due to the mass) or
Wait until the buildup of fluid sends me into early delivery, they think it would happen before 26 weeks. In both cases he would die, but the specialist was worried about what being sent into early labor with a still born in an uncontrolled environment would do to my body. 

I’m really devastated. I wanted this baby so bad. This was my first pregnancy. We have to bury him after the delivery. 

In 2 days i’ll be going in for an induction labor. It’s a 24 hour procedure here in Ontario, Canada. 

I wanted to know if anyone else has been in this  position before. And also, has anyone had experiences getting pregnant again after a pregnancy loss in the 2nd trimester? How long did it take? I’m not sure what to expect in terms of anything. 

Thank you",2024-09-01 15:08:50,https://www.reddit.com/r/pregnant/comments/1f6gowb/pregnancy_termination_at_22_weeks_fetal_teratoma/,,miscarriage,miscarriage-data-updated - miscarriage_related_posts.csv,330c708d31e4f24c77dc3c2afcbe9aba440ca72debb52c0d628a1c350fa31c98,high_precision,,,,,,,
l4jdu3,harassment,I subconsciously want to keep myself overweight to be less desirable to men.,,,https://www.reddit.com/r/SexualHarassment/comments/l4jdu3/i_subconsciously_want_to_keep_myself_overweight/,,harassment,sexual-harrassment-data-updated - RelevantByTitle.csv,58e68e6feafdfa4f6832d66f90427c587757c3303bbb5ef6e27fe012483744a8,,"I want to be at my goal weight but I feel unsafe in it. There have been several occasions of men disrespecting my sexual boundaries and it just feels like my fat layers are the only protection.

I know it isn't the answer, boundaries and cautiousness is, but how can I shake this feeling?",2021-01-25 8:14:32,1611562472.0,{'feel'},"['i', 'subconsciously', 'want', 'to', 'keep', 'myself', 'overweight', 'to', 'be', 'less', 'desirable', 'to', 'men']",relevant,non relevant
1kyaz5v,AmItheAsshole,AITAH For standing in front of a guy so he couldn’t record people,"I (27F) got onto my regular bus this morning to head to work. Today I noticed a young man (15-17M) holding is iPad really awkwardly but never quite looking at it. I thought it was suspicious so i watched him for a bit and realised he had been recording every single person getting on or off the bus. I asked him what he was doing? Why he was recording? And he simply answered that it was his right to record people. It may be his right but it just felt wrong… and if he was allowed to record why was he being so secretive and suspicious? So I decided that I was just going to stand in front of him and obstruct his view so he would be unable to record… when the bus driver saw me he asked me if I was getting off at the next stop; I told him no. I said that there was a person recording every person getting on the bus and that I was just standing here to block his view. The bus driver laughed and said that he (the young man) really had nothing better to do; and I said I guess not. The rest of the drive was super awkward and consisted of the young man recording my back while talking to his iPad basically calling me a bitch and he has a right to record and that he had permission from the driver (which evidently he did not). Luckily I was getting off at the last stop and he was unable to record people although he did try and get a photo of my face… in this situation am I the asshole for standing in front of him and not letting him record? 


Edit: For those asking this is in Canada not the USA 

Edit 2: I was just informed can film on this transit system but only phone or smaller device so the iPad is already a broken rule. And you aren’t allowed to record the employees or users

Edit 3:  so technically he WASNT allowed at all without permission. I didn’t see original users were also not allowed to be filmed. Here is what the website says: “[My transit system] has specific rules and regulations regarding filming and photography in its facilities. Generally, students or amateurs can film or photograph with a smartphone or small camera without special permission, provided they don't obstruct traffic, film or photograph [redacted] employees or users, or use tripods or other fixed equipment. For commercial or media purposes, or for filming that exceeds these conditions, permission is required through a formal request”",2025-05-29 13:36:13,https://www.reddit.com/r/AmItheAsshole/comments/1kyaz5v/aitah_for_standing_in_front_of_a_guy_so_he/,,abortion,abortion_data-updated - new_abortion_related_subreddits_text_posts .csv,900687457a4f1765f74d5dbeb95aef1486a3e6991ce776aebb7922bc91a733eb,,,,,,,,
o3d0j1,assault,"just need to get my thoughts out, is this SA?",,,https://www.reddit.com/r/sexualassault/comments/o3d0j1/just_need_to_get_my_thoughts_out_is_this_sa/,,harassment,sexual-harrassment-data-updated - RelevantByTitle.csv,fc49350be03217d0776706d3f857dd8c99d507f6bda3f01c98c31ddc9728e780,,"When I was in 2nd grade, we had a substitute that everyone seemed to enjoy, myself included for a while. One day he was with my class and it was time for us to go to specials (every day it was a class for a different subject like Art, Music, Science, PE, etc.) and he said that we had to put our heads down and he would choose someone to decide which tables would leave first. He picked me, and all I remember is him trapping me against a table and basically grinding against me. I was genuinely very scared and confused. This went on for a while and I remember him asking if I liked it and I was clueless to what he was actually doing, so I said yes. Then he eventually stopped and made me do the stupid table thing, All of that while the class was still in the room. For years I’ve been terrified for if someone actually saw, i still go to school with some of those people and I don’t know if any of them actually saw what happened. I just wish I could understand what went through his head as he did that to a 7 year old girl.",2021-06-19 10:24:20,1624098260.0,set(),"['just', 'need', 'to', 'get', 'my', 'thought', 'out', 'be', 'this', 'sa']",relevant,non relevant
1esgj6l,BabyBumps,I think I hate my baby,"Hey all, Necessary disclaimer: I’m safe, my unborn baby is safe, I’m not making any plans for abortion. I need help and support and you are one of the first places I’m turning. 

I’m about 7 weeks pregnant and I think I hate my baby. I can’t imagine growing it, giving birth, raising it. The depression is strong. I’m complete in pregnancy depression and know I’ll get postpartum depression. 

This is my first and I’m terrified of changing my life so significantly when my partner has so much less to “lose.” (Body, career growth, traditional free time, etc.) 

Have you felt this? How did you work through it? ",2024-08-14 23:48:32,https://www.reddit.com/r/BabyBumps/comments/1esgj6l/i_think_i_hate_my_baby/,,abortion,abortion_data-updated - new_abortion_related_subreddits_text_posts .csv,fce157ac4f1c3fd78d69bf3139ffabebc3e7b81eca0e3f977c8b32104dc55f6b,,,,,,,,
l5k8kc,TrueOffMyChest,"Female privilege in dating, marriage, and life","
1. Men are systemically opressed into doing all the work. Men have to initiate, make the first move, and read hints. It's very rare for a girl to ask, only happened once from people I know. Even in dances where girls traditionally asked guys are going away as women are further enforcing and supporting this gender role that benefits them Women. Women are systemically oppressing Men into making the first move. They claim that they are afraid of rejection, which just implies that Men don't  have feelings or that their feelings don't matter. Men that read hints incorrectly are criticized and are victim-blamed. This especially impacts Men with say Aspergers or social skills issues in a way that doesn't impact Women with these issues. 

2. The above also results in Women getting better deals, since Men have to bear the cost. This means that Men, in order to avoid being rejected, will be more inclined to accept a loosing a deal, say a Woman who isn't as successful, or as rich, or as smart, or as attractive as they are.

3. This also results in Women having more self-esteem as they can easily get self-esteem boosts by creating a dating profile and getting 100s of likes. This of course gives them confidence and self-esteem boosts which allows them to do better. Of course Women also systemically oppress Men into requiring confidence and self-esteem to be worthy of love creating this cycle. 

4. This self-esteem allows Women to do better in life; which is especially a problem since Women still think they have a God given right to marry up. You can also add that all the time Men spend dating Women can use on self-fulfillment. Dating is men being job seekers and Women being employers. It is elevating for Women and degrading for Men.

5. Women still think they have a God-given right to marry up, even though under 30 Women are outearning Men as they have more oppurtunities and constant self-esteem boosts. While Men are constantly devalued and made to suffer. Women have higher earning potential, yet they think they are entitled to marry up. Men are still expected to be providers (https://www.pewresearch.org/fact-tank/2017/09/20/americans-see-men-as-the-financial-providers-even-as-womens-contributions-grow/) and as a Man I've been attacked for not wanting to marry down.

6. On the flip side, most Women no longer have the domestic skills they used to, at least no better than Men. I can crochet, stich / embroidery a little, bake, and especially raise kids. I can raise kids better than any Woman I've met but because of my gender I'm systemically opressed into being a provider. Women have been freed from gender roles, which is good, but Men are still held to them. That is the problem. A Man should just as easily be able to marry up and live of a Woman's labour

7. Monogamy was always an equalizer. The hook-up culture and sexual liberation was a gold mine for Women and a curse for most Men. Because Women are statistically more shallow than Men, in contrast to the lie they keep mentioning. When it comes to physical attractiveness, Men rate Women linerally. A woman in the 50th percentile of looks is seen as average, etc. Women however do so logaramithically. A man in the 50th percentile is seen as ugly. A Man in the 80th percentile is seen as average. So for hook-ups we really have for the most part 20% of Men and 80% of Women sleeping around and everyone else being mostly denied love and affection. To add, it is easy for a Woman to become more attractive, just do your hair and dress with the right amount of revealingness. In contrast Men need to be 2 of tall and / or white and /or spend so much time at the gym that they get an unnatural look. Now of course people do find love at a young age, especially by the few good people out there who look beyond looks and hook-ups, but it is becoming less as Women are realizing they can just sleep around in their 30s and then ""settle down"" with someone and get the best of both worlds. Monogamy was supposed to be an equalizer. Women commit in their 20s when hook ups are easier for them and in return Men will commit in their 50s when hook ups are easier for them. However, while Men still uphold their bargain (except for people like Trump who can afford not to), most Women do not and less and less Women are.

8. To add on, finding ""love"" at 30-35 after being denied in your formidable years is not love. It is being used. Love is a lifetime commitment. Divorces are needed as stuff happens. But the current hook-up then settle down system is just systemic oppression against Men

9. Further, because of rigged laws, Men have greater obligation to find a better partner. A Woman can abort a kid, abandon it no questions asked, or raise it and extract a guy for child support. A Man has no say. If he wants the kid, he cannot stop the Woman from aborting. If he doesn't want it, he has no say. He also needs to be careful that she won't fleece him in divorce court and take his money (since Men are still seen as providers) and child support.

10. And since Women have stronger friend networks (not sure why), can easily get a kid via a one-night stand or a sperm bank, they do not even need love as much despite having it so much easier.

So women get all these advantages, and the only cost they have is the occasional pregnancy and periods. But get so much validation and self-esteem boosts. No doubt Women in the 3rd world, or with minority parents face issues, but in the west they have no unique issues. Everything they face is faced by Men as well, aside from pregnancy related items, and get an easier. Sure corporations are exploiting us all but Women have it comparatively better, all else equal. All the people I know with the best lives are Women and the Women I know in aggregate have the better lives compared to the Men I know, all else being equals. There is definitely a significant systemic advantage in life right now in the West to being a Woman",2021-01-26 18:33:00,https://www.reddit.com/r/TrueOffMyChest/comments/l5k8kc/female_privilege_in_dating_marriage_and_life/,,abortion,abortion_data-updated - new_abortion_related_subreddits_text_posts .csv,fa9d8cb50f2c5299a5d740a9992b552934acdeca26c22dc3b7bf7ea983b0ffba,,,,,,,,
1kzbjht,Miscarriage,My first chemical pregnancy and my support system is gone,"I’m currently having my first chemical pregnancy after 1.5 years of trying and a failed round of IVF. My HCG went from 36 to 28 in 2 days.

My husband and mom-my two biggest support systems, are both out of the country for work. What a nightmare. ",2025-05-30 18:23:26,https://www.reddit.com/r/Miscarriage/comments/1kzbjht/my_first_chemical_pregnancy_and_my_support_system/,,miscarriage,miscarriage-data-updated - miscarriage_related_posts.csv,0cfed321fe747793c5b0ac226b37674b95a390a26dc9843077b8621fa252b275,high_precision,,,,,,,
f6ca6g,metoo,"My rapists harass me, but the police don't care. I want to disappear.",,,https://www.reddit.com/r/meToo/comments/f6ca6g/my_rapists_harass_me_but_the_police_dont_care_i/,,harassment,sexual-harrassment-data-updated - RelevantByTitle.csv,44b4d78bf5fbb7a617d7917a5a0092e28d88af35b63019fbebf43ef3dfbf66e6,,"I don't really know where to mail this...

I come from Europe and for several years now I have been subjected to repeated violence by a group of men. I've been repeatedly raped, assaulted, and harassed very violently and I can't take it anymore... I've received death threats, rape threats... I can report it to the local authorities, but nothing is being done... This is my fourth complaint in two years... I'm terrified, I'm afraid for my life. I've learned that my relatives are communicating with my rapists. 

I'm seriously considering leaving my country. I've reported to the police many times that I'm afraid of being killed, but even so, nothing is being done... The fact that it's a cult behind it is quite possible... I'm desperate. 

Do you think I can ask for asylum? I just can't anymore. Every time I ask for help, I'm told there's ""nothing for me"", while my attackers follow me every day... If I stay where I live, I know I won't survive.",2020-02-19 15:31:51,1582126311.0,"{'take', 'assault', 'rap', 'harass', 'follow'}","['my', 'rapist', 'harass', 'me', 'but', 'the', 'police', 'don', 't', 'care', 'i', 'want', 'to', 'disappear']",relevant,non relevant
ig15po,metoo,How to tell parents my sister and I have been sexually assaulted?,,,https://www.reddit.com/r/meToo/comments/ig15po/how_to_tell_parents_my_sister_and_i_have_been/,,harassment,sexual-harrassment-data-updated - RelevantByTitle.csv,d67159c723ead051d454aa9e93b51fcb7e913f71887f0955785b6a0d06914a5d,,"I’m sorry if this is the wrong sub for this. You will find the post describing what happened on my account page. (I’m on mobile and don’t know how to link it)

So basically when I was 10, (about two/three years ago) my cousins sexually assaulted me and tried to rape me and I only a few months back have realized what he did, now I don’t know how to tell my parents.

The only person I told was my sister, who my cousin molested twice. She haven’t spoken about it and when I asked her to come forward with me to our parents she brushed me off saying that she didn’t want to and that she was too ashamed, which by all means I respect in a way. I want to tell my oldest cousin, who I trust a lot even though we don’t see each other’s very often, but I don’t know if he would believe me and/or if he would do anything.

So right now I’m alone, and hurting even though I hide it really well. I keep trying to move forward and be my very best but it feels like I will never achieve my goals and ambitions because of what he did, like there’s a weight that pulls me ever so slightly back every time. Any help on how to tell my parents would be really appreciated. 

And to you M. Go to hell.",2020-08-25 0:06:00,1598313960.0,"{'molest', 'brush', 'hurt', 'assault'}","['how', 'to', 'tell', 'parent', 'my', 'sister', 'and', 'i', 'have', 'be', 'sexually', 'assault']",relevant,non relevant
1ldmgqe,Miscarriage,2 back to back MMC - onto testing,"Hello, looking for some insight into testing from those who have been in a similar situation. 

My first pregnancy ended in MMC in November (LMP 9w1d baby measuring 5w6d, spontaneously miscarried at 9w3d, had synchronic hematoma but docs didn’t think that caused the MC).

My second pregnancy just ended very similarly over the weekend. At 7w4d we went for an ultrasound and baby measured 6w0d. Follow up scan at 9w0d showed no growth. I took misoprostol at 10w1d and passed the tissues on 10w2d. 

My doctor already diagnosed me with Reoccurant pregnancy loss and that we would do testing. Looking for insight of anyone who’s had two MMC as to what testing you did and if you found anything.",2025-06-17 12:58:44,https://www.reddit.com/r/Miscarriage/comments/1ldmgqe/2_back_to_back_mmc_onto_testing/,,miscarriage,miscarriage-data-updated - miscarriage_related_posts.csv,8b3c131ea40f07af21917cf50003d0e86a117f3faa9eeab1ca32495f87c6b630,high_precision,,,,,,,
1e3tjj0,Pregnant,Can I live with myself if I don't Continue pregnancy,"I am 34 (f) and I'm in a 12 year relationship. I have 3 children already, all with autism. My oldest is fairly high functioning but my 5yo twins are none verbal and have a mental age of around 2. 

I'm very conflicted with this pregnancy, I was raised heavily pro life and even if I am much more forgiving than my family, its still a part of me. 

I'm about 4 weeks pregnant at the moment and I have a laundry list if concerns.

Physically, I have tachycardia and an as yet unknown heart condition (it mostly acts up when my body is under physical stress) I'm also quite overweight now, and have had previous gestational diabetes. 

Mentally, I'm not sure how I would deal with another child my 5yos are very hard work and involve a lot of mental bandwidth to keep up with appointments, paperwork, and general care. 
I also seem to have some trauma over pregnancy, I had a stillbirth between my successful pregnancies, and my twins were a very hard pregnancy that involved a lot of hospitalised time, with a c section that lead to a couple of years getting investigated for cancer 
I'm terrified of being pregnant and of carrying 

Practically, we rarely get three nights in a row with my twins sleeping through the night, and I'm concerned having another baby would wipe us out.

Now my emotional issues, I spoke to my very pro life family about the situation, and while I was in no expecting them to advocate on behalf of abortion or even say it was OK, I did expect them to listen to my concerns seriously. I was basically told its not as if I had cancer or something I'd be fine, and my concerns just pushed aside. 

I'm no longer talking with my closest family, my mum has said she will hate me if I don't have the baby, that she will never speak to me again, and that she may jump off something rather than live with what I'd done. 
My sister has said she's never speaking to me again, that I've already made up my mind and the stress of the situation is causing her mental distress.

Now part of me can say logically this looks like it's leaning one way, but I don't know if I could live with myself after, especially with how my family would react.",2024-07-15 12:27:40,https://www.reddit.com/r/pregnant/comments/1e3tjj0/can_i_live_with_myself_if_i_dont_continue/,,abortion,abortion_data-updated - new_abortion_related_subreddits_text_posts .csv,ab70fdbcc078b17578d91894f6e5654c5fbf60e6a8068641f863253399e441a4,,,,,,,,
klvvm4,abortion,Pregnant women are treated unfairly based on how they want their pregnancy to end. I’m mad about this today.,"There are so many layers of “bad” with unintended pregnancies. My ultrasound was this morning and everyone at the clinic was rude. Maybe my hormones are making me perceive things differently, but this was my experience with my last abortion, too. I ended up in the ER and they had absolutely no sympathy for me. If I’d said I was miscarrying, I’m sure it would have been different. 

Anyway... I’m struggling with social “norms” today. Women who seek abortions are often vilified whereas women who give birth are celebrated. We’re no different from each other. I think I should be celebrated for declining to put another human on this earth during a pandemic and a climate-change crisis, but Hallmark doesn’t make cards for that. 

Someone go off with me, please.",2020-12-28 18:26:05,https://www.reddit.com/r/abortion/comments/klvvm4/pregnant_women_are_treated_unfairly_based_on_how/,,abortion,abortion_data-updated - new_abortion_related_subreddits_text_posts .csv,fadcc6ce6f1cddc2e28264ba243d03a7278da2c51215f21b2223dad1e1c80c88,,,,,,,,
agtkp6,metoo,"The gross ""contest"" that was broken up at my son's school",,,https://www.reddit.com/r/meToo/comments/agtkp6/the_gross_contest_that_was_broken_up_at_my_sons/,,harassment,sexual-harrassment-data-updated - RelevantByTitle.csv,22ce4447fc93df7abdb1338c25b30759262a8bc31c51ee6cba6a1344bd83c5d9,,"I thought the next generation of boys we're raising could accept the challenge of being more respectful of women than the last one, and the one before that. That may be true, but they are trend followers, and you as a parent may be the only resistance to some of the behavior they encounter at school.
I had an interesting conversation with my high school freshman son about an issue that moved the needle on sexual assault in his school in the past week. Apparently, a small bra-unhooking competition broke out, at first among a few popular guys on girls who considered them friends, then it spread to unsuspecting girls sitting in front of those boys in class or even in the hallways. Picture random attacks by the offending dudes just aggressively sticking their hands up girls' backs, I guess. They got many innocent bystanders (an awful phrase because this was clear sexual assault on all of the girls involved, regardless of whether they were ""in"" on the ""joke"" at the beginning), and so many girls were walking around on high alert in case it happened to them. 
Well, thankfully the main perpetrators couldn't slink around doing it forever, and the dean of students called them in individually and let them know how goddamn disgusting it was. I'm not aware whether anyone got suspended (I hope so), but there was official discipline, apparently. But the damage is already done.
My son said incredulously called it ""drive-by harassment,"" but here's what he said in earnest when I asked him if he had learned anything. [Paraphrasing here] ""They saw it as no big deal, or an immature prank at worst. It potentially tarnished those guys' reputations forever. If someone was running around pantsing guys in public, they would get punched. If you invade people's personal space, the gloves come off.""
So be aware that even though, god willing, your son's head may be screwed on straight, the culture and friends that are influencing him may be telling him violating women's bodies is no big deal. It turns out your son's friends still may not realize the seriousness of something like putting their hand on a woman's bra. I wonder where they were in school on the day they learned ""keep your hands to yourself"" and what part of that did not get through to them. We may have made strides, but we have a long way to go.",2019-01-17 3:30:59,1547695859.0,"{'violate', 'influence', 'punch', 'offend'}","['the', 'gross', 'contest', 'that', 'be', 'broken', 'up', 'at', 'my', 'son', 's', 'school']",relevant,non relevant
hm1yd3,metoo,My traumatic experience.,,,https://www.reddit.com/r/meToo/comments/hm1yd3/my_traumatic_experience/,,harassment,sexual-harrassment-data-updated - RelevantByTitle.csv,47751ab65613397108ad02067f8423e3e5060878ce04986180fe6e04118234cc,,[removed],2020-07-06 5:48:24,1594014504.0,set(),"['my', 'traumatic', 'experience']",relevant,non relevant
1l2ecwr,Miscarriage,How long is too long to not start bleeding?,"I went to my 8 week apt and found out my sac is 7 week so I miscarried. I was given option to wait naturally to start bleeding or take the medicine. How long can I wait before taking the medicine? Is it going to start becoming harmful after some time? 
I’m 9 weeks now and have no cramping and idk when I’ll start bleeding. ",2025-06-03 15:08:43,https://www.reddit.com/r/Miscarriage/comments/1l2ecwr/how_long_is_too_long_to_not_start_bleeding/,,miscarriage,miscarriage-data-updated - miscarriage_related_posts.csv,c6613fd89c39dc9aff8eda85180785df45c094c91d022c23afa30b9e9ee1b50a,high_precision,,,,,,,
1lf4nyq,Miscarriage,How long after chemical pregnancy (5.5 weeks) did your period come back?,"Had an MMC with d&c (8 weeks) in Jan and got my period back 4 weeks later. 
Now recently had a chemical in May and still have not gotten my period. 
Any experience? ",2025-06-19 7:25:15,https://www.reddit.com/r/Miscarriage/comments/1lf4nyq/how_long_after_chemical_pregnancy_55_weeks_did/,,miscarriage,miscarriage-data-updated - miscarriage_related_posts.csv,af7ab6ba8dfc8ddfbebe64f959db760ab6c521579fc5acb83debb05f94dbfa97,high_precision,,,,,,,
1hgcckn,OBGYN,Pregnant at home but not at doctors?!,"I FEEL LIKE I'M GOING CRAZY. Ok, so back in October, I (26F) had some familiar pregnancy symptoms. Then my period was 2 days late; my periods are NEVER late. These plus a few other things convinced me I'm pregnant; but every test I took was negative. Well I started spotting the next day, but it didn't turn into a full period until about a week later. I became concerned it was ectopic, because I was on the copper IUD and was told its common for pregnancies to be ectopic while on it. Google said ectopic pregnancies can take 10-15 weeks to show on a test. So when I started having really sharp pains on my left side just like my last ectopic pregnancy, I went straight to the ER.

They did bloodwork, an ultrasound, a CT scan and... nothing. My HCG value was 1: not pregnant.

I was so confused. I've never been so certain I was pregnant and been wrong.

Well, for the next month the bleeding never fully stopped. I spotted all through November until my period (again 2 days late) started.

During this period, which was very heavy and painful, I passed a white clot of some sort. I reached out to my doctor, she told me to take a pregnancy test and it was positive. It was the weekend when I got the positive test, so I had to wait until Monday to get a hold of my doctors. I took a second test Monday morning to see if the line was darker or lighter, becausemy friend kept telling me how she was having regular periods when she was pregnant with her fifth child, so I could very well still be pregnant. The line seemed just a tad bit darker.

I wasn't able to come in until Tuesday, where they did an ultrasound and a pee test. And again, they found NOTHING. My pee test was negative and scans showed nothing. The doctor kept talking to me like a child and calling it irregular bleeding instead of a miscarriage. I was like ""it's not possible to have two false positive tests in a row!"" And she indignantly replied, ""yes, it is."" 
I will say, my urine gets very diluted during the day because I drink a lot of water. Sometimes it has no color. The urine they used to test was pale yellow.

Anyway, I didn't bother asking for bloodwork to prove I was pregnant because I figured if I was showing up negative, that means I did miscarry and was long done with it. My heavy bleeding was done before I even took the tests. I had her remove my IUD in case it was causing the bleeding, and I went home.
This all happened about a week ago.

Well, just like last month, I have been spotting ever since; not a day without bleeding. Last night, I noticed my tummy was looking pregnant, like in second trimester; I pressed on my abdomen and it was hard. So I decided ""what the heck, I'll just use my last pregnancy test tomorrow morning to make sure."" 

This test was from a different box than the other 2, and digital. I took it this morning and it read ""Pregnant."" Y'all WHAT IS HAPPENING?? I don't even want to go to the clinic cuz I'm ready to see another negative test and be dismissed again, I don't know what to do. It's like I enter different realities when I go to the doctors and when I'm home.",2024-12-17 14:55:01,https://www.reddit.com/r/obgyn/comments/1hgcckn/pregnant_at_home_but_not_at_doctors/,,abortion,abortion_data-updated - new_abortion_related_subreddits_text_posts .csv,db22191271df6f8f10d36cc388fa016975ed927914c93bf3a34b0dfd370b55c7,,,,,,,,
jam2f2,abortion,I’m having an abortion next week and I don’t want to do it,"I really, really don’t. But I know it’s the best thing I can do for myself, everyone close to me and the bean in my belly.

I wish I was older, had my own place, graduated from college and had a stable income. Right now just isn’t the right time. It will be okay. I will need time to mourn the loss of what could have been, but it will be okay. I will be okay. I. Will. Be. Okay.",2020-10-13 20:45:45,https://www.reddit.com/r/abortion/comments/jam2f2/im_having_an_abortion_next_week_and_i_dont_want/,,abortion,abortion_data-updated - new_abortion_related_subreddits_text_posts .csv,9c66804a69a0fd57d98dc8cf630871a9f8cdfb3d69b5cdab8eb526a998613ab8,,,,,,,,
b2tkd7,metoo,I was raped at a high school party because I was too high.,,,https://www.reddit.com/r/meToo/comments/b2tkd7/i_was_raped_at_a_high_school_party_because_i_was/,,harassment,sexual-harrassment-data-updated - RelevantByTitle.csv,35e910f4314ab30659104b0928824c2a9fa3380a799d629867de63551b98bed3,," 

Saying the word out loud still makes me shiver, as it confirms a memory I still repress even after 3 years.

I was 14 years old when I attended a party that would change my life forever. Being a party-animal, who was constantly seeking thrills, I often dabbled with drugs. Teenage-me was innocent to the predators that roamed around disguised as ""good guys"". The ones with the pretty faces, that you'd never expect. Throughout the night, I had taken a tab of LSD. Later, a friend of a friend brought me a white pill that was presumably Ecstasy. I was stupid enough to swallow it instantly. What was the worst that could happen? This type of scene was common for me, and I felt safe: I knew the host and his house, most of the guests that were present, and I had not attended the party alone, many of my close friends were there. Most of the guests were intoxicated, as were my friends, so when I had gone upstairs to lie down on a bed, no one had noticed. I had needed to rest my head because everything was spinning. In a daze, I had not realized when some guy had infiltrated himself in the bedroom. He gently sat beside me. I remember laughing at his joke and admiring his smile. He was the embodiment of handsome, so he easily could have had any girl he wanted. My eyes were droopy, and I felt like I was in a dream. The next thing I know, he was on top of me, pulling my pants down. I was too numb and unaware of what was happening until it was too late. I just lied there not moving, paralyzed, like a doll. Every time I shut my eyes, I wanted to wake up from the nightmare. I felt too weak to push him off. I was a prisoner in my own body, I couldn't move. My barely functioning brain instinctively told me to run, but my limbs wouldn't follow. I remember staring at the wall and trying desperately to forget what was happening. I dissociated from my body that night, and I never wanted to return to it. I will never forget the harshness of his movements. That was never how I had pictured my first time. How I lost my virginity to a stranger was beyond me. I still blame myself, even though numerous years of therapy have told me otherwise. I still ask myself if it would have happened if I hadn't laughed at his joke, if I had worn longer shorts, or if I hadn't taken the drugs. I still feel responsible as I took the drugs, and they were probably what had stopped me from walking out of that room intact. I cannot fathom how I did not get out when he started, and I feel so ashamed, as by staying it meant that I had accepted my faith. Why didn't I just tell him no? That question will forever haunt me. I am not seeking attention, I just needed to share this with someone other than my therapist.",2019-03-19 5:47:59,1552974479.0,"{'take', 'pull', 'follow'}","['i', 'be', 'rap', 'at', 'a', 'high', 'school', 'party', 'because', 'i', 'be', 'too', 'high']",relevant,non relevant
1lgnbgh,Miscarriage,Low and slow hcg drops after partial molar,"I had a miscarriage in March at 11+5 and the pathology came back positive for partial molar. My hcg levels at the time of d&c were above 300k so exceptionally high. It has now been 11 weeks of weekly blood testing and I am afraid I am beginning to plateau. The last few weeks have gone 41, 27, 19, 14, and now 12. I have had one period exactly 2 months after my d&c but haven't had a positive ovulation test. Has anyone seen levels decrease this slowly in the end to finally drop to <5? I desperately want to close this chapter so we can start looking to the future again. ",2025-06-21 3:51:39,https://www.reddit.com/r/Miscarriage/comments/1lgnbgh/low_and_slow_hcg_drops_after_partial_molar/,,abortion,abortion_data-updated - new_abortion_related_subreddits_text_posts .csv,ae7bda6273976f7c2c516c85f3a563161075660004b75eb8e81dfedb7ca2989f,,,,,,,,
1etpgx1,BabyBumps,Just had a miscarriage,I’m not handling this well at all. I haven’t slept and I’ve been crying my eyes out all night. I never got to know what my baby was or see them I was 8 weeks but by time I knew I was already having the loss. this is the most devastating feeling I’ve ever had. Congratulations to all the beautiful moms with babies I met in this group. ❤️ thanks for having me here even if it was only for a little bit.,2024-08-16 13:57:21,https://www.reddit.com/r/BabyBumps/comments/1etpgx1/just_had_a_miscarriage/,,miscarriage,miscarriage-data-updated - miscarriage_related_posts.csv,87103374ea7fc4d82fb8df30a5d0f3f713161e10dff0b4915a933462f448249f,high_precision,,,,,,,
1l4hzpu,Miscarriage,Thinking about my MC.. could I have prevented it?,"I had my first MC 3 days ago and have been thinking about all the things that I could have done differently to prevent it.

Last Friday I went to have an ultrascan and everything was perfect for a 5w6d fetus with a strong 114bpm heartbeat. Then on Saturday and Monday I had a pilates session in the morning. But 3 hours after the Monday pilates session, I had some brown discharge so I went to the hospital and was told that everything was ok, they saw a steady heartbeat but didn’t count it because they said measuring heartbeat too many times at this early stage may harm the fetus. Anyway I was prescribed progesterone to be on the safe side. I went home and continued my day as usual. 

On the next day I had bright pink discharge so I rushed to the hospital and at this time the heartbeat was only 97 bpm. I was injected more hormone but the bleeding got heavier and I miscarried on the same day. 

The below questions have been stuck in my mind. Please help me as I really need to know if I could have prevented it so I can do better next time.
- Could the pilates sessions have contributed to it? Because just 3 days prior to the brown discharge, things were good
- If after the brown discharge first appeared, I had resorted to bed rest exclusively, would that have changed things? 
- Beta HCG tracking: My beta HCG on May 15 was ~1400 and on June 3 (day of my MC) was ~10200. Some ppl told me that the June 3 level was too low compared to May 15. If I had tracked my beta HCG more frequently, I would have realized sooner that something is wrong and in that case is there anything to be done to prevent the MC?

",2025-06-06 3:00:00,https://www.reddit.com/r/Miscarriage/comments/1l4hzpu/thinking_about_my_mc_could_i_have_prevented_it/,,miscarriage,miscarriage-data-updated - miscarriage_related_posts.csv,bb4b38a466286eaf9f51a05a95e2407765b8deff4baeeb33ddcf2c0b1b06beb4,high_precision,,,,,,,
j54v69,harassment,What should I do?,,,https://www.reddit.com/r/SexualHarassment/comments/j54v69/what_should_i_do/,,harassment,sexual-harrassment-data-updated - RelevantByTitle.csv,ce657983380b4f2384cd601128433963c9f0b2d748fcd99119876d6eeef2ac2e,,"TL; DR: My gay boss sexually harassed me while he knew I was straight and have a gf. I’m torn on if I should tell my other bosses. 

Recently, my boss sexually harassed me. I’m a 22M, straight and have a girlfriend and my boss is 27M. We went out with a group of our coworkers/friends and everyone was drinking. There was no prior flirting or anything like that so I’m unsure of where this came from given that he knew I was straight and had a girlfriend. However, he motioned for me to sit next to him and I thought sure because I like talking to people especially if they want to talk to me. 

He started by putting his hand on my knee while talking to me, which I honestly didn’t think anything of because I’m an open minded person, I give people the benefit of doubt a lot and like I said I know and trust him, we’re friends and talk at work. 

After some more time, he was clearly drunk when he randomly went in for a hug, I admit this should’ve been a red flag but like I said benefit of doubt and I’ve hugged guys before I wasn’t going to make a big deal out of a hug. Then it happened. He moved his head and kissed my neck, my other friends wanted me to take a picture for them so I was preoccupied while it happened and again I didn’t want to make a scene but I was uncomfortable now, I shifted my chair away from him a little and leaned away but he moved his hand down my thigh closer to my groin. I would move his hand whenever he put it there and he wouldn’t let go of my hand when I moved it. I hate confrontation and making scenes especially in front of people I see on a weekly basis, but I had to say something so I told him that I was obviously straight and I have a gf and to stop. He didn’t really respond to this instead he just looked around at our friends and then laughed and went in for another hug. I patted him on the back because I thought I made him feel uncomfortable but he kissed me on the neck again and touched high up on my thigh. When I moved his hand again he held my hand and when one of our friends saw he was holding my hand and touching me she laughed. He saw her laugh and for some reason threw water at her. This is when I get up to leave and drive the girl home.

While we’re walking out and back to my car he started messaging me on our company’s schedule app. He was telling me not to leave and to go back to his place. This was something he was also saying while we were at the bar that I shouldn’t leave and I should sleep with him, which I rejected every time he said it. While we’re walking back and he’s messaging me, I never responded to his messages. The next day someone we were with told him what he was doing (I know the person that talked to him wasn’t taking this seriously) and he responded with something along the lines of “haha all jokes”.

It bothers me he doesn’t plan on apologizing or acknowledging any of it. I recognize that everyone makes mistakes and gets too horny, not that it’s okay but that maybe it’d be just a little more acceptable if he could just say sorry or some semblance of knowing what he did was wrong. 

I’ve been going back and forth in my head on this with a lot of questions I was hoping anyone could help me with. Am I in the wrong for not being more assertive? (Admittedly, I was trying to keep a positive attitude so to not ruin the mood for anyone) Did I do anything wrong? I don’t think so but I keep second guessing myself, partially because I’m shocked this even happened to me. I’m a 6’0 fairly strong guy and this isn’t something I imagined happening to me.

Also, what do I do about working with him now? Honestly, despite all of this, I know he’s a nice guy and his intentions aren’t to hurt people, another reason why I’m so torn on this. He’s the type of person to say just kidding after every joke to make sure no one takes them seriously and get offended. I just don’t know if I want to see him again after this especially if he’s just going to ignore it without apologizing. Should I tell my boss? I don’t want to get him fired and I don’t want to stop working there but I can’t stop feeling like it will be too uncomfortable to interact with him again.

I’ve talked to my gf about this and the girl who got water sprayed on her and they both said similar things and good points.
-he knew I was straight and had a gf
-I never implied that I wanted that in any way
-even if I was gay and into him that’s still a pretty inappropriate thing to do with a group of friends around
Do these things make up for me not being more assertive?",2020-10-04 19:27:18,1601839638.0,"{'take', 'flirt', 'touch', 'offend', 'harass', 'pat', 'feel', 'kiss'}","['what', 'should', 'i', 'do']",relevant,non relevant
1l90zce,Miscarriage,Question,"Hello ! I recently found out I’m positive June 1 with my rainbow baby , last night when I used the restroom I noticed maroon blood and all day today I’ve been wiping brown blood. It’s hard not to get negative thoughts. Should I be concerned it’s another miscarriage ?",2025-06-11 18:57:53,https://www.reddit.com/r/Miscarriage/comments/1l90zce/question/,,miscarriage,miscarriage-data-updated - miscarriage_related_posts.csv,cd21190e44ebcfe27fda890c2e2fbcce214cf8440694d438c777b977becbb57a,high_precision,,,,,,,
1lii4vf,Miscarriage,Sex after MC,"Hi, i posted here once before and unfortunately It was confirmed I had a second miscarriage. This time around I just feel broken but in a way where I just can’t come to vocalize anything. Everything has passed and I did research on when having sex again (not necessarily for conceiving) would be okay. I love my partner and the situation has arose and both times I start sobbing and I feel so disconnected from my own body. I feel so empty and I feel like I’m not woman enough anymore. This last time I just shut down I wouldn’t let him kiss me and I genuinely felt like vomiting. I feel bad for reacting that way and feel guilty for putting him through it even if he doesn’t pressure me or gets upset. I don’t know how to fix this or myself. Has anyone else felt like this? How did you cope with it? I feel like I won’t ever be myself again. ",2025-06-23 14:32:10,https://www.reddit.com/r/Miscarriage/comments/1lii4vf/sex_after_mc/,,miscarriage,miscarriage-data-updated - miscarriage_related_posts.csv,be7dae00cc4d10c1f96fc6a85ba40635f6ad6568857d5e0b25b4846fe774165e,high_precision,,,,,,,
1kzzyjo,Miscarriage,Sad,How do you guys deal with this sadness of miscarriage and just be okay in every day to day life I’m so sad and my heart is just so broken I really wanted my baby,2025-05-31 15:36:15,https://www.reddit.com/r/Miscarriage/comments/1kzzyjo/sad/,,miscarriage,miscarriage-data-updated - miscarriage_related_posts.csv,683cc804ef10c9f0a4c3087f526324e18b2fe42c79a1a652316131f6355df926,high_precision,,,,,,,
1d7kg0e,abortion,8w6d. aborting planned pregnancy. im distraught. seeking support/advice,"im aborting a pregnancy i really wanted and i am absolutely devastated about it. my partner lost his job out of no where, they laid off a bunch of people. i also am getting diagnosed with EDS, which will take forever to get treated and i dont want my health to get worse while pregnant without treatment bc it's gonna take forever to see a rheumatologist. 

my partner and i came to conclusion that it's not time for a baby yet, due to a series of unseen unfortunate events. it's not fair to us or the bean. we don't want to raise a child in poverty because we can barely make ends meet even for ourselves, let alone a baby. 

i just took mifepristone a couple hours ago, and i just started bawling. i wanted this so bad, so so bad, and i can't have it. it feels like a piece of me is dying. my heart is breaking. i don't feel worthy of food even, because i feel so guilty. 

my partner is reassuring me that im not bad, and that it is the right choice, and i agree, but it just feels so wrong, selfishly. i know this is probably the most unselfish thing i could do, but it doesn't feel great. 

tomorrow i take the miso and im terrified. ive had abortions before, but nothing has ever emotionally hurt as bad as this one. this one stings, it feels like... well... loss. im also further along and i know it's going to physically hurt. i can't stop seeing the heartbeat flicker on the first ultrasound. i remember how excited i was to see it implanted correctly. now, it's gone. 

i see therapy tomorrow morning, but I really needed to get this off my chest to a community of people who could also understand. like i said i know this is for the best, and i will cope and one day ill have another chance to have a precious glimpse of me and my partner. when the time is better. i just can't help but feel absolutely torn apart right now. ",2024-06-04 0:47:26,https://www.reddit.com/r/abortion/comments/1d7kg0e/8w6d_aborting_planned_pregnancy_im_distraught/,,abortion,abortion_data-updated - new_abortion_related_subreddits_text_posts .csv,384982697cf1588eb27c7905f9cd16e36f25d2b66b3d82706c746a8ac0602888,,,,,,,,
1ljxn7i,Miscarriage,I cried whole night remembering my baby 💔😭,"I lost my baby boy, FTM in Mar, this year and yesterday was exactly 2 months away from my due date. 

I don't know what hit me hard. I was crying at night inconsolably remembering my baby, when my husband slept peacefully besides me, I didn't want to trouble him. Life's challenging for him too. 


I am still crying writing this post, it's strange how grief brings you to square one, all of a sudden and all your progress of healing just vanishes into eternity that you never know. 


The only thing that comforted me at such an odd hour was reading miscarriage stories from loss moms and sympathizing with them. 

I still think about him every day and wished I had held him in my bare hands and brought him close to my chest, and let him know how much he was loved and wanted 💓",2025-06-25 5:40:08,https://www.reddit.com/r/Miscarriage/comments/1ljxn7i/i_cried_whole_night_remembering_my_baby/,,miscarriage,miscarriage-data-updated - miscarriage_related_posts.csv,91cc48878b163e0a8f7b5e45277591fd386c1bbd2bf67bd2ef722039f1b48296,high_precision,,,,,,,
ou58m1,Pregnant,Gender Disappointment,"I had a NIPT test done and I just found out we are having a girl. Idk why, but I feel so disappointed because I really wanted a boy and so did my husband. I feel blah about raising a daughter and my guilt for these feelings are making me feel so wrong. I just feel like girls are so much more work because I know all I’ve struggled as a girl myself. Growing up and even as an adult. Ugh, idk why I feel this way. I’m just lost. Zero connection before because of the morning sickness and now that, that is dying out and I know it’s the a girl, I feel an even less connection. I’m not happy at all. 😢 I can’t tell my family or friends because I’ve had 2 miscarriages before this, so the “be grateful” talk starts.. I’m really hoping something changes in me.",2021-07-29 20:09:26,https://www.reddit.com/r/pregnant/comments/ou58m1/gender_disappointment/,,miscarriage,miscarriage-data-updated - miscarriage_related_posts.csv,f8988c9cde13b2742b917491d98293cbcb8afc4f8f44f4e7e32f2c75ca188361,high_precision,,,,,,,
1fcndxs,TwoXChromosomes,just miscarried but didn’t know i was pregnant,"ive (21f) been on birth control for months and had no idea i was pregnant. tonight i had a miscarriage.. i’m in the ER right now- i thought i started my period the other day, and was just having excruciating period cramps, because i also have PCOS and suspected endometriosis for a while but that has been a process. anyways, about 1:30 am after practically screaming rolling around on the floor, i felt a huge rush of blood and release of pressure. and then i saw it. and immediately had my grandma take me to the hospital. i was at my boyfriends house and he was doing such a good job at comforting me but i didn’t want him to miss work or lose his sleep so i had him stay home… neither of us ever wanted children but this feels so weird… i think im in shock or dissociating and regardless of whether i wanted kids or not i am heart broken. and also as someone who has bpd… oof. lots of things on my mind rn. thanks for listening idk:(",2024-09-09 11:44:30,https://www.reddit.com/r/TwoXChromosomes/comments/1fcndxs/just_miscarried_but_didnt_know_i_was_pregnant/,,miscarriage,miscarriage-data-updated - miscarriage_related_posts.csv,236bda28d5fe3a1d63bdb61c4d23c39d1b24b43ca2cb06573c3deb187c8d29fb,high_precision,,,,,,,
1l3aje8,Miscarriage,Missed Miscarriage at 8 weeks,"Unfortunately, I found out that baby has no heartbeat at almost 9 weeks. Baby was measuring 8 weeks. I opted for D&C so I could send the tissue for pathology. 
3 weeks later I get a phone call from my doctor together with Chromosomal Analysis reports….
Report says that “No cell growth occurred in the tissue culture, and there for chromosomal analysis was not possible.” 
And then it goes saying that “ Microarray doesn’t require cell culture and maybe able to identify genomic imbalances responsible for fetal loss” 
My doctor called the lab and they said that there is not enough fetal tissue for Microarray analysis. What a mess… 
Has anyone experienced anything similar to that? ",2025-06-04 16:48:10,https://www.reddit.com/r/Miscarriage/comments/1l3aje8/missed_miscarriage_at_8_weeks/,,miscarriage,miscarriage-data-updated - miscarriage_related_posts.csv,b3ab4a1fa8cafb7db2272533eedc45a8a9b2eeb14c49b9d953377183f0814dec,high_precision,,,,,,,
1la7nwd,BabyBumps,4 weeks pregnant and worried that my past alcoholism will doom my pregnancy,"
THANK YOU to everyone who has commented, I haven’t had a chance to respond to everyone but the outpouring of positivity and encouragement is truly touching. You have all helped me more than you know 🩷 

Original post: 
I’m 31 and pregnant for the first time, I’m a little over 4 weeks along and I haven’t had a single drink for a week but prior to that for the past couple years I’ve been an almost nightly liquor drinker (4-6 shots) I’ve had a few breaks in between, this year specifically I’ve had two separate almost 30 day breaks. I’m worried that my past alcohol abuse  will inevitably cause a miscarriage or issues and that it’s impossible for me to have a healthy pregnancy. I’m not asking for medical advice but I’d like to hear from moms who had a similar history but still had a successful pregnancy. Yes I know I need to be transparent with my OB, and I will. Right now I really need some compassion and reassurance.",2025-06-13 5:04:10,https://www.reddit.com/r/BabyBumps/comments/1la7nwd/4_weeks_pregnant_and_worried_that_my_past/,,miscarriage,miscarriage-data-updated - miscarriage_related_posts.csv,42781d3bef84d87431b99fb283b2a69469997f8e9fe25a42e6201db684ee8899,high_precision,,,,,,,
1l4or8c,AmItheAsshole,AITA for leaving our shared flat for the day after my ex came home at 5 a.m. and I spent an hour settling them?,"**The set-up (bare facts)**

*Status quo* – We broke up a week ago, but the tenancy is still joint and we still split the rent.  
*Players* – Two mid-twenty-somethings; I’ll call the ex “EX.”  
*Why no instant escape?* – Milan rents laugh at solo wallets, and neither of us can shoulder the full lease alone.

**The night in question**

At 05:00 on Saturday, EX rang my phone so I could buzz them in. They arrived with a friend who, I learned on the spot, would be sleeping on our sofa. She went straight to bed and isn’t part of the story again.

EX reached the hallway, collapsed against the wall (coat and shoes still on) and launched into the sort of dramatic monologue you’d expect from a drunken ex at five in the morning. I removed their outer layers, guided them to bed and tucked them in. They shivered, sobbed and cycled through:

1. “You were not enough for me!”
2. “Why didn’t you fight for us?”
3. “You never cared.”

I offered water, kept my voice down and reminded them that we should be sleeping. After about an hour of uninterrupted drama they finally dozed off around 06:00.

**My response**

I couldn’t get back to sleep, so total rest that night was one hour. Running on fumes, I showered, grabbed a change of clothes, silenced my phone and spent the day at a friend’s place. I returned at 20:00, told EX what had happened (they remembered nothing) and said:

– I don’t want another emotional ambush.  
– I’m worried about their drinking and want it to stop.

**Fallout**

EX agreed at first, but after talking to friends the next day they accused me of “abandoning” them and not even sending a “How are you feeling?” text. They point out that their friend and previous ex always check in, whereas I “just escaped out of self-centredness.”

**Why I might be the arsehole**

• I didn’t send a basic welfare text.  
• EX’s friend was on the sofa; I could have handed over duty of care before leaving.  
• I left without saying a word.

**Why I might not be**

• EX chose 5 a.m. drunken confession hour, and we’re post-break-up.  
• We are now flat-mates, nothing more.  
• I genuinely needed space for the day (I didn’t ghost them; I just stepped away).

So, Reddit, AITA for seizing my own peace and quiet after the 5 a.m. drama, or did I breach some unwritten post-relationship nursing code?",2025-06-06 10:09:23,https://www.reddit.com/r/AmItheAsshole/comments/1l4or8c/aita_for_leaving_our_shared_flat_for_the_day/,,abortion,abortion_data-updated - new_abortion_related_subreddits_text_posts .csv,087b80c95af2e5d9fa448cf9877ccb65d2697a25eb8afebc681831b9dc152514,,,,,,,,
nvg5kc,Pregnant,Tell me something to ease my fears about the vaccine.,"Hi! FTM here. 🥰 Your community is such a relief! It’s so good to be around here. I’m pregnant with a girl that I’m planning to name Charlotte! I’m 18 weeks. I’m hesitant about getting the Covid-19 vaccine. I’m far from being an anti vax, I have all my mandatory child shots so far + some optionnals in my teenage years and young adulthood. 💉 I’m quite nervous about the Covid-19 vaccine since it’s so new. How am I supposed it will not mess with my pregnancy (had a lot of spotting for the first 13 years and was so scared of a miscarriage)? How am I supposed to feel confiant about the ""risks"" of malformations or developmental problems later in baby's life? How do you navigate these fears?

It goes without saying that I would have got my shot already if I wasn’t pregnant at the moment. 👶🏼

Thanks and sorry for the spelling, English isn’t my first language.",2021-06-08 22:15:17,https://www.reddit.com/r/pregnant/comments/nvg5kc/tell_me_something_to_ease_my_fears_about_the/,,miscarriage,miscarriage-data-updated - miscarriage_related_posts.csv,b91af6e6c343039b59a8b8839ce084a03e17d5efd17eff5fe0079aeaed784f24,high_precision,,,,,,,
1auav0m,relationship_advice,I [34f] found out my now husband [m32] cursed up an abortion pill in my drink when we first started dating.," Well… I found out my now husband been married 5 months ordered an abortion pill from HeyJane when I was 3 months pregnant. 

It all started when he had to back up his phone and all his old deleted text messages came in. I saw a text to his best friends sister asking her to order it, and he said “ I’m just going to crush it up and put it in her drink.” At this time I was 3 months pregnant. 
Shortly after a month after those texts were sent ( April 12) from him, I had what I thought was a miscarriage (May 31st).

Fast forward to today, I know the truth. All throughout our relationship I wondered why I saw a HeyJane order on his text for verification. I asked him about it a while ago and he said he ordered it for his friends sister. We had just started dating when I found out I was pregnant. Now that we’re married I am in disbelief! 

I’m crushed! I don’t feel safe at all around him now. I’m at loss for words. He said he’ll take a lie detector test? I told him  to stop being manipulative and he know what he did! He’s on a flight back to NY tonight and I can’t even think straight. I’m still in shock.. heartbroken and ruined by it.",2024-02-19 1:21:39,https://www.reddit.com/r/relationship_advice/comments/1auav0m/i_34f_found_out_my_now_husband_m32_cursed_up_an/,,miscarriage,miscarriage-data-updated - miscarriage_related_posts.csv,5857d86f67d66acb22aa34012610daca40fb8a22b3abef65e14c3a565e55a6c3,high_precision,,,,,,,
6ukgg9,BabyBumps,Help? Is it normal to be this gassy?,"I'm 16 and this is my first child (im aborting) and im currently around 8 weeks pregnant. I let out the worst stink bombs and oh lord. I'm so full of gas!! If i open my mouth, i know a burps gonna come out. Is this normal? or could it have to do with messed up hormones? Will i have to take any pills to regulate my hormones? ",2017-08-18 20:10:27,https://www.reddit.com/r/BabyBumps/comments/6ukgg9/help_is_it_normal_to_be_this_gassy/,,abortion,abortion_data-updated - new_abortion_related_subreddits_text_posts .csv,61df76f59b53796ac4854927d4b77ee98aa2acd589547d6640a1a13993f05c93,,,,,,,,
8l0h1r,assault,I think I might have been raped.,,,https://www.reddit.com/r/sexualassault/comments/8l0h1r/i_think_i_might_have_been_raped/,,harassment,sexual-harrassment-data-updated - RelevantByTitle.csv,04063e54aad310f9353808283b39c69d3adab32bba7cbc1baa874286a6fb3f0d,,"I was seeing a guy &amp; we had been on one date - during that date we had gotten along really well &amp; had made out a little bit afterwards. After the date, we texted throughout the week &amp; eventually the conversation became sexual. I mentioned to him that I wanted to wait a few dates before sleeping with him, but as the conversation became a little more heated, I didn’t think that would happen. We made plans for him to come to my house a week later when I was home alone &amp; have dinner/watch movies. While we were sexting a little through the week, he had mentioned that as soon as he saw me he would have a hard time not ripping my clothes off of me - but that was a comment in passing and I soon forgot he even said anything. 

When the day came for him to come over, I got ready &amp; he messaged me when he was here. I answered the door &amp; straight away he pushed himself inside and kissed me. He closed the door behind him &amp; had me against the hallway door. He had his hand around my neck &amp; lifted my shirt. I started to walk down the hall, to try and ‘end’ the ‘hello kiss’ but he grabbed me by the hair and said ‘which is your room?’, so I directed him to my room. He then pushed me on my bed &amp; undressed me, at this point I hadn’t stopped him, but I also hadn’t touched him back. Then he was on top of me, his hand was around my throat &amp; he had this other hand in my hair, pulling it hard. I told him to stop, but he kept kissing me and saying ‘you love it’. He then laid down and took his pants off. He grabbed me by the back of the head and tried to force me down there, I kept trying to move my head up, and he slapped me in the face &amp; pushed my face on his penis. I was crying at this point, but I gave him oral sex. I don’t know why I didn’t try to stop him, but I definitely wasn’t enjoying it and I think that was obvious from the fact I was crying. 
Then he pushed me back &amp; had his hand around my throat &amp; was pushing down hard, he pushed himself into me, without a condom &amp; I laid there crying. Then when he was close to finishing he rolled off of me and grabbed my hair again, saying he wanted to finish in my mouth. He forced my head down there and because I was crying, when he finished I got half of it on his stomach. He was like ‘what the fuck’ and I went straight into the bathroom to clean myself up. 

When I came out, he kissed me gently and started talking to me like nothing had happened. I was stand-offish for the rest of the night &amp; he eventually left. It’s been a few days now &amp; I haven’t messaged him back, I’ve got huge bruises on my thighs and my chest. 

I’m so confused because I feel dirty &amp; like it wasn’t consensual, but I also was sexting him and didn’t try physically to stop him too much, so I don’t know what it’s considered as.

Does anyone know whether this is technically rape or not? I’m confused and scared and realise writing this on reddit night not be the best option, but I don’t know who else or where else to go to atm. ",2018-05-21 12:35:27,1526906127.0,"{'take', 'pull', 'touch', 'slap', 'force', 'push', 'kiss'}","['i', 'think', 'i', 'might', 'have', 'be', 'rap']",relevant,non relevant
1dlzir4,TrueOffMyChest,My sister is disabled and my family is just pretending she isn’t.,"I’m so incredibly frustrated right now. My sister is 31 and can’t read or write. During school, she was put in the special needs class but was failing as she found school incredibly difficult. Her school gave her a special needs diploma. My parents didnt know English so they just assumed she was a bad student. She has tried college- got scammed by a fake college and got into loads of debt. She was denied by multiple colleges because she didn’t get a high school diploma. My sister kept telling me that she needed help getting her GED so I told her that I would help her. That’s when I realized she couldn’t even read. 

Most of my life, my mom and dad kept telling me that she is stupid because she didn’t want to study.  When I tried teaching her, she would get all the letters mixed up and couldn’t read an entire line without accidentally skipping to another. She has gotten fired from several jobs because she reads the total wrong or can’t give correct change. I told her that she needed to get tested but my mother told me there was nothing wrong with her and to stop belittling my sister. 

She has gotten into so much trouble because of this. My sister has signed so many contracts without understanding anything and in massive amounts of debt. She never got her drivers license because she couldn’t pass the written test and has incurred multiple fines all dating back since highschool. Her husband steals money from her and will buy whatever he wants while the bills unpaid. Despite her husband cheating on her with her other mentally disabled best friend- she doesn’t have the funds to divorce him. 

For years I have been trying to help by helping her create budgets. Calling creditors to try to get the stuff off her record. Reading legal documents to see if she was getting sued. Organize her taxes. Because my mom would tell me that I had gone to college and could teach her anything. So I have tried so hard but nothing helps.

Ever since my mom died, my sister hasn’t been able to keep the lights on some months. My older brother will loan her money but my other sister tells me she is done with helping her because she doesn’t want any money to go to the awful husband. My dad has been even worse to her since I have bought my first house. He keeps saying she is a failure for not being able to buy one before me and belittles her. 

I called her today and she told me that she was laid off from her job for two weeks because she left without notice (she went to the hospital). She reapplied but was now late on car payments, insurance, phone bills, etc. she has told me that my older brother gave her a $65 loan for food last week but now has no more food for this week. My sister was so embarrassed telling me and I immediately sent her money to help out. 

I see her trying so much but l know it’s not her fault. My family keeps looking at her like a disappointment. 

None of this includes her extensive amount of medical stuff that’s happened- multiple miscarriages, cancer, foot surgery, GI issues. 

I want to help her but where do I even start? I’m sorry for all the spelling errors. I haven’t slept at all  and am intoxicated.
",2024-06-22 16:29:44,https://www.reddit.com/r/TrueOffMyChest/comments/1dlzir4/my_sister_is_disabled_and_my_family_is_just/,,miscarriage,miscarriage-data-updated - miscarriage_related_posts.csv,9a48e8d1a34675b4bd6633d117db3cba5fc8f044d6a35a51f66d8eab3029c6c5,high_precision,,,,,,,
w2wbjn,abortion,Should my partner and I split the costs?,It’s going to cost $560 for an abortion i just scheduled. I have the money to pay for it myself but I don’t feel like it’s fair. He hasn’t offered to pay for any of it and  I feel like it should be split evenly. Any advice on how to go about having that conversation?,2022-07-19 16:04:38,https://www.reddit.com/r/abortion/comments/w2wbjn/should_my_partner_and_i_split_the_costs/,,abortion,abortion_data-updated - new_abortion_related_subreddits_text_posts .csv,aa36c106e8853b386fdc88e66842890064d2d7ae9fb506614173d3a4aff7777b,,,,,,,,
n4fmgd,assault,Parents choosing assaulter over me,,,https://www.reddit.com/r/sexualassault/comments/n4fmgd/parents_choosing_assaulter_over_me/,,harassment,sexual-harrassment-data-updated - RelevantByTitle.csv,46beded5ea19e733a9af91e7198abc7b9c1975b5320d4a30bc80b75ddbd53dd4,,"TW: CHILDHOOD SEXUAL ASSAULT

My brother sexually assaulted me when we were both children, but he’s older than I am. At one point he got violent when I told him no. I finally told my parents everything a while ago, and they kicked him out of the house, but now he still goes to family functions. I told my parents that o don’t want him at our house when I’m home and they’ve respected that. I told them that I won’t go to any family function that he’s at either, and they’ve tried guilting me into going, telling me to ignore him, but that’s it. I’m protecting my boundaries and safety by staying away from him, but my parents are still keeping him at family functions and doing things without me because of it. 

Do I have the right to be mad that he’s still invited to family functions? What can I do? I miss my other family members but I refuse to see him. My therapist said it’s not fair to demand that my family not invite him, but it’s fair for me to not invite myself. The problem is how much I’m missing out on and how depressing it is. What do I do?",2021-05-04 4:08:47,1620101327.0,{'assault'},"['parent', 'choose', 'assaulter', 'over', 'me']",relevant,non relevant
ph34cs,TwoXChromosomes,"If life begins at 6 weeks, then everyone in Texas should start suing to collect on life insurance policies after a miscarriage","Am I crazy and overly optimistic for thinking that this could actually set legal precedent?  There's no way the lawsuits would win, because the insurance companies would argue that there's no loss of life and the courts would agree with them.  

Force the courts to acknowledge, in writing, that the loss of a pregnancy after six weeks does not count as a loss of life.  Use those rulings to strengthen abortion protections.",2021-09-03 11:15:18,https://www.reddit.com/r/TwoXChromosomes/comments/ph34cs/if_life_begins_at_6_weeks_then_everyone_in_texas/,,abortion,abortion_data-updated - new_abortion_related_subreddits_text_posts .csv,3b007b7cfd45ce70a662eeed9c401e6a011d57f7e748e1e912c3446c99ac4347,,,,,,,,
1ldr5k3,Miscarriage,experiences with algorithms after miscarriage?,"Hi everyone - wishing you all a safe and supportive time here online. 

My name is Paul and I'm a PhD researcher at The University of York, UK. 

My doctoral research is on the role of algorithms in women's experience of grief and remembrance after miscarriage. I'm sharing this here in case anyone would like to participate in the project. Taking part requires an online interview of around 1 hour, in which you would be invited to explore your experiences with online algorithms following miscarriage. To take part in the project you should be: 

* a woman 18 years of age or older
* based in the UK
* who has experienced miscarriage\* 6 months ago or more, and no more than twice
* who would like to be interviewed about their experiences with online algorithms after miscarriage

If this interests you, and you meet the inclusion criteria of the study, then please don't hesitate to contact me at [paul.ord@york.ac.uk](mailto:paul.ord@york.ac.uk). 

Thanks very much, 

Paul 

\*Defined by NHS England as the loss of pregnancy in the first 23 weeks",2025-06-17 16:07:46,https://www.reddit.com/r/Miscarriage/comments/1ldr5k3/experiences_with_algorithms_after_miscarriage/,,miscarriage,miscarriage-data-updated - miscarriage_related_posts.csv,fdc4748e7277e2ef491b67af3b60cf58151f88eed99d5bccfec3b86b4fe0c707,high_precision,,,,,,,
1bk8gzn,abortion,Crying during sex after abortion,"Is it normal to feel this way? I had sex for the first time after my procedure and all I could think about was how I was strapped up for my surgery with my legs propped up and put to sleep while they went inside. It made me cry and I felt scared to have sex even though it was anal. My boyfriend kept going even though I was crying, he comforted me the whole time and told me it was going to be okay. But he kept going while I was crying. Idk. ",2024-03-21 14:56:45,https://www.reddit.com/r/abortion/comments/1bk8gzn/crying_during_sex_after_abortion/,,abortion,abortion_data-updated - new_abortion_related_subreddits_text_posts .csv,8b2ac80a908c4ef9b664b8394c55716c6a030da6cb85f9fff3c366a95b551287,,,,,,,,
1l9xbqs,abortion,Going through an MA and feel devastated,"I made a post before about being in texas and trying to get my package after it had been returned to sender multiple times by the carrier. well after 3 tries, i finally got it. i took the mife pill yesterday at 3 pm and just took the set of miso pills and all I’ve felt all day leading up to this has just been grief. i had so many reasons prepared as to why i just couldn’t have a baby right now and i still stand by those. in the time that i was worried that i wouldn’t get access to an abortion at all, it forced me to consider how i’d live my life for the both of us and honestly i became attached to it. i subconsciously took better care of my body and thought of it as something endearing and i grew to love it as half of me and the man that i love but i knew what i had to do. i can’t give this baby the life it needs but i still feel guilty for terminating. not necessarily guilt but grief, like im grieving someone who i’ve never met but feel like i already know. i’ve tried to prepare myself for whatever it is im about to experience with the miso pills. i just feel as though i will continue to grieve the fact that my eventual first child won’t even know that they’re not really the first but will forever be the oldest. :(",2025-06-12 20:41:31,https://www.reddit.com/r/abortion/comments/1l9xbqs/going_through_an_ma_and_feel_devastated/,,abortion,abortion_data-updated - new_abortion_related_subreddits_text_posts .csv,9dcb83e3f272d97025452136a5e9de71e465f8664e203acacda64f1e568dfb27,,,,,,,,
1lhkbdc,Miscarriage,Anembryonic pregnancy miscarriage,A few weeks ago I found out I had an anembryonic pregnancy. I opted for expectant management. Well about 4 days ago I started bleeding. 3 nights ago was the worse with painful cramps and a lot of large clots and heavy bleeding. I'm still having on and off cramping and bleeding but in general it feels like it's getting less intense. I know from a lot of stories here that miscarriage can last a really long time. I'm just wondering if it's possible that I passed the pregnancy tissue already or if it's still coming. Most of the stories I've ready people pass the gestational sac whole and know it. Has anyone passed it in pieces or not seen the sac? It might've been mixed with clots so I couldn't really tell. But also tonight I passed what looked like an inch long piece of greyish white tissue mixed with clots. Just wanting to know if anyone has experienced anything similar.,2025-06-22 9:58:39,https://www.reddit.com/r/Miscarriage/comments/1lhkbdc/anembryonic_pregnancy_miscarriage/,,miscarriage,miscarriage-data-updated - miscarriage_related_posts.csv,9e78e68f49e79c4f65813cd5e004ec6a70237ab1443b0b708cd65d9e54cf6ae5,high_precision,,,,,,,
22d9u9,BabyBumps,[Rant] Apparently my boyfriend's sister think I complain too much.,"I'm so pissed. My feelings were a little hurt at first but now I'm just mad. I get along alright with my boyfriend's sister (baby daddy) and I went to go hang out with her the other night at her house. After talking about some random stuff for a couple of hours she starts in on the ""heart-to-heart"" type crap. I might mention here that she's been drinking wine the whole time I've been over. After bitching about some random shit about her kid and how much of an asshole she thinks my boyfriend (her brother) is, she says, ""I need to be honest with you about something.""
I'm not really worried, she is kind of dramatic and usually finds a way to be the center of attention. Anyway, she then tells me about how her friend had a miscarriage two weeks before her due date back in Aug/Sept time frame. I already knew this and have met this friend of hers 2, maybe 3 times. We don't chat or hang out, she has just happened to be at the sister's house at the same time as me a couple of times. The sister then tells me that it really hurts her and this friend when I talk negatively about my pregnancy. They are trying to help each other through this difficult time and it would be better for them if I act like everything is great and I'm excited about all of it when they are around. WTF? 

First of all, this is MY pregnancy, it has nothing to do with either of them. Second, why the fuck is this affecting her so much that she just can't bear to hear me complain?

Not only that, but about 15 minutes before she said this to me, she told me that she has no sympathy for pregnant women because she had ""the worst pregnancy EVER"". Meaning she threw up the whole time. Okay, her kid is 9, so she can complain about a pregnancy that happened almost 10 years ago, but she can't deal with hearing about the one I'm going through right now???
 
So at first I'm thinking I need to stay calm because I have a lot of pregnancy hormones and I don't want to get overly upset over something. So I leave and go talk to my group of 3 best friends who I have been spending a lot of time with lately. I should mention that baby daddy works out of town and is only home about 3 days every two weeks. I asked them if they thought I complained too much and if I had been overdoing it with the preggo talk. They had the complete opposite things to say. They said they love being here for me and that when I talk to them they feel included in an important part of my life. They even said that they feel like our little family is getting a baby and not just my bf and me. (We all come from broken families and fucked up situations, so we are quite close and seem very much like family.)

I know I'm not really doing this alone, but with the bf out of town so much, it feels like it sometimes. Not only that, but this is one of the biggest and hardest things I have ever gone through, I didn't think it was too much to want to share and vent to the people around me. Plus, it's not like I non-stop complain. I also share funny stories and good stuff all the time. I even try to put some humor into my complaints so that it's not just a big bitch-fest when I do need to vent. My friends usually laugh along with me and that's the end of it. 

Sorry for the long rant- but I just needed to get that shit off my chest. I refuse to let her get to me and cause any kind of drama that she could use to get more attention from people, so other than my couple of close friends, I haven't told anyone about this. I've decided that if my complaining is bothering her, then I will just stay away from her so she won't have to deal with it. But I don't feel like I should have to share any of it with her if I can't be honest about it. 

By the way, I am not trying to say that what this women went through isn't important and awful and I would never want to hurt her feelings on purpose. I just don't think I should have to sugar-coat my issues and pretend to feel a certain way. 

TL;DR- My boyfriend's sister is a bitch sometimes. ",2014-04-06 20:19:30,https://www.reddit.com/r/BabyBumps/comments/22d9u9/rant_apparently_my_boyfriends_sister_think_i/,,miscarriage,miscarriage-data-updated - miscarriage_related_posts.csv,c6514d73769738b2120fc029ba7f19bd712157f4d727b52f426ed0f58e1bc5ac,high_precision,,,,,,,
lwnkz2,assault,Boyfriend (now ex) told me he'd break up with me if I didn't have sex with him,,,https://www.reddit.com/r/sexualassault/comments/lwnkz2/boyfriend_now_ex_told_me_hed_break_up_with_me_if/,,harassment,sexual-harrassment-data-updated - RelevantByTitle.csv,ba91c66ae692daa29760dd03445966726f175f49702d5dd072e1c54d6090608f,,"About 3 months into a relationship, I somehow lost all my sex drive completely. In retrospect I think it was a combination of my birth control and that I wasn't attracted to him anymore. 

He got very upset that we didn't have sex in over a month and communicated that sex was important in a relationship. He told me to see a doctor and show that I'm proactive about fixing this problem, or else he'd break up with me. He explained it as sex being a natural part of a relationship, so if I was the one withholding it from him then I'd hold unfair power over him, and described it as neglect, basically. I felt so bad about it that I ended up giving in every week or so (in the beginning of the relationship it would be every day). I was never turned on and never in the mood and it felt like an obligation, but technically it was consent because I made a conscious choice? I shared this with some close friends who told me it was assault, but this sounds like a technicality and I feel terrible about it in retrospect. Any thoughts?",2021-03-03 6:55:27,1614754527.0,set(),"['boyfriend', 'now', 'ex', 'told', 'me', 'he', 'd', 'break', 'up', 'with', 'me', 'if', 'i', 'didn', 't', 'have', 'sex', 'with', 'him']",relevant,non relevant
nrvw1s,metoo,First Time Telling My Story,,,https://www.reddit.com/r/meToo/comments/nrvw1s/first_time_telling_my_story/,,harassment,sexual-harrassment-data-updated - RelevantByTitle.csv,0a1740e974bf22b047c652a020477653a7de1d416a0c641e572760f263e2acff,,"About ten years ago, I was in seventh grade and at the house of some middle-aged gig musician who was a family friend. This musician lived in a different province than me, so we never interacted before I'd arrived at his house that time. He was playing some song on a piano and told me to move in closer to him since we were sitting side by side and playing the piano. He was dating another family friend at that time, btw. He grabbed my butt that day to pull me closer to him. My father was a few feet away from us and continued chatting happily with the man — it seems my father only had time to blink his eyes as the incident occurred. Instinctively, I started crying but apparently I mask my tears real fucking well since neither person could detect them. I escaped from that room ten minutes later and avoided being in the same space as that man ever since. I'm glad I never had to see him ever again. I honestly don't know how I'd act now if I were to see him, considering I'm living out some of my dreams now. I'm too uneased and scared by the thought of seeing him again, if I ever were to.",2021-06-04 3:50:38,1622778638.0,{'fuck'},"['first', 'time', 'tell', 'my', 'story']",relevant,non relevant
1l850kc,abortion,Mirena inserted and abortion,"I am currently on Mirena, and I have been for about two years, and I was wondering if I have a medical abortion with the pills, I was wondering if it was safe to leave in while having that procedure",2025-06-10 17:37:51,https://www.reddit.com/r/abortion/comments/1l850kc/mirena_inserted_and_abortion/,,abortion,abortion_data-updated - new_abortion_related_subreddits_text_posts .csv,1c881cfeb05a459a0a2df2eaad1bff2a415b9fac53df1163e5deae654b502f5d,,,,,,,,
1g7jhc8,Parenting,I don't think I can handle being a parent to a down syndrome son,"We knew that we were going to have a kid with down syndrome since the 18th week or so. 

We had grieved and cried and came to the conclusion that we think we can do it. We read all the ""good"" parts about it and hyped it up.

I never had the desire to have children, but I knew in my relationship that my partner wanted to and so i went along with it. I figured I would end up liking it at some point. I was even excited before the baby came out and looking forward to things but now that the baby is here it has changed.

It's been a few days and I have been crying when I am alone. I could handle it if I knew the future was bright and we would have a semi normal parenthood but not with a child with down syndrome. 

it isn't all sunshines and rainbows. I know it can be rewarding, but I want a life as well. I can't shake the thought that I have to probably change diapers for a decade, still be feeding and making sure he doesn't hurt himself for the rest of his life.

To be blunt I really don't want to do this. I know my life is going to change but I don't want it to change as much as it probably will. I can't do this for the rest of my life. 

I'm mainly venting and I'm sorry if this is offensive or anything. I wanted to have a normal baby and I stayed for my marriage and now I'm not sure what to do really. I love my partner but I also care about my life. 

edit: thank you all for your comments. I'm not cured of how I feel obviously but it's given me a few things to think about. talking about it helps too. next step is to talk to my partner. ❤️",2024-10-19 21:43:49,https://www.reddit.com/r/Parenting/comments/1g7jhc8/i_dont_think_i_can_handle_being_a_parent_to_a/,,abortion,abortion_data-updated - new_abortion_related_subreddits_text_posts .csv,e277904ebbd355c9879c722caed31308d5e0957937a4fadc585cca4a42c6891e,,,,,,,,
1kz1hra,Miscarriage,Period after miscarriage,I have a question- I had a miscarriage in March and haven’t really had a period since. How long did it take for others to get a period back…. I’ve been doing IUI and I’m ready to continue trying…. But I can’t focus on building a family if I haven’t gotten a period. It’s just so heartbreaking.,2025-05-30 11:09:04,https://www.reddit.com/r/Miscarriage/comments/1kz1hra/period_after_miscarriage/,,miscarriage,miscarriage-data-updated - miscarriage_related_posts.csv,f66f5909752b753a65e1b65634c2310443512a9aaaba4cd001258b882645d358,high_precision,,,,,,,
1kygnlg,Miscarriage,Lightheaded on period,I had two miscarriages last year. One in August and the second in October. Since the second one in October I have been getting very dizzy and lightheaded on the first day of my periods. I feel like I’m going to pass out for the first day. Has anyone experienced something like this? I asked the doctor about it when I was dizzy during the miscarriage but she wasn’t too concerned. She ran blood work to make sure I’m not anemic and it came back fine. I’m not sure if I should make an appointment to go back and what bloodwork should be tested.,2025-05-29 17:25:15,https://www.reddit.com/r/Miscarriage/comments/1kygnlg/lightheaded_on_period/,,miscarriage,miscarriage-data-updated - miscarriage_related_posts.csv,5f48cdbe9da1d3b4feb833f4bdddd3bf6cbb64bcab6878ee71b641fd83e22253,high_precision,,,,,,,
no3sbc,assault,i dont know if i was actually sa-ed and i think i just need to put thoughts into words. might be triggering? nothing super graphic,,,https://www.reddit.com/r/sexualassault/comments/no3sbc/i_dont_know_if_i_was_actually_saed_and_i_think_i/,,harassment,sexual-harrassment-data-updated - RelevantByTitle.csv,de5b949e0e1bf536c97fae4f2ccd7a6039634ea897ed887dc6d81552218a1c16,,"i don’t know if i’m looking for input or just using this to rant and get it all out. i’ve talked to friends about some but im a reserved person so they don’t know everything. as the title says, i’m honestly not sure if some instances were actually sexual assault or not and i know not many people will read this i think i just need to get it out of my head. and it’s been hard sometimes

about a year ago i was talking to a guy, we’ll call him D. D and I had an extremely toxic relationship if you can even call it that. we were never official or anything, but we talked for a few months. we only hung out in person once. we drove around in his truck and he kept trying to put his hand down my pants and i kept telling him no and pulling away. eventually i just let him do it though. i was uncomfortable because i wasn’t super experienced but i didn’t know what else to do other than say it’s fine. after all of that he took me back to my car and i made the move to kiss him. we made out for awhile so i feel like that just counteracts everything that happened before. so i don’t know, i feel like i’ve just been overreacting over the past year about it. 

there have been times with one guy in particular where things would get hot and heavy but then i would start panicking because i’d think about D and everything that happened with that.  i’d move his hand and try to just cuddle but he would push further and keep trying to finger me. i also don’t know what this was. i’ve hooked up with this guy so many times before. it’s bugged me that i would just do the same thing that i did with D and go along with it or just let him keep going

another thing that i’ve honestly just thought about lately is my recent ex. whenever i’d go to his house we would have a lot of sex and then i’d sleep over. in the morning when i woke up he’d always be up before me so i’d move in closer. i’m not going to sit here and lie but i definitely would rub up on him to start something. but i realized recently that i don’t remember being awake for some of it. i would be in that inbetween where i’d be awake and then drift back to sleep and go back and forth. but i wanted it when i was awake? idk what i’d call it because i wanted it and i was the one who started it all",2021-05-30 4:53:58,1622350438.0,"{'bug', 'take', 'pull', 'use'}","['i', 'dont', 'know', 'if', 'i', 'be', 'actually', 'sa', 'ed', 'and', 'i', 'think', 'i', 'just', 'need', 'to', 'put', 'thought', 'into', 'word', 'might', 'be', 'trigger', 'nothing', 'super', 'graphic']",relevant,non relevant
aoaz7h,metoo,My abuser finally got his karma,,,https://www.reddit.com/r/meToo/comments/aoaz7h/my_abuser_finally_got_his_karma/,,harassment,sexual-harrassment-data-updated - RelevantByTitle.csv,a30fa10f1706cf4d51f3b66fc45b6fd0b84a4d580e5539aa399c49da9625b237,,"Over 2 years ago I escaped a horrible living situation where my mom's boyfriend groomed and molested me for 3.5 years. I was encouraged to press charges by friends and did just that. This week after 2 years of the trial pushed back over and over it finally happened. On Tuesday I went on the stand and testified all the horrible things he did to me. And left pretty much after I was done. Come to find out (through my grandma who has supported me despite her daughter, my mom, believing her boyfriend) that my mom and her boyfriend fabricated his existence in our lives and how he lived with us. IE he slept on the couch when he first moved in when in reality he never once did, and tried to claim he was less of a bum than he was. Nonetheless the jury found him guilty of all sexual battery acts on a minor. He could get up to 30 years behind bars. I am so elated that I pushed through this despite all the times I consistered giving up. 

TL;DR : Moms boyfriend was sexually abusive, I pressed charges, and won despite the date being pushed back again and again.",2019-02-08 0:57:21,1549587441.0,"{'molest', 'push', 'press'}","['my', 'abuser', 'finally', 'get', 'his', 'karma']",relevant,non relevant
n1cz5g,assault,i don’t know what to do,,,https://www.reddit.com/r/sexualassault/comments/n1cz5g/i_dont_know_what_to_do/,,harassment,sexual-harrassment-data-updated - RelevantByTitle.csv,b922550bf8bc51b0edc95a2dbd756c295546547e38c9f2007c5230a88f764476,,I was sexually assaulted by my ex boyfriend and i don’t know what to do. can i report it 9 months later? it messes with me so much and i just want some type of relief.,2021-04-29 20:07:29,1619726849.0,{'assault'},"['i', 'don', 't', 'know', 'what', 'to', 'do']",relevant,non relevant
1ejkcjd,Pregnant,I've survived my 1st trimester & this is what I've learned,"Hi Y'all! When I first found out I was pregnant w/ my first this is the place I came to try and get answers/advice. I even posted a WTF Rant on how horrible it was. I often see post from FTP and I thought maybe it would be nice to have a ""survival guide"", especially since I had A LOT of symptom's that were not super fun.

Before I get started on the all the things, I thought I would preface that I had no illusions about pregnancy. I had A LOT of cousins & aunts & friends who have been pregnant, so I've heard lots of things, but I was not ready. I had no idea just how not fun it was going to be - with that being said, below are the list of my symptoms & how I handled them. I hope this helps anyone who may be scared/anxious right now.

**Nausea //**  
**How I Felt:** For me this was the 2nd part, it got so bad that for several weeks I was pretty much eating boiled chicken & rice. Considering I'm a HUGE foodie who very much enjoys a diverse food selection this killed me. I didn't actually throw up that often, instead I would just dry heavy constantly and when I looked, smelled or was around cooking I wanted to throw up. For me this lasted from around 5W - 11W. It's gotten A LOT better, but cheese still smells rotten.

**Solution:** I wish I could tell you there's a magic bullet, but there isn't. I've found ways to work around it.

* Don't let yourself get hungry - pretty much between meals I would snack on crackers and this helped a lot to keep the nausea at bay. It wasn't 100%, but I feel like it was better.
* Don't over eat - on the flip side I couldn't let myself get overly full. pretty much just staying steady with food made it easier.
* Sucking on Ginger Candies - this helped a little and honestly towards the end it was a hail mary, because I was so sick of all of it. It did help a little, but I'm not sure it wasn't more of a mind thing.
* For me Staying away from smelly, super sweet or super spicy things - again I love eating diverse food, but here we are. Pretty much I had to stick to the basics.
* Eat where you can, when you can - IDK how many times I asked my husband to pull over and get me something from the gas station or wherever because I felt hungry and not nauseas. I would wake up at 2am and eat cereal, so whenever wherever.
* Don't get up quickly - this sounds weird, but if I moved to quickly I would feel sick.

**Hunger Pains //**  
**How I Felt:** I'm aware this sounds crazy, but when I was hungry I was STARVING. As I've come into my 2nd trimester it hasn't changed & has probably gotten worse.

**Solution:** Honestly, I snack all the time. It helped with the Nausea and it helps with this. I was also told to eat higher fiber meals, but that hasn't helped as much.

**Tender Breast //**  
**How I Felt:** I must not remember puberty, because I don't think my breast have ever hurt this bad. It was so bad I felt pain just putting on a shirt. I would wake up in the middle of the night crying from how bad it hurt because I was laying on them. I feel like this lasted from 5W - 12+3.

**Solution:** For this one I have 2 suggestions:

1. Wear a sports bar or a bralette 24/7. I wore one any time I wasn't in the shower & it helped a lot. I really liked those Skim dupes on Amazon.
2. Hot Compress on the breast. I would put a hot towel on my breast and that would help a little, but every little bit helped.

**Bleeding (this will be TMI) //**  
**How I Felt:** This was the worst & scariest part. We spend so much time being told pregnant people don't bleed, but that's apparently not true. I spotted from 5W - 9W, so pretty much that whole 2nd month, and the blood was anything from brown to pink to red. When I got closer to my period the bleeding would get heavier close to my last couple days of my period.

This completely freaked me out & was the source of a lot of my fears & anxiety. I couldn't see an OB until week 10, so it was hard to feel so alone, especially since I didn't want to tell anyone about the pregnancy if something was wrong. My husband really tried to help, but he can only do so much. We ended up in the ER twice and both times everything was fine & the doctors would say it's normal - that kind of helped.

**Solution:** There isn't a solution for this, but I do think it's something we as women should talk more about. If you have the means and you feel like you should, I would recommended going to the hospital if you can't get with your OB. At the minimum you won't drive yourself insane.

**Exhaustion //**  
**How I Felt:** Tired, I felt tired, like fall asleep sitting at my desk while working tired. Everything wore me out - I could barely make it through Costco without a nap. Clean my house? Forget about - I would do one thing then need to sit down and sleep. To put this into perspective, I was in Japan walking like 8 miles a day in May. I'm not like super athletic, but I was definitely get my house clean active.

**Solution:** Again I don't have a solution, other then give yourself grace. Your body is going through some crazy shit and it needs to rest. I will say this is another thing that has gotten better, but isn't completely gone. I'm still very tired in the evenings but it is what it is - I'm growing a human so like you can only do so much.

**Anxiety & Fear //**  
**How I Felt:** So.... I'm already an anxious person. I have PTSD from a not that great childhood & growing up that anxiety manifested itself through an ED. I've been in recovery for like 12 years, so I'm good, but also this experience has brought loads of new things.

Most of my anxiety/fears were around just having no idea what was happening with my body and probably the hormones - the bleeding didn't help. I felt like I couldn't talk to anyone, but my husband about anything because I was scared that if something did happen then I would have to tell people about the lose. It was & is just a lot.

**Solution:** I started therapy again. I know not everyone has this as an option, but it's how I dealt with it. I have a few other thoughts below:

* I wish I had told someone. Just at least 1 person other then my husband. I feel like being able to talk to someone other then my partner would have made me feel less insane
* Communicate with your partner. I love my husband, he's the best and truly helped a lot, but he's also NOT a mind reader. So I just had to talk and often he wouldn't have a solution but talking still helped and I wasn't alone in my thoughts.
* Try to stay off the internet & not Google everything. I know this is hard, especially with so much happening. I was on this sub-reddit a bunch wanting to see other people experiences and relate them to my own, but honestly It made my anxiety worse. Seeing others talk about miscarriage and all the things that could happen made my brain come up with all sort of scenarios, but those people deserve and should have a safe place to find others. I just took myself out of the equation for a little while. 

Also this is going to sound crazy, but I was watching The Kardashians and Kris was helping Kourtney put together her nursery. Kris was saying something about how her daughter should have done this already and Kourtney's response was ""People use to have babies in caves"" and I was like OMG YES THEY DID. People were having babies before their were ultra sounds or good medicine. Hell drug addicts (no judgement just saying) and alcoholics (again no judgement) have babies. I'm trying to take care of myself and do all the right things, so really I can only do so much and if something not ideal happens it happens, but it won't be my fault.

**Random Aches & Pains //**  
**How I Felt:** So I'm not sure how much of this is real or just like I'm HYPER aware of my body, but I feel everything that happens in my body now. I have all sorts of random aches in my back or side or pelvis. I talk to the doctors about them & ""everything is fine"" so whatever I guess.

**Solution:** You can take Tylenol, so if you need it take it, but honestly I've found that these go away quickly and a hot towel usually helps.

**Body Image //**  
**How I Felt:** I'm a small person, like for my height I'm skinny. A healthy weight and stuff, but skinny none the less, so I feel like I ""started showing"" early on, but I was also bloated a lot. It was hard to deal with all the changes my body was going through on top of all hormones.

**Solution:** Again I started therapy - I thought this was best given my ED history and my body is about to change a bunch more. Also again this is another time I wish I would have told someone earlier on.

**The Hair Oil, Smell & Acne //**  
**How I Felt:** I have to be going through puberty again! I'm a natural blonde & if I take a shower in the morning my hair is oily by the evening - it's crazy. I'm breaking out EVERY WHERE and I swear I smell the worst no matter how much I shower or the detergent I use. It's all so bad & hasn't helped my body image problems.

**Solution**: I'm taking more showers and I've started the same skin care routine that I used as a teen, which is helping. I've talked to my husband about this & how unattractive I feel and he thinks I'm crazy (he just says I'm perfect), so there's that. The smell has gotten better in my 2nd trimester, but the acne and oil not so much.

**Fear of Sex //**  
**How I Felt:** The bleeding at the start freaked me out and I'm still terrified to have penetrative sex. Also my libido isn't so high at the moment, likely due to the all the things listed above.

**Solution:** My husband is very physically affectionate - that's his love language. So I talk to him often about how I'm feeling and how I'm viewing myself. I make sure to kiss, hug and give other physical affection. My husband understands and wouldn't force anything, but there are other choices for sex then you know penetrative sex (if your not sure what those are, this is the internet feel free to look it up).

I know this was a lot & if you read it all cool! I hope it helps someone and makes them feel less alone. If anyone else has any experiences or advice they would suggest then add below!",2024-08-04 2:13:39,https://www.reddit.com/r/pregnant/comments/1ejkcjd/ive_survived_my_1st_trimester_this_is_what_ive/,,miscarriage,miscarriage-data-updated - miscarriage_related_posts.csv,39a16fec3dcd13c68261f83b0cd92d2d6705a2148493117f2ddbaa499ac6d5dc,high_precision,,,,,,,
1cmc5l2,BabyBumps,I feel so guilty for having gender disappointment.,"First, I apologize in advance if this upsets anyone. I don’t like that I feel this way either and it’s eating me up inside. 

My entire life I dreamed of having a daughter. I saved my hand painted floral dresser from my childhood bedroom for the girl I thought I would have. I never envisioned I would be a boy mom. I have two older brothers who each have a son. I have a stepson and my son was born in 2021. I know my mother and my mother-in-law would be overjoyed to have a granddaughter. It’s not going to happen though. My husband’s brother doesn’t have any kids (and doesn’t want any either), so our kids are all they will ever have. We found out via NIPT testing that this baby coming will be another boy. This is our last child since I was diagnosed with cervical cancer last year and was told I need a hysterectomy after this birth. 

I guess I’m just grieving what I thought my life would be like. Please don’t get me wrong. I had similar disappointment when I found out the sex for my last pregnancy, but I got over it quickly because I was just excited to be a mother and knew I would likely have another child. My husband was pretty convinced this would be a girl so he is feeling a bit disappointed as well.

I’m not unhappy to be a mom and I know I will love this child as much as I love my first. I just can’t shake these feelings right now and feel so guilty for it. I think the worst part is knowing that the hysterectomy will make this absolutely final. I’ve had 3 different cancers over the course of my adult life and having no control over anything really gets old after a while. It’s silly but it always feels like things never go the way I wish them to and I’m sick of feeling out of control. I can’t think of a single boy name I like. I can’t even think of how to decorate his room. I feel very disconnected from my pregnancy right now.  I don’t think I’ll feel this way for very long but it still hurts me that I am having these thoughts at all. I feel like an awful mother. 

To make matters worse, I’ve had 3 miscarriages. My last was this past October and I found out I had miscarried a girl. I honestly wish I never knew since it’s all I can think about right now. ",2024-05-07 13:39:36,https://www.reddit.com/r/BabyBumps/comments/1cmc5l2/i_feel_so_guilty_for_having_gender_disappointment/,,miscarriage,miscarriage-data-updated - miscarriage_related_posts.csv,196297e84bcc3b2d6f2aec6eacda6b85c532d46fdc11cca3b1aaa145a5229cb5,high_precision,,,,,,,
vq71v4,BabyBumps,Unconventional Delivery,"Edit:

I didn't mean to worry anyone with this post! I did want to clarify a few things since words like freebirth are being tossed around in the comments.

First, my doctor follows by ACOG recommendations, which states that you can safely wait until 42+6 before you induce. She delivered my previous baby at 42 weeks, though my induction date was set for 42+4. The risk of stillbirth at 42+ weeks is only 0.1%, so you're 50 times more likely to get accepted into Harvard than you are to lose your baby from being overdue. Since I had a c-section with my first baby, I am at a higher risk of rupture if I induce instead of going into labor naturally. My mother had 3 c-sections and began to rupture with the youngest, so my provider and I take my risk of rupture VERY seriously.

Second, my contractions were exactly like my prodromal contractions. If you have not had prodromal contractions, then count yourself lucky. Cramping, back pain, contractions on the top of your belly. I've been checked out by my provider numerous times already because I thought I was in labor and wasn't. My water also broke BEFORE labor with my previous baby so my doctor was made aware right away and we knew that the following contractions were legit, but with this baby my water didn't break until he was crowning. Had my water broken before labor started, I would have known that my contractions were not just prodromal labor.

My ""transition"" contractions were SO different than when I was in transition with my previous baby that I thought maybe I was going into active labor. I cannot begin to describe just how bizarre all the contractions were. They were not your standard contractions like I had with my previous baby. Even the contractions I had throughout the night were very bearable. I literally laid in bed next to my husband and our 17 month old. I did not make a sound because they were that simple. The change from those kind of contractions to the further apart but slightly more intense contractions made me think I was going into active labor, NOT transition. Because we recognized that something was changing my husband IMMEDIATELY called my SIL because she was going to watch our kids. She's going through a very rough situation currently, and brought her children to visit with a family friend to cheer them up and that is why she was so far away. Normally she's only about 15 minutes away. I was also begging for an epidural during my previous labor and did not have the same intense feeling this time, so I did not think I was THAT far into my labor.

Third, my birth kit was from my previous birth. I never labored with my oldest since she was an emergency c-section at 32 weeks, and I had no idea how I would labor. Considering my family's history of precipitous birth, I wanted to be prepared. My husband had to literally dig the box out of storage.

Fourth, my mother is a nurse with her BSN with a 10+ year career. She came yesterday and has fully assessed us. We are both healthy and strong, so she understands my desire to not go into the hospital. I have a lot of trauma from my first baby's birth since so much was out of my control and decisions were made that in hindsight were not the best. Since baby and I are well, I just do not see the need to subject myself to that. My doctor discharged me less than 24 hours after my previous VBAC, so I don't see why I need to go in just to be discharged a few hours later when I already have medical care at home. My mother is staying with us until my appointment on Tuesday, and is doing the same routines that my nurses did after my VBAC. If there's anything alarming to her whatsoever, I will not question it and I will go in right away.

I'm sorry if these don't seem like good enough answers for some of you, but it is what it is. You can jump to your own conclusions, I can't help that. Right now I'm just celebrating my baby's birth, as bizarre, unconventional, and non-traditional as it was. I also didn't tear this time, which is AWESOME. I had a second degree tear plus I tore my clitoris with my previous baby, so not having to heal from that is amazing!!!

~

Well, at exactly 42 weeks, my baby made his way into the world! It has been a WILD ride. To sum up a long story, he was born at home and my husband delivered him!

For the past seven weeks I have had tons of contractions and cramping. So many times I have thought ""this is it"" and they fizzled out. So when contractions started around midnight last night, I assumed it was the same thing. I didn't get good sleep, but who does this far into pregnancy?

When my 17 month old woke up close to 7am, they started getting further apart. I figured that was going to be it and I was just going to have to wait another day. Boy, was I wrong!

After a few more hours, it started getting into my head that maybe, just maybe, this was the real deal. It was not long afterwards that I started having a panicky feeling during the contractions; this happened when I was going through transition (the last stage before pushing) when I was having my previous baby. However, the contractions were still further apart, while with my previous baby they were right on top of each other. I figured it was just active labor still, and decided to take a bath. My husband called his sister, who was visiting another friend a couple hours away, and she started driving to us so she could watch our two children. She did not make it in time!

In a very short amount of time, the panicky feeling went away and the urge to push came on strong! My husband was bouncing back and forth between me in the bathroom and our kids in the living room. Suddenly he tells me that he can see the baby coming, and says, ""Are we doing this?!""

The answer was yes, we had no other option! In just a few more pushes my baby came shooting out like a torpedo and my husband caught him 🤯 The cord was wrapped around his neck, which my husband untangled before placing him on my chest. It was 12:09pm ♥️

We have been doing lots of snuggling and nursing since then. Since the baby and I are both doing well, we've opted to not go to the hospital and just to see the doctor for a postpartum checkup on Tuesday.

I am very thankful that we were prepared for this kind of situation. My grandmother on my mother's side had remarkably short labors (her third child was born 20 minutes after her first contraction), and since we had no idea what birth would look like for me when we were having our previous baby (VBAC), we had a birth kit on hand. Obviously we didn't use that for him since my water broke before active labor started and we had no problem making it to the hospital of our choice at the time. But my water did not break until the very end with this baby, which I was not expecting! But we had everything we needed from cord clamps and sterile medical grade scissors to meds and even a bowl for the placenta.",2022-07-03 2:16:31,https://www.reddit.com/r/BabyBumps/comments/vq71v4/unconventional_delivery/,,miscarriage,miscarriage-data-updated - miscarriage_related_posts.csv,2ad2117f1c6949582a9401a532931e2f5fcc9e89b386651985c152e228edb92e,high_precision,,,,,,,
nyuz3f,assault,I don’t know if I was sexually assaulted?,,,https://www.reddit.com/r/sexualassault/comments/nyuz3f/i_dont_know_if_i_was_sexually_assaulted/,,harassment,sexual-harrassment-data-updated - RelevantByTitle.csv,538a0c9c40a4de47a5f93972ebc4325e6a69d99fb9c7eb2af754859f071b68d5,,"This is a throwaway because this situation has made me paranoid about people finding me online. When I was 14 I met someone online, we weren’t really friends we just spoke occasionally on an online chat thing, I never planned on letting it go any further. Then it turns out he lived very close to me(next to my school), he was 16 and I was stupid enough to become friends with him, so for a few months we spoke quite a lot just as friends until he convinced me that we should be more than friends.

Everything was fine for a while, until he started forcing things on me, initially it was only kissing which I’d told him I wasn’t ready for because I’d never been in a relationship or done anything before and I wanted to wait, but he made me believe that i wanted it. Then it went further and he started getting more sexual, he usually stopped when I told him to(which I now realise was just because his family was in the house and he didn’t want them to hear), but one time when it was just us he didn’t stop straight away and it got to the point of being undressed and his hands in a lot of places, thankfully a delivery driver knocked the door so he had to stop. He made me believe for so long that it’s what i wanted and that I couldn’t tell anyone because no one would believe a 14 year old. I’m now 17 and haven’t done anything with anyone at all since then, and I’ve only told one person, but Im still not sure if it actually counts as assault. I still have that feeling that I should of been old enough to know not to go into the house alone with him, and it never went all the way so I’m scared that if I tell someone else they’ll just brush it off because he stopped before it went too far. I’m sorry if this isn’t allowed here I just didn’t know where else to ask about this",2021-06-13 12:11:39,1623586299.0,"{'feel', 'force', 'knock', 'kiss'}","['i', 'don', 't', 'know', 'if', 'i', 'be', 'sexually', 'assault']",relevant,non relevant
1l07vug,Miscarriage,Miscarried-Haven’t seen sac yet?,"Started miscarrying around 8 weeks along. I’ve been going through a slow natural miscarriage for over 2 weeks. This past Tuesday I had heavy bleeding, cramps, and contractions. Passed mostly blood and a piece of tissue the size of a quarter but didn’t see a sac or fetal tissue. Since then just small amounts of brown spotting. Anyone had a similar experience that didn’t need a D&C?",2025-05-31 21:19:18,https://www.reddit.com/r/Miscarriage/comments/1l07vug/miscarriedhavent_seen_sac_yet/,,miscarriage,miscarriage-data-updated - miscarriage_related_posts.csv,2c86e3a334d4338e005b3486793a94143e9bbe8726f7f0d151dd741f2d892789,high_precision,,,,,,,
n0h3tp,assault,Attempting to confront the guy who took advantage of me!,,,https://www.reddit.com/r/sexualassault/comments/n0h3tp/attempting_to_confront_the_guy_who_took_advantage/,,harassment,sexual-harrassment-data-updated - RelevantByTitle.csv,59b622dcc4edf99b8ef6544d818ae32b79d73cf9bb93eb161f7f60b4c0a29744,,"He probably won't add me back on snapchat, but I'm proud of myself regardless. I finally feel strong enough and that I have enough worth to confront him. I tried at the beginning, but I was so low in self-esteem and afraid that I told him that I didn't 'blame him'. Well fuck that, I entirely blame him. I have stopped believing that it was my fault. It was creepy. It was so so so gross. I hope he knows I view him as a creep and not a 'player' or 'fuckboy'. I view him as a disgusting self-obsessed weirdo. I don't even want to fight with him, I just really have the urge to stand up for myself. I doubt he'll add me back, I doubt he wants to confront that side of himself.",2021-04-28 15:16:59,1619623019.0,set(),"['attempt', 'to', 'confront', 'the', 'guy', 'who', 'take', 'advantage', 'of', 'me']",relevant,non relevant
ff8n8q,metoo,Was I sexual assaulted,,,https://www.reddit.com/r/meToo/comments/ff8n8q/was_i_sexual_assaulted/,,harassment,sexual-harrassment-data-updated - RelevantByTitle.csv,df9a71064f313813e3d1e04ac13b99fa1902775e5f9e2a3a384f886fadcf814f,,"So I haven’t told anyone about this but growing up I used to hang out with my older cousin a lot and he was always so sexual towards me, when I was 5 or 6 he forced me to Makeout with him, when we would play wrestle he would hold me down in sexual positions, he would make me watch porn with him, and he would always make comments about my boobs and even grabbed them one time. The worst part of it is last year he asked me if I remember what we used to do together and I thought he meant the watching porn thing so I said yea. After I said that he started laughing and said “ it was so funny watching your face when we did it, you were all like ahh” and made a fake moaning face when he said that. I don’t remember anything like that and I’m so scared that he might have raped me and I just don’t remember it, I can’t even tell my family about it because I don’t remember it. I don’t know what to call what he did to me, would it be called sexual assault or molestation, I really don’t know but I want to find out so I can try to talk to my parents about what happened. I’m not sure they would believe me but I want to try to talk about it.",2020-03-08 6:19:34,1583648374.0,"{'rap', 'force', 'use'}","['be', 'i', 'sexual', 'assault']",relevant,non relevant
igv6k1,BabyBumps,I'm 8 months pregnant after 11 miscarriages and I'm starting to realize that it's okay and I really am going to have this baby.,"It seems like just a few weeks ago that I got the positive test and then spent way too much time comparing tests after every pee to make sure they were getting darker. I have only just now bought any baby clothes or referred to her by name. I know it's not logical, but I didn't want to jinx it.

This is really going to happen, isn't it??? I'm really going to have my rainbow baby.",2020-08-26 8:34:48,https://www.reddit.com/r/BabyBumps/comments/igv6k1/im_8_months_pregnant_after_11_miscarriages_and_im/,,miscarriage,miscarriage-data-updated - miscarriage_related_posts.csv,3d6bf49a5de48a0d051d1f2e52bc5091f10d418cd50175e07739fb0c00dadcdb,high_precision,,,,,,,
1dxp81e,abortion,2nd abortion and I feel horrible,I feel like a scummy p.o.s.  I had a medical abortion in February and now months later in pregnant again. I feel horrible that I let this happen again. Has anyone had multiple abortions?,2024-07-07 19:53:40,https://www.reddit.com/r/abortion/comments/1dxp81e/2nd_abortion_and_i_feel_horrible/,,abortion,abortion_data-updated - new_abortion_related_subreddits_text_posts .csv,44e7b6afa633404048de7009b2d2d0be6591631adcc1a64f39c002f987930fdf,,,,,,,,
10h4vu4,relationship_advice,When will I 23f be enough for him 34m,"My 23f boyfriend 34m have been together for 6 months or so. It has its ups and downs but he complains all the time about everything I do. It seems I disappoint him constantly. He says that I’m perfect: I’m funny, beautiful, checks all the boxes.. if only I acted more mature I would be perfect. 

Not sure if he’s joking or not but he’s constantly saying things about my stomach. I’m pretty petite as is and I have gained some weight but I don’t think it’s necessary for him to put me down because of it. Again I would be perfect if I lost the stomach 

We’ve gone through some hardships lately. One being my abortion :( that absolutely killed me but he says that we weren’t financially ready and I wasn’t mature enough to handle all of that. And I’m still also trying to finish school. 
Another being his health deteriorating. He’s had to go to the ER so many times this past month and I’ve been trying to be as supportive as I can be but if I make one mistake he says that he can’t rely on me and chooses to go to his grandmother for help. 

He is a bit hard on me but his excuse is that the world will eat me up otherwise and he’s giving me the experience I need to survive.

I do love him and I try my best to make him happy but I just don’t know anymore….

Tl;dr    I don’t know what to do about my relationship. I try my best to do everything to make him happy but I don’t think I’m good enough. I don’t think I am",2023-01-20 18:50:51,https://www.reddit.com/r/relationship_advice/comments/10h4vu4/when_will_i_23f_be_enough_for_him_34m/,,abortion,abortion_data-updated - new_abortion_related_subreddits_text_posts .csv,a6f2f4ce83eee2355d9b8ddadb61eb294f90b403cc605c96fc650225c95b1807,,,,,,,,
1l3n0i4,Miscarriage,The “Wonder” where you get the nerve box,"Me and my wife have experienced two miscarriages now… April 2024 and January 2025. Today I got a package in the mail “The Wonder Box” I opened it up and it had a congratulations to new parents message in it and baby formula. I thought my wife had set me up for an announcement surprise and ran into the house asking “Are you pregnant!” She was not and it turns out someone sold our info and the formula company thought we were still pregnant so sent this. 

Bummer….",2025-06-05 1:34:49,https://www.reddit.com/r/Miscarriage/comments/1l3n0i4/the_wonder_where_you_get_the_nerve_box/,,miscarriage,miscarriage-data-updated - miscarriage_related_posts.csv,a287832463fa999ed5ae7788378b922b7f7311f49309c1aeadf2353545b3561c,high_precision,,,,,,,
1ky0zfc,TwoXChromosomes,Recommendations/ Advice for Bisalp?,"As of posting this I reside in the Southern U.S. (TX), and with abortion being practically banned here (there was a woman arrested and placed in jail for 5 months because she had a miscarriage), along with other health concerns (hypothyroidism since childhood, as well as the genetic risk of lupus flairs after pregnancy), as well as my personal ambitions that leave little room for children, I've decided that as soon as I legally and financially can (still under 18 currently), I want to pursue getting a bisalp. (I also have an acute fear of pregnancy and its effects, but that's a minor factor in comparison to other variables). From a practicality perspective it seems to be the most logical since from what I've read it has a high efficacy rate, has few complications, relative cost efficiency, a quick recovery, and leaves open the option for IVF in the improbable case that I decide I do desire biological children later in life. All this being said, although it will likely be several years before I can properly execute my plans, I'd like to collect as much input/ advice as possible so that I can create the most full proof and systematic design to achieve my goal.

I am unlikely to receive any parental financial support and it will be classified as an elective surgery, and although I am not aware of what my financial situation will be in the future, I anticipate that I may not qualify for aid. Unfortunately I reside in a strange middle-class economic range that does not receive welfare but does not have the abundance to pay completely out of pocket. Regardless, I plan to prepare for the worst possible case and save to pay for the entirety of the cost myself. Due to the high medical costs in the U.S., and the general lack of autonomy women are provided in the medical world, I am seriously considering medical tourism, perhaps Turkey, Austria, Thailand, or Slovakia, as I have heard generally positive things about procedures performed in those countries.

I appreciate any advice, experiences, and perspectives, but would kindly ask that anymore providing input would abstain from attempting to dissuade me or change my decision. I am well aware of the consequences and risks of my actions and have given extensive thought to this particular topic. I realize that I am young, but please do not mistake my youth for naivety or immaturity.",2025-05-29 3:39:10,https://www.reddit.com/r/TwoXChromosomes/comments/1ky0zfc/recommendations_advice_for_bisalp/,,miscarriage,miscarriage-data-updated - miscarriage_related_posts.csv,92130e38ab343fd5d769a97273121b1186f9c7fa4c6aaaf65c2e7a0cdbcfd0a7,high_precision,,,,,,,
8r7x3r,assault,My mother put me at risk of sexual abuse,,,https://www.reddit.com/r/sexualassault/comments/8r7x3r/my_mother_put_me_at_risk_of_sexual_abuse/,,harassment,sexual-harrassment-data-updated - RelevantByTitle.csv,e5a53649ee746e56ad45a84a3566b4dbb1e254539eb7d25ae1981863cb51729a,,"I just want to start off this by saying that my mom is incredible. I have the closest relationship with her and she is the most caring and loving person I know. She has taught me the true definition of unconditional love. 
So, my mom's uncle sexually abused two of her cousins when they were children/teenagers. They are now fully grown adults into their 30's/40's, so these incidents happened years ago. However, I recently found out my mom has always known about this yet still continued to let him be around me and my brother our entire childhood. There was also one time I had work (I was 17 at the time with a part-time job) and had no ride home as my both my parents were out of town. My mom's same uncle offered to drive me home and my mom accepted his offer. He drove me home alone. Nothing happened. However, I can't seem to let go of the fact that my mom let a man who she KNEW was a child molester bring me home and also essentially put me at risk of harm. 
What I also can't seem to get my head around - this man has a suspiciously close relationship with one of his neighbours - a girl who is only 18. He regularly takes her out shopping and for lunch etc, and just spends a lot of time with her. Given his history, it's an extremely suspicious situation. I recently heard my mom talking to her sister about this and she said that she would NEVER allow me to be in that situation with him nor have that sort of relationship. I was immediately reminded of the incident in the car and interrupted her and said ""you let him give me a ride home from work alone?"". Her reply to that was ""that's different."" Really?

Can someone please offer me advice on what to say or do in this situation? Are my feelings justified? I am deeply hurt by my mom and although this man has never once touched me nor have I ever felt uncomfortable around him, I can't help but feel that if something had indeed happened that day in the car or throughout the years she would partially be to blame. ",2018-06-15 3:32:49,1529033569.0,"{'take', 'touch', 'abuse'}","['my', 'mother', 'put', 'me', 'at', 'risk', 'of', 'sexual', 'abuse']",relevant,non relevant
1l84xt0,abortion,Will i regret aborting or having the baby??,"I (21F) and my bf (26M) have been dating for 3 years. About 6 mos after dating i fell pregnant to our first baby together. We were so excited! He made it to 24 weeks gestation and came early due to a placenta abruption. He unfortunately passed away 2 days later. Fast foward 2 years i find out im pregnant in April 2025, but sadly end up having a chemical pregnancy. I havent had my period yet and took another pregnancy test today (June 9) , for reference my hcg levels were at 0 on May 19 from blood test, and found out i am pregnant again. I feel happy but nervous. i have always wanted to be a mother for as long as i could remember, as i was a little girl who grew up without one. My Bf, however, was not the happiest. Telling me we should get an abortion because were not ready. Stating we are not financially, mentally or physically ready. My bf already has another son who he is currently fighting for custody for. We both have decent jobs but BARELY make ends meet every month. I KNOW we are NOT financially stable and considering we live in a 2 bedroom apt with a roommate, we wouldn’t have very much space for new baby. But i feel very depressed about losing my baby 2 years ago and have been waiting for the day for it to happen again, and maybe kind of hoping. In addition, this baby is also due the same month as my first baby and it just feels like it was “meant” to be. However, i am not in the best physical shape and i know a baby will not help that as well as not being financially stable and us not being mentally prepared. Ive read a bunch and have been doing research because truly i dont know. Do i sit here and give birth and possibly become a single mother when i cant afford to even LIVE on my own or be resented for making our lives essentially harder because of my selfish feelings of wanting my baby back? Or will i regret having an abortion BECAUSE i want my baby back? What would you guys do?",2025-06-10 17:34:57,https://www.reddit.com/r/abortion/comments/1l84xt0/will_i_regret_aborting_or_having_the_baby/,,abortion,abortion_data-updated - new_abortion_related_subreddits_text_posts .csv,c60297c08a49e17e0ec271af0fd5eeee11b720960cf91c0e991b0a2b06ac316d,,,,,,,,
lq2ba5,assault,I thought I had dealt with this,,,https://www.reddit.com/r/sexualassault/comments/lq2ba5/i_thought_i_had_dealt_with_this/,,harassment,sexual-harrassment-data-updated - RelevantByTitle.csv,d5899589450b4232f8075dfc9bbbed2c39e58e68e786446385e9185f0ce18001,,"I haven't dealt with this. I'm wondering if I need to seek professional help now. 

The other night I had an argument with my father. Brief context, my mother is in recovery and very recently came back from a relapse. A huge relief but it still has a toll. My father was essentially having a huge paddy thanks to all of the stress but I was in no mood to tolerate it. 

He screams ""You got out of your abusive relationship, I'm still stuck in mine!""
(Yes, he was completely wrong to say that and he knows. A ridiculous paddy born of horrendous stress like I said.)

I scream back "" You have no idea what I had to deal with! There was sexual abuse in my relationship!""

They didn't know that and just like that it's out. I can't put it back to where I had been hiding it. I had no idea I would say that!

I feel awful. I know I shouldn't.
I feel guilty. I know I shouldn't.
I feel ashamed again that I convinced myself every time that he was drunk and didn't know what he was doing.
I feel disappointed in myself that I stayed and let him manipulate, gaslight and abuse me for years. Then cheat on me, leave me and made me think I needed him. 

I feel angry that my family know, I wanted to protect them from this.

Now I'm thinking about it again and I feel damaged again.",2021-02-22 22:47:31,1614034051.0,{'damage'},"['i', 'thought', 'i', 'have', 'dealt', 'with', 'this']",relevant,non relevant
1lac1b8,AmItheAsshole,AITAH for telling my FIL he can’t hump the floor at my house or in my presence,"[UPDATE IS HERE](https://www.reddit.com/u/Thr0wAwayFrisbee/s/0aOpW8qzVw):

Crazy title and I wish it weren’t true but here we are. Unfortunately I’m asking because I’m possibly in a state of being gaslit OR i actually can’t take a joke and I can’t see it. My FIL (late 50s) is known for being VERY playful - goofy some would even say. Well him, my MIL (late 50s) and 3 sibling in-laws (20M & 27M28F-married couple) came to stay with my husband and I at our home (28F30M) and to see our new LO (7 months).

Well LO was put to bed and we were all in the living room area hanging out, doing stretches, just casually talking, when FIL decided it would be funny to start humping the ground out of no where. And unfortunately it was directly in front of me (not MIL).  Mil and I looked at each other in shock while his children all laughed and chuckled. FIL made it clear that the gesture was meant for his wife despite it being directly in front of me (with eye contact) so we dropped it. The night passed, they left town, and after a few days of not being able to shake the image in my head, I decided to talk with my husband about how uncomfortable it made me ALONG WITH other sexual jokes he makes about us all being married and etc.

There’s been this big divide now on how I’m always ruining the fun, how it was “just a joke” and not a sexual gesture, and how I’ll always find a problem when my husbands family is in town. His family thinks this however, when I speak with my mom, sister, cousins, and anyone on my side of the world, they see his “joke(s)” and “gesture” as totally inappropriate. My FIL tried to make the point that I’ve done TikTok dances in his home with the other sibling in laws and my husband and he’s never felt uncomfortable because he knows they’re harmless and that it’s not fair for me to judge him about this vs knowing his intent (which was to just make a joke). My point is, even though I’m not on tiktok and I don’t post videos, everything I’ve done is postable, him slow stroking the ground is not.

My husband got mad at me for not seeing it as a joke and so did the other married siblings who were in the room that were raised by FIL.

So AITAH for saying that my FIL humping the floor in my home/presence made me uncomfortable and drawing that boundary.

I genuinely would appreciate feedback because I plan to have another conversation soon and I want to know that I’m coming into the conversation grounded in reality.",2025-06-13 9:59:12,https://www.reddit.com/r/AmItheAsshole/comments/1lac1b8/aitah_for_telling_my_fil_he_cant_hump_the_floor/,,abortion,abortion_data-updated - new_abortion_related_subreddits_text_posts .csv,df1b2f40aeee53632076b1a84c30f75bd5688e34502249fd3039b3a17db438a7,,,,,,,,
ksmcbm,assault,I'm not sure if this qualifies as sexual assault... but I can't stop thinking about it and I need help,,,https://www.reddit.com/r/sexualassault/comments/ksmcbm/im_not_sure_if_this_qualifies_as_sexual_assault/,,harassment,sexual-harrassment-data-updated - RelevantByTitle.csv,4c27c321cb54ce3154373c2939ea372ef10049aef9136313a3196db9b6d48981,,"This happened a few years ago. I was 18 or 19 at the time. This guy was a few years older and we were in the same University. I found him incredibly attractive and I couldn't even believe he was paying attention to me. Fast forward to like a week later and we are casually dating. We go to his place and things heat up... and he wants to have sex without protection. And I tell him that under no circumstances am I going to have sex without a condom. So he eventually puts one on and the night goes on... Here is the weird part. In the morning I wake up because he is... \`penetrating\` (I guess that is the right word) me... I was sleeping and that was what woke me up. And he wasn't wearing a condom... He stopped after I said no and I got out of bed. 

After that he kind of ignored me. And I got some horrible infections... down there. But I became increasingly obsessed with him, I thought I loved him. It took me quite some time to get over him. Now I'm in another relationship and everything is fine :). However, I was watching a video on sexual assault and rape and it affected me a lot (more than what would be considered normal, I guess), thinking about those things... I started looking up information on sexual assault and stealthing and the images of that morning came back and everything made me sick to my stomach... I need some peace of mind. Is this assault? Or am I overreacting?",2021-01-07 20:46:03,1610052363.0,{'take'},"['i', 'm', 'not', 'sure', 'if', 'this', 'qualifies', 'a', 'sexual', 'assault', 'but', 'i', 'can', 't', 'stop', 'think', 'about', 'it', 'and', 'i', 'need', 'help']",relevant,non relevant
1llajpv,Miscarriage,Miscarriage ?,my hcg level was at 11ml on 06/16 and on 06/18 they were at 2ml. I was expected to have my period on the 16 and I did end up having it .. today I went to the doctor and they said there was a sac still so they prescribed me to take Misoprostol.. but I don’t know what to do I’ve been seeing post where it was a false miscarriage I don’t know if I should take the pill or wait it out… has anyone experience this?,2025-06-26 20:20:29,https://www.reddit.com/r/Miscarriage/comments/1llajpv/miscarriage/,,miscarriage,miscarriage-data-updated - miscarriage_related_posts.csv,bdd9a1649a3a0bc8db2a3e4672d96707aa880dc7615fb19a9893675531a2d911,high_precision,,,,,,,
1l0wt0d,Miscarriage,Joined the club that I never want..,"Today I had a miscarriage. I had lost my hope to ever get pregnant. Its really that hard? I blame myself for this, but i know its not the best way to proccess this. That was my first pregnancy, but i thinked this will be the one, the one with child, and birth. So any advice for this time? To not be that hard?",2025-06-01 18:57:13,https://www.reddit.com/r/Miscarriage/comments/1l0wt0d/joined_the_club_that_i_never_want/,,miscarriage,miscarriage-data-updated - miscarriage_related_posts.csv,b6485bb2863ae71832f669cfb5d88fbcb8c2ae43dfbeb1e914806749039d03c4,high_precision,,,,,,,
jh0aak,assault,Molested as a kid affecting my attraction?,,,https://www.reddit.com/r/sexualassault/comments/jh0aak/molested_as_a_kid_affecting_my_attraction/,,harassment,sexual-harrassment-data-updated - RelevantByTitle.csv,ee9e760e0d51aad2a308cec1720777bf99f5235b4393d2e47bae9fb21de3a4f6,,"For me, I was molested when I was about 5/6 and I can recall almost everything that happened (23 now) but I don’t know how long it went on for. I confessed to my parents when I was about 6, and had 3 sessions of counseling where they just asked me the same questions and went to court. Now, I’ve been in a relationship with my partner for just under 3 years and in the beginning I was nervous about having sex, but for the first year or so I was down for sex. These past couple of years I feel like it’s slowly dwindling and I feel like sometimes aspects of my partner makes me cringe. It’s worrying me that maybe I’m not attracted to him/never was but I love him so so much. A lot of the time I just can’t have sex with him. Once I kind of talk myself into it it’s great and I have no regret afterward, but I’m worried. Could being molested as a kid and never really getting help for it be effecting how I feel? I’ve also been on birth control for a couple years and my body doesn’t like medications and often overreacts to them. I just don’t know what to do.",2020-10-24 1:34:41,1603503281.0,"{'worry', 'molest'}","['molest', 'a', 'a', 'kid', 'affect', 'my', 'attraction']",relevant,non relevant
kgupv6,Pregnant,An update to our story!,"I posted in June that I had a miscarriage. It was rough for us and even more so on me. The miscarriage happened on my 35th birthday, so that was extra crappy. Even worse, we haven't told anyone we were trying so I felt no where to go except online. We began trying again in July but when October came it was our one year mark of trying for a baby and I decided that I needed to take a break. A break from peeing on sticks to see if I am ovulating, a break from checking my fertility apps and trying to have sex at the right times, a break from heartbreak when my hopes are up from a late period only to get my period. My period is late again and would not allow myself to get my hopes up. I just took a pregnancy test and I AM PREGNANT! My husband is still sleeping but I had to tell someone. And since no one in my personal life knows we are trying, I thought I would go to reddit once more. I am ecstatic and hoping for a healthy baby and pregnancy!",2020-12-20 14:18:07,https://www.reddit.com/r/pregnant/comments/kgupv6/an_update_to_our_story/,,miscarriage,miscarriage-data-updated - miscarriage_related_posts.csv,db79cc50d5266d06ad6e55553e8c0fff8d94a035c29b2fb2069af0c106cc5981,high_precision,,,,,,,
1avc1wa,relationship_advice,My bestfriend F28 shared her sex life and i (M24) couldnt deal with it. What should i do?,"My friend she shares everything with me she is 28, she is 4yrs older than me. We hangout together and we chats a lot and she shares everything with me.but recently she told me about her sex life like she sleeps around with random guys and this was recently, and i felt sad or angry i don't know and i tried to make jokes to hide that and ended up hurting her. 

I didnt want to be more than friends but after listening to this its just i am sad or i dont know if i got too attrached and caring. I mean if she were with someone in a healthy relationship i believe i will be happy for her but not sure though. Why does i feel a pain and i am not being myself.

Can anyone explain what this feeling is? I have been single forever so i dont know",2024-02-20 7:39:32,https://www.reddit.com/r/relationship_advice/comments/1avc1wa/my_bestfriend_f28_shared_her_sex_life_and_i_m24/,,abortion,abortion_data-updated - new_abortion_related_subreddits_text_posts .csv,16886647839a122a6e7b41c334bd7828222d972879b5df689c2a8ca0ddbe9f06,,,,,,,,
1ld817b,Miscarriage,Drawn Out Loss,"I went in for my first US at 7w2d and I was measuring at 6w2d and fetal heart rate was 80. They told me I would very likely miscarry. 

Today, at my follow up US I was only measuring 6w3d (instead of 8w5d) and heart rate had increased to 107 - still very low. So they say I will still miscarry, but since there is still cardiac activity and it did technically progress, we just have to wait and see. 

My previous two miscarriages happened on their own spontaneously so this is new territory for me. I’ve had no spotting like I did with those ones. I tried looking up hopeful stories that things might turn around but they are few and far between. I know how this will end. 

I’m wondering if anyone has had a similar experience and how long it all took? Could this drag on for several more weeks? I just want it to happen so I can grieve and move on. It’s all I can think about. Can’t eat, can’t sleep, can’t focus on work. I’m exhausted and it’s agony waiting. ",2025-06-16 23:24:58,https://www.reddit.com/r/Miscarriage/comments/1ld817b/drawn_out_loss/,,miscarriage,miscarriage-data-updated - miscarriage_related_posts.csv,2f01acceb604fab6dfb2e29204fd1b6809a39a773ffcd09c65bc6487b6fa2d77,high_precision,,,,,,,
1l6sb9x,abortion,Taking ibuprofen for medical abortion,So I just took the first dose of misoprostol for a medical abortion and I just realized it said “take ibuprofen before” and I thought it said after. If I take it now will that affect anything at all? Or should I wait for the next dose to take it??,2025-06-09 1:19:55,https://www.reddit.com/r/abortion/comments/1l6sb9x/taking_ibuprofen_for_medical_abortion/,,abortion,abortion_data-updated - new_abortion_related_subreddits_text_posts .csv,78a8c328ba572549a5c59c8a9608d37dfda55ce2555036b4ad93322e3e4bbc79,,,,,,,,
nz6n0q,assault,I dont know how to think of it,,,https://www.reddit.com/r/sexualassault/comments/nz6n0q/i_dont_know_how_to_think_of_it/,,harassment,sexual-harrassment-data-updated - RelevantByTitle.csv,7070a7ee284b56393f5a9cc03b7021dd6d5f33245c843619b503c449f9f9aabc,,"When i was 16 i was having curiosity about my sexuality and i downloaded grindr to try and find out, this guy talked to me i think he was 35 and when i told him about my age he said it was fine, we sett it up and we went to a place close, we was continuasly trying to do something more and despite i said no and that i was not sure he ended convincing me until through the middle of it i just push him out of me and i got out of his car leaving him there finishing himself. I was feeling awful about myself in that time and i couldnt even hug my mom because when i did it wluld remind me of his breath. But despite all this i still continue to install this app some more time and ended up going with someone else while i was still a minor. I dont think of myself as someone who suffered through sexual assault since i instigated it and i know what i was getting into, but still i dont know how to feel exactly. Recently the image of his breath came back again and i dont think i can keep it in. Just wanted to vent.",2021-06-13 21:36:22,1623620182.0,{'feel'},"['i', 'dont', 'know', 'how', 'to', 'think', 'of', 'it']",relevant,non relevant
kn44k6,harassment,Does this seem like it could become sexual harassment?,,,https://www.reddit.com/r/SexualHarassment/comments/kn44k6/does_this_seem_like_it_could_become_sexual/,,harassment,sexual-harrassment-data-updated - RelevantByTitle.csv,a26eb0a186690a0306f49e6b002b7c6d42611af082086c29999ea7c380d7db25,,"I got accepted for an internship at a really small business. I didn't think much of the acceptance response until I showed it to someone else and they said it was creepy. 

He said in the response that he ""certainly desire"" me working there as an intern. He also gave his cell to call/text to set up a meeting ""soon"" to get set for the internship.

I have been sexual harrased before and would like to avoid it at all costs, but really did want the Internship.",2020-12-30 15:23:08,1609341788.0,set(),"['do', 'this', 'seem', 'like', 'it', 'could', 'become', 'sexual', 'harassment']",non relevant,relevant
1ev9yeh,Pregnant,12 week rule,The ‘12 week rule’ infuriates me and I feel like it hinders the fight to get women talking about miscarriages. Who am I keeping my pregnancy a secret for? I would love to know other people’s thoughts.,2024-08-18 14:01:15,https://www.reddit.com/r/pregnant/comments/1ev9yeh/12_week_rule/,,miscarriage,miscarriage-data-updated - miscarriage_related_posts.csv,d1d83cf33337018c34e2ebf2c2cd65238ee2fec8d0423ac9e2a737d3126a9672,high_precision,,,,,,,
1kya9j0,Miscarriage,Had a MC Last Week,"I had a missed miscarriage at 12 weeks and 2 days. Was happy that I would see my baby during the NT scan, to my worst I heard my radiologist saying I can’t find a heartbeat. I just couldn’t react at that gut wrenching and heart wrenching moment. I underwent labour for 24 hours and delivered a baby without a heartbeat at third month. Past one week has been worst phase of my life. Everything was good till 11 week, gynaec was also shocked to hear the news. Everything reminds me of the baby. I hope my baby is fine wherever he/she is❤️‍🩹💌",2025-05-29 13:03:52,https://www.reddit.com/r/Miscarriage/comments/1kya9j0/had_a_mc_last_week/,,miscarriage,miscarriage-data-updated - miscarriage_related_posts.csv,9e3b35f7d087f52a66fef202fc8d5d28f3145f55d4f11e7bfc012ee516529aa7,high_precision,,,,,,,
1fgp8zt,AmItheAsshole,AITA for shouting at my 8 year old niece for playing in my garden?,"I, 32 f and my husband 33m have just moved house since we have a 1 year old son and I’m 7 months pregnant. Due to the cost of living, my sister who works in real estate got me a really good deal on a house next door to her. Me and my husband decided this was perfect since it was spacious, had a big garden, wasn’t on a main road and was close to good schools and doctors practices for when the kids would be old enough to attend. My sister is 36f and she has a daughter and a husband. Her daughter 8 F (we will call her Mary) has always been a loud and confident child. She’s one of them kids who does dancing and acts in all the school plays and who the whole family adores. I have never really taken a liking to Mary just because of how loud she is. When I first had my son and my sister and Mary came to see him for the first time, she was asking me about maternity and things that wasn’t really any of her business. When I reprimanded her and told her it wasn’t her business, my sister went into a strop with me basically saying she’s just “young and curious”. My sister didn’t speak to me for 2 weeks because she didn’t agree with me telling her child that but eventually Mary did apologise “off her own back” or so my sister said.

Mary has really taken it too far over the past month as my husband decided to build a two person swing and a slide set for my kids when they get a bit older. I guess since it’s just sitting there Mary thinks she’s got every right to use it which I’ve never said she could at all. Last night at about 4 30 I looked out my window and saw Mary swinging on the swings. I was furious since it’s my garden and she didn’t even ask me! I went out and basically said to her in a raised tone “This isn’t your garden and these swings aren’t yours you need to leave now”. Mary ran off crying and looking shocked which I did feel bad about. Within an hour I had missed calls from my mum and dad, my two sisters and my brother and countless messages basically saying what I did was wrong and tasteless and is upsetting to a little girl. When my husband returned from work I told him about the incident and he started freaking out at me saying he told Mary she could use the swings and now he’s messaged my sister and her husband to apologise for my behaviour but I don’t think I’m in the wrong?? It is my garden? So Am I the ahole?",2024-09-14 15:54:52,https://www.reddit.com/r/AmItheAsshole/comments/1fgp8zt/aita_for_shouting_at_my_8_year_old_niece_for/,,abortion,abortion_data-updated - new_abortion_related_subreddits_text_posts .csv,0726f4de8b200b63aa17437baf56363aa529480a5898af53e276979f34bf8ca8,,,,,,,,
1lkz8ys,Pregnant,The hunger nausea is starting again ugh,"I’m currently pregnant with my second (in first trimester) and unfortunately the extreme hunger nausea is coming back. I can’t sleep for more than a couple hours without eating otherwise I get sick and start throwing up. 

Last pregnancy I would have some protein shakes near my side of the bed and chug one when I wake up, but last pregnancy I was never hungry so it was hard to gauge when to eat before I would throw up. 

Should I just do what I did last time and try to do protein drinks or does anyone have any other suggestions for protein/filling snacks to keep bedside for myself? ",2025-06-26 12:46:46,https://www.reddit.com/r/pregnant/comments/1lkz8ys/the_hunger_nausea_is_starting_again_ugh/,,abortion,abortion_data-updated - new_abortion_related_subreddits_text_posts .csv,80679f9dfc38346c62ac5782fb9612f47edec46968ec9186670cc26834190539,,,,,,,,
9k3hhv,metoo,A Letter To My Mom That I Will Never Send [Trigger Warning],,,https://www.reddit.com/r/meToo/comments/9k3hhv/a_letter_to_my_mom_that_i_will_never_send_trigger/,,harassment,sexual-harrassment-data-updated - RelevantByTitle.csv,6ffe31217677ab9b2e9a3a96d1052f707dc7cb68a2542ae22046a2bb771e055f,,[removed],2018-09-30 4:32:25,1538281945.0,set(),"['a', 'letter', 'to', 'my', 'mom', 'that', 'i', 'will', 'never', 'send', 'trigger', 'warn']",relevant,non relevant
kfeko8,assault,What happened to me,,,https://www.reddit.com/r/sexualassault/comments/kfeko8/what_happened_to_me/,,harassment,sexual-harrassment-data-updated - RelevantByTitle.csv,89ca37356437ddaf105e2f97b5692242e9762892909d07b6ada5d186c4725d9b,,"Recently things have been resurfacing that I dont want to remember, I need to tell somebody what happened to me even if it is a stranger. Maybe it will help idk. Ive never told anybody the story..this is the first time. It all happened when I was 13years old, I met a guy that was over double my age at a coffee shop and I made the mistake of getting into his car. He had ordered us both a hot chocolate which I realized later was drugged. The next thing I remember was waking up with him on top of me, I immediately began to struggle but he was very strong and I very weak at the time and I could barely keep my eyes open I felt so drained. There was another guy in the room that was about the same age as him, I could hear him asking when he could have a turn with me. I kept resisting and he started to choke me until I passed out again. The next time I woke up I was alone in the bedroom. I felt really sick like I was going to throw up and I seen a bathroom so I ran for it. He came in and grabbed my hair yanking my head back yelling about blood on his sheets and on the bathroom floor, he pushed me into the shower and raped me again while slandering me. After he finished he turned the cold water on and left me there. At that point I had stopped caring what would happen next. I dont know how long I stayed just crying on the shower floor before I was told to put my clothes on and forced into a car. I thought they were going to kill me. One of them drove while the other held me down in the backseat so I couldnt see anything. He raped me one last time in that seat with his friend watching in the rearview mirror, I could feel the car swerve off the road due to his distraction.  I was shoved out of the car at the same location I met the guy at in the first place as if none of the horrific things had occurred. Over the years Ive had flashbacks and nightmares of things I didnt originally remember about it, disturbing things I wish I did not know.   
 I wasnt glad I lived, Im still not. I feel disgusting and ashamed. It changed who I am as a person for the worse.",2020-12-18 4:59:11,1608267551.0,"{'slander', 'rap', 'shove', 'yank', 'force', 'disturb', 'push'}","['what', 'happen', 'to', 'me']",relevant,non relevant
nk4x9r,assault,"I found out his name, address and business phone number",,,https://www.reddit.com/r/sexualassault/comments/nk4x9r/i_found_out_his_name_address_and_business_phone/,,harassment,sexual-harrassment-data-updated - RelevantByTitle.csv,cc76f9008f8b1580e1c0682f9b287dabe9f37c632bbcad1f09395342cc0ac00c,,"I am in tears right now because this is so hard to do, but I submitted what I found to the police officer in charge of my case. I'm relieved because I know for a fact it's him, and it will help me get justice. I'm terrified of what happens next.",2021-05-24 18:37:46,1621881466.0,set(),"['i', 'found', 'out', 'his', 'name', 'address', 'and', 'business', 'phone', 'number']",relevant,non relevant
12n2s7y,Pregnant,Finally heard the worst thing said to/about me.,"I'm 36+3 FTM and I went food shopping the other day because I was feeling trapped and restless in the house.

Baby has dropped a little and since then the pelvic pain is more intense but bearable. I've noticed the longer I walk the more I start to waddle. I do try to prevent this by standing up straight, exercises etc but the pain is less when I waddle.

Anyway, an hour walking around the store sent me waddling back to my car slowly. 
There was a couple behind me and I overheard the woman say:

""Why do pregnant people walk like they're disabled?""

Now, before I was pregnant, I was quite a feisty person (meaning I would have responded to her) but, I was actually proud of myself that I just smiled and carried on my way and ignored her ignorance. Maybe she's never had children, or her pregnancy was a breeze. Nonetheless, I have noticed being pregnant has calmed me down. I am so so excited to meet my baby that noone can burst my happy bubble.

Rant over. 🤣

EDIT: Shocked at how much support and kind words I've received. I wanted to say thank you so much! I'm glad I posted and happy I found this supportive community. Very grateful. X",2023-04-15 13:41:09,https://www.reddit.com/r/pregnant/comments/12n2s7y/finally_heard_the_worst_thing_said_toabout_me/,,abortion,abortion_data-updated - new_abortion_related_subreddits_text_posts .csv,4436ff199e6edfe725c48f6f41a07bdc868e0117d1a2728edecab14494215da0,,,,,,,,
1fsbsv7,relationships,Different sex drives causing strife.,"My Wife (33F) and I (30M) have been married for five years and are an amazing couple. We have a beautiful two year old daughter and a great relationship.

The only problem is that she has lost most of her sex drive, and mine is still going strong. She has never been much of a touchy feely person, but she used to seem to enjoy being physical with me. I’m massively physical in pretty much every way. 

I love kissing, and occasionally will try just making out with her (not expecting sex). She will kiss me for about two seconds and then make some kind of comment about my mustache poking her (which she loves and tells me not to shave off) or just start laughing as if she is uncomfortable and pull away. 

We do not have anything even remotely close to a regular sex life. We currently have not had sex in about 8-10 weeks, and having sex more than once a month is quite abnormal. Sometimes this is okay. I’m on some medications that can lower my sex drive, but overall mine is far higher than hers. 

We allow each other to look at porn, and it isn’t a big deal for us. If one person is horny and the other isn’t (basically always me), then the horny one is free to masturbate to porn and then we move on with our lives. 

But lately I’ve been feeling extra frustrated sexually. I want to be touched and kissed and cuddled a lot more than she is comfortable giving, and it’s difficult. I have suggested the idea of finding a “friends with benefits” situation into my life who I could talk to, and possibly cuddle and kiss with no penetration sex. She seems to understand why I want it but then just says she just thinks that’s “icky” and she will “do better” but I don’t think she’s doing anything wrong. She just isn’t very physical. I’m not expecting her to suddenly change this huge aspect of herself. 

We have had this same discussions about 6 or so months ago, and the physical attention went up for about a week before returning to where it was before. 

I also don’t find it sexy at all when I can tell she isn’t in the mood, and is only forcing herself to do stuff. Huge turn off. 

How do I deal with having this large part of myself being left unfulfilled? This seems like the age old question in marriage.

Do not comment that we need to divorce, because that’s just a lame answer and I 100% refuse to leave her. 

TLDR: I am craving physical attention, but my wife is not a physically affectionate person. How do I deal with this large aspect of myself left unfulfilled?

Edits:
trying to clear up some common confusion I’m seeing pop up. 

First of all, I suggested the FWB idea to my wife because it seemed TO ME like a possible solution. I’d be touched, we’d stay married. Life would move on and all would be happy. She said no, so IM NOT PURSUING IT. It was added context. 

Second: this isn’t mostly about sex. It’s mostly about just how i want to be physically touched. Think cuddles and kisses. Sure, sex can be part of that, but I’m not a sex crazed monster. Even once every two weeks or once a month for actual intercourse is OKAY for me. 

Third: everyone is blaming the baby. For context, my wife didn’t even like hugging her mother when she was a kid. I assumed I was the exception because she used to like to hug and kiss me. But now that the honeymoon phase is over, it has significantly decreased. 

Fourth: I’m the stay at home parent in this relationship. People seem to assume some other scenario. Doesn’t make much of a difference, but maybe nice to know before people paint me in the worst way possible 🫠

Finally: geez. Some of you are just downright mean. ",2024-09-29 18:57:23,https://www.reddit.com/r/relationships/comments/1fsbsv7/different_sex_drives_causing_strife/,,abortion,abortion_data-updated - new_abortion_related_subreddits_text_posts .csv,d6985cbbac16d011b42bb254eaa27074664f50ecf8650a96eea681430dd1509f,,,,,,,,
robpob,BabyBumps,"Please, ask for a third trimester ultrasound. (TRIGGER WARNING)","TRIGGER WARNING: STILL BIRTH

I know they are common, but they are still not standard at every practice. If they aren’t where you go, please request one. Whatever the price is, pay it. 

I have been an active member of this sub since I found out I was pregnant in April. I was due January 5. My pregnancy was completely healthy besides persistent symptomless BV that finally went away at my last appointment (ironic). My anatomy scan was perfect, baby was measuring spot on. I was 37 weeks and had had labor signs for weeks. Bloody show, cramping, so much pressure. I had been told since 28 weeks that he was head down. My last two appointments the midwife commented on how low he was. She said to be careful on waiting too long because he may just fall out. I was told, multiple times, that he was a perfectly average size baby. My fundal height was never spot on, but close, within a week or so at every appointment. At one appointment I measured two weeks behind and I was assured this was normal (I think I even posted in here). I gained weight at a normal rate.

Last Saturday I noticed baby hadn’t moved much. I had been so busy with last minute preparations and my placenta was anterior, so I was used to his movements being more subtle. I thought that was normal. As a side note, that is NOT normal. Your baby should still feel like an alien popping out, just more muted. You should still feel the big movements and rolls. 

I got out my Doppler and there was nothing but silence. The day before I had checked it and his heart beat was loud and strong.

I can’t bring myself to type out the full whirlwind story of what happened Saturday night, but it was chaos. At first they thought they had the heartbeat, but it was mine. The hospital did a scan and found his heart to be still.

Most importantly, my baby was not healthy. He was not average size. He was not head down. He had severe IUGR. I had absolutely no amniotic fluid. His butt was engaged in my pelvis.

I went home to rest to come back for an induction the following day. My two older kids were still up, at midnight, because we had had to rush out so suddenly. We had to tell them their sibling had passed and then put them to bed.

Then I went into labor. It was hard and fast and the most painful contractions I’ve ever had. We barely made it to the hospital. I pushed him out in a matter of minutes. He came out foot first. 37 weeks and 3lb 5oz and 16in.

When my placenta came out we immediately knew what was wrong. It was completely calcified. He hadn’t been getting nutrients for a long time. He had consumed all his fluid and had nothing left to replenish it. He was slowly withering away in my stomach while I meal prepped and finished his nursery and washed all his clothing that would never have fit him.

My care team clearly dropped the ball. After using them twice with my two older children, my gut had told me something was off the whole time with this pregnancy. I often felt dismissed, my care felt impersonal. I cannot wrap my head around the fact that multiple women put their hands on my stomach and told me my baby was average sized and head down.

I blamed myself at first for using a birth center, but what I have come to find already is that this happens everywhere. It happens with midwives and it happens with OBs. Cord and placenta issues are two main causes of stillbirths and can only be diagnosed with ultrasound. Of course it is not fool proof. Women who have routine third trimester ultrasounds can still have something tragic happen. Things get missed. Not all care teams are idiots like mine. But reality is, an ultrasound would have caught his growth restriction and we would have at least had a chance to save him. 

Also, pay attention to your baby’s movements. I know it’s beating a dead horse, I heard it all the time. I was so busy preparing. Reality is, his movement and routine had drastically changed. I chalked it up to him being so low and my anterior placenta. My stupid anterior placenta, I let it be the scape goat for so many things that should have been red flags. 

This pain is unbearable. And there were so many points in time it could have been avoided.",2021-12-25 15:29:48,https://www.reddit.com/r/BabyBumps/comments/robpob/please_ask_for_a_third_trimester_ultrasound/,,miscarriage,miscarriage-data-updated - miscarriage_related_posts.csv,285e2de145834537929ea8de09ad45b3ebee47247caada85e00b88a50d01a6bd,high_precision,,,,,,,
1lfrok4,Miscarriage,Periods post D&C,"6 months post surgery for blighted ovum. Haven’t conceived since. My periods have been irregular and have had 3-4 clots each period the size of dime-quarter. 
I just got bloodwork done and ultrasound-all came back normal. 
Any ideas or anyone in similar situation?",2025-06-20 1:26:45,https://www.reddit.com/r/Miscarriage/comments/1lfrok4/periods_post_dc/,,miscarriage,miscarriage-data-updated - miscarriage_related_posts.csv,0e8af277f0059d44630ea7d5c7b5249e367de24c545fe266989b61058809bfb3,high_precision,,,,,,,
ki3y7n,assault,never told anyone about my assaulter identity,,,https://www.reddit.com/r/sexualassault/comments/ki3y7n/never_told_anyone_about_my_assaulter_identity/,,harassment,sexual-harrassment-data-updated - RelevantByTitle.csv,c15270f1240f065190ef50ad540640cb9d5ffa0be1602e00dac16aea6805c98b,,"I was sexually coerce by a senior during college. I’ve told a few close friends about it but never specifically said about who it was, tho I think one of my friend might get the idea of his identity.

Part of it because I was unsure if it was rape or not. It was so hazy to me. I remember asking him to stop  as well as me trying to murder him in his sleep. 

It was so hard for me to see how fine he looks with his friend, and the way he acts like the best to his gf. The fear that he perhaps told his friend about it, and they think of me as easy. 

I’m afraid of telling anyone because to the outsiders it looks like we were friends with benefits, when it fact he had assaulted me from the first time we met. He fingered me without my consent the first time we met. Or how he threatened to left me on an empty road if I don’t bj him. But people would pull the “why did you back to him then?”

Can’t tell my parents because I’m so ashamed. Can’t tell the uni because girls weren’t supposed to go the boys dorm in the first place.

My depression went off the wall, and now I had to add PTSD to my already long list of suffering. Guy even ruin christmas eve for me. But he’s fine living his best life with the same gf. He even have the balls trying to request me on instagram, fully knowing the pain he had inflicted on me. How he wasn’t just abusing me physically but also mentally. I remember how he tried to contact me throughout spring break, spamming me and saying he would kill himself if I block him. Or how he sent video of porn saying the girl look like me.  

As I write this, I got flashback of me having sex but I’m not sure if it was with my assaulter or my current bf. I also didn’t know if he have lewd pictures of me, or if he upload the pic. I know he told some we had a fling, but I just act like I didn’t know him too well personally to have anything with him.",2020-12-22 11:56:39,1608638199.0,"{'finger', 'fling', 'assault', 'abuse'}","['never', 'told', 'anyone', 'about', 'my', 'assaulter', 'identity']",relevant,non relevant
1jdpgmi,abortion,I got an abortion without telling my boyfriend.,"Two weeks before I got an abortion my ex threatened to “punch me to sleep” based on statistics of abuse, I took that seriously. I was already having doubts about moving forward with having a child with him because this one wasn’t planned and two he just isn’t mature enough, not ready and he has anger issues. I didn’t know if I could safely raise a child with him. Even if we broke up I felt he’d still find ways to be controlling and I didn’t want to go through that. I haven’t told him and it’s been almost 3 weeks. He keeps texting and checking on me and apologizing about what he said, and I am just not ready to talk to him. Part of my fears how he will respond because he has shown up to my house twice uninvited and done some unacceptable things and I’ve had to call the police. Am I wrong for this? How would you handle it? I’m planning on waiting until I move apartments or go somewhere safe to tell him just in case he gets extremely angry… but this feels so wrong. I’m only planning on waiting two more weeks if I don’t tell him now…",2025-03-17 22:15:03,https://www.reddit.com/r/abortion/comments/1jdpgmi/i_got_an_abortion_without_telling_my_boyfriend/,,abortion,abortion_data-updated - new_abortion_related_subreddits_text_posts .csv,699a30c04db3173978cd6074f17201389ad03a6c7ef5fe2bb751993700610504,,,,,,,,
imug4r,harassment,"Asking Girls, How Should I Report This?",,,https://www.reddit.com/r/SexualHarassment/comments/imug4r/asking_girls_how_should_i_report_this/,,harassment,sexual-harrassment-data-updated - RelevantByTitle.csv,efd02db678c605ac512d4371c2a7afb43677f6721ab43d71d7271409eb054cd9,,"So I am a guy, and I need to ask girls what I should do in my situation.

So at my school(just reopened), and I was in a teacher's room during lunch to get some work done, and the teacher left for 5-10 minutes to make copies.

There were only 3 people in this room: the girl, me, and the other guy. So I was sitting in the back right corner, the girl was sitting in the front middle, and the guy was sitting in the front left. This girl got up to turn in a sheet to the teacher's desk. She was bent over on the table, writing something on her paper before putting it inside the bin.

The guy pulled a glance at me to make sure that I wasn't looking(I could tell that he did this because of peripheral vision, like everything else I saw), then he saw that I wasn't looking at him, so he pulled out his phone and started taking pictures of the girl bent over from his seat. This girl was wearing those black Lululemon yoga pants that really show off your bum, and I'm not gonna lie it looked really sexy(sorry I had to look). He started snapping pictures quietly, and walked up close to her back side and took a few really close pictures of her butt right behind her, without making her notice.

So now that I saw this creepy dude taking pictures of a girl's butt who was wearing pretty tight Lululemons, as girls, how would you want this to be reported if you were the girl? I don't think that you guys would want the whole school to know about this, and if I do report this, the guy will probably leak the incident, so I am in a very sticky situation.

I know that this may seem like a dumb question but I really want to respect the girl's privacy on this one.

TlDR: caught guy taking pictures of a girl's butt, how should I report to ensure the privacy of the girl?",2020-09-05 3:48:52,1599277732.0,"{'take', 'pull'}","['ask', 'girl', 'how', 'should', 'i', 'report', 'this']",relevant,non relevant
buz6qi,metoo,My sexual “assault” if you can call it that ~Lotus(18),,,https://www.reddit.com/r/meToo/comments/buz6qi/my_sexual_assault_if_you_can_call_it_that_lotus18/,,harassment,sexual-harrassment-data-updated - RelevantByTitle.csv,f5b43699368c99cf16654127b532f749cb57998d69ccbd185be98bc650e06f66,,"*~Wrote my first post the other day so now I wanted to share this story something I have been coping with for a long while now...about two years next month. Highly detailed, possibly graphic but not sexually speaking. I like to think I’m poetic maybe it helps me cope, maybe it’s masochistic. I think I need to validate I am not crazy. I’ve been the one gaslighting myself so...~*

When I was 18 I went to Paris. It was a a culmination of several years of holidays and birthday and graduations gifts all bundled into one but it meant the world to me. A very close relative took me. We had more family friends that spent their summers there we would visit with and explore the city with. This city had meant so much to me for years and years. One of the nights I stayed with our friends because my relatives were going to be getting in late from a day trip I didn’t wish to partake in. It was a great day meandering the streets aimlessly. The drinking age in France is 16 and 18 so I was very much legal over there. I had never drank before never the less been drunk so two glasses of rosé later and I’m a giggling fool genuinely la vie en rose. Lost in the moment arms linked with a woman I consider family, her son trailing along. We’re stumbling down to the Seine River. We find a bar on a boat where she introduces me to chasers and we drink a Sauvignon. I find I like dry wines. Drunk on light, high on an experience I am giddy as we make our way from the river in the 6th arrondissement to the apartment in the 7th. As we turn on our street I stare in awe as the clock strikes an early hour I cannot name and I see the light on the Eiffel Tower illuminate in a twinkling show of decorum. I feel a hand on my waist as I wobble and a disturbing chill in my veins throughout my neck as I hear the words in my ear “I am so glad you’ll be with us tonight.” Paralyzed I couldn’t move, pit in my chests my vision was still cheerful and purple. I could feel myself being prodded along but I wasn’t aware of myself doing thing. I let my ears fixed on the sounds of the British pub even as I moved away it continued on like billiards droning in my ear. I was aware of the anxieties in my body but physically I skidded along, giggling on about who knows what antics I had coming for the remainder of my trip. The liquor was like a prison I was mentally aware of my own feelings but my body unable to act upon them thoughtfully. When did we get back to the apartment? I could hear her telling him not to give me more liquor. He was taking shots. She was going to bed. He was getting ready for a smoke. I was giggling about something on the fold out mattress in a whole other world. My heart was ice. Fear. I knew what was going to happen. “Don’t do anything funny when I go to bed”. He laughed and said you know we won’t. He winked at me. She went to bed. He went outside to smoke. I got afraid. I saw the Eiffel Tower. I went to the patio too. I don’t know why I did. It was dumb. Who does that. I stood 4 feet away from him. We didn’t talk much. I like the smell of tobacco. I don’t know why. When did we start sitting? When did we get next to each other on the ground here? Sitting side by side looking at the tower. It was a spectacle, the view was incredible. “You know if you don’t like me you can just say it.” I was so thrown a back. “You don’t have to pretend like I am attractive. I get it.” I felt so awful for not just giving the poor boy affection when he had been so nice to me this whole trip. Given me attention. Called me pretty. Spent time with me. Spent the next year harassing me. So my drunk self went “No no no it’s not you it’s my brain.” Which is true...mental health problems, and not trusting guys. He looked upset and looked away. I was terrified of losing the only person who seemed to be interested in me since my weight gain, and while being overseas, and who could lie and tell the family anything here. Fear. Fear. Fear. I hugged him, Buried my face in his neck and kissed...I...I don’t know. Then I said no I’m sorry and backed away and he proceeded to kiss me and it was awful and something I never wish to experience or go into detail about. He began pressing about what he could do now and I let him put his hand in my pants. I was very aware that I didn’t want it. I was very aware that I was letting him touch me because I was afraid of anything else. I was very aware that I was disassociating for honestly the only time in my life. When the Eiffel Tower light up in its light show again. I started to sober up or at least feel conscious enough to speak up and tell him to stop. He tried kissing and cuddling some more and I said no. He finished his cigarette and I asked him to go inside. When the tower finishes it’s last show of the day they turn of all the lights and it goes black. I cannot think of a more accurate metaphor. All evening, the whole trip, collectively my life could be perceived as light and magical, dazed and innocent, twinkling and possible. One instant moment killed the light entirely. Spent the rest of the night dealing with him trying to forcibly cuddle me, trying to assume I wanted to have sex, and creepily watch me sleep from the desk across the room.  Months of messages. Making me feel uncomfortable. Feeling like I did something wrong. I honestly still feel like I do since I consented/even initiated. Even with high intoxication, guilt, and coercion and EVERY person I tell the story to telling me I wasn’t in the wrong. I feel guilt. I told my family two weeks before I’d have to see him again and they were so sad I waited so long but understood. They agreed with me but saw how blurry the situation could be publicly. So here we are. Hope you understand too.",2019-05-30 22:01:31,1559253691.0,"{'take', 'prod', 'press', 'harass', 'feel', 'disturb', 'trail', 'kiss'}","['my', 'sexual', 'assault', 'if', 'you', 'can', 'call', 'it', 'that', 'lotus', '18']",relevant,non relevant
1ljnkr0,Miscarriage,Best friend who is TTC said she needed to distance herself from me when I found out I was pregnant. I have now miscarried. How to tell her,"I told my best friend early on that I was pregnant as it felt like the honest thing to do as she is open with me about her TTC journey. She has been trying since the start of the year. Since I told her she hasnt messaged or called as she usually does and hasnt once asked how I am. I have checked in but have got short responses with no follow up questions. I am currently going through a missed miscarriage and take miso tomorrow (side note -wish me luck, im scared!) She doesnt know any of this (as she hasnt checked in). She has just text me a long message saying she cares about me but cant support me at the moment in the way she would like as it is too triggering for her whilst TTC and she needs to protect herself. Within the message, she still hasnt asked how I am so there is no follow up question. Not really sure how to respond here. I am torn between understanding how delicate a topic and heartbreaking fertility issues can be, but also expecting the bare minimum from a friend. What do I do? My head is so mixed up from this miscarriage that I cant think clearly.",2025-06-24 21:28:14,https://www.reddit.com/r/Miscarriage/comments/1ljnkr0/best_friend_who_is_ttc_said_she_needed_to/,,miscarriage,miscarriage-data-updated - miscarriage_related_posts.csv,43d2d9055c3cd795fb004dd43ee399609af306d02bd86d7088e6e3d1d282d37b,high_precision,,,,,,,
oae81l,assault,I was 14-16 he was late 40s maybe older,,,https://www.reddit.com/r/sexualassault/comments/oae81l/i_was_1416_he_was_late_40s_maybe_older/,,harassment,sexual-harrassment-data-updated - RelevantByTitle.csv,4ff94fc9c3c824677ee7f7699b99a609a1677e6c9b16c320837ef8c7ce0fad0c,,He was the father of one of my friends he offered me a job at one of his bars I thought that I would just be like a busboy or something so when he offered to pick me up one night and take me to one of his bars to show me around I accepted happily he showed up in his beamer to pick me up and then we went to one of the locations that he owns he had me served alcohol and then we sat and talked for a minute he told me that if I ever told his daughter that he brought me there he would kill me and I kind of laughed it off but he didn't laugh at all we finished our drinks and then we drove to his house when he started doing cocaine I willingly did some I guess to try and conform to try and fit in so that I could make sure I got the job I really just wanted to make some money so that I could start supporting myself a little my home life was kind of intense during that time but then he got naked and things got sexual so quick it felt like I was coerced because he kept on talking about how people usually ask him for so much and looking back on it it's obvious that he manipulated me mentally to not ask for stuff but to just conform with what he wanted in the hopes of getting taken care of. I consented but learned later a minor can't consent and it's haunted me ever since I want to take action but don't know what I can do or even should do. Thanks for reading and please don't share. I'm scared of him.,2021-06-29 18:29:23,1624991363.0,"{'take', 'manipulate', 'coerce'}","['i', 'be', '14', '16', 'he', 'be', 'late', '40', 'maybe', 'old']",relevant,non relevant
lt7fm4,metoo,I have a fantasy where I have consensual sex with a woman with a rape fetish.,,,https://www.reddit.com/r/meToo/comments/lt7fm4/i_have_a_fantasy_where_i_have_consensual_sex_with/,,harassment,sexual-harrassment-data-updated - RelevantByTitle.csv,dba017ae798c9fb25312970d269dbc0f992b5cb3440fbcf6be7a4376918481a1,,"Is this classified as a real fetish, or is this like that other fantasy I heard of where a man marries a woman and then has heterosexual sex with men as well?

I have nothing but respect for lgbtq people, but I only find women arousing for whatever reason.",2021-02-26 20:47:40,1614372460.0,set(),"['i', 'have', 'a', 'fantasy', 'where', 'i', 'have', 'consensual', 'sex', 'with', 'a', 'woman', 'with', 'a', 'rape', 'fetish']",relevant,non relevant
ofrhho,assault,Girl made out with me while I was in the bathroom trying to puke,,,https://www.reddit.com/r/sexualassault/comments/ofrhho/girl_made_out_with_me_while_i_was_in_the_bathroom/,,harassment,sexual-harrassment-data-updated - RelevantByTitle.csv,f5876f47663673b40a548c5427646c6dc49d8d49e8b173632fcf5febcc50e7e7,,"I posted recently on /r/relationship_advice thinking I cheated on my girlfriend, but most people there were saying I was sexually assaulted. If you want more details, you can check out my post there but here's the story:

I was at my now ex-friend's house with my girlfriend and a lot of friends for 14th of july. We were drinking a lot, and near the end of the night I left the whole group to go to the bathroom to try to puke. I hadn't puked yet when the girl who's family owns the house came in. We talked for a minute, but then she started kissing me. I didn't stop her at first, but I think at one point I said ""this is wrong we should stop"", and after a bit (maybe a minute or so?) I stopped her because my brain finally caught up with my body. I did kiss her back during that time which is why I feel so horrible. She never asked me if it was okay to kiss me, but she did say ""Is there sexual tension between us"" and I said ""maybe, but.."" and then she started kissing me. I was going to say ""maybe, but I don't want to act on it"" or whatever. Everything else is kind of vague, these are the details that I remember. Earlier in the night she was complimenting me because I recently have been working out/working on myself a lot and it felt very nice to be complimented by someone other than my girlfriend, so I think this is why I felt the bit of sexual tension. I never initiated anything and never had any intention of kissing her before she started kissing me.

Later in the night I texted her and said we need to talk about what happened, but that I didn't want to do it again. As soon as we went somewhere alone (yea that was a mistake) she got on top of me and started making out with me again. I stopped her almost immediately, as I was more sober at this point, it just took me a second of being shocked.

Sorry for the long winded post. It's very hard to get my thoughts in order with this. Was kissing back enough to be consent? I really don't know if what I did was wrong or not and it's been very hard.",2021-07-07 20:34:06,1625690046.0,"{'take', 'assault', 'kiss'}","['girl', 'make', 'out', 'with', 'me', 'while', 'i', 'be', 'in', 'the', 'bathroom', 'try', 'to', 'puke']",relevant,non relevant
mnm54f,assault,was I sexual assaulted?,,,https://www.reddit.com/r/sexualassault/comments/mnm54f/was_i_sexual_assaulted/,,harassment,sexual-harrassment-data-updated - RelevantByTitle.csv,c4a9fd2cfe1b5d8693b5e0842e1ed79b026724a95ab66b7c9a7f2aa41f460bb7,,"&gt;{ I apologize for being too specific but hopefully someone can understand.} Starting from when I was about 6/7 years old, I would constantly visit my parents home country every summer to see family. My cousin was 20/21 at the time. He was my absolute favorite cousin so I easily grew a family bond with him. We would watch movies and play video games in his room. My cousin would slowly expose me to the sexual world the more I was around him. He would sneakily show me porn, touch my private parts while I sat on his lap, crawl into my bed and perform oral and have me do it to him. I didn't think anything of it but I knew it was supposed to be sneaky.  
&gt;  
&gt;I just thought what we were doing was supposed to be playfulness fun. I didn't think it was malicious intended. I was not properly learned about sex education yet. The last ever time he touched me was when I was 10, I woke up to him staring at me with my pants gone &amp; a hickey on my chest ( I remember feeling disgusted and actually old enough to know what he did was odd.) I finally came to realization that what he doing was wrong and disgusting. I suddenly became so angry and rude to him ( he made my family look at me like a bad/rude cousin because of my attitude) They knew nothing about it. It stopped because I think he realized I was too old and aware.  
&gt;  
&gt;For years ive felt so guilty because why didn't I FEEL abused or disgust when it was happening? was it bc I was too young? did he groom me? is this considered sexual assault? I know I was too young to consent but I don't fully understand. Im 18 now and there's not a day of where I stare into confusion and think about it. (note: Ive been addicted to pornography for years since he exposed me to it) . I appreciate any feedback/questions or anyone who takes the time to respond I know it can feel eerie to read I just don't want to be in denial. What's the correct term to describe the situation?",2021-04-09 17:21:37,1617988897.0,"{'feel', 'take', 'touch', 'abuse'}","['be', 'i', 'sexual', 'assault']",relevant,non relevant
ngafxr,assault,I didn't say no a year ago and I get triggered about it,,,https://www.reddit.com/r/sexualassault/comments/ngafxr/i_didnt_say_no_a_year_ago_and_i_get_triggered/,,harassment,sexual-harrassment-data-updated - RelevantByTitle.csv,b1bb5cbd6a311015293db8a5a132e8c208e4acb31452aa77c055ad2c216978ae,,"I don't think my experience counts as assault, but I'm looking for opinions because I can't make sense of why I'm so traumatized. It's been in my head ever since it happened over a year ago and yesterday I cried for the first time about it after watching a show, though I didn't think of it in months.

So here it is : I was in love with one of my best friends. I admire him a lot, for a lot of reasons, and one day I actually confessed my feelings to him. He politely declined and we went on with our night.

Then the next night we fell asleep together at a party. As I was half asleep he pulled me on top of him. I didn't think much of it, I wasn't sure it was real. We had set up an alarm so we both woke up at the same time. He said ""Fuck me"" and started kissing me. On top of being drunk, I was completely surprised so i laughed thinking it was a joke, but he kept kissing me harder, repeating the same thing.

I then realized he was serious but I still had a hard time processing all of it and he seemed more drunk than I was, so I kept stopping him to ask questions like : if he really wanted this, how sure he was, if we weren't going to regret, for how long he wanted this, what did it mean for him, if he was doing that because of what i told him the night before... I was kinda lost by the suddenness after being turned down the night before. He brushed off my questions, saying it didn't have to mean anything, that we were just having fun and it was OK.

I was still unsure but I wanted for so long for him to look at me that way, I thought this was my chance, that maybe he was actually interested in me. So we went at it and then as we were getting undressed I felt like an anxiety rush. I don't know how to describe it, it was like a ""wait no"" moment, everything happening felt suddenly very wrong.

So I jumped to the other side of the bed and told him we couldn't do this, because I felt like he was using me because of what I told him the night before. He told me I was wondering too many questions, that it didn't have to be this complicated and we were just friends having fun. I then remember asking specifically if he was using me for sex and if he promise this doesn't change anything to our friendship. He replied no to both and said something like come on this is just fun.

So we did it.

Then a week later we saw each other again with friends and he ignored me. So I confronted him the next day and he told me he wasn't. We started talking about it and he told me he couldn't remember anything and he assumed I was the one who initiated it because he was the first to go to sleep. I told him no and recounted everything in details, to which he answered ""Well that may be true but I can't remember and it makes more sense to me that you were the one who wanted that to happen."" He even got angry at me for not accepting this answer. 

I eventually let it go and tried to act as if nothing happened, but over the next months in quarantine I kept repeating everything in my head, even dreaming of it, and getting extremely angry and disgusted at myself. It was very depressing and confusing. When we were able to see each other again after quarantine, i kinda stopped thinking about this night but I felt uncomfortable around him. It got to a point where I was depressed just being around him. I even began to feel kind of scared of him and his judgment. I thought it was about our friendship though, not this particular night. 

The last few months we kind of reconnected and I found again the friendship I had missed. But yesterday I watched a show that depicted a rape scene. The situation was similar to ours, because if started very affectionately at first, and the victim was too confused to say no while the other person just automatically assumed their consent. It was extremely uncomfortable to watch and I had to lay down a bit after watching. 

And then I started crying so much. I don't think I cried so much for myself in years. I felt completely violated and worthless. 

I don't understand why after so much time it is still so vivid in my brain and why it makes me react so strongly still. I know this doesn't count as assault because I didn't tell him no. I rolled with it because I was afraid to disappoint him or that he would change his mind again if I didn't go through. But i'm completely lost and i'm wondering if feeling this way is normal. Since yesterday i can't stop thinking about it the way I did a year ago and I'm looking for opinions because I'm afraid to fall down this rabbit hole again.",2021-05-19 16:32:52,1621441972.0,"{'brush', 'pull', 'use', 'feel', 'violate', 'kiss'}","['i', 'didn', 't', 'say', 'no', 'a', 'year', 'ago', 'and', 'i', 'get', 'trigger', 'about', 'it']",relevant,non relevant
1le6lej,Miscarriage,New doctor new meds,"For back context I had a miscarriage about a month ago due to what I believe was provider negligence and a medication I was on. I have since switched to a new obgyn provider in hopes they will be better and listen to me. So far I love them and they have listened to all my concerns. The provider wants me to take all these meds mostly otc. But with my recent loss due to a medication I’m very nervous has anyone had any issues with these medicines or anything I should be concerned with 

Supplement recommended: FH pro by Fairhaven Health. You can buy this at Bella, on Amazon, or on the Fairhaven website (this takes the place of your multivitamin or a prenatal vitamin). In addition to this, please start taking 2,000mg myo inositol, 600mg NAC 3x daily, Berberine 500mg 2x daily. 81mg aspirin daily
",2025-06-18 3:04:39,https://www.reddit.com/r/Miscarriage/comments/1le6lej/new_doctor_new_meds/,,miscarriage,miscarriage-data-updated - miscarriage_related_posts.csv,f5af6f717cbe385f40906cdcd48446e7b4f9f22af7271d97446ab8236933b94f,high_precision,,,,,,,
1cy80ia,Pregnant,"Threw a baby shower, nobody came.","This is just another heartfelt rant I’m throwing at strangers on the internet because I feel too silly to say it out loud. Long story short, I’m 30 weeks pregnant with my rainbow baby. Not a lot of people know about my first experience being pregnant (and therefore my experience with pregnancy loss), but I’ve mentioned it to quite a few close friends. These same close friends were the ones I decided to invite to a very low key, small baby shower celebration, since my family would be in town for some other events (they live in another state). I made invitations, designed them myself on Canva, and mailed them out to about 15 people. None of them showed up, save one friend from college. Not one. No messages either, no one even bothered to send a text saying they couldn’t make it. Some friends had personally confirmed they would be there, and some even discussed details with me (what should they bring, could they bring a plus one, etc). But no one came. I just stood there all afternoon, with my parents and two friends (one who flew in with my parents and the other one from college), looking around me, waiting for someone to show up, checking my phone over and over again, waiting. I also specifically wrote on the invitation that no gifts were required nor expected, (even though we do have a registry), so I could make sure friends who could not afford a gift did not feel pressured to show up with something. I feel so utterly shattered and humiliated. I bought special snacks and sweets, decorations, and even a special dress. I know it’s a silly thing to be upset about, and I know what matters at the end of the day is that I have made it thus far in my pregnancy journey. But I did cry myself to sleep that night. And perhaps more than once since. I shared my feelings with my husband, and he was supportive (as he usually is), but I can’t stop feeling that this has left a little sore wound in my heart for now. 

Anyways, rant over! And boy, do I have a lot to tell my therapist next time I see her. Here’s to time, the only one capable of healing us from shattered expectations. 

Edit: wow, I’m absolutely overwhelmed by the outpouring of love on this post. It definitely made my day and made me feel a little more loved than I felt this morning. Thank you, thank you, thank you to everyone who left a little comment. It made all the difference to me. Some of you even asked for our registry (you absolute angels!), but since it has our full names and address info, I’d rather keep it private. 

Some more info: I did reach out to one friend and asked why did he just not show (he and I had spoken about it literally just a few days before the shower, and he had even promised to bring his new boyfriend so I could meet him), and am awaiting his response.",2024-05-22 18:49:14,https://www.reddit.com/r/pregnant/comments/1cy80ia/threw_a_baby_shower_nobody_came/,,miscarriage,miscarriage-data-updated - miscarriage_related_posts.csv,cb0b4c0545c88a0229114f5d0e9f07a9a184d643849309111f782fb14f7fe45d,high_precision,,,,,,,
1gxs4ox,confession,"When nurses were rude, I would make their drinks decaf"," I worked at a busy hospital in metro Atlanta. I was a manager at their coffee/buffet/bistro. 
It was a great option to have besides hospital food from a cafeteria. 

Nurses with piss ass attitudes about the job they chose to do show up and start demanding things. They bitch that extra caramel drizzle or extra mocha is an upcharge.  

I do what I can to resolve it. But it's rarely successful. 

So I start fulfilling these ridiculous coffee orders with minimal up charges. I meticulously make the drink to their very snarky request....

And I make it with Decaf. 

Don't be a shit to service people.

Edit: This was TEN years ago and a candid confession. Please stop messaging me as if I am still making coffee.  I'm not even in that industry, so every body pull your panties back out of their wad and chill. Your coffees are safe from me. ",2024-11-23 5:11:25,https://www.reddit.com/r/confession/comments/1gxs4ox/when_nurses_were_rude_i_would_make_their_drinks/,,abortion,abortion_data-updated - new_abortion_related_subreddits_text_posts .csv,35553ed30c8125dcdc1dfd245e7b0fc26c0ca060e3f0cfd00e14bd915869bc3b,,,,,,,,
1lgwut0,abortion,I am pregnant and i want to abort it,"so im only 16 and i got pregnant even though i have the bar, and i really can not have this baby otherwise ill get kicked out is there any tips i can do to miscarriage?",2025-06-21 13:42:13,https://www.reddit.com/r/abortion/comments/1lgwut0/i_am_pregnant_and_i_want_to_abort_it/,,abortion,abortion_data-updated - new_abortion_related_subreddits_text_posts .csv,fe59bee4449d6996c0a545b70c7a90f3377a768bf642d2e97b166ff69d60bd70,,,,,,,,
1lap0fk,BabyBumps,First ultrasound and baby is measuring 2.5 weeks behind,"I just had my first bedside transvaginal ultrasound today, and while the OB was able to detect an intrauterine embryo with a fetal heartbeat, it's only measuring 6.5 weeks, whereas by my LMP date, it should be at just around 9 weeks. My OB tried to reassure me, saying that it might be that I ovulated late due to an irregular menstrual cycle, but the other explanation is that I may go on to have a miscarriage. They want me to get a formal ultrasound with Radiology in 3 weeks. I'm trying really hard to stay calm and positive right now but it's tough because I really don't have irregular periods (besides the one I had right before this pregnancy). My mother had at least 2, possibly 3 miscarriages before she had me, so I know I'm at higher risk. I walked into this appointment knowing that I may be told I am having a miscarriage, but I wasn't at all prepared for this news. Has anyone else gone through this? ",2025-06-13 19:37:02,https://www.reddit.com/r/BabyBumps/comments/1lap0fk/first_ultrasound_and_baby_is_measuring_25_weeks/,,miscarriage,miscarriage-data-updated - miscarriage_related_posts.csv,db5dd76605680ed456c7514026374ec6d2bda237650ce94156b9bee6e0e849b4,high_precision,,,,,,,
ojnzwf,assault,My rapist died yesterday,,,https://www.reddit.com/r/sexualassault/comments/ojnzwf/my_rapist_died_yesterday/,,harassment,sexual-harrassment-data-updated - RelevantByTitle.csv,e3f1745be86468138b6bda470f6e7233e8ef2edb1347d984bbbf2306d5655a45,,"And I have never felt so much relief.  He took everything from me.  I ended up failing out of university as a pre med because I couldn't function.  Brushing my hair, my teeth...even that became too much.  He ruined my life dreams.  I thank the universe for dishing out a punishment for the crime.  I hope he burns in hell for all eternity.  This is the only closure I will ever get.",2021-07-13 20:18:18,1626207498.0,{'take'},"['my', 'rapist', 'die', 'yesterday']",relevant,non relevant
1l7mnjy,abortion,Do I have to do a MA already,My last menstruation was May 5 and Today (June 8) I tested positive on pregnancy test. I need your suggestion if I need to buy abortion pills now. (I’m from the philippines),2025-06-10 1:42:03,https://www.reddit.com/r/abortion/comments/1l7mnjy/do_i_have_to_do_a_ma_already/,,abortion,abortion_data-updated - new_abortion_related_subreddits_text_posts .csv,abe7636fa604b65e3902f3cf70a1ab540101684e0db8ba5ad6d529fc7f05de03,,,,,,,,
aocsi4,metoo,Need advice and recommendations,,,https://www.reddit.com/r/meToo/comments/aocsi4/need_advice_and_recommendations/,,harassment,sexual-harrassment-data-updated - RelevantByTitle.csv,56b1beb70018474024d748ce1adec65c1f5179426d54ea15e8c9c5437f8559df,,"Hey all,

I’m trying to research resources for my partner on how to handle being in a relationship with a survivor of sexual assault. Any recommendations on blogs, articles, lectures or books?",2019-02-08 4:23:35,1549599815.0,set(),"['need', 'advice', 'and', 'recommendation']",relevant,non relevant
mpsbdd,Pregnant,Doctors are useless,So I’m 6 weeks today and I’ve been bleeding on & off since for the past week and a half. I went to the er last week & there was the gestational sac but too early to see yolk sac. They said to wait it out. But now I’m bleeding a little more than spotting & it’s brown. This is my 3rd pregnancy. I’ve had 2 miscarriages already. Each doctor doesn’t seem to concerned because of my age. I just want to know if I’m miscarrying or not & just not be stressed out about it. I just went to the er Thursday so I doubt they’ll see anything on ultrasound anyways. 🥺,2021-04-13 1:37:05,https://www.reddit.com/r/pregnant/comments/mpsbdd/doctors_are_useless/,,miscarriage,miscarriage-data-updated - miscarriage_related_posts.csv,dc6e686c017ecb15b97ad303f5ea78e95ad3e23ac60cebd2a071389202960881,high_precision,,,,,,,
1e6q34s,PTSD,Do you ever feel like you could snap at any moment?,"Hello, I'm 21F and currently living with family. My family is the reason I have ptsd. I plan on moving soon but does anyone else have moments where you feel like snapping and harming those who harmed you? Both of my parents were physically and emotionally abusive growing up. I have a siblings who's a cleptomainaic and will constantly steal my food items. I feel like I'm going insane because sometimes I can't remember wether or not some of my suff was stolen or I consumed some and forgot, unless I knew for sure I didn't open it. It's been really hard for me latley. I lay in bed and cry longing for the happy childhood that was taken from me. Then I feel angry, at those who took it from me. I want to hurt them the way they hurt me but, in the same breath I don't want to harm anybody. I just want to be happy and at peace with myself.",2024-07-19 0:02:38,https://www.reddit.com/r/ptsd/comments/1e6q34s/do_you_ever_feel_like_you_could_snap_at_any_moment/,,abortion,abortion_data-updated - new_abortion_related_subreddits_text_posts .csv,7651bb4c11bc55f4067178a6bc8adf57c3eb1a1dd4df6f5631d10bb959d986bb,,,,,,,,
1l2lvim,Miscarriage,Letrozole after loss?,"Recently had a chemical pregnancy, started bleeding today. Was 4 weeks 4 days. Confirmed HCG is dropping. I have a prescription of Letrozole left and I’m wondering if it’s okay to take it directly after a loss. I can’t get into my OB to ask until next week, but I’m on CD1 today, so would need to start it tomorrow. 
Anyone have any experience with this?  ",2025-06-03 20:06:10,https://www.reddit.com/r/Miscarriage/comments/1l2lvim/letrozole_after_loss/,,miscarriage,miscarriage-data-updated - miscarriage_related_posts.csv,3253fb19335f8a1445381d4a09e836b1d673d2966a933163fce41fb97dcc5ce8,high_precision,,,,,,,
1lma6po,Pregnant,Miscarriage,"Hey , looking for advice and to hear other stories. I recently had a miscarriage last week, I do not even know how far along I was . One doctor said 9 weeks and another thought 3 weeks, then I got 5 weeks. They couldn’t see a sac ever , no heart beat and I did 2 ultrasounds they only said my uterine lining was thick and my HCG was 42 one day and the following 3 days it dropped to 8 and a lot of heavy bleeding and other things came out … I have one healthy baby girl who is 3 . I’m not sure how to feel I know it’s not my fault and I want to try again. Can you guys share you’re similar stories and how long it took you to conceive a healthy baby ? Any tips or tricks to help baby stick better this time . Doctor cleared husband and I to keep trying in about to two cycles to properly get a good gestational age for the next pregnancy . ",2025-06-28 0:57:05,https://www.reddit.com/r/pregnant/comments/1lma6po/miscarriage/,,miscarriage,miscarriage-data-updated - miscarriage_related_posts.csv,d632cbe175db2cedfc8322821dc2faad51c8ac1ca2753dee5ebe623344d75396,high_precision,,,,,,,
1lf7x12,Pregnant,I kept my baby..,"I kept a baby he wanted me to get rid of, but makes time for me sometimes just to have sex or something calls every blue moon but denies the baby but constantly asks me about updates. I eventually just blocked him… Pregnancy is so lonely, exhausting and I’m constantly being verbally abused by my first two kids father his gf & his family with threats of violence towards myself and my unborn child. It kinda just sucks not having anyone through this but my kids who are very excited. I mean so am I but man the things I’ve been through the last 7 months has me so numb to anything these days.. and I can’t work anymore need to make some more money for LIFE expenses. It’s hard out here .. 

I constantly keep seeing post and hearing conversations for some reason about how “if I’m early in pregnancy and a guy treats me wrong during that time I’d get an abortion”… but it’s just a baby.. but maybe I wouldn’t feel the way I’ve been feeling if I went to the clinic. It’s just unfortunate that I have these feelings. I just needed to vent. 8 weeks to go! 
Have a good day! ",2025-06-19 10:59:29,https://www.reddit.com/r/pregnant/comments/1lf7x12/i_kept_my_baby/,,abortion,abortion_data-updated - new_abortion_related_subreddits_text_posts .csv,c37ee302f7d97179635efdb09fb3406557123d0b0c3b3ad86a04ba2c85e5f923,,,,,,,,
vbn9gq,BabyBumps,"insurance will only pay for three ultrasounds, but I want to see baby again before birth.","To get right to it, this is my 5th pregnancy, but only one baby before this has made it. He only made it to 32 weeks, and I am currently 30 weeks 5 days. I want to see the baby again before she gets here. I admit this is really for my own comfort. 

My OB says that insurance will only pay for 3 ultrasounds across a pregnancy now, unless there is a medical reason for it. I personally feel like my history of miscarriages and early birth qualifies me, but my OB says insurance would disagree. 

Do people just go in and get ultrasounds without a doctor's reference? Do you think it would be expensive? Have you ever just gone and got an ultrasound?",2022-06-13 21:41:50,https://www.reddit.com/r/BabyBumps/comments/vbn9gq/insurance_will_only_pay_for_three_ultrasounds_but/,,miscarriage,miscarriage-data-updated - miscarriage_related_posts.csv,074866288645097f5eb25139401093396f9bd3d62f50d9d8c850a9ab3ac76ca4,high_precision,,,,,,,
1l7e981,BabyBumps,Feeling done with pregnancy,"I’m 28 weeks and already feel so done with pregnancy. This is my second and my body just does NOT handle pregnancy great and I just don’t have it in me to power through this time around. I want to take a three month nap and wake up when baby comes. I also feel guilty because I had two miscarriages and 18 months of fertility anxiety leading up to this pregnancy. And of course I feel extremely lucky to be pregnant and I love this baby so much… but I hate being pregnant. I hate it so much. My hips hurt and my ass hurts and I’m short of breath and I have acid reflux and my face is fat and I’m not sleeping well and I’m tired all day at work and I’m filled with dread about the months ahead! Blahhhh I guess I’m just venting. If anyone else has had similar feelings and found ways to make it more enjoyable or helpful ways to power through, please share them with me! I need some support.",2025-06-09 19:39:00,https://www.reddit.com/r/BabyBumps/comments/1l7e981/feeling_done_with_pregnancy/,,miscarriage,miscarriage-data-updated - miscarriage_related_posts.csv,00fa6a1f067e9c83080d976f17b5f9b5fde08aa6b2d4bb5b15d048382ff6129c,high_precision,,,,,,,
ng8guc,assault,I've been feeling awful (it's been 2 years since we saw each other),,,https://www.reddit.com/r/sexualassault/comments/ng8guc/ive_been_feeling_awful_its_been_2_years_since_we/,,harassment,sexual-harrassment-data-updated - RelevantByTitle.csv,c5e38df615852b2c5b6c18d0ea02fb7b896878915c6ada400d1cab2147051390,,"I don't want to go into any details because reliving any of this is more than I can take right now. 
I feel like I'm at a dead end. I've been trying to get therapy but I'm a the waiting list abd I have been for month and the alternative would be going to a male therapist and I cannot stress how much that scares me. Because I am ftm and my offender was a man I do not feel comfortable talking about this with a strange man, even worse I don't think I could at all. I've been thinking about reporting him but I don't have any proof at all and I don't want to ask the girls he did this too to help either, I don't want to put then throw that. But even if I had the proof I need to take legal action... the thought of seeing him again makes me so fucking scared. I've had panic attacks when he texted me and when I'm in the city he lives or citys near by I'm on guard the whole time. Not only that he's also schizophrenic AND smokes weed the ENTIRE DAY which makes his schizophrenia even worse, that itself isn't a risk for me but what IS is that he is unmedicated, homeless and has a very strange obsession with fights and knives and I'm so scared he'd attack me it's insane. I just don't know what to do.",2021-05-19 15:13:25,1621437205.0,"{'fuck', 'take'}","['i', 've', 'be', 'feel', 'awful', 'it', 's', 'be', '2', 'year', 'since', 'we', 'saw', 'each', 'other']",relevant,non relevant
blird0,relationship_advice,UPDATE: My GF was raped and became pregnant. I broke with her after she decided to keep the baby.,"Original thread: https://www.reddit.com/r/relationship_advice/comments/bkft0r/my_gf_was_raped_and_became_pregnant_i_broke_up/?utm_source=reddit-android

I'll post the update first, since there has been some change since I last posted. Then I'll respond to some general points made from the last thread, and the ton of PMs I received.

Yesterday, I received a call from my GF. She was crying, and she begged me to listen to her. I told her that I still care for her, and that I'll obviously listen to what she has to say.

She told me that a few days after I told her we were done, she called up her Mother to talk about this. Apparently, what happened before was that she was pretty much decided on aborting, but then when she spoke to her Mother, her mother told her that under no accounts should she abort, and that I was actually manipulating her to do so. Her Mother went on to say that if she aborted the child, she would no longer consider my gf as her daughter. 

After I left her, my gf called her Mum up to talk about what went on. My GF said that she desperately wanted to abort the baby, and her Mother again said that if she does so, this is the last time they will ever speak again. My GF said she broke down on the phone, and her Mother kept asking her what she will do. The conversation then ended when my GF said she didn't know.

Then she started texting. After a few hours of thinking, my GF sent her mum a text saying she was going to abort. She was then blocked.

My GF then called me, and told me everything.

She will be having an abortion in 3 weeks.

I discussed this with my GF, and we both completely agreed that I had not manipulated her in any way, and that she appreciated that I put my foot down, because had I not, she would have had a baby who would remind her of the worst time of her life. (Her words, not mine)

She further went on to say that I am the best thing that has ever happened to her, and that she knew that even if she no longer had a Mum, if she had me, she could get through this. I broke down at this point.

I love her so much. In truth, I probably would have gone back to her and raised the baby with her, even though I knew I'd resent it. I made the original thread to get some backing rather than anything, to see if I had made the right decision.

I'm so relieved things had turned out the way they have. 

Also, screw any Mother who places religion over their own child. Friggin lunatics.


Now to respond to some of your points from the last thread:

1: No. My GF did not cheat on me. I am almost certain about this. Not only because she had the conscience of a fragile angel, but also because we both know each others' schedules really well, and we often talk to friends who can corroborate timings. Moreover, her roommate took photos of my GF after she came home assaulted. It's not ""rough sex"" as some of you dicks put it.

2: I don't give a rat's arse if you think abortion is a sin or the killing of a baby. Come and raise the baby or give us money to raise the baby or hire us a live in maid to tend to my GFs every need while she pregnant if you're so sanctimonious. Talk the talk, then walk the walk you wanking tit-baboons.

3: My GF was absolutely clear she wanted to raise the baby (probably influenced by the Mum).

4: Thanks for all the people telling me I did the right thing. It was really difficult. I'm very glad it turned out the way it has though.

5: To the people who PM'd me telling me I'm a monstrous baby killer - I fail to see what my hobbies have to do with this issue.

Thanks Reddit.",2019-05-06 22:38:25,https://www.reddit.com/r/relationship_advice/comments/blird0/update_my_gf_was_raped_and_became_pregnant_i/,,abortion,abortion_data-updated - new_abortion_related_subreddits_text_posts .csv,aa95eb0421164f3c298cd3a8f99ffe12820c7ae825bc18d546e20b9abe6c4e88,,,,,,,,
7wkbm3,assault,I’m afraid that I have HIV from my assaulter,,,https://www.reddit.com/r/sexualassault/comments/7wkbm3/im_afraid_that_i_have_hiv_from_my_assaulter/,,harassment,sexual-harrassment-data-updated - RelevantByTitle.csv,cf747b866b23b60b34fd39475e57afc21524625db51c573f59c42e62886bd8eb,,"So I was sexually assaulted by a bisexual man that I went on a date with two years ago. I don’t want to get into too much detail about it because it wasn’t until recently that I actually saw the severity of what happened. He had sex with me without a condom and came inside me two times without my consent. He thought it was okay since he had a vasectomy. It makes me feel disgusting and stupid. Within the last two months I’ve been having some discomfort/swelling around my shoulder and armpit area. I never thought about it but I think there’s a high chance that I might have HIV. This makes me feel terrible and afraid. I will be getting tested soon and it’s making me extremely anxious. I’m also afraid that I’ve given it to my boyfriend since we’ve had unprotected sex. We were on a break at the time that my sexual assault happened. Me and my boyfriend had sex around Valentine’s Day so not long after it happened. Then in April of that year my boyfriend ended up in the hospital due to pneumonia and sepsis, he doesn’t have the best immune system. Even if I gave him HIV during that Valentine’s Day encounter, it wouldn’t have been detected in his blood work probably. My boyfriend is getting annoyed by how worried I am about having HIV and thinks I really don’t have it. But I think otherwise. 

It makes me sick to think about the possibility of having this disease and that if I ever broke up with my boyfriend, no one would ever want to have sex with me. So goodbye sex.

Don’t respond to this if you’re going to be rude or tell me that I’m an idiot and deserved what happened to me. I already know this. 

Sorry if this doesn’t sound the best, I’m pretty stressed about everything. 

I don’t know how to go on. 
",2018-02-10 8:30:39,1518251439.0,"{'stress', 'assault'}","['i', 'm', 'afraid', 'that', 'i', 'have', 'hiv', 'from', 'my', 'assaulter']",relevant,non relevant
jzdeso,abortion,"Dear Baby and Bella, take care of each other","It’s been three months and somehow as I get further away from when it happened I get more and more regretful of of my decision. I wanted you so bad, I planned on being your biggest supporter and best friend but I knew I didn’t have the means for you so I decided it best to let you go. A couple months prior I had to say goodbye to my best friend of 13 years, my golden girl Bella. You would’ve loved her as much as I did. I know that putting a dog down and an abortion are no where near similar but in many ways the pain feels the same. I don’t know if I believe in an afterlife but if there is one and you two find each other, know that I loved you both so much. Take care baby, I’ll never forget the mark you left on me. It’s because of you and Bella that I know I’ll be a great mother someday.",2020-11-23 7:46:38,https://www.reddit.com/r/abortion/comments/jzdeso/dear_baby_and_bella_take_care_of_each_other/,,abortion,abortion_data-updated - new_abortion_related_subreddits_text_posts .csv,57cba47e38635b8f5fb4adf71baa3e097e007fc95af2cf28ac8e94a4bee91ad8,,,,,,,,
kr0hhw,assault,I was raped a day ago by my partner,,,https://www.reddit.com/r/sexualassault/comments/kr0hhw/i_was_raped_a_day_ago_by_my_partner/,,harassment,sexual-harrassment-data-updated - RelevantByTitle.csv,c6ba1b099db6111f30ac9e1ac5f973a31cb67156f6ca5ef9995497cffa97512c,,"Violently. He had sexually assaulted me before and said awful, disgusting and inhumane things to me but it was like all the ways he has ever abused happened at once, a day ago. 
Dis might be triggering content for previous or current victims of sexual assault and domestic violence, just cause ik how reading this stuff can be 
I was drunk and stoned and out of it and traumatized by him 
He admitted while
He was raping me that all
He wanted the whole time was to control and isolate me and that he only preys upon ppl already isolated and vulnerable
He held me down 
He told me my CSA was my fault 
He told me that he never loved me or cared about me at all 
I told him to stop and he did but kept going when I was nearly asleep
I couldn’t stay awake for all of it and didn’t want to, I didn’t wanna b there for that moment . 
He said “you just can’t help yourself can you” 
He called me his “sweetest little abuse victim”
The way it got to the rape is stilll confusing and I still blame myself in full
He said that there were “way prettier little girls” he could be fucking and so that I was rly rly lucky 
He bragged about how long he was inside me while I was asleep 
45 minutes, and that checked out. 
Then he tried to comfort me when I said at the end “that was rly scary” 
All of these things he said were hitting the weakest points that I have and that he knows about 
He said he reached into my mind and pulled out the most vulnerable pieces of me to “exploit”
His hands I still feel, waking up to his dick inside me, I still feel 
The sound of him yelling shut the fuck up and covering my mouth...
I still feel the blow to my chest, and him pressing his thumb to me chest and getting in my face and saying “ur under my thumb now. U can’t go anywhere 
Then he told me if I ever told anyone or cancelled him, that he would find my and ruin my life and rape me even harder. 
He even used that word ;((((
The feeling of him taking my underwear off....
I can’t get any of it out of my mind 
The disregard for my humanity 
The emotional pain 
I don’t know if I’ll ever recover, I need sum serious fucking help 
Sumone tell me how not to give up because right now 
I don’t have any fucking friends 
That relationship isolated me completely 
I do have a therapist I see 2-3 times a week due to an extensive trauma background of CSA and foster care and shit but guess wut
I’ve never said this about any of my
Traumas but this takes the fucking cake dawg 
I wanna start drinking and stop showering stop going to therapy, stop eating or changing my clothes, never let someone touch me again, never trust another person again, never cry again never be in pain again. I want to be completely numb from this experience. I hate myself so fucking much and I hate him so fucking much, it’s unimaginable",2021-01-05 15:25:49,1609860349.0,"{'fuck', 'take', 'hit', 'pull', 'assault', 'use', 'rap', 'press', 'feel', 'abuse'}","['i', 'be', 'rap', 'a', 'day', 'ago', 'by', 'my', 'partner']",relevant,non relevant
aim7ky,metoo,Me Too,,,https://www.reddit.com/r/meToo/comments/aim7ky/me_too/,,harassment,sexual-harrassment-data-updated - RelevantByTitle.csv,b5d90bd5412fc49306d11286cdb0abb5acadcc4f92ac79a8583c2b849b16052f,,"The women of the Me Too movement 
Who belittle men and testify falsely, your time will come.",2019-01-22 12:06:39,1548158799.0,set(),"['me', 'too']",relevant,non relevant
fhvau4,abortion,I had an abortion at 18,"I am 18. I am a engineering college student. And I had an abortion. 
I had a late term abortion. 

I was 23-24 weeks when I had my abortion last week. I knew I was pregnant since week 6 or 7. I was unable to reach out to family or friends for help. Funding in my state, Iowa, was minimal and unhelpful. They basically just said do adoption because you I can’t pay hundreds/thousands of dollars. I ignored it for as long as I could, basically hoping for a miscarriage or that it would simply go away. I live in a dorm and it became harder to hide. They started noticing weight gain and such.

I got turned away at an Iowa clinic for being too far along once I finally got enough funding after months of desperate phone calls. I went to Minnesota and got turned away because the Iowa clinic reported false gestation to them. At this point funding sources now replied when I pleaded for help because I was so far along. I went to Colorado, Dr. Herns office. I missed a week of classes. Hid it from everyone and even managed to trick my moms tracker on me. I was able to allocate $8000 for my procedure. I know many will judge me. 

There was nothing wrong with the clinic, in fact despite how late it was I had little to no pain or bleeding the whole time. The staff was nice and respected me. I am so fucking grateful to the clinic and the pledges for helping me. 

When I came back I had to quickly catch up with work and put on a face for everyone.

I don’t regret it for one single moment. Not one. But I am utterly lonely and tonight a week after the procedure is the first time I’ve cried about this. I feel so emotionally stuck and alone. I can’t talk to anyone about it and I’m breaking inside. Maybe it’s the pregnancy hormones coming down but I can’t stop feeling so worthless.",2020-03-13 6:26:25,https://www.reddit.com/r/abortion/comments/fhvau4/i_had_an_abortion_at_18/,,abortion,abortion_data-updated - new_abortion_related_subreddits_text_posts .csv,2627e30552ee13745b5c273a30acd7e5c9d4c4e53fee9b5c8c80f5d0fbc8fb26,,,,,,,,
1lj8ks8,Miscarriage,Nightmares after,"I have always had vivid dreams my entire life, and I lucid dream a lot. Until my pregnancy I didn’t dream at all. It all stopped, I honestly was getting the best sleep I have ever had because I think I dream too much.

I started my natural MC on Wednesday and have been fine thus far until yesterday night when I think/hope it completed.

I had the worst dreams I have ever had, and usually my trauma dreams are the same reoccurring ones. This was different… 

I hate this, I don’t want to go back to sleep, this was worse than the miscarriage and that is saying a lot. I’ve seen this a few times years back but nothing recently. I woke up multiple times to cuddle with my partner and usually it helps but it didn’t at all.

Has anyone found anything that helped this?

I’m doing to start my EMDR, that a past therapist did with me but I’m looking for something temporarily medical, if I dream like this every night I know I will lose my sh*t.

 I know progesterone and estrogen play huge roles in sleep (progesterone might be the one at play here, it helps prevent lucid dreaming and body movement)

The dreams for anyone dealing with the same:

the first was a demon trying to take me, the second was some weird sick social experiment I watched someone else do, then when I left the building none if my blood relatives, mom, sister, brother remembered me. My step dad, and step baby brother did. I had to go back and do the experiment myself, that didn’t play out in my dream, it just just showed me walking out covered in blood and passing out in front of everyone and then coming to help me, and the last bit I watched someone suddenly get very old sick and die in front of me over the course of a “few days”. I could go into more detail on these but find that unnecessary.",2025-06-24 11:27:15,https://www.reddit.com/r/Miscarriage/comments/1lj8ks8/nightmares_after/,,miscarriage,miscarriage-data-updated - miscarriage_related_posts.csv,5b9f0789ba347d3c6961383defb0171537c98618b6a7b635002ba58e9a8f6f06,high_precision,,,,,,,
1lmemu6,BabyBumps,Why are people so rude?,"So I’m 6 months post partum but also just suffered a miscarriage at 7 weeks and had my D&C 2 weeks ago.

Tonight I went out with friends for the first time in awhile. Another one of our best friends facetimed us while out and told us she was pregnant. I’m so so happy for her. While on FaceTime, a drunk stranger jumped into our FaceTime and congratulated our friend. It was all nice and funny until the lady turned to me, touched my stomach and said “and you’re pregnant too!” I’m heavier and carry my weight in my stomach so I always have sort of a bump, but what the actual fck. I immediately said no I’m not and that’s extremely rude to say to someone. She kept apologizing and I said “this is why you don’t say these things to people” and don’t even know what else was said but the whole situation was terrible. 

It just sucked so bad and as this is all going on I’m still trying to focus my attention on my friend to tell her I’m so happy for her. It really ruined the moment and I can’t stop thinking about it. 

Why do people suck so bad 
",2025-06-28 5:03:00,https://www.reddit.com/r/BabyBumps/comments/1lmemu6/why_are_people_so_rude/,,abortion,abortion_data-updated - new_abortion_related_subreddits_text_posts .csv,104444af4c4e52f8fafca28b827adcbf3a4e593655566ad200ab80d81628c90d,,,,,,,,
giwo8b,metoo,My Girlfriend Was Raped,,,https://www.reddit.com/r/meToo/comments/giwo8b/my_girlfriend_was_raped/,,harassment,sexual-harrassment-data-updated - RelevantByTitle.csv,e6b0d413874a6c3398405f8d935819ed7c47760e44a9ed81bb47323cf5c7a489,,[removed],2020-05-13 10:46:05,1589366765.0,set(),"['my', 'girlfriend', 'be', 'rap']",relevant,non relevant
1llrqzl,CPTSD,End of the line,"I want to be concise here. 31M USA.
Born into middle class, moved around a lot because my parents couldn’t sit still. The only help my parents gave for school was the same as our disciplining, a belt and some amount of punishment from fun activities or items. Your teacher should of told you that, I’ll give you something to cry about, this hurts me more than it does you. But my dad also would throw tantrums and beat my brother 8 years my senior and sister 1 year younger randomly, I either ran away from him or was left alone. Maybe it was that the Sweet tea was wrong, couldn’t find his tools, music too loud, and my poor mom was trapped too. I think he may have raped her at some point. He also cheated on her most of their marriage with some girl. I took a lot of my frustrations out on my sister, I regret it everyday because I know I should of been there for here and instead I was her first bully. My dad targeted my brother the most too but we all got some of that.

Once SS called them out over my sister having a breakdown in 4th grade they split, my mom wasn’t invested in me or my sister and my brother moved out. Mom stopped spanking us, but we were the house maids since she made the money. She left us alone and started her life, we were just kinda there. I don’t blame her for wanting to make friends and have a life again, bringing guys home, parties at the house, my brother even brought her home a couple times because they would party together occasionally. 
I got a job, she made me pay rent, kicked me out at 18 after HS graduation, and I lived with a friend till I went to college. Bro got addicted to alcohol and drugs, my sister was with a man older than our parents with no money for some reason. I was the golden child, full of myself. I wasn’t chubby anymore and started to feel confident with women. Had dates, got a car did ok in school. Full of myself.

Then my junior year I decided psychology was me searching for answers I didn’t know I was asking, I’m selfish I don’t wanna help anyone. I ate alfredo and watched X-files and failed out my senior year. Got big again, my hair started to recede. My body dysmorphia from hs was coming back. Got an apartment with an HS friend. We slowly started to aggravate each other. But it wasn’t too bad. Just not what we expected. More and more I hated work and being told what to do, it’s all I’ve ever known. You can’t just BE in this world you have to do something or disappear or die. I was still trying to think of what I could do, what I could make and be left alone but have control over my life.

I got a girlfriend, we worked together, it was awesome, campfires, she got me on weed, hiking, we screwed like bunnies, but my insecurities ruined it all with paranoid conversations over a friend of hers, he’d be around all the time, they’re still together now. Got together 2 weeks after she dumped me. I was weak, and they were already good friends, sometimes I think she got with me to make him jealous. He dumped a nurse for my ex, and when he quit our job she did too. I still tried to date but at this point my hair was shot and my weight wasn’t great. I’m also short at 5’6. My confidence was plummeting. My roommate also had no job but was being funded, played games all day, he gets a girl friend via a mutual friends breakup and I was jealous because I had a job and was trying to find someone actively. Looks get you everything.

Later we all move in together work at the same place, I started going to the gym shaved my head started to feel better. They broke up and now me and this girl start hanging out a lot we all still lived together we wrestle in bed drunk and my dumbass starts to feel some kinda way. Then her and my roommate get back together and I get jealous and act like an asshole. I would make fun of their on again off again ness, how they were so secretive because of her racist parents, how he had no pull out game because she had to get an abortion. I’m an insecure dick. They start making fun of me behind my back but I can still hear them through the thin walls. I think I had a stroke and they never tolled me, my body started to slip, and they made fun of my lazy eye saying how I must masturbate a lot to be so hunched over and wobble, and just my general appearance against their beautiful tall slim selves.

My paranoia spike and I get worse. To the point of not being sure what’s real and what’s not because I’d confront them and they would deny saying anything. One day in my twisted thought process, while we were in a discord call with our gay friend, she made a joke about how our gay friend’s dad would take him out back and shoot him if he brought a black man home, gay friend didn’t know what to say, so I said you could rape her this was just after roe v wade, and I didn’t think it was funny I know it was stupid but I wanted them to know that we’re all just saying shit and it’s all aggravating, I was just full of negative emotions. No one really says anything, but it comes up later and now I’m told to move out, we lived together for 6-7 years. And I think o should of moved out sooner. Or just not in with them now at all. I stopped talking to them and moved out, avoided them at work as best I could, but then my ex roommate gets a promotion at that place in 2 years while I’ve been there for 10, I asked a girl out and got labeled a creep with all the gossip it comes with, couple years later I get fired for leaning into a man who was leaning into a coworker. Told myself I won’t work for anyone again, started making my own business. 

One year & a sold car later and now I’m broke, about to be homeless, hate myself for all the things I did or didn’t do, don’t believe in an after life, if there was one your being would transcend experience like that of an infant to adult because of the new way of existence, my mom never calls me, I still don’t have an interest in anyone beyond myself or what I could be to someone. I want everyone to succeed and achieve their wildest dreams as long as that doesn’t involve being better than me while I can see it or in competition with. 

I think I’m autistic, or maybe just a narcissist. I’ve felt numb my whole life to fun and hate gossip. I’ve acted and tried to impress and fail. With a helium gas mask combo I see a painless way out, Idm letting the landlords clean up. I ruined my life because I’m never satisfied or happy for others, and think too much about what others think, or care too much, too controlling & idk how else to be. Even now I’m still pushing my business along on flats. My mom could of lived on a lake house with my brother if she never met my dad.

TLDR

I think I was a mistake and I think it would be some kinda positive if I was gone. But hey at least I’m an asshole who knows it right? I want to do nothing, have nothing expected of me, and cuddle someone daily. I am alone and bitchy while other people are being blown up or inspiring others while they have a melted face or something. I’m spoiled and privileged and still think back to when I would bully my sister, maybe this is my Comeuppance.

Hope you have a good day, make better choices than me.",2025-06-27 11:43:16,https://www.reddit.com/r/CPTSD/comments/1llrqzl/end_of_the_line/,,abortion,abortion_data-updated - new_abortion_related_subreddits_text_posts .csv,0aaa95df55b73d7d0084b78be95da335e13a5c58ac14fb9ee36791bf564ad4f3,,,,,,,,
1l2o122,Miscarriage,Sister is pregnant a month after I miscarried,"On April 20th, my husband and I found out we were expecting our second baby. We were behind excited to welcome a new life into the family. I told my family immediately with a cute Easter basket when we went over for dinner. Along with the excitement was anxiety. My older sister has been TTC for over 9 years but has had issues due to PCOS. I stressed over how to tell her, and I gave her all the space she needed when I did. I did the same with our first. I gave her all the space she needed and didn’t expect her to be jumping for joy or congratulating me. 

The following weekend I went to visit her with my family on a trip that had been planned for months. I miscarried at her house, away from my home and husband, and had to travel back home while miscarrying. She made some comments about how her body must know what I’m going through because she was having really bad period cramp and a bad menstruation that started on the second day of my miscarriage. My mom basically said, “At least you’re not two kids ahead of her now” and has told me multiple times to just get pregnancy again. 

This past Sunday, she found out she is expecting. While I am so happy for her and overjoyed that they were able to conceive after all these years, I feel selfish for the tears I cry and the resentment I have about her and everyone expecting me to just move on and be happy. My mom pushed me to call my sister and congratulate her that day, my sister messaged me wanting to call after sending the positive pregnancy test photo to the group chat, she messaged my husband asking when to call me, and has messaged me since asking if I don’t want hear about the pregnancy at all. 

My entire pregnancy, I tiptoed around her. I didn’t push any appointments on her or information. I knew it was hard on her and expected nothing. Why are they not treating me with the same respect and care? Why was her infertility more important or difficult than my loss? She gets to talk about her pregnancy all she wants and I felt like I had to hide mine. I feel so conflicted. I feel selfish because she’s my sister, but I can’t stop feeling angry. How do you do it? How do you move on and be happy for someone? When will the pain stop because I feel stuck in this grief and like no one is seeing me drown in it. What is wrong with me? ",2025-06-03 21:30:44,https://www.reddit.com/r/Miscarriage/comments/1l2o122/sister_is_pregnant_a_month_after_i_miscarried/,,miscarriage,miscarriage-data-updated - miscarriage_related_posts.csv,199be91b01e2b5f4f7cc75164d54048f99cb0717d8439cce8f043700cb9b764c,high_precision,,,,,,,
jygj8p,assault,My friends step dad... the cop.,,,https://www.reddit.com/r/sexualassault/comments/jygj8p/my_friends_step_dad_the_cop/,,harassment,sexual-harrassment-data-updated - RelevantByTitle.csv,5379e4ddaa22172c6957822b43f17499b159956a4a0bcaed994b121b8575c84f,,"I finally went to the police station to report the man who was sexually abusing me when I was a teenager. 

During the report, things got weird. The cop had his vest on with his radio attached. Im not sure if it rides up or something? The cop kept resting his hands in the top of his vest. This absolutely triggered the crap outta me. The report kinda went sideways. I was already triggered because he wore glasses very similar to my rapist. 

I started to have these flashbacks in the last couple days, I can’t remember much but it’s bringing tears to my eyes and making me sick. 

When I was about 9-13,  I became friends with a girl who moved to town. This girls step dad, who was a cop, became friends with my dad and would come over to my house all the time. I remember things getting weird around when I turned 12. He would be on duty, in his cruiser, and come over with a bottle of schnapps. He’d always give me a couple glasses on the rocks. My parents were usually there and I think everyone figured because he was a cop it was fine? Not that is matters, but he was probably in his late thirties. 

Sometimes we would end up alone together in the kitchen. I would be sitting on the bar stool next to him. The bar stools swivelled and had backrests. He would turn towards me, leaned back, legs spread, hands tucked in his vest. I remember it made me feel very uncomfortable. Like he was waiting for me to do something. I also remember getting off my chair and standing at the counter; kinda being between his legs. I remember his face so clearly; like this happened yesterday. 

He took a tour of my bedroom once, but my dad made sure he wasn’t alone in my room with me for too long. This was after my friends mom left him and they had moved away. I was 14. I don’t remember him coming around my house much after that. I think my dad noticed something was off, even if he’d never admit it. 

The only other thing I remember is him getting really really mad at me for something once. His face is burned into my brain. 

Anyways I’m not even sure what I’m trying to say here. I have no idea if he assaulted me. But I know my friends mom wouldn’t let me come to her house. The whole thing seems off. 

I kind of want to tell the cop I reported to why I’m so fucked up, but he’ll probably think I’m insane.",2020-11-21 19:09:50,1605985790.0,"{'fuck', 'take', 'assault', 'abuse'}","['my', 'friend', 'step', 'dad', 'the', 'cop']",relevant,non relevant
1liojqg,BabyBumps,"Advice, hopefully positive anecdotes? TW LISTED","TW: discussion of addiction. 

So.. this is kind of a long story and I’m hoping maybe to hear from others who have had this experience either from the side of an addict or the partner of an addict who have been able to successfully have children and break the cycle together.

Backstory, I’ve been with my partner for a little over 4 years now and have always known they were an addict (not active in their addiction outside of using MJ in a state where it’s legal). They had a really rough childhood, mother was an addict and abandoned them, etc. 

I’ve always wanted children and about 2 years ago we agreed we both wanted children together in the future with me carrying. However, due to the circumstances of their upbringing and the fact that they have struggled with addiction for their entire adult life they feel extremely afraid that they’re going to end up doing to our future kids what was done to them by eventually abandoning them. They’re going to begin therapy before we begin trying to conceive and I personally don’t fear being abandoned by them as I have seen the way they’ve loved and cared for me the last 4 years but I also can understand their fear of ending up like their parents and harming our children and myself in the process. 

We want to start the process of conceiving fairly soon and I’d love to be able to share something positive with them. I’d really love to hear from any of you who have been able to overcome and build a loving and stable family if you’re in a place to share. 

TIA! 

",2025-06-23 18:35:51,https://www.reddit.com/r/BabyBumps/comments/1liojqg/advice_hopefully_positive_anecdotes_tw_listed/,,abortion,abortion_data-updated - new_abortion_related_subreddits_text_posts .csv,4facfb194129ae4d8c7757f9b4717ef750ed5b9b4365d24e5765097f45847c92,,,,,,,,
huz1j9,harassment,Did I sexually harass someone/ what can I do to help,,,https://www.reddit.com/r/SexualHarassment/comments/huz1j9/did_i_sexually_harass_someone_what_can_i_do_to/,,harassment,sexual-harrassment-data-updated - RelevantByTitle.csv,06dd0186c85dbf71329e4af974484ea6afc25141496fed9fdb4dfe68512d0523,,"Hi everyone,

Not sure how to start with this. I have never felt so bad about anything in my entire life. Last Halloween I went out to a party and a mutual friend of mine was there. For context, she explicitly said that she was attracted to me in the past and we had been talking on and off, but she knew I was talking to another girl as well. Anyways we got chatting and ended up playing beer pong together. During the game, I proceeded to put my arm around her waist and I started to touch her sensually around her back and butt. I looked at her and she seemed like she was totally fine with it. I never in a million years thought that she was uncomfortable. If I did I would have stopped immediately Eventually I knew it was wrong because I liked the other girl I was talking to so I stopped and we finished the game and I left the party. A couple weeks later I made things exclusive with the girl I left the party for. I remained friends with the girl I played beer pong at the party with. 


Fast forward to now. And women on my campus are stepping up and talking about how they had been sexually assaulted. This included the girl I played beer pong with at the party. She posted (without using my name) on social media that one of her friends had been grabbing her butt playing beer pong and that she was very uncomfortable. She then proceeded to say that I did it while my “girlfriend” was there, meaning the girl I left the party for and eventually dated. So I am not sure why she said that when my girlfriend to be wasn’t even there and we weren’t dating at the time. 

I immediately felt so terrible and apologized to her instantly. She said that she forgave me but that we probably couldn’t be alone together. I have never felt to bad about a situation like this before. I guess my question is that would this be qualified as sexual assault? I thought the situation was 100 percent consensual when it happened, but now I feel so terrible that I made someone feel like that, as if I got any push back I would have stopped. And what can do to help for fix this.",2020-07-21 2:20:45,1595298045.0,"{'grab', 'assault', 'use'}","['do', 'i', 'sexually', 'harass', 'someone', 'what', 'can', 'i', 'do', 'to', 'help']",relevant,non relevant
1hjevh6,Pregnant,So many miscarriage posts,"Miscarriage is HORRENDOUS and utterly heartbreaking and i pray for the mothers who have to endure that tragedy.
I am 9 weeks pregnant today and my feed has been nothing but miscarriage and pregnancy loss. I was put on anti anxiety meds at my last prenatal. How can I change the algorithm on my feeds on all social media, because I’m so triggered and terrified everyday. No matter how many ultrasounds HR checks I get. ",2024-12-21 17:41:27,https://www.reddit.com/r/pregnant/comments/1hjevh6/so_many_miscarriage_posts/,,miscarriage,miscarriage-data-updated - miscarriage_related_posts.csv,a00bd927f94f585b660a34ab202af45f1f727b873147c7d2d5508e5631e3de0a,high_precision,,,,,,,
oltwa3,TwoXChromosomes,My dad took me to get my abortion as a teenager.,"My dad died two years ago this weekend (self inflicted) and I miss him a lot and I wanted to just share this with someone cause it isn’t something I really talk about. And I just wanted to tell someone about him being there for me.

I was 18 and an IV drug addict. Everyone hated me, especially my mom. I got pregnant, didn’t know whose it was, didn’t have any way to take care of a baby or even get off drugs long enough to have a healthy pregnancy. 

I knew I had to get an abortion but the decision was agonizing. I had no support. I had burned every bridge. 

Except my dad. He didn’t approve of my lifestyle and he maintained boundaries, he mostly lived out of town. But when he found out,  he said it wasn’t something I should do alone and he’d take me and make sure I had support. 

He told me there might be people outside the clinic and they might be holding signs and they might say a lot of terrible things but not to believe them, and if any of them got to me, that he’d take care of them. 

When inside, I couldn’t stop crying. He told me I didn’t have to do this if I didn’t want to, and that no matter what it would be okay but it was my choice and only my choice. 

I went through with it. I’m so glad I did. 

I’ve been clean a long time and life has become really great. And he got to see me have babies under the right circumstances. He supported my birth decisions, and continued to be an advocate for me always. I miss him a lot. And I’m just really grateful I had that example of a man supporting my choices even in the worst circumstances. 

Thanks for listening",2021-07-17 0:39:19,https://www.reddit.com/r/TwoXChromosomes/comments/oltwa3/my_dad_took_me_to_get_my_abortion_as_a_teenager/,,abortion,abortion_data-updated - new_abortion_related_subreddits_text_posts .csv,44fff9e2fd87c5f073c4aa720ca52cd89e94606d31b00f06f08e070e22c3dc34,,,,,,,,
agnppw,raisedbynarcissists,"Mom kicked me out because I had an abortion, but she also claimed she sabotaged my condoms","I was directed here from  the childfree  subreddit, they said you guys might be able to help me handle the situation. I'm thankful for any and all input you might have. 

&#x200B;

I turned 18 in January. I realized that I was pregnant early on, and it was never any doubt in my mind what I had to do. I never wanted kids- as a little girl I hated dolls, didn't enjoy holding babies or babysitting, never dreamed of children of my own. Just like I know I never want to be a fire fighter I know I never want to be mother.

Anyway. My own mom is a born again christian and told me I would love the baby once it arrived, that it is a sin to abort. I aborted, of course. My life, my body. And no child should be born and not be welcomed. Now my mother kicked me out of the house for being a ""cold hearted murderer"". It's ok, my boyfriends family too me in and they are supportive of my decision.

Now for the truly, deeply twisted shit - how did I get pregnant when I always used protection? Mmm? When my mom was throwing a fit, throwing my stuff out in the snow, she screamed at me that if I was old enough to have a sexlife, I was old enough to give up my own dreams and be a mom. She more or less confessed to sabotaging the condoms I keep in my purse with a needle. Now, of course I know that might not be it, I might have gotten pregnant regardless of her tries to punish me for having sex, but WHAT THE FUCK, MOTHER?!

Anyway. I'm happy I'm not having a kid. Happy I'm going to university and happy that my boyfriend and his family loves me the way I am. Not sure I will be able to forgive my mom though. My bio family isn't talking to me, and right now I don't want to talk to them either. But I feel that I lost my family now. If that is the price for my freedom then so be it. Turns out a mothers love isn't unconditinal after all.",2019-01-16 17:52:37,https://www.reddit.com/r/raisedbynarcissists/comments/agnppw/mom_kicked_me_out_because_i_had_an_abortion_but/,,abortion,abortion_data-updated - new_abortion_related_subreddits_text_posts .csv,1927bac483c506a7c27fe1f455299f06db15f63ac5f3673259d542592efdac24,,,,,,,,
1ehgj2s,BabyBumps,I did it!!!,"OMG! I did it and little man is here. 

It was a struggle to get pregnant and stay pregnant after 3 miscarriages we finally got blessed with this little dude. 
The birthing experience was not smooth sailing but it definitely could have been worse. I have GD and a clotting disorder so my Drs wanted to induce but also wanted to leave my dude to cook as long as they were comfortable. 
And so at 39 + 1 we started the induction. I had told them I really really wanted a vaginal delivery and so we stayed on that course. 
After 29 hours of labor I had reached 9cm and little man was fighting to stay in there, he refused to descend any more. 
Then the dreaded words where spoken “I think it is time for a c-section”
The one thing I wanted to avoid at all costs. Well most costs! 

With each contraction my man was having issues with his heart rate, and so I made what I feel was the scariest decision of my life and agreed to get the c-section. 

My perfect stubborn man was delivered on 7/30 afternoon and he is the most adorable little thing I have ever seen.
",2024-08-01 13:21:21,https://www.reddit.com/r/BabyBumps/comments/1ehgj2s/i_did_it/,,miscarriage,miscarriage-data-updated - miscarriage_related_posts.csv,b9433acb8b7a32cb7b698af79775dc272d74694fa3312a030e753ed8a073085a,high_precision,,,,,,,
7af0ow,metoo,my metoo story,,,https://www.reddit.com/r/meToo/comments/7af0ow/my_metoo_story/,,harassment,sexual-harrassment-data-updated - RelevantByTitle.csv,9f4f3ce225ce011893758a45d434b7dec2f2769065765cd1206fe1fe1a6a663c,,"Over the past few weeks, I've struggled with what medium is correct for sharing this story. I don't know how to get the feelings out, and I'm so scared people are going to tell me I'm lying because of just how fantastical it is. So maybe I should start by saying however crazy, this happened to me, and I've been carrying it around with me for far too long. For years I believed the lies he told me, how he had proof that everything was consensual, not realizing that i was just falling into his trap again and again. Let’s call my boss “ Bill”. I was a young male of 18, fresh off the mom and dad boat and making my way into the real world. By some miracle ( at 22 the miracle is now more apparent to me) I scored a job at a traveling zoo that runs a course from virginia to georgia, stopping at county fairgrounds and community festivals, sometimes doing college lectures and rescue efforts as well. I thought I was happy as can be, feeding and caring for monkeys and kangaroos and even a big tiger. I was a dumb fucking kid. Over the course of six months from october 2013 to march 2014 bill raped me 5 times. When I came back to the establishment in 2015 to false promises he raped me again. He convinced me that it was all consensual and he promised me things, but when i didn’t want to do it, he would coerce me harder and harder until I gave in. he drugged me on three separate occasions with opiates to have his way more easily. He insisted on not using protection because he was allergic to latex. It started early on, when I first arrived to work at the zoo, although for him, the planning probably started when he picked up the telephone and heard easy prey on the other line. The funny thing is, when i called him to ask about the job, i was suspicious of his establishment. Something didn’t add up. I called him out on it, said his pitch sounded like bait, he got upset and hung up. I called my mother to tell her about the job prospect and how it sounded weird and together we looked online. This man was famous. He had animals on the today show. His monkeys were in movies and perched on actor’s shoulders. I fucked up. I called him back apologizing. And of course he accepted. The next week I was on a bus down to the zoo and there we were, in the midst of a carnival, training monkeys and riding camels and horses and all was well for a few days. So i thought. The first night i got shitfaced at a party the fair was throwing. Bill noted my attraction to alcohol. The first weekend, Bill saw the flirty attention I was taking to look at a gentleman in the crowd. But Bill also saw the same flirty attention I was giving to a female in the crowd. Bill took note of my sexual confusion. I remember the first night we drove together in the main semi, after the fair was over and we were packed heading to the next location. His tone got more and more sly as we talked through the night, I remember him telling me stories i would one day find out were lies, but at the time, I trusted him and they awed me. I was a sheltered kid and i didn’t know any better. And then i heard him say “ who don’t you give it a little wiggle”. I looked over and he had his fucking cock out. I’m 18, alone in a semi with a guy who’s bigger than me, away from all known family and friends, traveling to god knows where in the middle of the night. The situation has delved into creepy as hell and it’s all my fault, but I do it, because, what the hell, it’s only a cock and i can’t lose this job and be dumped in the middle of the road. I wish I had made him pull over then. I can’t fucking BELIEVE i didn’t realize how BAD that situation was. I had no idea how hard it would traumatize me. Time number one. In november we made our way to savannah georgia, for an annual festival at a racetrack. Bill had a partnership with a hotel there and they paid a contract to stay on the racetrack/golf course for the entire month, bringing our animal activities to the public attending. Of course, with that contract came hotel rooms, and that’s when my hell really started. The first time, Brian brought all of us to the hotel to sleep (didn’t happen very often,because usually we had to stay with the animals and make sure they were ok) and at the last second, pulled a switcheroo and told me I’d be staying with him. Him asking me to give him a back massage ( which, again, far away from my family or friends) ended up with him being naked, and that turned into him coercing me to take my clothes off, because he just wanted to see, and before i know it I’m in the middle of his fucked up fantasy. Another man using you in that way without your permission is probably the worst feeling i can describe, and that time fucking hurt. I can remember how it felt to this second. I thought about leaving that night, but where the hell was i going to go. And then that happened again. And again. He made me send him text messages “telling him what i wanted him to do to me” and i would just make stuff up because i didn’t know what else to say. This was the clincher. I knew the second i’d try to tell someone these messages would come out and nobody would ever believe me. He’d had other interns before me and I’m pretty sure he did this with all of them. The third time he brought a bottle of pills and told me to take one. It was oxycontin and it made things a little bit easier. This whole time he convinced me if i told anyone, my life would be over, he’d out me to my family, he’d tell them all the nasty things we did together. On the fourth time, I finally had the strength to leave. I waited til night,I made it as far as the hotel itself from the racetrack before I realized it was cold and HE realized I was gone. I think he knew I was going to tell the police so he begged me to come back. He bought me a plane ticket home to my parents that night and he told me to take a vacation. I don’t think he was thinking very clearly. I never got on the return flight. I never wanted to see him again. In 2015 I began to miss my animals, badly, and the trauma from the previous events hadn’t fully taken over my life. Like the dumb kid i was, I decided to give Bill another try. I rang him up and he told me everyone out there missed me, and if I came on down, We would talk about how things were better (there were other problems I was having beyond the obvious one with Bill). I made my bed on the couch at his place when i drove down, because someone was in the spare room, and i thought that would be sufficient enough to keep things pg. I was wrong. I hadn’t even been in the house for 5 hours when Bill decided to pull his shit again. I told him I was going to yell out and he still put his hands down my pants. I should have yelled. I left again that night, drove all the way back to my home in california, and i told myself that that was the end of bill. I couldn’t prove he raped me, so i needed to move on with my life.
I can’t move on. This tears at me almost daily. I’ve literally never typed it out before, and I’m sorry that details are so sparse, but actually reading it like this, I can’t believe how fucked up it sounds. Any questions that might clear up an inconsistency I’m happy to answer. I’m not looking for sympathy, but I want to be able to share this with someone, ANYONE before it eats me alive. This man is still my facebook friend and every day I see him with another success i will never have, because of the things he’s done to my body and head. The fact that i let him get away with doing something like this to a young adult makes me want to kill myself.",2017-11-02 22:10:35,1509660635.0,"{'fuck', 'take', 'pull', 'use', 'rap', 'throw', 'coerce', 'feel'}","['my', 'metoo', 'story']",relevant,non relevant
o99719,assault,Was I sexually assaulted?,,,https://www.reddit.com/r/sexualassault/comments/o99719/was_i_sexually_assaulted/,,harassment,sexual-harrassment-data-updated - RelevantByTitle.csv,8a79d4dfd58a81223808d431a7b1d053a28eb869c61a7ca5fcc55688fe037c5c,,When I was around 11 I family friend tickled and cracked the bones in my feet even when I told him to stop. I was very uncomfortable and I cried. I was wondering if this is sexual assault or not because feet are fetishized..?,2021-06-28 0:29:09,1624840149.0,"{'crack', 'tickle'}","['be', 'i', 'sexually', 'assault']",relevant,non relevant
1lh5po2,Miscarriage,Another miscarriage?,I had a missed miscarriage (8 weeks)last September.Now am 6 weeks pregnant.My hcg was 129 at 5.5 weeks and 72 hrs later it was 282.I have concern about non viable pregnancy or miscarriage?But my doctor is least bothered about it.,2025-06-21 20:14:04,https://www.reddit.com/r/Miscarriage/comments/1lh5po2/another_miscarriage/,,miscarriage,miscarriage-data-updated - miscarriage_related_posts.csv,5d5d3631adff921fe9a90a4b9af122e6194f1448da75d1e1ebac79e502b94b17,high_precision,,,,,,,
irkfyz,Pregnant,How did yall get rid of your mommy pooch? And how long did it take to lose it ?,I miscarried at 8 weeks and that was in early march. I have a pooch and ita making me very very insecure. I wanna get rid of it,2020-09-12 20:46:27,https://www.reddit.com/r/pregnant/comments/irkfyz/how_did_yall_get_rid_of_your_mommy_pooch_and_how/,,miscarriage,miscarriage-data-updated - miscarriage_related_posts.csv,12e95e8ee51a525b102f4a98a17db770851866c851ebe05df9c87237f26a010c,high_precision,,,,,,,
jx0y3x,assault,I get sexually molested by my younger brother on the regular,,,https://www.reddit.com/r/sexualassault/comments/jx0y3x/i_get_sexually_molested_by_my_younger_brother_on/,,harassment,sexual-harrassment-data-updated - RelevantByTitle.csv,6ece8b9ec78445d5a81aef15194bcb840cec7b474a1fd7ff4976b735047b76a1,,"I (21, F) and my brother (16) are quite close. Anyone who saw us would think we are best, closest of siblings. Good children with manners, coming from a good family. I used to live in university dorms and whenever I came back home, had to share rooms (and bed) with my brother as I live in a rather small house.

It started back when my brother was 13-14 when he started touching me under my clothes whenever he thought I was asleep. It started off as him just cuddling and when he thought I was asleep, his hands reached my breasts and even in my underwear. I was paralysed with fear and couldn't do anything as I felt him masturbate. I was shocked. I couldn't believe this was my brother. He had a girlfriend too, yet he was doing this. To his sister. I am built petite and he is bigger, more athletic and I couldn't even more under his hands to try to shake him away.

I couldn't tell anyone, for it would ruin my family. I do love my brother the most, but this was just unimaginable. I kept quiet as it went on for a few more days and I just pretended to be asleep, waiting for my vacations to end so I could go back to my university dorms. When I came back, I insisted on laying a mattress out so I could sleep away from my brother.  
But now I'm out visiting my grandparents and, because the house is too small to accommodate everyone, I have to share a bed with my brother again. And he touched me again the first night here.  
Next morning onwards, I started being cold to him. I can't help it. I can't shake the feeling, nor the image of him doing it to me. Everyone thinks I've been having mood swings, for I am perpetually cold to everyone now. They think I have become terribly rude and inconsiderate and don't care about anyone but myself. My relationship with both family and extended family is crumbling.

I have no clue what to do. I have isolated myself from everyone, sticking to the internet, praying for covid to end so I can go back to university. I have been sexually molested too many times to count. My current (long distance, due to covid) is very supportive and protective, helping me through everything. But this isn't something I can share with him either. 

AITA for being rude to my brother? I am terribly scared and I can't share this with anyone, for I love my brother and do wish him to have a good life. This information would shake the whole family. I don't know what to do anymore.",2020-11-19 11:17:53,1605784673.0,"{'feel', 'touch', 'molest', 'use'}","['i', 'get', 'sexually', 'molest', 'by', 'my', 'young', 'brother', 'on', 'the', 'regular']",relevant,non relevant
1efald6,therapy,I think my therapist is doing more harm than good.,"Hi all,

I've been seeing a new therapist for about six months now and I don't think shes a good fit. For some context I have ADHD, level 1 ASD and CPTSD. I've been looking for concrete ways to help myself regulate my emotions but like most therapists, she just seems interested in talking about surface level stuff and ""validating"" my feelings. Like yes, I know that im entitled to my feelings and emotions but I need to know how to manage them before they consume me. 

The second problem is that her bias seems to be closer to the surface compared to most therapists. Im not sure if im reading too much into things but she seems to have a bias against men. I chose her because in addition to helping with my particular disorders, she helps LGBT people, and Im a bisexual man in a long term realtionship with another man. Shes braught up the fact that her ex husband was abusive and that she only dates women now. Every time I mention feeling angry she asks if im throwing things or abusing my partner. I don't know what would give her the impression that i would, I've never done anything like that and the only strong emotional response ive shown in session has been crying. My only guess is that im a 6'1 muscular, masculine presenting man with a beard?

The third and most annoying thing is that she asks me for advice on her own problems. She's asked me for advice on helping her autistic daughter, even though ive tried to explain that every autisitc person is different and just because I have ASD doesn't mean im identical to her daugter. She'll ask me why her gay son sleeps around even though I'm bisexual and have had the same partner for almost 8 years. Im at a loss for what to do and don't know how or if I should bring my concerns up. ",2024-07-29 20:54:19,https://www.reddit.com/r/therapy/comments/1efald6/i_think_my_therapist_is_doing_more_harm_than_good/,,abortion,abortion_data-updated - new_abortion_related_subreddits_text_posts .csv,0e1ddad3638422b1249b4ddbc65aa9632546f3eea7a5342d3fbbe2231910f6d0,,,,,,,,
1lkf2q3,abortion,Accompanying my best friend to her abortion need advice on her behalf,"So I'm accompanying my close friend to her abortion soon, she will be 9 weeks when we go to the hospital, she is hoping she gets given the medical tablets there and then on the first appointment (she rang an NHS hotline and they gave her the appointment). She is concerned she will see the fetus when she has the tablets and she's worried about how painful it will be. But her biggest fear is seeing the fetus. Any tips welcome that I can pass on to her, she doesn't have Reddit, or any advice for me to help me support her, are welcome.",2025-06-25 19:28:42,https://www.reddit.com/r/abortion/comments/1lkf2q3/accompanying_my_best_friend_to_her_abortion_need/,,abortion,abortion_data-updated - new_abortion_related_subreddits_text_posts .csv,f0193c66420b538aa815a44281866264de34a8b3e4258ca3f227cf389217cabf,,,,,,,,
1le3pqw,Miscarriage,Not telling family,"Had a miscarriage about 2 months ago at 10 weeks. I have not told my parents and they didn't know I was pregnant. The only people who know are a few close friends and my husband. I speak with my mom like once a week, but don't feel super close. She tends to want to gossip about other people more than ask about my actual life. 
Given all of this my gut feeling was to not tell her, I don't think she will be helpful in my healing process and just worry that she will tell all of her friends/my distant family. It sucks because I would love to have that support from them, but I just think it'll do more harm than good.

Honestly, none of my friends have followed up with me after I told them the first time and even my husband doesn't want to talk about it unless I bring it up. It feels like everyone wants to move on and I am all alone grieving. ",2025-06-18 0:38:49,https://www.reddit.com/r/Miscarriage/comments/1le3pqw/not_telling_family/,,miscarriage,miscarriage-data-updated - miscarriage_related_posts.csv,b14ea3e4cb7c592d43e6d6fe5d7ffc1adfe4da4087696e0974bd6de3f2347008,high_precision,,,,,,,
k8rlso,assault,Sexually assaulted when I was eleven,,,https://www.reddit.com/r/sexualassault/comments/k8rlso/sexually_assaulted_when_i_was_eleven/,,harassment,sexual-harrassment-data-updated - RelevantByTitle.csv,38b8c28cc4465754dc9c7a8645af6c8d5e92a5e4e4ce10151af73d2b1d1a843d,,"So I was at a party with a friend of mine,and I went to the bathroom and he opened the door.He stared at my bottom and he closed the door,then when I got out he dragged me to his room (like he always does.He was always abusive) and he put me on the bed,where he started touching my chest,things,bottom etc.I screamed for help but he wouldn’t stop.Luckily it didn’t go that far because I needed to leave.But any thoughts on how I should forget about this?",2020-12-07 22:50:53,1607381453.0,"{'touch', 'drag'}","['sexually', 'assault', 'when', 'i', 'be', 'eleven']",relevant,non relevant
1ea8wri,abortion,"Pregnant after I blacked out at a party, terminated the pregnancy today. ",I was at a party over a month ago and blacked out from drinking. Realized the next morning that someone who I thought was a friend took me back to his apartment and had sex with me. I ended up pregnant. I just took the first abortion pill this morning. I haven’t spoken to him in over a month. Should I tell him? I feel like it’s unfair to me to keep it to myself. I shouldn’t be the only one to bear this burden.,2024-07-23 14:14:57,https://www.reddit.com/r/abortion/comments/1ea8wri/pregnant_after_i_blacked_out_at_a_party/,,abortion,abortion_data-updated - new_abortion_related_subreddits_text_posts .csv,4cc00cb629d622c92cbb0e6c73f93e714f8da1acaea2263b7b8b041715037051,,,,,,,,
1lfkjxn,abortion,Period after abortion,I got my first period last June 18 after my abortion and this is my third day today. My menstruation isn’t the same had only Light bleeding & Im already freaking out. Is this normal?,2025-06-19 20:03:12,https://www.reddit.com/r/abortion/comments/1lfkjxn/period_after_abortion/,,abortion,abortion_data-updated - new_abortion_related_subreddits_text_posts .csv,caa3a20e3b2c086d8a046a32a72be6525203af1a83a7f70b37931d9c0cc7103e,,,,,,,,
okkbj0,assault,/TW:Underage stuff/ Was I sa (or almost) or am I just over reacting?,,,https://www.reddit.com/r/sexualassault/comments/okkbj0/twunderage_stuff_was_i_sa_or_almost_or_am_i_just/,,harassment,sexual-harrassment-data-updated - RelevantByTitle.csv,55f3ac7b29d91063f1c1af7c3b810a344aca89eccf02e3d296275076d1b1bfff,,"I’ve already posted this story on another sub but I feel like posting it here might be a good idea too. 
~
Throwaway account because I’m honestly ashamed and I feel like I might blow it out of proportion. 

I (newly 16/f) went on a camping trip with my family and my dad’s coworkers/ friends last weekend. One of them (54 iirc/m) was acting really weirdly around me, telling me that he wanted to sleep with me or something?! It was weird and it obviously made me uncomfortable, so I brushed it off and tried staying away from him, I was basically hiding away.  He’d still find me though. He did, and this, three times exactly. He first grabbed my neck to choke me on both sides, like the kink thing. It hurt for a while after that. The second time, he firmly grabbed one of my thigh. Both these times, I said something like ‘’Ouch wtf’’ or/and I’d try to escape, clearly showing that I didn’t like it. 
The third time, as I was sitting on kind of high bench, he took my face into his hands and pulled it closer to his, like an inch away from his own, as If he wanted to kiss me. I could feel his breath on my face, and I felt paralyzed, I didn’t know what to do. I was uncomfortable as heck. He then let go of my face to put both of his hands on my inner thighs to try to bring me closer, and I tried backing off. It was hard though. I’m rather short and petite for my age (~4’10-4’11) and he was maybe 6’, so I felt so hecking powerless. I literally said ‘’I’m scared’’ to show I WAS NOT consenting and he just laughed in my face, and I felt disgusting. He said something along the lines of ‘’take a beer, loosen up’’, as he was rubbing my thighs with his hands, which disturbed me even more. Before he could do anything worst though, thankfully, one of my dad’s coworkers’ kids came along and told him to back off. He took his hands off after the kid forced him to and I walked away straight to my trailer, locking myself in. 

I felt violated, and very much disturbed. But, since the kid came right in time before anything more happened, I don’t know if this is even sexual assault or like, assault at all. I’m lost. I’ve been thinking about it since it happened and I don’t know how to interpret it. I haven’t told anyone either, and it feels lonely, and I wanted to share. Please, someone, help me figure this out, it would mean the world to me.",2021-07-15 3:21:14,1626319274.0,"{'brush', 'take', 'pull', 'rub', 'violate', 'force'}","['tw', 'underage', 'stuff', 'be', 'i', 'sa', 'or', 'almost', 'or', 'be', 'i', 'just', 'over', 'react']",relevant,non relevant
korcw3,assault,I feel like this was my fault...,,,https://www.reddit.com/r/sexualassault/comments/korcw3/i_feel_like_this_was_my_fault/,,harassment,sexual-harrassment-data-updated - RelevantByTitle.csv,5fc428eaf550859a0ee99157a5938e2155ae5b8bdec946d49c4133c08fa1877e,,"I'm someone who has had a history of multiple incidences of sexual assault. This particular story is about this past summer. For background information, the guy in the story is actually an ex of mine. I dated him the summer before and had an incident where he wanted to do anal and I didn't. He ended up doing it anyways even though I was saying no and crying. I brushed it off as a miscommunication because he apologized after and said he thought I said yes. This past summer he wanted to hang out again. Because it is important to the story, I have a serious boyfriend and we were together this past summer while this happened.

So due to covid my parents set a rule that since I was staying with them I was allowed to have 3ish friends that I saw regularly and I couldn't change those friends. My ex and I had been talking a bit for about a month and he was telling me about what he had been up to and that he was taking a math class over the summer that he wanted my help studying for. I didn't have many friends around my parent's place so I chose him to be one of them. The first couple times we hung out were fine but around the third or fourth time he started getting a little handsy even though he knew I had a boyfriend and I told him I didn't want him to do that. He ended up kissing me once and I kind of froze, not knowing really how to react. After that, I didn't want to see him again, but he kept telling me that it was an accident and he needed my help with his math class. He said he was just trying to be my friend and I knew I had a limited number of people I could see so I agreed to see him again.

The next time he came over he kissed me again. I tried to push him away, but he kept saying that I had already cheated on my boyfriend by kissing him the first time so it wasn't a big deal to keep doing it. He ended up having sex with me. I never said no, yet he had to talk me into it for a really long time and I never said yes, I just stopped pushing him away. After that time he apologized and said he was just trying to be my friend. Because I had never said no I felt it was my fault anyways. He then offered to pay me to keep helping him with math and I was desperate for money so I agreed to keep seeing him. The same thing happened again and again and I thought I was just cheating on my boyfriend even though every time I tried to push him away and I would tell him I didn't want to have sex. Eventually it became something I just did to get it over with because I was desperate for a friend other than my parents to hang out with and this was what he needed to have to be friends with me. As bad as it sounds I enjoyed hanging out with him outside of this.

I opened up to my therapist about it later after an incident where I had him over for drinks and passed out and woke up with my pants off and him over me also without pants. She said that all the times over the summer were rape because he was being manipulative and I never said yes. More recently I've been struggling with it again because I never said no and I kept seeing him so obviously it is my fault. I love my boyfriend and I really didn't want to cheat on him but I feel like a horrible failure of a girlfriend. What do you guys think? I really need another opinion on this...",2021-01-02 5:08:22,1609564102.0,"{'brush', 'take', 'push', 'kiss'}","['i', 'feel', 'like', 'this', 'be', 'my', 'fault']",relevant,non relevant
1lc8h7w,abortion,Struggling 10 days after MA,"It's been 10 days since my medical abortion and I'm feeling so up and down. Every other day I feel super emotional. My heart feels raw, open, and vulnerable. It's hard to sit with. Has anyone else felt this ache in their heart? I'm childfree by choice and I know I made the right decision for me. I was 6 weeks along. Even though I didn't want a child, a part of me feels like I lost someone important. I feel so conflicted and like I don't deserve to grieve because it wasn't something I wanted. Can anyone relate? How long did it take for you to feel more like yourself again, back in balance? It feels like no one else in my life understands. They're supportive, but I feel alone in this sometimes. Thank you so much 💙 ",2025-06-15 19:16:17,https://www.reddit.com/r/abortion/comments/1lc8h7w/struggling_10_days_after_ma/,,abortion,abortion_data-updated - new_abortion_related_subreddits_text_posts .csv,5df22fea7a760a02b564109925bb6dfda83de5cae17f224629409194a6f5a3e5,,,,,,,,
n3kamo,assault,Do you think I was drugged? This is breaking me.,,,https://www.reddit.com/r/sexualassault/comments/n3kamo/do_you_think_i_was_drugged_this_is_breaking_me/,,harassment,sexual-harrassment-data-updated - RelevantByTitle.csv,c4a72a343c36fa8b64a60b65ab8a9c3f746c5e836f713ddacaa2ba477358e8fe,,"Thank you for choosing to read my post

&amp;#x200B;

I am a male. This incident occurred 10 years ago. My brothers girlfriend abnormally contacted me one day  provided Marijuana that she suggested we smoke. I remember her implying we would ""chill"" on the front porch like friends but it didn't go that way. She became physical with me and we ended up having intercourse. My memory was more fuzzy and I remember feeling more intoxicated. the day after I immediately felt panic. From that day forward, I have hated myself and felt insane guilt for it. It goes against everything about my character and I would NEVER normally do that to someone I care about.

This happened while they were in an unstable relationship, breaking up with each other, using drugs, and she was stealing money from my mom's purse.

Am I making excuses for myself? I've been too afraid to stop lying and ask anyone for sympathy. I feel like she had a malicious plan to use my suggestable attitude as a way to manipulate my brother. She told him a few days later and they fought and broke up for good. I denied it. The inner turmoil has led me to suicide attempts.

&amp;#x200B;

I've seen a therapist for many months but I'm too scared to bring this up because I hate myself for it. I also fear that people will be less likely to believe the parts of the story about me feeling fear instead of assuming I was trying to be a scumbag.",2021-05-03 0:57:30,1620003450.0,"{'feel', 'use'}","['do', 'you', 'think', 'i', 'be', 'drug', 'this', 'be', 'break', 'me']",relevant,non relevant
rkjs5b,Pregnant,Covid booster jab and scared,"I'm 17+2 weeks pregnant and got my booster vaccine this evening. I'm absolutely terrified to get it, I have an underlying health condition as well so already taking medication for that (meds are pregnancy safe) and worried about the amount of stuff going into my body.

I had an early miscarriage in my last pregnancy so anxious anyway about things going wrong and I'm so worried it will harm my baby. My midwife said she recommends that I get it but I'm just feeling unsure. 

Has anyone else had it and baby is okay? Feel like crying",2021-12-20 9:53:18,https://www.reddit.com/r/pregnant/comments/rkjs5b/covid_booster_jab_and_scared/,,miscarriage,miscarriage-data-updated - miscarriage_related_posts.csv,20bbc5c98621d49b00da72ed897af151a5bc38cd6d77a198738f9a130faf6655,high_precision,,,,,,,
1cr72yx,TrueOffMyChest,UPDATES: My stepdaughter died 4 weeks ago and I just caught my husband and his ex wife in our bed.,"Sorry about this post being removed a couple days ago. I didn’t realize there was an update rule, so here is the update again, along with some questions answered. 

I decided that I’m filing for a divorce. I can’t ever trust him again. It sucks because we had an amazing relationship (I thought), he’s always been great, so this was a complete shock to me. 

Last night, Derek came over to talk. He confessed to a lot. Turns out it wasn’t their first time having sex like most people thought. They’ve been having sex since 3 months before Becca died. I am completely shocked and heartbroken. 

Sam also reached out last night and thanked me for everything I’ve done for her, and told me she was sorry. I didn’t respond, I blocked her. 

I did so much for Sam and considered her a friend so this hurts a lot, more than I can handle. 

This is all too much. 

As hard as this is gonna be, I need to leave Derek and cut them both out of my life. I am ready to do so. I am done. 

Also, some people are saying I deserved this because I should have known better than to let Sam into our home, around Derek. But, you need to understand that I’m a giving person, I trust people more than I should, I truly thought Sam was an amazing person. I know it’s unusual to become friends with your husband’s ex wife, but it’s just how it went for us and I shouldn’t be blamed for what happened. 

Thank you to everyone who commented nice things and for the kind messages. You’ve all been helpful during this insanely difficult time, I appreciate it. 

I’m getting lots of questions about some things so I figured I’d answer a few of them.

• Have I told anyone about what happened besides my mom? — Yes, I told a few friends and some family members. Most of them are supportive of my decision and aren’t speaking to Derek. 

• Where is Derek staying? — Currently, he’s staying at a hotel. Our friends refuse to let him stay with them. He’s lost a lot of people due to his awful decisions. 

• Has he tried fighting me on getting a divorce? — Yes, he begged me not to file for divorce, but when I told him I needed him to just let me go, and that I was too exhausted to fight him on this, he let it be and agreed to getting a divorce. 

• Why isn’t Derek staying with Sam? — He told me he didn’t wanna continue to hurt me, so he told Sam he was done with her for good. And that they have no reason to speak to each other anymore. I have no idea if that’ll last and if they’ll just end up together, but I truly don’t care what they do anymore. I just want peace. 

• What was Derek’s excuse for cheating? — He told me that they just “accidentally” reconnected one night when I was away at my mom’s. He was stressed we weren’t conceiving and were having miscarriages, so he vented to Sam, and then somehow that led to sex. Disgusting of them both, I know.. 

Feel free to ask anything else, and I’ll try to answer. Thank you everyone for your support and advice. 

Edit: I’ll keep doing updates if there is any on my profile. ",2024-05-13 18:50:44,https://www.reddit.com/r/TrueOffMyChest/comments/1cr72yx/updates_my_stepdaughter_died_4_weeks_ago_and_i/,,miscarriage,miscarriage-data-updated - miscarriage_related_posts.csv,c9b01ebc411532c088238df034db3a3d50ad6a7e8ab36f96d7ae0dc38c654310,high_precision,,,,,,,
1liuy8e,Miscarriage,Molar pregnancy : What next?,"So I was supposed to be in my 12th week today. On week 11, a transvaginal scan was done and gynec said it was a molar pregnancy and that D&C had to be done asap. In this scan as well as past scans, there was no yolk sac, no fetal pole and no heartbeat as well. It was all a white blur in the gestational sac. 

Talking about symptoms, I didnt have anything severe. There was no nausea. I was just sleepy, bloated and tired all the time. Also I had and still have ZERO spotting whatsoever. However these past fee days I have been having one-second long shooting pains in left pelvic area at times.

This baby was much awaited, we had been trying for years. Through all these tears and heartbreak, I don't know what to do next. I heard some stories of women finding heartbeat after waiting for a few weeks. I heard some women tell me to drink some herbs/meds to let it pass naturally. Others say that D&C is the only way. 

Asking others with the same diagnosis, what worked for you?",2025-06-23 22:47:29,https://www.reddit.com/r/Miscarriage/comments/1liuy8e/molar_pregnancy_what_next/,,miscarriage,miscarriage-data-updated - miscarriage_related_posts.csv,70fac1e5e8c0281ed634f846e89100bfa0ee850494e4fc56c66a136671dca672,high_precision,,,,,,,
ji0eue,assault,My rapist got married today,,,https://www.reddit.com/r/sexualassault/comments/ji0eue/my_rapist_got_married_today/,,harassment,sexual-harrassment-data-updated - RelevantByTitle.csv,34cb3e009bc30dda0da9251e97836d96f533d9fa066eb20b73e154f8377a5c85,,"I’ve had trouble focusing all day. I’ve got so much work to do but I can’t help myself from feeling super triggered. 

He does not deserve this. I’m trying my best not to send out any negative energy so I don’t get it back but this man does not deserve to be happy. 
I feel bad for his wife.",2020-10-25 20:23:37,1603657417.0,{'feel'},"['my', 'rapist', 'get', 'married', 'today']",relevant,non relevant
aczjvs,metoo,Has anyone else pressed charges successfully? This is my victim impact statement from my rapist's sentencing.,,,https://www.reddit.com/r/meToo/comments/aczjvs/has_anyone_else_pressed_charges_successfully_this/,,harassment,sexual-harrassment-data-updated - RelevantByTitle.csv,6156221c126aa80b35dabbce05ed81d7626562ce9f4bd4afc17cc0ae2c09273b,,"Good morning, Your Honor,

First, I would like to thank the public servants that have supported me during this process. Your professionalism, compassion, and dedication has made this as smooth a process as possible. I have shared my praise with those close to me, and everyone is thankful and supportive of your efforts.

Rape is a terrifying violation. I feel lucky to live in an age and society where its severity is recognized, and where avenues exist to preserve justice.

Losing control of my body and having my most intimate boundaries violated shook me to the core and left me stunned. I was of a zombie for the weeks after, breaking into tears often, or hysterical laughing spells. The few short terrible minutes lived on, and the trauma did not stop there.

7 hours being poked and prodded and questioned at the emergency room. I felt dirty for weeks, and couldn’t seem to take enough showers. Weeks on the phone and visiting the offices of detectives, having to relive my story over and over, and even confront my perpetrator.

My sacred retreat that is my camper van (and home) will forever carry the memory of the attack. I’ve often awoken in the van, alone or beside a loved one, and had to relive the event in my mind. My van was new, the first place I’ve ever “owned,” and a welcome refuge during a terrible couple years of tumultuous life events. I was in a rut, and this incident tainted one of my precious escapes.

I’ve now found myself more suspicious of strangers, and fearful for my own safety in public. I am more defensive and standoffish around men, a dynamic I loath. Sex itself is poisoned. Relationships are more complicated as I carry my trauma. 

When my perpetrator was written up in the local news outlets, I witnessed a disturbing smear of hateful language on the comment sections. Attacking him, and discrediting me: sexist, racist, and violent words that left me in tears. Since, a bitter taste about our current political situation, and our electorate at large, has tinged my perspective.

Probably the most unwelcome feeling is that of guilt. Not for the rape--  that was on you, (name - privacy protected). But for the consequences of doing the “right thing” and following up: putting a man behind bars and causing his loved ones to suffer immensely. The three years in prison, or the potential 30 I was imagining, will no doubt be difficult for you, and could break a weak man. I have to believe that you are strong enough to overcome this, and that somewhere in the process you will seize the opportunities for healing and growth. I won’t feel bad that you're facing these consequences, but I will pray that the justice system will do its job for all including you, (name). The most important thing is to ensure events like these don’t happen.

Statistics say that three rapes out of one hundred end in a successful conviction. This is atrocious, since this is one of the most important dangers from which to protect our citizens. When I spoke out, I hoped I was helping to speak out for the countless other victims of sexual violence that haven’t yet tasted justice.

I do want to offer what I can to help everyone in this healing process. Now, I would like to address (name) directly:

*This section in Spanish, translation follows*

(Name), recibí tu carta. Es imposible tratar entender tus acciones o motivos para la violación, aun más cuando leí tu disculpa. Me pareció sincero.  Para mi, esto significa que entendías tus errores. Sabías lo que era correcto.

Me lastimaste. Te ofreci mi amistad y compañía, y me enganaste y violaste.

Y como dije, y explicaste en tu carta, sabías mejor. Vi el arrepentimiento en tu cara esta misma noche, y lo escuche por telefono. Lo lei en tu carta, y lo siento en mis sueños. Todo que conozco de ti, de tu tiempo en el mercado, y tu gran comunidad de amigos y familia, es que eres un hombre carismático, inteligente, cariñoso, y querido. Cómo llegaste en esta situación es difícil entender, quizas aun mas para ti. Pero supiste mejor. Sabes cómo se debe tratar a los demás. Sabes hacerlo, y lo puedes hacer. Yo lo sé de corazón, y por eso te perdono. Por favor escucha mis palabras, porque espero que te sirvan con tu curación y que puedas crecer a ser el hombre que quieres ser. Te perdono.

Odio el evento de la violación, pero no te odio a ti. En realidad, te espero todo lo mejor en esta vida. All I want is to ensure this doesn’t happen again.  

En realidad, lo más difícil ha sido intentar empatizar contigo, entender de dónde vienes, o lo que enfrentas hoy. He pasado horas ponderando tus decisiones aquel noche, o lo que estás haciendo o pensando en cualquier momento. Pienso en tu familia.

Aunque no conozco un dios específico, he estado rezando por ti. Rezo que encuentres fortaleza, compañerismo, y momentos de paz para refleccionar durante estes dias dificiles. Te espero seguridad, salud, y amistad en la cárcel. Ojala que puedas aprovechar las oportunidades que hay, y madurar a través de educacion, refleccion, y apoyo de compañeros y profesionales. Espero que después de cumplir tu castigo, reintegras rápido a la sociedad y sigues con una vida feliz.

Y tengo un deseo más, y lo voy a explicar en inglés. 



*Translation of Spanish section*

(Name), I received your letter. It is impossible to understand your actions or motives for the rape, even more after reading your apology. You knew better. 

You hurt me. I offered you my friendship and companionship, and you betrayed me and raped me.

And as I said, and you explained in your letter, you knew better. I saw the regret on your face, and I heard it over the phone. I read it in your letter, and I feel it in my dreams. Everything I know about you, from your time at the market, to your large community of family and friends, is that you are an intelligent, charismatic, caring, and loved person. How you got yourself into this situation is hard to understand, perhaps even more so for you. But you knew better. You know better, and you can do better. And for this reason, I forgive you. Please listen to my words, so that they might help you in your healing. I forgive you.

I hate the event of the rape, but I don't hate you. In reality, I want the best for you in this life. All I want is to ensure this doesn't happen again. 

The most difficult has been trying to empathize with you. Understand where you are coming from, or what you are thinking or doing at any moment. I think about your family.

Although I don't know a specific god, I pray for you. I pray that you find strength, companionship, and moments of peace to reflect in these difficult days. I wish safety, health, and friendship for you in jail. I hope you can take advantage of the opportunities there are, and mature through education, reflection, and the support of companions and professionals. I hope that after finishing your punishment, you reintegrate quickly into society and continue with a happy life.

*translation complete*

I hope that everyone involved in this disturbing crime, can grasp onto something positive from the experience and march forward. This process has disturbed many lives, but hopefully also shown the strength of supportive family and friend circles. I know in my case, a positive experience with the professionals in the system has left me optimistic and appreciative. Perhaps the most important opportunity, is for us all to learn what we can to ensure these acts of violence cease to happen. That will take all of us, educating and supporting current and potential, victims and perpetrators, to get the help they need. (Name), you and I especially carry this responsibility. I have faith you will grow and mature from this experience, and I hope that you are able to share that wisdom and help other young men make safe, responsible decisions. Consent, consent, consent. I too, commit to sharing my experience with people of all ages, hoping they might understand healthy sexual boundaries. 

Thank you, everyone, for hearing my words. May peace come to us all.

",2019-01-05 23:18:47,1546730327.0,"{'take', 'prod', 'rap', 'follow', 'attack', 'feel', 'violate', 'disturb'}","['have', 'anyone', 'else', 'press', 'charge', 'successfully', 'this', 'be', 'my', 'victim', 'impact', 'statement', 'from', 'my', 'rapist', 's', 'sentence']",relevant,non relevant
1ck4sez,Parenting,SIL Has No Access To Baby,"Quick context: my SIL (who yelled at me at my baby shower & has not checked up on me during my ENTIRE pregnancy) pushed her mother (literally) out the way and came into the L&D room with my husband and I. She watched as they undressed me, checked my cervix, & even took pictures of the birth without permission. I was distraught & angry while in such a vulnerable state. My birth plan stated only my husband and our mothers. My husband has apologized profusely for not getting her out - he still feels guilty. Her behavior continued into the recovery room where she didn’t want to leave while they undressed and checked me or while I was learning to breastfeed- my husband got her out each time.  

Fast forward 3 months: SIL has not seen the baby since we left the hospital. I told my husband she’s not allowed around the baby until her & I have a conversation and she extends an apology. She has not reached out to me to apologize or see the baby, my husband has told me she really wants to see the baby. Both my husband and MIL have talked to her about why I feel this way - yet nothing. 

My husband and I are about to go on vacation, his dad is watching the baby (SIL & the dad do not speak to each other). MIL asked if she could pick up the baby for one day while the dad has her so her sister can meet her. We said yes, but I fear that she will also allow the SIL to see the baby that day which will prolong her from apologizing and making things right. MIL knows I do not want SIL around the baby. 

QUESTION: what would you do? Am I wrong for feeling this way?
(I told my husband if I find out she’s around the baby I will be upset with his mom & talk to her about it)",2024-05-04 16:51:03,https://www.reddit.com/r/Parenting/comments/1ck4sez/sil_has_no_access_to_baby/,,abortion,abortion_data-updated - new_abortion_related_subreddits_text_posts .csv,8fe70d88f02b7f9a6062c532b06878f8e24a1071f2609a905afad759089331b4,,,,,,,,
1915s31,AmItheAsshole,AITA for making my daughter give a graphics card she doesn't need to my son.,"I have a daughter (24F) from a previous marriage with my ex and a son (15M) from my current marriage. My ex passed away when my daughter was 16 and she has lived with me rent free ever since since I live close to her college

My daughter is a graduate student and earns money from her research lab, I don't remember how much quite well but it is an top Ivy school so it pays quite well. My daughter pays no rent, had her college paid for by scholarships and my ex's inheritance which went completely to her.

Recently my son has been wanting a new graphics card for his computer as he is an avid gamer and his current one doesn't work well with his monitor. He knows computers quite well.

My daughter recently bought herself a new computer and sold her old one in parts

According to my son my daughter's computer has two graphics cards and she isn't using one of them (the monitor is plugged in to the one she uses). The one she uses is from her old computer (5600xt) and the one she doesn't use is 4090

He says because she doesn't use windows and uses Linux the other one is useless to her and would suit his needs and he can exchange it with his current graphics card (2070).

I asked her to exchange it with her brother and she refused initially but when I reminded her about how it would be a gesture and how I don't charge her rent despite being an earning adult she reluctantly agreed but still lied and claimed she uses it despite a monitor never being plugged in.

She said she used it as it made school easier for when she is not on campus even though she plays very few games and is usually typing text documents.

However since the exchange she has been acting quite unpleasantly, not saying much and banging things when she does chores.

AITA here? I get that it is hers but I feel like if it's something that came with her computer that she doesn't use, it makes sense for her to give it to my son who would actually use it to upgrade his older computer especially since she already saves a lot on rent.",2024-01-07 23:15:58,https://www.reddit.com/r/AmItheAsshole/comments/1915s31/aita_for_making_my_daughter_give_a_graphics_card/,,abortion,abortion_data-updated - new_abortion_related_subreddits_text_posts .csv,b291ba7d100e6ebcf16189449bc9cc995f94051fef95135c5fb0e4187cf3ab97,,,,,,,,
1lckrti,abortion,Abortion turned miscarriage CA/US,"I miscarried after having learned that the baby no longer had a heartbeat while in the process of pursuing an abortion. I dont know why the fact that this is a miscarriage was so much harder than an abortion- it’s as though the choice, or lack thereof, and death in the entire situation became crushing. It feels like my fault, even though I technically wanted it. 

The experience itself was traumatic, with masses of tissue exiting my body along with blood and pain. I unfortunately saw the tiny fetus as well, which I wish had never happened. 

I dont know how to process any of this or how to begin to move on. I was never attached to this baby, yet I’m still struggling with the miscarriage and the physical trauma as well. Not many around me know of the situation and I feel like I’m going through the motions of everyday life, isolated in this experience and completely alone with its reality… what do I do from here? ",2025-06-16 5:24:50,https://www.reddit.com/r/abortion/comments/1lckrti/abortion_turned_miscarriage_caus/,,abortion,abortion_data-updated - new_abortion_related_subreddits_text_posts .csv,e6804d51e42a014e4f37078dff2d414f1448fbca465556bb6cf20dc17764aa2c,,,,,,,,
1g5gahg,Pregnant,What is the best month to get pregnant?,"I saw a girl in tiktok explaining what she thinks is the best month to start getting pregnant and why. 

I think late September would be the most ideal for me. I can announce my pregnancy on Christmas holidays, ideally passing the 12th week “safe mark”. I’ll be on my 2nd trimester for summer, Im expecting to have my bump but I wont be that huge yet and symptoms would be better than 1st trimester so I can enjoy summer. Summer will be over by my 3rd trimester which will be great because I expect myself to be huge, hot, and irritable especially with the climate. Im from a tropical country where we only have summer and rainy season. 

What do you think would be the best month to get pregnant? To add, what do you think would be the worst? 

P.S Coming from a miscarriage, of course a pregnancy at any time will be most welcomed. This is just for the purpose of discussion ",2024-10-17 2:09:34,https://www.reddit.com/r/pregnant/comments/1g5gahg/what_is_the_best_month_to_get_pregnant/,,miscarriage,miscarriage-data-updated - miscarriage_related_posts.csv,03224478771848d8c064d20c06d1ac71ace3a5d35a58f0a2bd0c789648ae08aa,high_precision,,,,,,,
1l8gymm,Pregnant,"Missed Miscarriage, please help","Last week I went in for my first sono, there was no heart beat. I was 9+2 and the baby had stopped growing at 9 weeks. It’s been a full week since the scan and I have yet to have any signs of miscarriage. Still feeling very nauseous, no blood. The only thing that might be a sign is that I’ve had some (what I can best describe as) Braxton hicks, painless contractions. 

My D&C is scheduled for Thursday and I’m starting to get this sinking thought that “what if the tech was wrong, what if she just missed the heart beat?” Listen, I’m typically a very evidence based girly, and I know nine weeks should have produced a heartbeat so I am fairly certain this is just my grief talking. But I don’t know what to do. It feels a little late to ask for another sono and I also don’t know that I can take seeing my baby motionless on a monitor again. 

If you’ve experienced anything like this, first of all, I’m so sorry, second of all, can you talk me off this ledge? I’m becoming increasingly terrified that I’m about to harm my baby even though I know they aren’t really there any more. ",2025-06-11 2:05:03,https://www.reddit.com/r/pregnant/comments/1l8gymm/missed_miscarriage_please_help/,,abortion,abortion_data-updated - new_abortion_related_subreddits_text_posts .csv,43c91c6917dd1a6a33d9e59c25c556d7cc883789837d76362f0c0b2d2e98621e,,,,,,,,
jc69re,TwoXChromosomes,"Maybe if we start calling it Pro-Freedom instead of Pro-Choice, republicans will finally get it through their thick skulls","Because it's not pro-abortion, it was never that. One side wants to make the decision for everyone permanently all the time, and one side wants freedom of choice... which is a very republican ideal.

(If only it weren't a woman's choice)

This has been my showerthought. Thank you.

edit:

cool ideas from the comments

* Pro Choice VS Pro Control
* Pro Living VS Pro Birth
* if someone honestly believes abortion is murder then it doesn't matter how you frame the issue, they will never be OK with babykilling
* Pro Healthcare VS Anti-Freedom",2020-10-16 8:36:40,https://www.reddit.com/r/TwoXChromosomes/comments/jc69re/maybe_if_we_start_calling_it_profreedom_instead/,,abortion,abortion_data-updated - new_abortion_related_subreddits_text_posts .csv,256d1cc028533a0d7f50a406f62a29c84dd29f72b20c444b99903b2ad3f49d2f,,,,,,,,
pivkbb,Pregnant,A friend won't stop commenting on how having kids ruined their life and its really bothering me TW: discussion of miscarriage,"Edit: Hi All. Please stop misgendering Dee. I'm sure it's an innocent mistake by everyone but every time I read ""she"" or ""her"" in relation to Dee, I wince internally. Also, please stop assuming that Dee birthed the kids. For those who think it might be PPD or depression, I'm not ruling it out but for reasons I'm not willing to disclose, I think it's unlikely. Even if it's a mental health issue, that's an explanation but not an excuse. 

I have a friend, let's call them Dee, who has two lovely children, a 3 year old and a 17 month old. Dee wanted kids pretty badly because they have a very serious health condition. However, ever since the kids came along, Dee constantly makes comments such as:

""Don't have kids, they ruin your life.""

""Children are awful.""

""If someone had told me how awful kids were, I wouldn't have had them.""

This is just a small sample of the many derogatory comments Dee makes about children. 

At first I brushed this off as new parent shock/life adjustment, being tongue in cheek etc. But as the eldest child started to get older, it made me really uncomfortable when Dee would say these things while holding their kids. At 3 years old, I think the kid is old enough to sense the tone and start to comprehend the words. At first I jokingly said things like, ""Oh Dee, you're going to have to stop saying things like that now that [child] is older,"" but I would typically get a reply like, ""but it's true that kids ruin your life.""

I thought maybe that Dee would get the hint when I wouldn't join in, would change the topic or just praise the kid instead of joining in with the horrid comments but instead they persisted. 

It irked me even more when our mutual friend, Zee, was trying to conceive and having a really hard time (which Dee knew). Zee would obviously need support but instead Dee would say things like, ""Oh it's good that you don't have a kid anyway, they ruin your life."" I found this incredibly rude and insensitive. When Zee did manage to conceive, Dee just persisted in telling Zee how her life would be ruined. 

Last May I had a miscarriage at 10 weeks. I was disappointed and sad of course but emotionally ok (physically it was awful). Dee was informed of the miscarriage and was sympathetic but hasn't stopped going on about how terrible it is having children. A few days ago, they made another casual comment over messenger about how ""kids suck"" and I just flat out replied, ""You really need to stop saying that."" Instead of acting maturely, the response I got was ""They could be better then I’d stop saying that."" I didn't dignify that with a reply but I was really tempted to say, ""Well at least you have two healthy, living children.""

I'm very lucky to have fallen pregnant again already (5 weeks, 2 days) but it's early days and I don't want to get over excited. Still, this comment from Dee has really bothered me. Bringing it up with Dee will just result in drama and I'm not going to give them that opportunity so I just thought I'd rant here.

Has anyone else encountered a similar attitude?",2021-09-06 8:42:58,https://www.reddit.com/r/pregnant/comments/pivkbb/a_friend_wont_stop_commenting_on_how_having_kids/,,miscarriage,miscarriage-data-updated - miscarriage_related_posts.csv,3cdc0f3c37979db6e57c3b79e012da3a8dc727a70d9a704c5b70c731c84d0072,high_precision,,,,,,,
kw3akh,assault,Was this what i think it was,,,https://www.reddit.com/r/sexualassault/comments/kw3akh/was_this_what_i_think_it_was/,,harassment,sexual-harrassment-data-updated - RelevantByTitle.csv,53107c5effc758ff63ac3ee420b4b54757b45eb7dae390bb91ae23b27eeca026,,"So ive been kind of off latley and ive been thinking a lot and a time came up from my past that i remembered. When i was around 6 or 7 i would visit my grandma every summer and at the time my uncle lived with her still because he was like 13 or older and like every summer he would do something inappropriate like touch me on the chest or butt and i thought at the time that it wasnt a big deal until I was like 8 and it had been going on for about 2 years or so, but i started to realize that maybe this wasnt normal family behavior when my mom started asking me if anyone was touching me or anything and I said ""no"" because i thought this was normal but when I started thinking I realized it wasn't.

 I didn't do anything though because i was scared that if i told him to stop and leave me alone then he would go to my only other girl cousin (shes a few months younger then me) so i kept going with it until he suddenly stoped a few months after I noticed that it wasn't ok. I was also scared that no one would believe me and I didn't think that it was that serious since it was mostly just touching and other small things and I know this is kind of a dumb question but for years ive blamed myself for those incidents and i just want to know....was it sexual assault?  For years I've always thought that even though I never said yes I never said no either and for years, even now,  I've seen myself as the problem that's why I never saw it as sexual assault. I even asked him for a kiss on the mouth when i was like 6. Like that b*tch took my first kiss from me and used my innocence against me, I don't like him one bit and I am scared that if I get left alone with him that he will resort back to his old ways. To be honest I think he thinks that I forgot what happened since I was so young and it was years ago, im 15 now. 

Also there was this one time that I think he mightve tooken it farther, he took me into my grandmas walk in closet, turned on the light and closed the door. I then asked him what he had in his hand ( I think it was condom but I'm not sure. I forgot) but I can't remember anything after I asked that, its like my brain is blocking out the memories. I asked that question and then...darkness...nothing. I'm in 9th grade now and I can't stand when people touch me. Like they can pat me on the shoulder or something like that but if they contuiously touch me on the shoulder or hug me for too long I start to try and get away, my heart beats faster and i get very uncomfortable. Idk if its because of him or not but yea I just want to know if this was sexual assault and if it was, how do I deal with it. When I start thinking of what happened I start shaking and put my head in my knees, any tips on how to calm down? Also my family has no idea about what happened. Me and him are the only ones who know and it happened about 7 years ago so there's no point in trying to convince me to tell someone with no evidence. I am sorry if he does this to someone else because I was too much of a coward to tell anyone. He has a baby and a family now though so idk if he has time to do this to someone else and luckily his son is a boy so the child shouldn't be in danger. And please don't bash me for going along with it so easily after i realized it was wrong, I wanted to protect my cousin. She looks so happy these days, you may be disappointed in me but I'm happy that shes safe",2021-01-12 23:12:19,1610493139.0,"{'take', 'touch', 'use'}","['be', 'this', 'what', 'i', 'think', 'it', 'be']",relevant,non relevant
1lj3ty0,Miscarriage,I lost my little one at 7 weeks but I'll see them again,"I wanted to share to everyone something that had really helped me when I had my miscarriage 2 days ago. 

I was exactly 7 weeks when the bleeding started on Friday night but by the time I got to my scan on Saturday, there was nothing visible on the ultrasound. It was clear that the pregnancy has passed. 

There is a saying in my Asian culture that helped me as I grieve for my little one. In my culture, we believe that when a miscarriage happens, it's not that our wee one doesn't want to stay here, it's that they've forgotten to pack their luggage in heaven. So instead of staying without their bags, they decided to go back to pack everything they have and come back to us when they have everything. 

This way of thinking doesn't minimise my grief im experiencing. I'm still feeling it in waves and it hits me as I least expect it. But it made me feel like my little one will come back to me again and it's not a goodbye but see you soon. 

I know a lot of us here are having a hard time at the moment and I'm grieving with you. For the past couple days, this forum had helped me because I feel like we're all grieving together. I hope my culture can bring a little comfort to you. ",2025-06-24 6:26:15,https://www.reddit.com/r/Miscarriage/comments/1lj3ty0/i_lost_my_little_one_at_7_weeks_but_ill_see_them/,,miscarriage,miscarriage-data-updated - miscarriage_related_posts.csv,7aaf0aad9e6f68b8f896ffa859941e09d70c25e8fa0147754c3bc6fe1e4deb8f,high_precision,,,,,,,
uqvvoo,abortion,Has anyone had more than one abortion?,"I had my first abortion just over two years ago when I 19. Even though I know it was the right decision I still get upset and found it quite emotionally traumatic, i had no option other than to go through it alone.

I am now 22, and just found out I’m pregnant again. I’m not in a place either mentally or financially to have a child, I just feel really ashamed that it’s happened again, and I’m so worried about what the people in the clinic are going to think of me when I have to tell them it’s happened before. I just wanted to ask if anyone else has been through a similar situation to me, and if so how did they feel about it/deal with it?

Update: thank you guys for all the love and support! 💗I had my SA last Tuesday, as difficult as the decision was I know I made the right one and can already feel a weight lifted",2022-05-16 13:23:02,https://www.reddit.com/r/abortion/comments/uqvvoo/has_anyone_had_more_than_one_abortion/,,abortion,abortion_data-updated - new_abortion_related_subreddits_text_posts .csv,04667e3c0def9d31c41f4d7902fcee591e3fa918253308be82e41bbd5f28cca9,,,,,,,,
1lik4pl,abortion,my feelings after surgical abortion at 11 weeks,"im 21 and i just had a surgical abortion procedure on saturday 6/21 in the USA. abortion is 100% banned where i live so i had to drive quite a few hours to find a clinic. while i was pregnant i was miserable, nauseous 24/7 and vomiting 5-10 times a day, i was so constipated and emotional and TIRED above everything, oh my god i was so exhausted i could hardly stand for the past almost 3 months. i was so ready to have the procedure and be done with it but now i inexplicably miss being pregnant, i miss knowing there was a baby there with me all the time, i hated it so much when it was with me but now that it’s gone i wonder if it was a girl or a boy, what it looked like, all that. the father doesn’t even know i was pregnant and im struggling badly with whether or not i should even tell him now, after the procedure is done. i don’t want to have a child. but im so so sad now and i dont know why. i dont want a baby. i didnt want this baby. but i still miss it. is this normal? and when will it stop? i don’t want to feel like this for a long time, i dont want to miss my baby for a long time, i want to move on with life :( i was sedated heavily during the procedure and dont remember any of it which i think is not helping, i have no closure, i went in pregnant and left not pregnant and its messing with my head because i still feel like my baby is with me even though i know its not. sorry for long post, i just dont have anyone to talk to. ",2025-06-23 15:49:38,https://www.reddit.com/r/abortion/comments/1lik4pl/my_feelings_after_surgical_abortion_at_11_weeks/,,abortion,abortion_data-updated - new_abortion_related_subreddits_text_posts .csv,5b8797fe266e64e5aad651ca26a6f431a1d5963e105e6be93201dd8592c6a214,,,,,,,,
jv8nvx,assault,I am scared,,,https://www.reddit.com/r/sexualassault/comments/jv8nvx/i_am_scared/,,harassment,sexual-harrassment-data-updated - RelevantByTitle.csv,95b4f2b2a033b5564178760d98adfda29ec36f541c0a21c770a68649dafd6d12,,"I think this happened at least one time in my life, that I sat in the bus, next to a great looking guy or one of my male friends and because I maybe had a crush on them or something or thought they were attractive, I put my leg against their leg, did I assault or harass someone!? I am scared...",2020-11-16 15:29:46,1605540586.0,set(),"['i', 'be', 'scar']",relevant,non relevant
1g3upjf,Parenting,I just rehomed my cat after being a new mom. Baby is 6mo old. absolutely devastated.,"Edit:
 17 Oct 24 

He is doing amazing. He has come out of his shell, eating full meals and using litter box. No in appropriate urinating. 

For anyone who might find this post at a later date, who can relate to this….  Do what right. You’ll find in retrospect how your also doing you furr baby right in this choice. Some cats are high maintenance and that’s okay. There is NO shame in rehoming and anyone who tells you otherwise have not been in your position.  Now that it’s been a few days, and knowing he’s adjusting well I feel complete and utter peace. At home and with my worries for him. 


———//


Any words of encourage or people in this situation. My beautiful  cat is 3. He was peeing and meowing and I just count give him the attention he needs or deserves. As I’m writing this I’m crying. I have so much guilt. He went to a home with 4 kids. They seem like they will be able to play more. He is having a hard time. If this doesn’t work I told her by end of week I’ll take him back and will not be rehoming. 

He peed on the couch three times in 2 days.  I’ve had him screened and checked out and it was deemed psychological. Vets wouldn’t put him on anymore meds. Told me to go to a cat behaviour therapist. I can’t afford it. Guess I’m just looking for just anyone to say anything. I’m absolutely devastated. ",2024-10-15 0:06:48,https://www.reddit.com/r/Parenting/comments/1g3upjf/i_just_rehomed_my_cat_after_being_a_new_mom_baby/,,abortion,abortion_data-updated - new_abortion_related_subreddits_text_posts .csv,d36c4d7401b411fc72c1b67d1e571ce96e1409f6d0a19ccb0d8152f1afaa04d8,,,,,,,,
1l9ssjl,abortion,Scared 18 year old from Texas,"I traveled from south Texas to Kansas for a medical assisted abortion. My parents didn’t know neither did my bondsman (I’m already a felon who can’t leave my county) I’m really scared for the legal ramifications of this. I had no embryo formed yet. I’m also scared for what my parents will do to me when they find out what I have done. 
I don’t regret my decision but I do fear the consequences. I don’t know what to do I’m just trying to put out how I feel to see if someone can offer me help/advice 
",2025-06-12 17:43:05,https://www.reddit.com/r/abortion/comments/1l9ssjl/scared_18_year_old_from_texas/,,abortion,abortion_data-updated - new_abortion_related_subreddits_text_posts .csv,b4dfb4973bb556919637eadb3ded51399cc426a82c4e2306763a2f52a18cd753,,,,,,,,
10l24zy,abortion,I want to get abortion but in Louisiana and its illegal now,Hey I'm 16 and I am pregnant and want to get abortion but I am in Louisiana and its illegal and i don't know what to do and so scared and i want it all to be over. I took a test 2 days ago. My parents are quite conservative and I am scared if i tell them that they would stop me and i can't tell them. I just want to focus on school and to see my friends and have a normal life and i don't want this at all and i just want it all to be over. I told my bf and he wants me to get an abortion too but he doesn't know how. I don't drive and I have no job and i don't know what to do and i am scared to tell people. I told my best friend and my bf but that's it and they don't know how and I just want it to be over,2023-01-25 16:05:09,https://www.reddit.com/r/abortion/comments/10l24zy/i_want_to_get_abortion_but_in_louisiana_and_its/,,abortion,abortion_data-updated - new_abortion_related_subreddits_text_posts .csv,5026114bfdede1e01d436b90dfd0c1b4beed3f865b4df2cadc18bd84571627d6,,,,,,,,
1dy1jvj,Pregnant,This is really happening… freaking out,"Hi, first time posting. I’m 35 weeks and I think it’s really hitting me I have to give birth and then I will have a baby (child) forever. I’ve been so focused on getting to the finish line after a miscarriage that I don’t think I stopped to think how my life will never be the same. My husband is extremely supportive and sweet, a bit aloof sometimes. I feel like we will do just fine. I’m still freaking out. 

What if I regret it? (Too late now). What if it’s too hard or I simply can’t cope? What if I don’t like being a mom? I feel aweful for having these thoughts. I really want to be the best mom I can be to my baby but I think I’m freaking out about ALL THE THINGS that come with it. Most of the day I just think about how I can’t wait to hold my baby in my arms, but then these thoughts will creep in. Anybody else feel this way and it turned out fine? Is this just late third trimester anxiety?

Help :/

Update: I felt so silly writing this late last night and just got back from work half heartily checking to see if anyone even bothered to answer… you are all so incredible. I am crying reading all your wonderful replies. I feel much better and definitely feel like I found a community filled with the most kind people. Thank you so much! <3",2024-07-08 6:00:38,https://www.reddit.com/r/pregnant/comments/1dy1jvj/this_is_really_happening_freaking_out/,,miscarriage,miscarriage-data-updated - miscarriage_related_posts.csv,469d66ec1405de21d85e3938ea4f7e6693620e022472f948b7f72b2955233e93,high_precision,,,,,,,
1ljwhkb,abortion,Help needed/ live in Texas where abortion in banned,Anyone know of a legit site to support women in need with pills for this? I’m very early on and seeing if anyone has used any online sources?,2025-06-25 4:31:43,https://www.reddit.com/r/abortion/comments/1ljwhkb/help_needed_live_in_texas_where_abortion_in_banned/,,abortion,abortion_data-updated - new_abortion_related_subreddits_text_posts .csv,91d3ac3c4eb7df707ce2a9b0fbcc211bb165b6ccc0ef881332c410187bf44e79,,,,,,,,
d8h6ne,metoo,My First Experience With Sexual Encounters (not in chronological order),,,https://www.reddit.com/r/meToo/comments/d8h6ne/my_first_experience_with_sexual_encounters_not_in/,,harassment,sexual-harrassment-data-updated - RelevantByTitle.csv,59bb1eab8997dfbf85b9a26f73b9e536c4ceac33cea64a2f0f8d09fb01731806,,"Before I say anything I just want to address that I honestly don’t know who’s to blame in my situation other than I’m incredibly angry at myself and him for the issues I have with these things now (even though I don’t want to be angry at him). I was in an emotionally abusing relationship and manipulated for around a year before I finally left the relationship. He was my first experience with anything remotely sexual. He stayed at my house for two weeks, and no matter how many times I said that we shouldn’t do something or that it was wrong and would complain he wouldn’t listen. I didn’t allow him to go all the way with me, but I can’t talk about it without bursting into tears and feeling like I’m going to throw up. Sometimes I do, on the really bad days. I hate the memory of the hickies and bruises on my neck and of him picking me up and grinding against me or being on top of me or kissing me or commanding me to do things I didn’t want to do but didn’t say no to. My experience is by far not the worst out there, but I don’t really know how to handle any of it. His nails cut inside and I was bleeding and in pain for several days and when he kissed me his braces cut my lips and he sucked so hard that something was hurt in my tongue and I couldn’t move it without tearing up for about a week. All of this happened near daily when he was here and only once could I say no, and I really hate that I didn’t say no sooner. He told people I didn’t know well that he tasted piss when he tried to eat me out (I’m a very clean person and I knew I was clean) and it was put in a group chat and all I could do was laugh along because otherwise everyone would think it wasn’t just a joke. He made fun of me for not knowing that I couldn’t get pregnant from seminal fluid in bath water, and also put that in a group chat. All he could say when I told him it hurt me was that he didn’t know why he did that and that he was just in a weird mood. He was so unsanitary, we had gone to a large city near me in 94 degree heat and he refused to shower, and I had to go down on him and I could taste how gross it was, and then he made me swallow his cum and it got stuck in the area above my throat so that I was smelling it for so long. He talked about me and how I was in bed with other people who sexualized me and it made me uncomfortable. Once I tried to say that we shouldn’t because my mom was in a room over and he lifted me onto his lap and did things to me until my mom walked in and he dumped me onto the floor disheveled. My hips hurt so bad from straddling him and they clicked and I was limping for a few days. He wouldn’t stop touching me the entire two weeks and got angry with me when I wouldn’t let him sit in the bathroom while I was bathing. He insisted on sleeping with me despite there not being enough room and me being forced to the floor night after night. I didn’t sleep longer than 5 hours each night and on the last day he was angry with me because I fell asleep when I couldn’t stay up any longer. I couldn’t even stay up to say goodbye to my friends who had been there for a party. When we were around our friends (they were sleeping) he left marks on my neck and ground into me and they were right there so I couldn’t say anything. He left marks on my neck and pinned me down in front of them. I hated it, I hated all of it and I honestly blame myself for it so much when I could’ve just said no. I’m really young and only just turned 18, and my mom doesn’t know. Only my closest friends and boyfriend know but I just can’t bring myself to go into detail. I feel like I’m spoiled goods and feel awful about having done stuff and my partner being aware of it, even if he’s okay with it. I wish those two weeks never happened. I feel like because I didn’t say no and that I “went along” with it I can’t be hurt by it. I don’t think he’s a rapist, and I don’t blame him because he couldn’t have known but I can’t help but be angry with him and I just want it all to stop and wish that I could go back before it all happened.",2019-09-24 2:49:47,1569293387.0,"{'touch', 'kiss', 'manipulate', 'feel', 'force', 'abuse'}","['my', 'first', 'experience', 'with', 'sexual', 'encounter', 'not', 'in', 'chronological', 'order']",relevant,non relevant
pgp0yl,Pregnant,This just got personal,"Due to several factors (my age being the main one) my doctor recommended that I schedule an induction at 39 weeks. She explained the benefits of waiting another week would not outweigh the potential risk of a stillbirth and we agreed. On Tuesday afternoon my husband and I packed up our car and headed into the hospital for my scheduled induction. Shortly before I arrived I received a call notifying us that I was “bumped” because there were other patients who had medical priority and had to be admitted. I was disappointed but we ended up spending the night close to the hospital confident we would be admitted the next day. The next night the same thing happened. 

Today I had an appointment with my OB and she further explained that the labor and delivery floor was at capacity because unvaccinated patients were being admitted to triage with serious COVID-related labor complications. They were requiring additional care and taking up more resources than normal. As a result, nurses were getting sick and burnt out, and vaccinated patients with “normal complications” like myself were paying the price. She was sympathetic but all she could recommend is that we go home and wait.

I would be sympathetic if the people getting priority over me had complications that could not be mitigated (preeclampsia, GD, etc.) but that is not what is happening here. I am LIVID that the health of my child is potentially at risk because people refuse to be vaccinated against COVID. In most US states (including this one), women have been eligible for vaccines since March and the research on the benefits of the vaccine compared to the risks of covid for pregnant women have been clear for several months. There is simply NO EXCUSE at this point!! And I am unwilling to sit by and listen to BS excuses for why you don’t “trust the vaccine” when you are actively impacting the lives of other people 😡😤",2021-09-02 19:35:51,https://www.reddit.com/r/pregnant/comments/pgp0yl/this_just_got_personal/,,miscarriage,miscarriage-data-updated - miscarriage_related_posts.csv,c0d4010a237c0f5217b8bbdeef713f23d14bad02c11f24ecdc6e5d24b60f90a9,high_precision,,,,,,,
1letcui,Miscarriage,Discharge concern,"My miscarriage started 8 days ago, bleeding, tissue- not too much blood.
The baby was about 6 weeks, and on the 5th day i passed what seemed to be a sac or placenta maybe?
These past few days the bleeding is very minimal, but i can definitely smell a rotten scent. However- before i knew about my pregnancy i also experienced a similar scent and doctors said it's yeast infection (maybe also bv) that i didn't get to treat due to a missing period.
Should i be concerned or wait for the bleeding to stop and try yeast ampules (internal)
When is it safe to start the treatment too?
Or should i not wait and call up a doctor to confirm any residual tissue?",2025-06-18 21:36:21,https://www.reddit.com/r/Miscarriage/comments/1letcui/discharge_concern/,,miscarriage,miscarriage-data-updated - miscarriage_related_posts.csv,f35c7c003997dfbd792041913dc46c571deeca8660946eaeefc31ff2aa91b672,high_precision,,,,,,,
1ljvy6u,abortion,medical abortion at 6 weeks,"I’ll be doing my procedure on Friday and I got my pills from WoW, what should I expect once I do the procedure? Should I worry if I only pass blood clots or is there something to look out for?",2025-06-25 4:02:28,https://www.reddit.com/r/abortion/comments/1ljvy6u/medical_abortion_at_6_weeks/,,abortion,abortion_data-updated - new_abortion_related_subreddits_text_posts .csv,63a677f223b0722000134d5d921f342a874c6a335c6339f412afc30a4d26252b,,,,,,,,
ngrite,assault,Did my dad sexually harass me??,,,https://www.reddit.com/r/sexualassault/comments/ngrite/did_my_dad_sexually_harass_me/,,harassment,sexual-harrassment-data-updated - RelevantByTitle.csv,2a2a8a6bf2532ed1765cc22ab4c7c454e006908a4c8dc1de40c20000ece530de,,"This is something that happened to me around elementary\middle school (I can’t remember the exact time). So basically my siblings and I (which were much more younger than me since I am the eldest) were chatting and playing around with my dad and like fake wrestling and what not. I was getting very competitive and hard like any kid would do.. and out of nowhere my dad pins me down I can’t move my hands and starts licking my neck (he just ate a burger with mustard and I remember his breath stank so gross).. I shouted at him like for him to loosen up and he did but like everyone was laughing including him and it wasn’t supposed to be “serious”.

I felt so disgusted so I ran to my room and just cleaned the mess and read some book or whatever and forgot about it. I’ve only remembered this whole scene just recently and it made me more uncomfortable around my dad. Especially since he’s a very touchy person and requires hugs and kisses from me and my sisters ALWAYS or he would get angry and starts grounding me and saying no to everything I ask. I think it’s bc he was raised in a family where they encouraged showing this much love language and they would even flirt with each other unironically (which was super odd I never felt a good vibe from my dads side of the family anyways).

I’m a very touch repulsed and it’s hard being like that around him. This made my relationship with him very bad. I really want to tell my mother about what he did to me before but I feel like she’s gonna think I made it up bc I’m not in good terms with him these days.. and that I’m just using it as an excuse.. or that they might fight and get a divorce bc of me.. (my mom doesn’t work so he’s the only financial support she gets). I’m also worried that he would accuse me of lying and everyone would side with him.. there are too many consequences that’ll happen and I don’t know if I have the courage enough to tell anyone I know.

I’m just scared he would do something creepy like that to my sisters. I really don’t want them to experience that. But then again, am I overthinking this? Deep down I really wanna confess but something is binding me and I hope I overcome it.",2021-05-20 5:13:06,1621487586.0,"{'lick', 'use'}","['do', 'my', 'dad', 'sexually', 'harass', 'me']",relevant,non relevant
8sets0,harassment,is this sexual harassment?,,,https://www.reddit.com/r/SexualHarassment/comments/8sets0/is_this_sexual_harassment/,,harassment,sexual-harrassment-data-updated - RelevantByTitle.csv,9be1ebef02372fe82ef51b8b7261c791e9505a8e623de15f897961abb9851ab7,,I learned from a coworker that another coworker told them that I got breast implants. This is unwanted comments about my body and what I may or may not have done with it.,2018-06-20 2:45:38,1529462738.0,set(),"['be', 'this', 'sexual', 'harassment']",non relevant,relevant
n5bkl5,metoo,I don't know if this is sexual harassment,,,https://www.reddit.com/r/meToo/comments/n5bkl5/i_dont_know_if_this_is_sexual_harassment/,,harassment,sexual-harrassment-data-updated - RelevantByTitle.csv,1bcda77a3dfc21c400df8291e515d86d65470032adf1e5ab43d3214f86eb8794,,[removed],2021-05-05 9:06:48,1620205608.0,set(),"['i', 'don', 't', 'know', 'if', 'this', 'be', 'sexual', 'harassment']",relevant,non relevant
1ldqtz3,Miscarriage,Dealing with retained product since February. How can I pass it naturally without hysteroscopy? Raspberry tea?,"Hello everyone. Please how did you manage reoccurring retained product if you had one?. I had a missed miscarriage in February, baby stopped growing at 16weeks 2days. I had mva done February 19. Had a follow up ultrasound 3weeks later and found retained product. Misoprostol was administered but nothing was passed. I had another mva done a week later. I’ve had 3 periods from February till now, and still passing bone(real fetal bones coming out with my periods). This is very frustrating at this point, the hospital advices hysteroscopy because its bones and they have to look inside before they can remove them. Hysteroscopy is not free here, and I don’t think I can afford it right now. Is there another route by which retained product can be passed naturally? Can raspberry tea work? Please advise ",2025-06-17 15:55:41,https://www.reddit.com/r/Miscarriage/comments/1ldqtz3/dealing_with_retained_product_since_february_how/,,miscarriage,miscarriage-data-updated - miscarriage_related_posts.csv,ba3cd8e6a4ae69bec2d4e2a92894eae7262325b358dd00ead0d14f7a7a75a962,high_precision,,,,,,,
1lm5net,Pregnant,TW : Craziest thing ever MMC at 9 weeks,"Hey all, 

So listen to this. According to my LMP, I'm supposed to be 9 weeks 1 day today. 2 days ago, 8 weeks 6 days,  I had my pregnancy confirmation appointment. I was only supposed to do bloodwork. The doctor suggested we do an unofficial quick ultrasound in addition to bloodwork because I had miscarried last August (and she literally is just kind and great). The ultrasound showed the sac, baby was in place and she wouldn't let me leave without seeing a flicker. She saw the flicker, did bloodwork, scheduled my official ultrasound two days later told me congrats and sent me omw.

Today. Only TWO days later. I bring my poor hubby to the appointment. Tech is excited. She suddenly says ""Baby is smaller than I thought..."". Shuts up after that. Dead silence. I see her frowning. It just sucked. Told us doctor will call later. 

Got a call later that baby's sac was measuring only 6 wks, and baby around 7 wks. No heartbeat. 

Scheduled for another US in a week and a half. D&C to follow. 

After my previous miscarriage and now this? I'm gonna quit while I'm ahead. I had my one son at 37. I'm 41 now. Can't help but think this is a sign to stop. 

Anyone have a similar experience? This was to be our last child. I just wished I didn't have that high of the doctor confirming a ""flicker"" to such a HUGE letdown. Especially for my husband who never got to see our baby's first ultrasound due to Covid.",2025-06-27 21:28:42,https://www.reddit.com/r/pregnant/comments/1lm5net/tw_craziest_thing_ever_mmc_at_9_weeks/,,miscarriage,miscarriage-data-updated - miscarriage_related_posts.csv,5beb4c9360a8f7c2bab28f2d98f19cb7d532227b4039798ad91a8cf5fe700bae,high_precision,,,,,,,
nevwf9,assault,Should I report a SA allegation even though it’s not from me?,,,https://www.reddit.com/r/sexualassault/comments/nevwf9/should_i_report_a_sa_allegation_even_though_its/,,harassment,sexual-harrassment-data-updated - RelevantByTitle.csv,15a85e5ad9eb9dcd2974b1a45dc66259cda55f533b80273e29b2a08e931aed9a,,"WARNING: Sexual Assault of a Minor

So at my high school, there’s a few pages on Instagram that run ‘confession’ accounts. Basically whoever confesses is anonymous besides to the runner of the page. The account I am referring to is a public account with around 100 followers. It is also important to say that this page is for 7th and 8th graders who go to the high school (there is a program for them). 

I was scrolling though one of the pages, when I see a confession that says ‘Mr. Insert Name tried to touch me inappropriately’. I was honestly mortified. At first I thought of reporting it, but I wasn’t sure if I should. Then again, I now see this teacher pretty much everyday around the building, which makes me pretty nervous for my safety and other’s safety. 

If I want to, I can anonymously report it, but should I? I heard before that it’s up to the victim to tell, but I also am worried that I or other peers can get into this same situation in this and upcoming years for whoever has and will get him as a teacher. What should I do?",2021-05-18 0:04:41,1621296281.0,set(),"['should', 'i', 'report', 'a', 'sa', 'allegation', 'even', 'though', 'it', 's', 'not', 'from', 'me']",relevant,non relevant
1lh6hpu,abortion,"I had an abortion in January, just found out I’m expecting again.","Vent/ story… I had an abortion in January and found out I’m expecting again. I knew the exact time i got pregnant with both. The implantation bleeding gave it right away the first day. I’m pregnant by the same guy, who i broke up with 2 days before the abortion. He left and was in a new relationship almost right away. I was not keeping up with his life so i didnt find out until we ended up back together last month. Turns out he was still with the other chick and playing her with me on the side. Eventually he decided to stay with me and proposed and we were engaged for 1 night when i told him I actually didnt trust him at all after i found out he was on heavy drugs. Today I took the test but i already knew. I’m about 1 month along & my first reaction was, i cant go thru this again. I cant have another abortion. The last one messed me up mentally to the point i kept the babys lifeless body in my freezer for months. When i got back with my ex, i wanted to start trying right away. It felt like we picked up where we left off and it all felt right. Now that I have discovered all the disgusting things hes done, i am not sure on what to do next. I still have to get tested for STDs as he was messing with the most cracked out woman I have ever seen. Doing meth with her and who knows what else. This is not a man i feel safe having a child with anymore. What do i do now? ",2025-06-21 20:50:08,https://www.reddit.com/r/abortion/comments/1lh6hpu/i_had_an_abortion_in_january_just_found_out_im/,,abortion,abortion_data-updated - new_abortion_related_subreddits_text_posts .csv,148cd498f8ad20d3a5cf0485719f853ea1297ac36aefe4b8a0fcc086924b5eeb,,,,,,,,
cg5nfu,metoo,I'm Lucky-Poem,,,https://www.reddit.com/r/meToo/comments/cg5nfu/im_luckypoem/,,harassment,sexual-harrassment-data-updated - RelevantByTitle.csv,0580733f753bbda92c592632edd2d044e3fac224626ab6b37208756b4ef1f1ee,,"I'm not sure this is the right place to post this, and I'm not a poet so hopefully it isn't terrible.  Just felt the need to share it somewhere.

  

**“I’m Lucky”**

Each time I read a new story, a new allegation

A new instance of “me too,”

I inevitably say to myself, “I’m lucky.”

&amp;#x200B;

“I’m lucky,” I think. “I’ve never been raped.”

I’ve only been pressured into sex

Despite my protestations of being too tired,

Too sick, not in the right mood, because

“That’s what girlfriends do for their boyfriends.”

&amp;#x200B;

“I’m lucky,” I think. “I’ve never been molested.”

I’ve only been touched without my consent

On “innocent” places like my hair, my arms,

Only been the subject of inappropriate comments

By a much older co-worker at a party

Who was too intoxicated to walk straight.

I’m lucky he didn’t manage to unsnap my bra

In the middle of the party

As he had done to other girls earlier in the night

Because his fingers were too clumsy and

My reflexes were on high alert.

&amp;#x200B;

I’m lucky.

&amp;#x200B;

I’ve only been followed by a much older man

To the bathroom

A man who wouldn’t stop looking at me,

And who took my concerned glances back at him

As an invitation to trail me.

I was too scared to tell anyone because, I thought,

I invited it by glancing back at him

Even though I was fifteen and he was at least forty.

“I’m lucky he didn’t do anything after I continued

To ignore him,” I think.

&amp;#x200B;

I’ve only been catcalled by men in cars, men walking by me

On the sidewalk, men in bars.

I’ve only been told to “smile,” called a “bitch” when I won’t smile,

Asked why I won’t say “thank you” for a “compliment.”

&amp;#x200B;

I’ve only experienced an intense sense of unease

When wearing a swimsuit on vacation,

Barely having reached the age of “teenager,”

And not understanding why grown men won’t stop staring at me.

I’m lucky because I only cried from my innocent, naïve lack

Of understanding

And not because those men had “done” anything to me.

&amp;#x200B;

I’ve only been hollered at from a convertible by middle-aged men

While walking down the street for the first time on my own

To the drug store

At the ripe old age of eleven

Wearing jeans and a t-shirt that had shrunk a bit in the wash

Without my realizing, the shirt’s fit on my body

Leaving a small strip of skin exposed between it and the jeans.

I’m lucky I only sobbed to my mother when I got home from the store.

&amp;#x200B;

I’m lucky I’ve never had my job threatened, or taken away

Because I refused to give in to a superior who wanted something

I wasn’t willing to give.

I’ve only been the subject of inappropriate comments by a boss

Made in front of tens of others, and I’m lucky

Because the only other male present was willing to point out

The inappropriate nature of his comments.

&amp;#x200B;

I’ve only had a professor take advantage of the power dynamic

And move our relationship to an inappropriate place,

With my consent, the consent I felt I was able to give

Not processing that maybe, just maybe, I wasn’t as

“In control” of the situation as I thought.

I’m lucky he respected the few boundaries I set.

&amp;#x200B;

I am so lucky I’ve never been the victim of physical domestic violence.

I’ve only experienced intimate partner violence on an emotional level.

Never a fist to the face or a kick to the abdomen,

Just a campaign of criticism, of unmanageable expectations, of gaslighting

That wore down my esteem, my sense of self, my sense of worth, 

Of competence, of intelligence, of beauty, of my abilities, 

Of my capacity to love another.

Never a bruise or a scar

A trip to the hospital

A trip to the morgue.

Never a lie to a friend or co-worker about falling down the stairs,

Just a vague excuse for why I burst into tears for seemingly no reason.

I’m lucky I have the support and the resources

To help me leave the toxicity

And to rebuild what I lost, 

Slowly, so slowly,

And feel ready to be vulnerable again.

&amp;#x200B;

I’m lucky. I truly am. I say that with no hint of sarcasm or deception

No bravado, no cries for attention, for “poor me, look what I’ve been through.”

Because in the scope of things, **I am so lucky.**

&amp;#x200B;

Please keep in mind,

If this is luck, this is normal,

This is what a girl perceives as minor,

Please think about those who aren’t lucky.

Because there are so many.

We see their stories every single day.

We see the accusations against their character

Their choices

Their decisions.

&amp;#x200B;

Imagine what the unlucky ones have endured.

&amp;#x200B;

Sitting in an airport bar one day, waiting for a flight

I struck up a conversation with the well-coiffed woman

Sitting next to me.

We talked about our families, our jobs, and our life experiences,

And I told her about a particularly difficult situation

I was facing at that moment.

She said, and I will never forget this,

“I think we met so that I could tell you this:

You are stronger than you know.”

&amp;#x200B;

Think about the ones you read about, the women (and men)

You know who have gone through more

Than any one person should have to face in ten lifetimes.

They aren’t lucky.

Not by any fault of their own-

That’s the definition of luck.

But they are strong.

With your help, your love, your support, your kindness,

Your willingness to listen and to believe,

They are strong.

Stronger than they know.",2019-07-21 23:29:29,1563751769.0,"{'take', 'pressure', 'catcall', 'touch', 'follow'}","['i', 'm', 'lucky', 'poem']",relevant,non relevant
1lnscr2,Pregnant,my bf doesnt want to keep it.,"as the title says, my bf thinks i should get an abortion. I always thought if i found out i was pregnant again prior to being 100% ready and purposely trying for one id walk right into planned parenthood and get rid of it right there. i never understood women who kept a kid that the man didnt 100% excitedly want. but here i am. 
when i told him it was positive (i called him as soon as the lines showed up) he said “u know u have to get rid of it, right?” and even then i was like wtf. 
weve both always wanted to be parents, when we first got together 5yrs ago we stupidly tried to get pregnant (we were 18&19) and i miscarried and it fucking destroyed me. while i know now that it was for the best as we DEFINITELY werent ready, it still hurt a lot. 
My family is super supportive regardless of what i do, tho they would like me to keep it. they are really excited. bf is a retail manager so he makes okay money and i work in healthcare and am almost done with my bachelors in biology. bfs family is also supportive and have been asking me for grandchildren for forever now lol. He says now isnt our time and maybe in a year or so we can. I struggle with fertility issues, ovarian cysts and endometriosis (2 of my aunts have had hysterectomies before the age of 30), and part of me is terrified this is my one chance to have a kid:/ 
My thing is, i dont want him to resent me for making him a dad when hes not ready. but also i know will resent him for making me get an abortion i didnt want so why chose to save his resentment over mine? IDK. he also basically acts like im not pregnant especially before i admitted i thought about keeping it, which (and i admit this is maybe kinda selfish and immature) it makes me sad that i dont get to have the “Yay were pregnant!” and the princess treatment during pregnancy type stuff. i grew up pretty heavily traumatized and it just hurts my heart that even as an adult it seems like i dont get to have a nice family. 
Another part of me is upset because what was the point of beating teen pregnancy to likely end up a single mom if i keep it. But also ive gotten really attached to it. Ive been sick as fuck since around 4-5 weeks (currently almost 9weeks, which also makes it harder as im getting to the point where abortion is even more fucked up), it feels like ive put a lot of effort into the baby already just to throw it out:// if that makes any sense (i fully know the effort ive put in the last 2 months doesnt compare to the next 18yrs lol). 
I dont want to make a decision based on emotions and attachment. I feel like ill regret my decision no matter which decision i make (tho the regret of having the kid wouldnt be on the kid, itd be on the damn baby daddy). 
we got into an argument 2ish weeks ago and he accused me of “baby trapping him with a baby he doesnt want” (fucking hilarious to accuse me of babytrapping) and while he has admitted that what he said was fucked up and its not that he doesnt want the baby, its that hes not ready, he still doesnt think we should keep it and asks me regularly if ive made my decision yet. when i originally told him i was thinking of keeping it he went full “im gonna get ready then” mode and then when i clarified that i meant that i just wasnt 100% decided (meaning there was a small part of me scared to keep it) he completely took it as me saying i wasnt going to keep it and acted like he was confused when a few days later he asked if i made my decision and i said not really. 
I guess i could use some advice. if anyone was in a situation like this and how it turned out. or what theyd do differently. 
and thanks to anyone who took the time to read all of this. ",2025-06-29 23:07:56,https://www.reddit.com/r/pregnant/comments/1lnscr2/my_bf_doesnt_want_to_keep_it/,,miscarriage,miscarriage-data-updated - miscarriage_related_posts.csv,1aafefba0a7f61ff312110082745cafbcd46ee45e52beb4dd5e589caaf08cdfd,high_precision,,,,,,,
1lgkoip,Miscarriage,OB too busy to advise,"Good evening, everyone. I’m new to this group—first pregnancy, first miscarriage today at 9 weeks. Things are still pretty surreal. I went to the ER this morning with heavy bleeding and severe cramps. I tried to call my OB but since the office was closed, I just decided to go straight to the ER as it was pretty clear what was happening. The ER doc was incredible, but unfortunately I learned some things about my OB that really bummed me out. I ended up being in the ER for over 4 hours and I found out that was because the ER doc tried to get ahold of my OB to ask how she preferred to proceed and the girl at the front desk said she was unavailable and would call back. Well, 3 hours went by and no call back. The ER doc tried her again and found out that she was never planning to call back, and that she couldn’t talk because she had other patients and would call when she was done with them. Bear in mind, I’m an essentially hemorrhaging and in immense pain. I’m not downplaying the other patients’ needs, but by the sound of it she wasn’t delivering or tending to any emergency, just routine patients. The ER doc was really surprised by this, as was I, considering at my first appt with her, I waited for 45 minutes for her to come in. The conversation would have taken no more than 5 minutes—did she recommend I go home or transfer over for a D&C? 

Anyway, it put a bad taste in my mouth and I will obviously be looking for a new OB for future pregnancies.

Am I nuts or is this weird behavior?",2025-06-21 1:29:18,https://www.reddit.com/r/Miscarriage/comments/1lgkoip/ob_too_busy_to_advise/,,miscarriage,miscarriage-data-updated - miscarriage_related_posts.csv,b9063514f23e96e7d7bcf883cb34733fa634ba6d741d47fb21f6e94e62de75a4,high_precision,,,,,,,
1lop1gy,Pregnant,Struggling to feel excited in first trimester,"TW: talk of infant death and miscarriage. 

I (f21) am expecting my first baby with my husband (m23). I really want to be happy and excited and hopeful, but ever since I was a little girl and I found out about miscarriage/stillbirth, I’ve had such a deep fear of pregnancy/child loss. 

Lmp date was 4/20/2025, but at our first ultrasound when I should have been almost 9 weeks, baby was measuring at 6w 5d and they found a large (more than 50% the size of the sac) SCH adjacent to the gestational sac. There was no real reason or explanation for either thing and I feel like I was sent home to either miscarry or not until our next appointment on July 17th where I should be 10.5 weeks. Our fetus is confirmed IUP and viable with a good heartbeat. 

I know I should try to hold on to the indescribable joy of hearing our child’s heartbeat for the first time, but seeing the massive pocket of blood directly afterwards and being told we are measuring 2.5 weeks behind has unfortunately overshadowed that beautiful moment and made me feel like I can’t be happy or excited. 

With the lack of information of course fell into a Google search hole and from what I can tell, my risk of pregnancy loss or stillbirth has gone up quite significantly. Everytime the nausea eases up or my boobs feel slightly less sore I’m horrified that my baby is just dead. 

I just don’t know how to be happy or excited when the risk of loss is so great. I keep trying to remind myself that I am pregnant today and that’s all that matters. I’ve greatly increased my vitamin c, d and A Lipaic acid intake within my diet to help the sch heal and reabsorb and so far at 8w 2d I have not had any bleeding or spotting. I’m resting as much as I can and I’ve put myself on pelvic rest to try to help my body and hopefully not bleed. 

Idk. I just feel like I’m doing all I can but I can’t help but feel soooo guilty for how negative I’m feeling. My family keeps saying to just manifest good things and put good vibes out there, so I can’t help but feel like if I do lose the baby it’ll be because of my inability to be happy and hopeful all the time. 

Through all of this, my husband has been my absolute rock and safe space. He has lit up this experience so much and kept me as positive and happy as possible, but he’s on a work trip this week and I’m just here alone with the dogs trying to take care of all of us all while scrutinizing every tiny change in cramping and discharge and just waiting for something awful to happen. I just really don’t want to miscarry while he’s away. I really don’t want to miscarry at all. I understand that in the human experience it is a negative thing to wish to a positive experience, and a positive thing to embrace a negative experience, but how the fuck do I embrace this awful feeling. I feel like I’ll never be able to breathe again, even if the baby ends up being born how am I going to deal with the anxiety of SIDS or car accidents or fucking lightning striking my child. How do moms do this?? ",2025-07-01 1:22:41,https://www.reddit.com/r/pregnant/comments/1lop1gy/struggling_to_feel_excited_in_first_trimester/,,miscarriage,miscarriage-data-updated - miscarriage_related_posts.csv,06dd187fb5bf99348ec331fcf65aefaf5da5f085d7818da2a75367f2c4672ebb,high_precision,,,,,,,
iwz7et,metoo,How do I cope with this?,,,https://www.reddit.com/r/meToo/comments/iwz7et/how_do_i_cope_with_this/,,harassment,sexual-harrassment-data-updated - RelevantByTitle.csv,8f0ff599b7bb3a83d502209602e144b25e7d24ddfdf6e13f7cf9806ac7f44024,,"As a victim of IPSV, I don’t know what to do with myself now. It’s been about two years since that happened, and i’m now i’m a healthy relationship, but i can’t even kiss or cuddle my boyfriend without having anxiety attacks, crying, etc. He’s been so patient and supportive but I feel like I shouldn’t be responding like this? Am I overreacting? Does anyone else struggle with this/how do you cope with it?",2020-09-21 12:12:35,1600690355.0,set(),"['how', 'do', 'i', 'cope', 'with', 'this']",relevant,non relevant
oj1wjg,assault,Parents don’t know about my SA,,,https://www.reddit.com/r/sexualassault/comments/oj1wjg/parents_dont_know_about_my_sa/,,harassment,sexual-harrassment-data-updated - RelevantByTitle.csv,3a5689f1141d521b985238e5ebae67efbb330d3cb69be9b680f78542e5ae6422,,"I haven’t told anyone in my family about my experiences as a kid or in HS, except a close cousin and my friend. My family is very misogynistic and sexist so I don’t expect them to respond the right way and chose to save myself the pain but sometimes they do things that triggers me.

My mother doesn’t know boundaries and likes to use the excuse “I’m your mother so I have every right.” An example that made me nearly break down in front of her was when she wanted to look down my shirt to see my bra because she wanted to know which one I was wearing, I told her not to and gave her the answer so she wouldn’t have to look anyways, she didn’t stop and took it as a joke and continued to try to look and I pushed her hands away but she wouldn’t stop and I was in such a panic I fell back onto the sofa trying to get away from her and she was laughing thinking it was a joke until I got loud with her and told her to stop a bit disrespectfully but I was in such a panic, tears were literally blurring my vision and I couldn’t manage a more ‘respectful’ way. She said she was just playing and I told her I didn’t like that and tried to play it off just to go into my room.

My dad has made comments on a certain true crime case he insinuated that it was the girls fault for ‘letting herself be in that position’ that basically meant to say she must’ve done something to ask to be SA or something and she ‘wasn’t smart’ and I got so irrationally (well I think it’s rational but the anger felt into my chest) upset and told him he couldn’t say that because he was blaming the victim and he tried to backtrack and explain himself but he said what he said.

I don’t want to tell them about it, especially since it happened years ago and it was family members, it’s not an options but it’s so hard to make them respect my boundaries, but I know it’ll just shatter me having to hear them making me the problem and make excuses for them when I was 5/6 and they were 2-4 years older than me and in the other I used it as a form of self harm because I had been trying to quit but instead subconsciously found different outlet by getting in a relationship where he would just coerce me to do things. I’m usually okay but sometimes it gets hard to deal with these things.",2021-07-12 22:18:20,1626128300.0,"{'take', 'push', 'use'}","['parent', 'don', 't', 'know', 'about', 'my', 'sa']",relevant,non relevant
uiik0j,BabyBumps,I had my abortion at 21 so I could have my baby now at 29 (7weeks),"This is a sensitive topic, so I understand if the mods feel it's not appropriate for this sub. I don't feel comfortable sharing this story with family/friends as most would definitely definitely judge me for it, but ever since I found out I was pregnant and especially after  the ROE v. WADE draft opinion leak yesterday, I just really need to share this with someone in case it changes any minds.


When I was 19, my first fiance committed suicide (long and sad story for another time). The pain and emptiness I felt from his death hit me hard and affected me for a very long time. Over the course of two years, I developed a serious drinking problem and smoked a pack a day.  I was working as a server at a local sports bar and living with my emotionally abusive boyfriend. Hindsight has shown me he was attracted to the tragedy and drama of my fiance's suicide and his potential role of ""fixing"" me. 

He wanted me to quit smoking and drinking, and I honestly wanted to want to quit so badly too. I wasn't fully invested though as I relied on smoking and drinking as go-to coping mechanisms, so I failed often. Whenever I would fail, he would shame and yell at me like I was the biggest piece of shit he'd ever seen. 

He would punish me in the worst ways, like telling my parents things I told him in confidence so they would be upset with me as well. He would drive by and watch me leave work to make sure I wasn't going to a bar with coworkers after a shift (when I was at my weakest and had a hard time saying no). One time I was ordering McDonalds in a drive thru and having a cigarette in my car. His car came out of no where and he started yelling and making a scene before speeding off and packing my stuff up back at the apartment. 

Unfortunately, I really believed his critiques about me and shared the same disappointment in myself when I would fail or fuck up. I'd always beg him to take me back and forgive me.

On my 21st birthday we had sex and whaddya know, 7 weeks later I find out I'm pregnant. He was there in the bathroom with me. I felt no joy when we saw it was positive and cried instead. He said he didn't care if we kept it or not, and that it was up to me. 

The idea of no drinking or cigarettes scared me. I knew I'd have to and since I suck then I would fail and the baby would suffer. I would never bring a child into this world if I didn't think I could give it a better life than the one I had. My parents married young after they found out they were pregnant with me and eventually divorced because my alcoholic dad was physically abusing my mom. The trauma from all of that really fucked me up and there were too many parallels to their lives. The idea of doing the same to my child made me so sick to my stomach. 

This is so horrible to me now because I have no similar feelings in the slightest about my current pregnancy and I'm so sorry for saying this but it's the truth - I felt like I had a _parasite_ in me and had to get it out. I also just couldnt afford to be pregnant, physically (for work) or financially. I barely made enough to pay half of rent and utilities for a $600/month apartment. I called Planned Parenthood immediately and made an appointment for that Thursday.

I am 29 today and married to the most patient, kind, supportive, hilarious and most handsome husband ever (if you're reading this boob, hell yeah I'm talkin bout you!). I work a 6 figure job and feel finally financially stable enough to buy a home and support a family. I've been through yearrrsss of therapy at this point and am a completely different person with healthier coping skills. We found out on Easter that we were 4 weeks pregnant and I'm so elated!!! I can't stop planning and looking things up!! I'm tearing up now just thinking about our baby and it's little toes forming 😭😭😭 

I know in my heart I made the right decision for my first pregnancy, and I'm so thankful for Planned Parenthood and the support they gave me then. By choosing to abort then, I was given more time to create a life suitable to raise a healthy child in today. I'm forever grateful. 

Looking back on the moment when I made that decision, if abortion was illegal, I know I would have done it myself or tried to find someone who would have done it for me. I could have died from complications. 

The draft opinion to overturn ROE V. WADE is __CATASTROPHIC__ for future unwanted pregnancies. I'm absolutely livid and devastated at the same time, and I know it's not just mood swings. 

Please understand that being pro-choice also means being pro-healthy and stable environment for life to reach its fullest potential in.

Thank you for letting me share my story 🙏 ❤️ I hope all you expectant mothers out there are doing okay.

************************


**Edit:** I have to take a break from responding to comments. I'm ugly crying *hard* right now. Thank you ladies so much for sharing your stories with me. Before my abortion, I believed that there were no moral reasons for abortion outside of instances of rape/incest/medical necessity. This is the first time I've been able to relate with anyone on this experience. I don't feel alone anymore 😭 thank you so much",2022-05-04 22:38:20,https://www.reddit.com/r/BabyBumps/comments/uiik0j/i_had_my_abortion_at_21_so_i_could_have_my_baby/,,abortion,abortion_data-updated - new_abortion_related_subreddits_text_posts .csv,b2870f4828a15bf31a8740396d4e92e1bb9c743274a952e604396cbdda3816e9,,,,,,,,
1l93v2d,Pregnant,Goodbye for now,"Hi everyone. I put a content warning because I know miscarriage is a triggering subject for some. I don’t interact really on this subreddit, but I do enjoy reading updates from you all! I figured I’d post. 

We just had our second miscarriage (first one Jan 2025, second one June 2025) and we are heartbroken. Yesterday I was cleaning out the “baby room” to prepare because I was so excited. Our first pregnancy we had no heartbeat to start. On our second, little one had a VERY strong heartbeat at 6w5d. We just had the ultrasound today to confirm no heartbeat. I was supposed to be 9w5d but measured 7w5d. Our bean made it a week longer after our first ultrasound. They were a little fighter. 🥹

Had just started bleeding yesterday, and I am now just waiting for everything to come, as I am seeing larger and larger clots now. My last miscarriage was traumatic physically, but I am glad that I have the “good good” medications this time from before. I also have PCOS so this hasn’t been an easy journey, but hopefully someday I get to hold a little one. For now, I hold onto the knowledge I will hug my babies someday when I pass on.

If anyone has any advice in the Columbus Ohio area (or really anywhere in Ohio at this point) and can direct me to a good doctor that specializes in getting to the bottom of recurring early miscarriages, that would be much appreciated! 

I am so grateful to have a supportive husband in this. Not every mama has a strong partner to lean on when they are going through this. If this is you, my heart goes out to you. I cannot imagine ever going at this alone. 

Congrats beautiful mamas, I wish you all the best on your pregnancy journeys. Before I go, if anyone has a story like mine that they would like to share that had a success in the end, please do. It would be so encouraging right now. Or if you’d just like to vent and are going through the same thing, this space is safe. 🫶🏻

Thank you for reading! 

EDIT: Wow. Thank you friends. 🥹 This resonates with so many of you! I am in tears reading all of your responses. You all are so strong and I love each of you. We are in this together. Thank you for your advice, prayers, encouragement, and such sweet support. 🫶🏻❤️",2025-06-11 20:52:57,https://www.reddit.com/r/pregnant/comments/1l93v2d/goodbye_for_now/,,miscarriage,miscarriage-data-updated - miscarriage_related_posts.csv,09999611e40d699829f896d253f6a3bd2945d27420259eae7ee54a62f4a7ea49,high_precision,,,,,,,
1dcc9n4,TrueOffMyChest,I'm getting a divorce because of a pillow,"I mean, it's the last straw. 

When I had a miscarriage back in October, my whole body hurt. I had to have a D&C and was put under, I honestly wished I would die when they put the anesthesia mask thing on but I didn't and I am glad now. I have two living children, one with my STBX and the other from a one night stand basically, no contact with the guy just child support.



When I am laying in bed at night after the D&C he asks if I'm using ""his"" pillow and I grunt yeah or mumble something. Next thing I know it's ripped from under me. My neck hurt a lot, I needed it. Sometimes I use his pillow to breastfeed then give it back but I don't want it, and we literally have extra of every kind. Previously he'd complained and I bought extra, then he complained I bought too many. But that was a whole different level. 


I've felt kinda numb since the miscarriage, I've gained weight struggled to do normal stuff like talking to other moms etc. Getting better though. But my relationship with my husband has just gotten worse and worse. He works 6 days a week minimum. Gets back late, it's a physical job. I'm stay at Home with no help besides him. He has been helping more to do chores (my main complaint) but I think he resents me for it. 


He has unmanaged ADHD and doesn't remember basic stuff sometimes. Doesn't care about my projects or interests although I listen to him ramble. Well, did. I haven't bothered in a while because hearing him blather on makes me angry. How can he talk to me and vent about work but not care to hear my poem that was featured at our local library? 


And tonight I changed the sheets before bed. I gave my son his pillow instead, by mistake.. I got confused when the cases were off and there are 3 similar ones I count as ""his"". My son's is a 4th that is similar. And so he asks me about it and I admit Im not fully sure which was which but obviously by his reaction it was wrong. I say it was an accident and he should put a little x or his name on the tag next time. I'm not mad yet talking normally but we have fought today already about other stuff. 


Then he gets mad and we're fighting and something just goes cold and dead inside me. Hearing him rant and be genuinely upset about this pillow. After everything. Nope. Can't do it. 

I'm getting our paperwork together tomorrow and i'll do everything to have a fair and legit divorce, I want him to see the kids, too. I want it to be fair. But I can't be happy like this. I don't respect him as a person anymore. Still love him and he'll always be in my life to a degree but . I deserve to not be talked down to or attacked emotionally or suffer because of a pillow. A 5$ Walmart pillow. 


I just never thought this would be my life. Fuck ",2024-06-10 3:41:06,https://www.reddit.com/r/TrueOffMyChest/comments/1dcc9n4/im_getting_a_divorce_because_of_a_pillow/,,miscarriage,miscarriage-data-updated - miscarriage_related_posts.csv,c7e4f86a35d623d918678f00287059de7f1303e2bffcb746ec32cab46df142e3,high_precision,,,,,,,
1l90wbp,Miscarriage,2nd miscarriage,"I had my first miscarriage on April 9th 2025 at 6 weeks I was still recovering but I had gotten a positive test on May 21st I had called the hospital I had gone to previously about it they told me it was normal after a miscarriage so I didn’t think much of it, around June 1st I started have pain the traveled from the right side of my uterus to my hip and brown spotting I had then called again and was told the same thing that it’s normal and they can’t do anything about it kinda condescending tone so I gave up trying to get help even my husband said it’s probably just my period because I was yet to have one I’ve been bleeding since the 3rd of June clots n all kinds heavy not not unnatural for my periods that usually only last 6 days this one it’s way longer and painful but I had passed the gestational sac with the baby inside with little arms and legs and two teeny eyes about 10 minutes ago without knowing I was pregnant and I feel horrible so so horrible that I could’ve saved my baby if I had just listened to my gut.",2025-06-11 18:54:29,https://www.reddit.com/r/Miscarriage/comments/1l90wbp/2nd_miscarriage/,,miscarriage,miscarriage-data-updated - miscarriage_related_posts.csv,6beed80438a053c302bbb94a04ed8341e3b4d03f98970e1a46e6c5446391c74e,high_precision,,,,,,,
1l72rl1,relationship_advice,I(27M) fucked up by telling my gf (27F) that I found porn links in her history.,"Edit: she broke up saying I can't trust her privacy and I have sick mentality for asking her if she watched porn


I(27M) fucked up by telling accidentally to my Gf(27F) that I know she watched porn

So we both were hanging out and were about to watch a movie on her laptop when some topiv came up and I asked her if he has watched porn recently. She denied it completely and said she doesn't remember it. I then, in the heat of the moment fucked up and told her that I have seen porn link on her phone few weeks back. 

Few weeks back I was searching something on her phone regarding oral contraceptives with her sitting nearby. Upon typing oral Immediately an oral sex porn link popped up. I clicked on it and it obviously opened the tab. I immediately panicked and closed it. I thought i should remove it from her history and i went there and deleted it. However this when I fucked up. 
I decided to search for the keyword again in her history now only to see multiple tabs like that. Yes I shouldn't have done that. 
I decided not to confront her or anything and was waiting for an opportunity to talk through about it. 
While I don't have any problem with her watching porn while being in a relationship, I found it contradictory to one incident where she sent me an insta post of some girl of my college and asked her why I have liked her ""solo"" pics when she isn't a close friend. The picture were not some thirst trap or of influencer but normal post people do on insta. However I was not correlating it and just wanted to bring this topic up separately in a safe space. I didn't say this to her in my defense. 

Anyways, I told her exactly what happened and how I came to know about the links and she got furious. She told me I'm snooping on her, she cant trust me at all. She had added my fingerprint on her phone and while I have never ever seen or opened her phone prior and even after this, she believes I have been doing this multiple times. I told her I did it purely out of curiosity to see what that link was but she is not believing anything that I'm saying. Her anger is justified and now I have fucked up the relationship with someone I truly love and cherish. 

She has blocked me on WA and asked for space and to not text her. She even hinted breaking up bcz she feels I can't respect her privacy and she can't trust me anymore. 
I'm just lost because I can't discuss it openly and also really don't want to lose her to this. How can I salvage my relationship from this? I know I have fucked up by checking her web history and really shouldn't have done it. ",2025-06-09 11:51:32,https://www.reddit.com/r/relationship_advice/comments/1l72rl1/i27m_fucked_up_by_telling_my_gf_27f_that_i_found/,,abortion,abortion_data-updated - new_abortion_related_subreddits_text_posts .csv,f86412e3bf67a7f18cbc300ae1daee32d69f42fca427fa389553ac86a50e813e,,,,,,,,
822lt4,harassment,sexually abused by man my parents still love,,,https://www.reddit.com/r/SexualHarassment/comments/822lt4/sexually_abused_by_man_my_parents_still_love/,,harassment,sexual-harrassment-data-updated - RelevantByTitle.csv,9744660fc3fc9cec301df8f4ad9c5d3a6776a7b4a460a0d7b8264cf46c0eece0,,"MY EX HUSBAND WAS 15 YEARS OLDER THAN ME. WE MET WHEN I WAS 15 AND HE WAS 30. ON OUR FIRST DATE, HE MADE ME DO SEXUAL ACTS. I WAS 15, THAT'S STATUTORY RAPE. STILL, MY PARENTS APPROVED OF THIS ""RELATIONSHIP"" AND WE EVENTUALLY GOT MARRIED BECAUSE HIS VISA WAS ABOUT TO EXPIRE. FAST FORWARD TO LAW SCHOOL-- I WENT TO BOSTON, OPENED MY EYES AND REALIZED HOW CRAZY THIS WHOLE SITUATION WAS! THERE I WAS 20 YEARS OLD, IN LAW SCHOOL MARRIED TO SOME WEIRD ASS 35 YEAR OLD. I LEFT HIM. MY PARENTS I DONT KNOW WHY IN THE WORLD! THEY LOVE MY PREDATOR! LIKE ABSOLUTELY LOVE HIM. THEY VANISHED ME, REJECTED ME, TREATED ME LIKE A SINNER LOL. EVENTUALLY BEING ISOLATED FROM FAMILY MADE ME THINK THAT THE ONLY WAY TO GET THEIR LOVE WAS IF I GOT BACK TOGETHER WITH MY PREDATOR. AND I DID. LEFT LAW SCHOOL, MOVED TO MIAMI WITH HIM. THAT DIDN'T LAST LONG, SO I LEFT AGAIN. THIS TIME FOR GOOD. IT'S BEEN A YEAR SINCE I HAVEN'T SPOKEN A WORD TO HIM AND TODAY I SEE THAT HE HAD MY APPLE ID AND MY FACEBOOK HACKED. I AM SCARED, I HAVE NO ONE TO TURN TO. MY FAMILY TALKS TO HIM DAILY, AND HE GIVES THEM UPDATES ON MY PRIVATE MESSAGES AND THE LIKE. ",2018-03-05 2:15:49,1520216149.0,set(),"['sexually', 'abuse', 'by', 'man', 'my', 'parent', 'still', 'love']",relevant,non relevant
j7qyhv,TwoXChromosomes,I'm fucking terrified of Amy Coney Barrett,"This happened nearly ten years ago when I was in high school but I came out to a pastor, He raped me, because it would supposedly make me not gay. I didn't tell anyone because I was too scared of being outed. My parents definitely would have kicked me out.

Two months later, I found out I was pregnant. I didn't know anything about abortion except that it was murder. I didn't have health insurance, and it's not exactly easy to get one as a minor anyways. I was too scared to talk to my parents about it. So I went to the internet to figure out how to force a miscarriage. It took several attempts, and I'll spare the details, but I woke up to a bloody mess that still haunts me.

That pastor is still at my family's church, preaching to vulnerable kids, claiming God loves them, that abortion is wrong, and that i would have deserved to go to hell. I haven't been back since I turned 18, but I still feel extremely guilty about the possibility he's abused anyone else.

I'm now a PhD student in a stem field. I don't think this would have happened if I was forced to have my rapist's child.

Now that RBG is gone, and Amy Coney Barrett is up to replace her, I'm terrified for other people who would have to go through what I went through to get abortions in times of crisis. I feel so hopeless. But I'm going to keep fighting because that's the legacy RBG left behind.

Edit: Thank you for all the love and support <3 To everyone telling me to report, please stop. There was another scientist recently who spoke out about her sexual assault during another Supreme Court justice's hearing that did not stop him from being appointed. Reporting, especially years later, rarely, if ever, helps the survivor. And may not keep the perpetrator from remaining in a position of power

Edit 2: I honestly didn't think this would get so much attention. I have been in a bad place lately with everything going on in the world, and just wanted to vent. Even in anonymity, the comments suggesting I'm lying, making this up, trolling, or responsible for my perpetrator's actions because I never reported are starting to get to me. I'll leave this up because I think the discussions are important to have, but please please PLEASE stop dm-img me disgusting messages, leaving vulgar comments, asking me for personal information/proof, or blaming me for what someone else did.

Edit 3: I will be turning off my messages and chat requests and likely not responding further to other conversations. I appreciate the overwhelming support and the people telling me their experiences, but at the moment, receiving hateful dm's, demands of proof, pointing out supposed holes in my story, or being called a murderer/enabler is just not something I'm equipped to handle. I chose to remain anonymous, and I don't want to give every detail of my life and have my identity revealed. I hope you can understand.",2020-10-09 2:31:40,https://www.reddit.com/r/TwoXChromosomes/comments/j7qyhv/im_fucking_terrified_of_amy_coney_barrett/,,miscarriage,miscarriage-data-updated - miscarriage_related_posts.csv,ebf0ce410a738df9bed07086acd4ad2dff24b7932c29c3971b1474f4bad52dd6,high_precision,,,,,,,
1lca90u,relationship_advice,How did my boyfriend m18 get 3 sti's when me f18 doesn't have any?,"I get tested tomorrow to be completely sure i don't have any but my boyfriend well now ex boyfriend of 3 years went down to Texas. And it was supposed to be for just two weeks, on the way down there, he he started developing symptoms. And last wednesday he got tested, and it came back positive for chlamydia, gonorrhea and syphilis. He told me originally that I was his first for everything just like he was my first for everything but turns out he had an ex and he called me on our two year anniversary that about a year before we got together, he was with his ex for like three years. They were intimate, so I don't know if it could have came from her because she cheated on him. But he refuses to believe that. He says it must have been from me. He has accused me of cheating and even accused my brother of using my toys saying it could have been from that. And about two days ago I didn't know I was pregnant my period was two days late. Which I didn't think anything of because i'm on nexplanon and my periods are kind of all over the place and really long. I had started spotting and then that night i had the worst period of my life the cramps were coming in waves and there was this gray glob and a whole bunch of blood and a whole bunch of like pink watery liquid. I was alone and couldn't get him to wake up. Then he accused me of it, just being a way for me trying to get him back. I don't know what to do anymore. He's accused me of being abusive now. When he told me he liked me hitting him as a kink and I always asked him if he was okay because of his past. I'll probably delete this, but I just need advice. He's called me a bunch of names said that I'm stupid and annoying for not knowing it's an ectopic pregnancy because nexplanon can cause that and because it runs in my family.

Edit: He also told me if I was pregnant and lost the baby it was kind of my fault because I do smoke weed sometimes because it helps me sleep
Edit 2: forgot to include some details i have my own antidepressant medicine. And last week I had spiraled and cut not deeply first time I've done it in a year I told him and he called the police he says that proves he cares he made me delete Instagram and TikTok. Making me only have facebook and youtube. I did that because I thought I would ease is worry of me cheating. But then he would just go through my phone every weekend and not let me touch his. He says that it was because he had an engagement ring for me.
Edit 3 so my test results wont come back for a few more days, but they said that I probably had a miscarriage ",2025-06-15 20:31:12,https://www.reddit.com/r/relationship_advice/comments/1lca90u/how_did_my_boyfriend_m18_get_3_stis_when_me_f18/,,miscarriage,miscarriage-data-updated - miscarriage_related_posts.csv,b1e894d5770ac62364eea3a01a504ca4b416dcd23ae1691f2cda46e989e2104a,high_precision,,,,,,,
1ll6s99,offmychest,I seriously resent my best friend/roommate,"I (31F) and my bestie (33F) ended up moving in together almost two years ago, and at first it was wonderful. Aside from her horrible taste in men and all the craziness that brought into my life, everything was perfect between us. Important info: I have hEDS and Dystonia.

Fast forward to a month ago: she started changing for the worst. She let me get a puppy, and let me get attached only to tell me how much she hates him. He was a good boy, and I did everything for him, so I'm honestly not sure what she had to even complain about. She started acting like he was a huge inconvenience on her and asked me to take him back to the rescue, when I messaged the rescue they said they couldn't take him back because they didn't have the space for him. So I gave him to my cousin thinking he was in good hands, but we'll get back to this.

She started going out all the time and leaving me to deal with all the kids (5 in total) and manage everything solo. When I tried talking to her she'd act like I was just being controlling, so I simply stopped trying to ask her anything. Then she had a heart attack... and the person who came back from the hospital wasn't my bestie, its a monster that looks exactly like her! 

It started with her telling me I can't smoke inside (I smoke in a part of the house the kids don't go in, next to a window, with an air purifier and a smoking disc) and I ultimately got used to the new rule. The one night I had a nightmare and without thinking I lit a smoke, having realized what I did I butt it out immediately! She spoke to me with such venom that I didn't know what to do other than apologize, and she told me that I have no right to be upset. I went outside and calmed down and tried to think of how to carefully approach the situation, which she immediately shut down.

She told me that she didn't have a tone and I better not ""be in a mood because of it"" and that she has a right to be respected. I drowned my feelings in alcohol and shut down emotionally so I wouldn't get hurt again, which spoiler alert: it didn't work and she claimed that I was a terrible person for being upset in the first place and chewed me out for drinking outside all night by myself (the kids were all asleep and I was quiet). She basically made our house a really hostile environment and blames me for it.

I handle everything now and still somehow im the bad guy, its exhausting. And heaven forbid if I tell her she should be taking it easy (heart attack and she's still having chest pains), when I mention it she says things like ""why do you care"" or ""I have better things to do"". I've been biting my tongue about everything and just trying to keep the peace cause I don't want her to have another heart attack (which she blames on me and my two kids), and somehow she still finds things to be mad at. 

My favorite instance of stupid things she gets mad about: my daughter has been wanting to sleep with me, which has literally no impact on her in any capacity, and she got mad at me about it. Like I'm sorry that I love my kids and value any time they want to spend with me, I'm sorry that you became such a miserable cow who hates kids. I could understand if we shared a bed or even a room, or if it was a loud event, then I'd understand her frustration about it.

Fast forward to Tuesday: she was having severe chest pains and had to go back to the hospital, I breathed a sigh of relief that she'd be gone for at least a night. Remember how I told yous I gave my puppy to my cousin, she asked me to watch him till Friday. When I seen my puppy he was emaciated and covered in his own waste! So I texted my bestie about it and word for word she said ""bring him home we'll figure it out"", I was shocked there was no fight or explosion! I gave him a bath, cleaned his crate, and bought him pumpkin.

I ran into my brother and he told me my bestie's laundry list of complaints about me, and I was astounded. According to her I've been forcing her to cook, clean the house, she has to do her own laundry because I won't, and she does all the work for our pets. He told me bringing my puppy home was gonna be too much work for her... I was absolutely floored. She messaged me to say she was fine and they increased her medication, then radio silence until the next afternoon.

The day was going great until around 4pm, that's when I seen her. She asked me ""did you message the rescue or find a new home for the puppy"" and I said no because she made it sound like we were keeping him. She scoffed at me and said I have till Friday to figure it out, then she left. I didn't know there was a side problem brewing... I accidentally locked the cat in her room when I brought the laundry up there. I made dinner and then accidentally fell asleep, I got woken up by her yelling at me. She was yelling about how the dog couldn't be left out, my daughter shouldn't be sleeping with me, and my son shouldn't have his TV on. 

I sat up and before I could even process the yelling she stomped upstairs, and then the messages started: ""the cat peed on my blanket"" ""im not sure why you were in my room"" ""the cat actually peed on my bed"" ""I'm leaving since I have nowhere to sleep""... I tried explaining what happened and apologizing but once again I was met with ""you don't have the right to be upset I'm allowed to be angry about this"" and then it finished with ""you weren't being helpful by locking the cat in my room and letting him pee everywhere"". Frustrated by everything I said ""should we just get rid of all the animals"" and it escalated into how I don't make proper food and things like pasta and sauce isn't a meal. 

Today I grudgingly brought my puppy back to my cousins house, and put in an anonymous tip that he's being neglected. As I pulled out of her driveway it dawned on me just how much I resent my bestie, and I never thought I'd see the day that happened. Im sitting in my car crying as I type this, because this is all just the short version... its bigger and deeper. And I can't just kick her out or ask her to leave, we're in a delicate situation. It's so frustrating and I don't even want to go back inside knowing that she'll be there eventually... part of me just wants to pack up my kids and the pets and just drive far away from this place and her. 

I'm not sure if I'm looking for advice or just support, but I needed to get this off my chest. If you made it to the end of this post, thank you for hearing me out.",2025-06-26 17:52:15,https://www.reddit.com/r/offmychest/comments/1ll6s99/i_seriously_resent_my_best_friendroommate/,,abortion,abortion_data-updated - new_abortion_related_subreddits_text_posts .csv,928bd6a57876cb1f0dbeebface4a5985a01feb09ea5d90e07f8489ba398e009a,,,,,,,,
1lmb77q,Pregnant,First time being pregnant-ish,"Hello, my name is Sunny and I’m a 22F and this is me and my husband second baby because I had a miscarriage so technically this is our Rainbow baby. and I just have a lot of emotions and I don’t know who to talk to about it. because I’m not really close to my biological family besides a couple of my siblings and and also most of my friends are not pregnant ,I can’t really tell anybody because technically I’m in the first trimester I’m very scared that I may lost my baby again. my husband is very supportive, but is still like he’s not girl. and I just need help and understanding about being pregnancy.",2025-06-28 1:49:54,https://www.reddit.com/r/pregnant/comments/1lmb77q/first_time_being_pregnantish/,,miscarriage,miscarriage-data-updated - miscarriage_related_posts.csv,ac33f672da733043f0468e6107514f82c9b4b4937e6cad884f4c752bbeff21a1,high_precision,,,,,,,
1ld4rh0,Miscarriage,first period post miscarriage,"Today is officially 7 weeks post d&c after a missed miscarriage. I am still waiting for my period and have so many emotions. I’m ready to start trying again and frustrated it’s taking so long to regulate. For those who got a d&c, can you share how long you waited for your first period? ",2025-06-16 21:07:14,https://www.reddit.com/r/Miscarriage/comments/1ld4rh0/first_period_post_miscarriage/,,miscarriage,miscarriage-data-updated - miscarriage_related_posts.csv,da3fb2d1aba74f21c48aef278782e3ab6a2a486c8f495cd0b844714589bfdb8f,high_precision,,,,,,,
1l86mwx,Pregnant,Anybody not have a miscarriage??,"First, I'm so Sorry to those who have experienced loss. Everybody I know has had at least one miscarriage . Luckily, I had one prior successful pregnancy and am now pregnant again around 9 weeks. I'm feeling so anxious that it won't work out because I'm ""due"" for a loss or something awful to happen (I'm 39 years old now). I recognize that the anxiety of those who have had losses is probably higher than mine, but I'm looking for some good stories of multiple pregnancies with no losses. Wishing everybody a healthy pregnancy and baby. ",2025-06-10 18:39:09,https://www.reddit.com/r/pregnant/comments/1l86mwx/anybody_not_have_a_miscarriage/,,miscarriage,miscarriage-data-updated - miscarriage_related_posts.csv,7c851a386fbce17a9db769a5eade31be819b1aa7578c513fb478a5e6cf41c87b,high_precision,,,,,,,
1dwqqvw,TwoXChromosomes,Project 2025 wants to take all control away from you,"1. Complete ban on abortions, without exceptions (pg. 449-503)  
2. End marriage equality (pg. 545-581)  
3. Elimination of unions and worker protections (pg. 581)  
4. Defund the FBI and Homeland Security (pg. 133)  
5. Eliminate federal agencies like the FDA, EPA, NOAA, and more (pg. 363-417)  
6. Mass deportation of immigrants and incarceration in ""camps"" (pg. 133)  
7. End birthright citizenship (pg. 133)  
8. Cut Social Security (pg. 691)  
9. Cut Medicare (pg. 449)  
10. Eliminate the Department of Education (pg. 319)  
11. Teach Christian religious beliefs in public schools (pg. 319)  
12. Use public, taxpayer money for private religious schools (pg. 319)  
13. End the Affordable Care Act (pg. 449)  
14. Ban contraceptives (pg. 449)  
15. Additional tax breaks for corporations and the 1% (pg. 691)  
16. End civil rights & DEI protections in government (pg. 545-581)  
17. Ban African American and gender studies in all levels of education (pg. 319)  
18. End climate protections: (pg. 417)  
19. Increase Arctic drilling (pg. 363)  
20. Deregulate big business and the oil industry (pg. 363)",2024-07-06 14:23:00,https://www.reddit.com/r/TwoXChromosomes/comments/1dwqqvw/project_2025_wants_to_take_all_control_away_from/,,abortion,abortion_data-updated - new_abortion_related_subreddits_text_posts .csv,645eb0a8d2054137320b875fc9a226c1e3c07f98b50d26ebef5ef238728b6678,,,,,,,,
1fzrq2z,Pregnant,Hurricane cancelled my induction 😢,"Rant isn't the right flair but it was really the only choice. Was supposed to be induced this evening but we are in the cone of uncertainty for hurricane Milton. I expected it to be cancelled. My anxiety is through the roof now, between hurricane prepping and having to go longer than planned.

I have had 4 miscarriages so my body feels like such an unsafe place for any of my babies. My two living children were induced right at 39 weeks.

So far my induction has been rescheduled for Friday so hoping that one stays as planned and we stay safe this evening as the hurricane hits. ",2024-10-09 13:43:20,https://www.reddit.com/r/pregnant/comments/1fzrq2z/hurricane_cancelled_my_induction/,,miscarriage,miscarriage-data-updated - miscarriage_related_posts.csv,ebe99def4614161091e9eb69e49d2377245116fb41dfa83842353e446c1be032,high_precision,,,,,,,
